  0
SECTION
  2
HEADER
  9
$ACADVER
  1
AC1009
  9
$FILLMODE
 70
1
  9
$EXTMIN
 10
95.7550
 20
66.9259
 30
0.0000
  9
$EXTMAX
 10
120.5055
 20
102.0948
 30
0.0000
  0
ENDSEC
  0
SECTION
  2
TABLES
  0
TABLE
  2
LTYPE
 70
1
  0
LTYPE
  2
CONTINUOUS
 70
64
  3
Solid line
 72
65
 73
0
 40
0
  0
ENDTAB
  0
TABLE
  2
LAYER
 70
255
  0
LAYER
  2
1
 70
64
 62
12
  6
CONTINUOUS
  0
LAYER
  2
16
 70
64
 62
132
  6
CONTINUOUS
  0
LAYER
  2
17
 70
64
 62
110
  6
CONTINUOUS
  0
LAYER
  2
18
 70
64
 62
110
  6
CONTINUOUS
  0
LAYER
  2
19
 70
64
 62
53
  6
CONTINUOUS
  0
LAYER
  2
20
 70
64
 62
31
  6
CONTINUOUS
  0
LAYER
  2
21
 70
64
 62
253
  6
CONTINUOUS
  0
LAYER
  2
22
 70
64
 62
253
  6
CONTINUOUS
  0
LAYER
  2
23
 70
64
 62
53
  6
CONTINUOUS
  0
LAYER
  2
24
 70
64
 62
53
  6
CONTINUOUS
  0
LAYER
  2
25
 70
64
 62
253
  6
CONTINUOUS
  0
LAYER
  2
26
 70
64
 62
253
  6
CONTINUOUS
  0
LAYER
  2
39
 70
64
 62
12
  6
CONTINUOUS
  0
LAYER
  2
40
 70
64
 62
132
  6
CONTINUOUS
  0
LAYER
  2
41
 70
64
 62
12
  6
CONTINUOUS
  0
LAYER
  2
42
 70
64
 62
132
  6
CONTINUOUS
  0
LAYER
  2
45
 70
64
 62
253
  6
CONTINUOUS
  0
LAYER
  2
51
 70
64
 62
253
  6
CONTINUOUS
  0
LAYER
  2
52
 70
64
 62
253
  6
CONTINUOUS
  0
ENDTAB
  0
ENDSEC
  0
SECTION
  2
BLOCKS
  0
BLOCK
  8
0
  2
RECT
 70
64
 10
0.0000
 20
0.0000
 30
0.0000
  3
RECT
  0
SOLID
  8
0
 10
-0.5000
 20
-0.5000
 30
0.0000
 11
0.5000
 21
-0.5000
 31
0.0000
 12
-0.5000
 22
0.5000
 32
0.0000
 13
0.5000
 23
0.5000
 33
0.0000
  0
ENDBLK
  8
0
  0
BLOCK
  8
0
  2
PIE
 70
64
 10
0.0000
 20
0.0000
 30
0.0000
  3
PIE
  0
POLYLINE
  8
0
 66
1
 10
0.0000
 20
0.0000
 30
0.0000
 40
0.5000
 41
0.5000
 70
0
  0
VERTEX
  8
0
 10
0.0000
 20
-0.2500
 30
0.0000
 42
1.0000
  0
VERTEX
  8
0
 10
0.0000
 20
0.2500
 30
0.0000
 42
1.0000
  0
VERTEX
  8
0
 10
0.0000
 20
-0.2500
 30
0.0000
  0
SEQEND
  8
0
  0
ENDBLK
  8
0
  0
BLOCK
  8
0
  2
OCTAGONP
 70
64
 10
0.0000
 20
0.0000
 30
0.0000
  3
OCTAGONP
  0
POLYLINE
  8
0
 66
1
 10
0.0000
 20
0.0000
 30
0.0000
 40
0.5000
 41
0.5000
 70
0
  0
VERTEX
  8
0
 10
-0.2500
 20
-0.1036
 30
0.0000
  0
VERTEX
  8
0
 10
-0.2500
 20
0.1036
 30
0.0000
  0
VERTEX
  8
0
 10
-0.1036
 20
0.2500
 30
0.0000
  0
VERTEX
  8
0
 10
0.1036
 20
0.2500
 30
0.0000
  0
VERTEX
  8
0
 10
0.2500
 20
0.1036
 30
0.0000
  0
VERTEX
  8
0
 10
0.2500
 20
-0.1036
 30
0.0000
  0
VERTEX
  8
0
 10
0.1036
 20
-0.2500
 30
0.0000
  0
VERTEX
  8
0
 10
-0.1036
 20
-0.2500
 30
0.0000
  0
VERTEX
  8
0
 10
-0.2500
 20
-0.1036
 30
0.0000
  0
VERTEX
  8
0
 10
-0.2500
 20
0.1036
 30
0.0000
  0
SEQEND
  8
0
  0
ENDBLK
  8
0
  0
BLOCK
  8
0
  2
SQUAREP
 70
64
 10
0.0000
 20
0.0000
 30
0.0000
  3
SQUAREP
  0
SOLID
  8
0
 10
-0.5000
 20
-0.5000
 30
0.0000
 11
0.5000
 21
-0.5000
 31
0.0000
 12
-0.5000
 22
0.5000
 32
0.0000
 13
0.5000
 23
0.5000
 33
0.0000
  0
ENDBLK
  8
0
  0
BLOCK
  8
0
  2
ROUNDP
 70
64
 10
0.0000
 20
0.0000
 30
0.0000
  3
ROUNDP
  0
POLYLINE
  8
0
 66
1
 10
0.0000
 20
0.0000
 30
0.0000
 40
0.5000
 41
0.5000
 70
0
  0
VERTEX
  8
0
 10
0.0000
 20
-0.2500
 30
0.0000
 42
1.0000
  0
VERTEX
  8
0
 10
0.0000
 20
0.2500
 30
0.0000
 42
1.0000
  0
VERTEX
  8
0
 10
0.0000
 20
-0.2500
 30
0.0000
  0
SEQEND
  8
0
  0
ENDBLK
  8
0
  0
BLOCK
  8
0
  2
ANNULUSP
 70
64
 10
0.0000
 20
0.0000
 30
0.0000
  3
ANNULUSP
  0
POLYLINE
  8
0
 66
1
 10
0.0000
 20
0.0000
 30
0.0000
 40
0.5000
 41
0.5000
 70
0
  0
VERTEX
  8
0
 10
0.0000
 20
-0.2500
 30
0.0000
 42
1.0000
  0
VERTEX
  8
0
 10
0.0000
 20
0.2500
 30
0.0000
 42
1.0000
  0
VERTEX
  8
0
 10
0.0000
 20
-0.2500
 30
0.0000
  0
SEQEND
  8
0
  0
ENDBLK
  8
0
  0
BLOCK
  8
0
  2
THERMALP
 70
64
 10
0.0000
 20
0.0000
 30
0.0000
  3
THERMALP
  0
POLYLINE
  8
0
 66
1
 10
0.0000
 20
0.0000
 30
0.0000
 40
0.1000
 41
0.1000
 70
0
  0
VERTEX
  8
0
 10
-0.2379
 20
0.4500
 30
0.0000
  0
VERTEX
  8
0
 10
0.2379
 20
0.4500
 30
0.0000
  0
SEQEND
  8
0
  0
POLYLINE
  8
0
 66
1
 10
0.0000
 20
0.0000
 30
0.0000
 40
0.0500
 41
0.0500
 70
0
  0
VERTEX
  8
0
 10
0.2379
 20
0.4250
 30
0.0000
 42
1.0000
  0
VERTEX
  8
0
 10
0.2379
 20
0.4750
 30
0.0000
  0
SEQEND
  8
0
  0
POLYLINE
  8
0
 66
1
 10
0.0000
 20
0.0000
 30
0.0000
 40
0.0500
 41
0.0500
 70
0
  0
VERTEX
  8
0
 10
-0.2379
 20
0.4750
 30
0.0000
 42
1.0000
  0
VERTEX
  8
0
 10
-0.2379
 20
0.4250
 30
0.0000
  0
SEQEND
  8
0
  0
POLYLINE
  8
0
 66
1
 10
0.0000
 20
0.0000
 30
0.0000
 40
0.1000
 41
0.1000
 70
0
  0
VERTEX
  8
0
 10
0.4500
 20
0.2379
 30
0.0000
  0
VERTEX
  8
0
 10
0.4500
 20
-0.2379
 30
0.0000
  0
SEQEND
  8
0
  0
POLYLINE
  8
0
 66
1
 10
0.0000
 20
0.0000
 30
0.0000
 40
0.0500
 41
0.0500
 70
0
  0
VERTEX
  8
0
 10
0.4250
 20
-0.2379
 30
0.0000
 42
1.0000
  0
VERTEX
  8
0
 10
0.4750
 20
-0.2379
 30
0.0000
  0
SEQEND
  8
0
  0
POLYLINE
  8
0
 66
1
 10
0.0000
 20
0.0000
 30
0.0000
 40
0.0500
 41
0.0500
 70
0
  0
VERTEX
  8
0
 10
0.4750
 20
0.2379
 30
0.0000
 42
1.0000
  0
VERTEX
  8
0
 10
0.4250
 20
0.2379
 30
0.0000
  0
SEQEND
  8
0
  0
POLYLINE
  8
0
 66
1
 10
0.0000
 20
0.0000
 30
0.0000
 40
0.1000
 41
0.1000
 70
0
  0
VERTEX
  8
0
 10
0.2379
 20
-0.4500
 30
0.0000
  0
VERTEX
  8
0
 10
-0.2379
 20
-0.4500
 30
0.0000
  0
SEQEND
  8
0
  0
POLYLINE
  8
0
 66
1
 10
0.0000
 20
0.0000
 30
0.0000
 40
0.0500
 41
0.0500
 70
0
  0
VERTEX
  8
0
 10
-0.2379
 20
-0.4250
 30
0.0000
 42
1.0000
  0
VERTEX
  8
0
 10
-0.2379
 20
-0.4750
 30
0.0000
  0
SEQEND
  8
0
  0
POLYLINE
  8
0
 66
1
 10
0.0000
 20
0.0000
 30
0.0000
 40
0.0500
 41
0.0500
 70
0
  0
VERTEX
  8
0
 10
0.2379
 20
-0.4750
 30
0.0000
 42
1.0000
  0
VERTEX
  8
0
 10
0.2379
 20
-0.4250
 30
0.0000
  0
SEQEND
  8
0
  0
POLYLINE
  8
0
 66
1
 10
0.0000
 20
0.0000
 30
0.0000
 40
0.1000
 41
0.1000
 70
0
  0
VERTEX
  8
0
 10
-0.4500
 20
-0.2379
 30
0.0000
  0
VERTEX
  8
0
 10
-0.4500
 20
0.2379
 30
0.0000
  0
SEQEND
  8
0
  0
POLYLINE
  8
0
 66
1
 10
0.0000
 20
0.0000
 30
0.0000
 40
0.0500
 41
0.0500
 70
0
  0
VERTEX
  8
0
 10
-0.4250
 20
0.2379
 30
0.0000
 42
1.0000
  0
VERTEX
  8
0
 10
-0.4750
 20
0.2379
 30
0.0000
  0
SEQEND
  8
0
  0
POLYLINE
  8
0
 66
1
 10
0.0000
 20
0.0000
 30
0.0000
 40
0.0500
 41
0.0500
 70
0
  0
VERTEX
  8
0
 10
-0.4750
 20
-0.2379
 30
0.0000
 42
1.0000
  0
VERTEX
  8
0
 10
-0.4250
 20
-0.2379
 30
0.0000
  0
SEQEND
  8
0
  0
ENDBLK
  8
0
  0
BLOCK
  8
0
  2
OCTAGONV
 70
64
 10
0.0000
 20
0.0000
 30
0.0000
  3
OCTAGONV
  0
POLYLINE
  8
0
 66
1
 10
0.0000
 20
0.0000
 30
0.0000
 40
0.5000
 41
0.5000
 70
0
  0
VERTEX
  8
0
 10
-0.2500
 20
-0.1036
 30
0.0000
  0
VERTEX
  8
0
 10
-0.2500
 20
0.1036
 30
0.0000
  0
VERTEX
  8
0
 10
-0.1036
 20
0.2500
 30
0.0000
  0
VERTEX
  8
0
 10
0.1036
 20
0.2500
 30
0.0000
  0
VERTEX
  8
0
 10
0.2500
 20
0.1036
 30
0.0000
  0
VERTEX
  8
0
 10
0.2500
 20
-0.1036
 30
0.0000
  0
VERTEX
  8
0
 10
0.1036
 20
-0.2500
 30
0.0000
  0
VERTEX
  8
0
 10
-0.1036
 20
-0.2500
 30
0.0000
  0
VERTEX
  8
0
 10
-0.2500
 20
-0.1036
 30
0.0000
  0
VERTEX
  8
0
 10
-0.2500
 20
0.1036
 30
0.0000
  0
SEQEND
  8
0
  0
ENDBLK
  8
0
  0
BLOCK
  8
0
  2
SQUAREV
 70
64
 10
0.0000
 20
0.0000
 30
0.0000
  3
SQUAREV
  0
SOLID
  8
0
 10
-0.5000
 20
-0.5000
 30
0.0000
 11
0.5000
 21
-0.5000
 31
0.0000
 12
-0.5000
 22
0.5000
 32
0.0000
 13
0.5000
 23
0.5000
 33
0.0000
  0
ENDBLK
  8
0
  0
BLOCK
  8
0
  2
ROUNDV
 70
64
 10
0.0000
 20
0.0000
 30
0.0000
  3
ROUNDV
  0
POLYLINE
  8
0
 66
1
 10
0.0000
 20
0.0000
 30
0.0000
 40
0.5000
 41
0.5000
 70
0
  0
VERTEX
  8
0
 10
0.0000
 20
-0.2500
 30
0.0000
 42
1.0000
  0
VERTEX
  8
0
 10
0.0000
 20
0.2500
 30
0.0000
 42
1.0000
  0
VERTEX
  8
0
 10
0.0000
 20
-0.2500
 30
0.0000
  0
SEQEND
  8
0
  0
ENDBLK
  8
0
  0
BLOCK
  8
0
  2
ANNULUSV
 70
64
 10
0.0000
 20
0.0000
 30
0.0000
  3
ANNULUSV
  0
POLYLINE
  8
0
 66
1
 10
0.0000
 20
0.0000
 30
0.0000
 40
0.5000
 41
0.5000
 70
0
  0
VERTEX
  8
0
 10
0.0000
 20
-0.2500
 30
0.0000
 42
1.0000
  0
VERTEX
  8
0
 10
0.0000
 20
0.2500
 30
0.0000
 42
1.0000
  0
VERTEX
  8
0
 10
0.0000
 20
-0.2500
 30
0.0000
  0
SEQEND
  8
0
  0
ENDBLK
  8
0
  0
BLOCK
  8
0
  2
THERMALV
 70
64
 10
0.0000
 20
0.0000
 30
0.0000
  3
THERMALV
  0
POLYLINE
  8
0
 66
1
 10
0.0000
 20
0.0000
 30
0.0000
 40
0.1000
 41
0.1000
 70
0
  0
VERTEX
  8
0
 10
-0.2379
 20
0.4500
 30
0.0000
  0
VERTEX
  8
0
 10
0.2379
 20
0.4500
 30
0.0000
  0
SEQEND
  8
0
  0
POLYLINE
  8
0
 66
1
 10
0.0000
 20
0.0000
 30
0.0000
 40
0.0500
 41
0.0500
 70
0
  0
VERTEX
  8
0
 10
0.2379
 20
0.4250
 30
0.0000
 42
1.0000
  0
VERTEX
  8
0
 10
0.2379
 20
0.4750
 30
0.0000
  0
SEQEND
  8
0
  0
POLYLINE
  8
0
 66
1
 10
0.0000
 20
0.0000
 30
0.0000
 40
0.0500
 41
0.0500
 70
0
  0
VERTEX
  8
0
 10
-0.2379
 20
0.4750
 30
0.0000
 42
1.0000
  0
VERTEX
  8
0
 10
-0.2379
 20
0.4250
 30
0.0000
  0
SEQEND
  8
0
  0
POLYLINE
  8
0
 66
1
 10
0.0000
 20
0.0000
 30
0.0000
 40
0.1000
 41
0.1000
 70
0
  0
VERTEX
  8
0
 10
0.4500
 20
0.2379
 30
0.0000
  0
VERTEX
  8
0
 10
0.4500
 20
-0.2379
 30
0.0000
  0
SEQEND
  8
0
  0
POLYLINE
  8
0
 66
1
 10
0.0000
 20
0.0000
 30
0.0000
 40
0.0500
 41
0.0500
 70
0
  0
VERTEX
  8
0
 10
0.4250
 20
-0.2379
 30
0.0000
 42
1.0000
  0
VERTEX
  8
0
 10
0.4750
 20
-0.2379
 30
0.0000
  0
SEQEND
  8
0
  0
POLYLINE
  8
0
 66
1
 10
0.0000
 20
0.0000
 30
0.0000
 40
0.0500
 41
0.0500
 70
0
  0
VERTEX
  8
0
 10
0.4750
 20
0.2379
 30
0.0000
 42
1.0000
  0
VERTEX
  8
0
 10
0.4250
 20
0.2379
 30
0.0000
  0
SEQEND
  8
0
  0
POLYLINE
  8
0
 66
1
 10
0.0000
 20
0.0000
 30
0.0000
 40
0.1000
 41
0.1000
 70
0
  0
VERTEX
  8
0
 10
0.2379
 20
-0.4500
 30
0.0000
  0
VERTEX
  8
0
 10
-0.2379
 20
-0.4500
 30
0.0000
  0
SEQEND
  8
0
  0
POLYLINE
  8
0
 66
1
 10
0.0000
 20
0.0000
 30
0.0000
 40
0.0500
 41
0.0500
 70
0
  0
VERTEX
  8
0
 10
-0.2379
 20
-0.4250
 30
0.0000
 42
1.0000
  0
VERTEX
  8
0
 10
-0.2379
 20
-0.4750
 30
0.0000
  0
SEQEND
  8
0
  0
POLYLINE
  8
0
 66
1
 10
0.0000
 20
0.0000
 30
0.0000
 40
0.0500
 41
0.0500
 70
0
  0
VERTEX
  8
0
 10
0.2379
 20
-0.4750
 30
0.0000
 42
1.0000
  0
VERTEX
  8
0
 10
0.2379
 20
-0.4250
 30
0.0000
  0
SEQEND
  8
0
  0
POLYLINE
  8
0
 66
1
 10
0.0000
 20
0.0000
 30
0.0000
 40
0.1000
 41
0.1000
 70
0
  0
VERTEX
  8
0
 10
-0.4500
 20
-0.2379
 30
0.0000
  0
VERTEX
  8
0
 10
-0.4500
 20
0.2379
 30
0.0000
  0
SEQEND
  8
0
  0
POLYLINE
  8
0
 66
1
 10
0.0000
 20
0.0000
 30
0.0000
 40
0.0500
 41
0.0500
 70
0
  0
VERTEX
  8
0
 10
-0.4250
 20
0.2379
 30
0.0000
 42
1.0000
  0
VERTEX
  8
0
 10
-0.4750
 20
0.2379
 30
0.0000
  0
SEQEND
  8
0
  0
POLYLINE
  8
0
 66
1
 10
0.0000
 20
0.0000
 30
0.0000
 40
0.0500
 41
0.0500
 70
0
  0
VERTEX
  8
0
 10
-0.4750
 20
-0.2379
 30
0.0000
 42
1.0000
  0
VERTEX
  8
0
 10
-0.4250
 20
-0.2379
 30
0.0000
  0
SEQEND
  8
0
  0
ENDBLK
  8
0
  0
BLOCK
  8
0
  2
RECT203200X203200R100
 70
64
 10
0.0000
 20
0.0000
 30
0.0000
  3
RECT203200X203200R100
  0
POLYLINE
  8
0
 66
1
 10
0.0000
 20
0.0000
 30
0.0000
 40
0.6350
 41
0.6350
 70
1
  0
VERTEX
  8
0
 10
0.3175
 20
0.0000
 30
0.0000
  0
VERTEX
  8
0
 10
0.3175
 20
0.0000
 30
0.0000
 42
0.4142
  0
VERTEX
  8
0
 10
0.0000
 20
0.3175
 30
0.0000
  0
VERTEX
  8
0
 10
0.0000
 20
0.3175
 30
0.0000
 42
0.4142
  0
VERTEX
  8
0
 10
-0.3175
 20
0.0000
 30
0.0000
  0
VERTEX
  8
0
 10
-0.3175
 20
0.0000
 30
0.0000
 42
0.4142
  0
VERTEX
  8
0
 10
0.0000
 20
-0.3175
 30
0.0000
  0
VERTEX
  8
0
 10
0.0000
 20
-0.3175
 30
0.0000
 42
0.4142
  0
SEQEND
  8
0
  0
SOLID
  8
0
 10
-0.0254
 20
-0.0254
 30
0.0000
 11
0.0254
 21
-0.0254
 31
0.0000
 12
-0.0254
 22
0.0254
 32
0.0000
 13
0.0254
 23
0.0254
 33
0.0000
  0
ENDBLK
  8
0
  0
ENDSEC
  0
SECTION
  2
ENTITIES
  0
POLYLINE
  8
21
 66
1
 10
0.0000
 20
0.0000
 30
0.0000
 40
0.8128
 41
0.8128
 70
0
  0
VERTEX
  8
21
 10
118.0066
 20
92.0399
 30
0.0000
 42
0.4142
  0
VERTEX
  8
21
 10
117.4366
 20
92.4699
 30
0.0000
  0
SEQEND
  8
0
  0
POLYLINE
  8
21
 66
1
 10
0.0000
 20
0.0000
 30
0.0000
 40
0.4064
 41
0.4064
 70
0
  0
VERTEX
  8
21
 10
117.8053
 20
92.0118
 30
0.0000
 42
1.0000
  0
VERTEX
  8
21
 10
118.2078
 20
92.0681
 30
0.0000
  0
SEQEND
  8
0
  0
POLYLINE
  8
21
 66
1
 10
0.0000
 20
0.0000
 30
0.0000
 40
0.4064
 41
0.4064
 70
0
  0
VERTEX
  8
21
 10
117.4084
 20
92.6712
 30
0.0000
 42
1.0000
  0
VERTEX
  8
21
 10
117.4648
 20
92.2687
 30
0.0000
  0
SEQEND
  8
0
  0
POLYLINE
  8
20
 66
1
 10
0.0000
 20
0.0000
 30
0.0000
 40
0.0100
 41
0.0100
 70
0
  0
VERTEX
  8
20
 10
113.3857
 20
78.3403
 30
0.0000
  0
VERTEX
  8
20
 10
112.9023
 20
77.7029
 30
0.0000
  0
SEQEND
  8
0
  0
POLYLINE
  8
20
 66
1
 10
0.0000
 20
0.0000
 30
0.0000
 40
0.0050
 41
0.0050
 70
0
  0
VERTEX
  8
20
 10
112.9003
 20
77.7044
 30
0.0000
 42
1.0000
  0
VERTEX
  8
20
 10
112.9043
 20
77.7014
 30
0.0000
  0
SEQEND
  8
0
  0
POLYLINE
  8
20
 66
1
 10
0.0000
 20
0.0000
 30
0.0000
 40
0.0050
 41
0.0050
 70
0
  0
VERTEX
  8
20
 10
113.3877
 20
78.3388
 30
0.0000
 42
1.0000
  0
VERTEX
  8
20
 10
113.3837
 20
78.3419
 30
0.0000
  0
SEQEND
  8
0
  0
POLYLINE
  8
20
 66
1
 10
0.0000
 20
0.0000
 30
0.0000
 40
0.0100
 41
0.0100
 70
0
  0
VERTEX
  8
20
 10
101.6853
 20
78.3025
 30
0.0000
  0
VERTEX
  8
20
 10
100.4769
 20
76.7089
 30
0.0000
  0
SEQEND
  8
0
  0
POLYLINE
  8
20
 66
1
 10
0.0000
 20
0.0000
 30
0.0000
 40
0.0050
 41
0.0050
 70
0
  0
VERTEX
  8
20
 10
100.4749
 20
76.7104
 30
0.0000
 42
1.0000
  0
VERTEX
  8
20
 10
100.4789
 20
76.7074
 30
0.0000
  0
SEQEND
  8
0
  0
POLYLINE
  8
20
 66
1
 10
0.0000
 20
0.0000
 30
0.0000
 40
0.0050
 41
0.0050
 70
0
  0
VERTEX
  8
20
 10
101.6873
 20
78.3010
 30
0.0000
 42
1.0000
  0
VERTEX
  8
20
 10
101.6834
 20
78.3040
 30
0.0000
  0
SEQEND
  8
0
  0
POLYLINE
  8
20
 66
1
 10
0.0000
 20
0.0000
 30
0.0000
 40
0.0100
 41
0.0100
 70
0
  0
VERTEX
  8
20
 10
112.9023
 20
77.7029
 30
0.0000
  0
VERTEX
  8
20
 10
114.4959
 20
76.4944
 30
0.0000
  0
SEQEND
  8
0
  0
POLYLINE
  8
20
 66
1
 10
0.0000
 20
0.0000
 30
0.0000
 40
0.0050
 41
0.0050
 70
0
  0
VERTEX
  8
20
 10
114.4944
 20
76.4924
 30
0.0000
 42
1.0000
  0
VERTEX
  8
20
 10
114.4974
 20
76.4964
 30
0.0000
  0
SEQEND
  8
0
  0
POLYLINE
  8
20
 66
1
 10
0.0000
 20
0.0000
 30
0.0000
 40
0.0050
 41
0.0050
 70
0
  0
VERTEX
  8
20
 10
112.9038
 20
77.7049
 30
0.0000
 42
1.0000
  0
VERTEX
  8
20
 10
112.9008
 20
77.7009
 30
0.0000
  0
SEQEND
  8
0
  0
POLYLINE
  8
20
 66
1
 10
0.0000
 20
0.0000
 30
0.0000
 40
0.0100
 41
0.0100
 70
0
  0
VERTEX
  8
20
 10
100.4769
 20
76.7089
 30
0.0000
  0
VERTEX
  8
20
 10
99.8394
 20
77.1923
 30
0.0000
  0
SEQEND
  8
0
  0
POLYLINE
  8
20
 66
1
 10
0.0000
 20
0.0000
 30
0.0000
 40
0.0050
 41
0.0050
 70
0
  0
VERTEX
  8
20
 10
99.8410
 20
77.1943
 30
0.0000
 42
1.0000
  0
VERTEX
  8
20
 10
99.8379
 20
77.1903
 30
0.0000
  0
SEQEND
  8
0
  0
POLYLINE
  8
20
 66
1
 10
0.0000
 20
0.0000
 30
0.0000
 40
0.0050
 41
0.0050
 70
0
  0
VERTEX
  8
20
 10
100.4754
 20
76.7069
 30
0.0000
 42
1.0000
  0
VERTEX
  8
20
 10
100.4784
 20
76.7109
 30
0.0000
  0
SEQEND
  8
0
  0
POLYLINE
  8
21
 66
1
 10
0.0000
 20
0.0000
 30
0.0000
 40
0.8128
 41
0.8128
 70
0
  0
VERTEX
  8
21
 10
97.4966
 20
92.4699
 30
0.0000
 42
0.4142
  0
VERTEX
  8
21
 10
96.9866
 20
92.1199
 30
0.0000
  0
SEQEND
  8
0
  0
POLYLINE
  8
21
 66
1
 10
0.0000
 20
0.0000
 30
0.0000
 40
0.4064
 41
0.4064
 70
0
  0
VERTEX
  8
21
 10
97.4594
 20
92.2702
 30
0.0000
 42
1.0000
  0
VERTEX
  8
21
 10
97.5338
 20
92.6697
 30
0.0000
  0
SEQEND
  8
0
  0
POLYLINE
  8
21
 66
1
 10
0.0000
 20
0.0000
 30
0.0000
 40
0.4064
 41
0.4064
 70
0
  0
VERTEX
  8
21
 10
96.7868
 20
92.1571
 30
0.0000
 42
1.0000
  0
VERTEX
  8
21
 10
97.1864
 20
92.0828
 30
0.0000
  0
SEQEND
  8
0
  0
POLYLINE
  8
21
 66
1
 10
0.0000
 20
0.0000
 30
0.0000
 40
0.8128
 41
0.8128
 70
0
  0
VERTEX
  8
21
 10
96.9866
 20
92.1199
 30
0.0000
  0
VERTEX
  8
21
 10
97.0566
 20
70.1385
 30
0.0000
  0
SEQEND
  8
0
  0
POLYLINE
  8
21
 66
1
 10
0.0000
 20
0.0000
 30
0.0000
 40
0.4064
 41
0.4064
 70
0
  0
VERTEX
  8
21
 10
96.8534
 20
70.1378
 30
0.0000
 42
1.0000
  0
VERTEX
  8
21
 10
97.2598
 20
70.1391
 30
0.0000
  0
SEQEND
  8
0
  0
POLYLINE
  8
21
 66
1
 10
0.0000
 20
0.0000
 30
0.0000
 40
0.4064
 41
0.4064
 70
0
  0
VERTEX
  8
21
 10
97.1898
 20
92.1206
 30
0.0000
 42
1.0000
  0
VERTEX
  8
21
 10
96.7834
 20
92.1193
 30
0.0000
  0
SEQEND
  8
0
  0
POLYLINE
  8
20
 66
1
 10
0.0000
 20
0.0000
 30
0.0000
 40
0.0100
 41
0.0100
 70
0
  0
VERTEX
  8
20
 10
114.4959
 20
76.4944
 30
0.0000
  0
VERTEX
  8
20
 10
114.9793
 20
77.1319
 30
0.0000
  0
SEQEND
  8
0
  0
POLYLINE
  8
20
 66
1
 10
0.0000
 20
0.0000
 30
0.0000
 40
0.0050
 41
0.0050
 70
0
  0
VERTEX
  8
20
 10
114.9813
 20
77.1304
 30
0.0000
 42
1.0000
  0
VERTEX
  8
20
 10
114.9773
 20
77.1334
 30
0.0000
  0
SEQEND
  8
0
  0
POLYLINE
  8
20
 66
1
 10
0.0000
 20
0.0000
 30
0.0000
 40
0.0050
 41
0.0050
 70
0
  0
VERTEX
  8
20
 10
114.4939
 20
76.4959
 30
0.0000
 42
1.0000
  0
VERTEX
  8
20
 10
114.4979
 20
76.4929
 30
0.0000
  0
SEQEND
  8
0
  0
POLYLINE
  8
20
 66
1
 10
0.0000
 20
0.0000
 30
0.0000
 40
0.0100
 41
0.0100
 70
0
  0
VERTEX
  8
20
 10
101.0479
 20
78.7859
 30
0.0000
  0
VERTEX
  8
20
 10
101.6853
 20
78.3025
 30
0.0000
  0
SEQEND
  8
0
  0
POLYLINE
  8
20
 66
1
 10
0.0000
 20
0.0000
 30
0.0000
 40
0.0050
 41
0.0050
 70
0
  0
VERTEX
  8
20
 10
101.6838
 20
78.3005
 30
0.0000
 42
1.0000
  0
VERTEX
  8
20
 10
101.6869
 20
78.3045
 30
0.0000
  0
SEQEND
  8
0
  0
POLYLINE
  8
20
 66
1
 10
0.0000
 20
0.0000
 30
0.0000
 40
0.0050
 41
0.0050
 70
0
  0
VERTEX
  8
20
 10
101.0494
 20
78.7879
 30
0.0000
 42
1.0000
  0
VERTEX
  8
20
 10
101.0464
 20
78.7839
 30
0.0000
  0
SEQEND
  8
0
  0
POLYLINE
  8
21
 66
1
 10
0.0000
 20
0.0000
 30
0.0000
 40
0.8128
 41
0.8128
 70
0
  0
VERTEX
  8
21
 10
97.0566
 20
70.1385
 30
0.0000
  0
VERTEX
  8
21
 10
118.0766
 20
70.1585
 30
0.0000
  0
SEQEND
  8
0
  0
POLYLINE
  8
21
 66
1
 10
0.0000
 20
0.0000
 30
0.0000
 40
0.4064
 41
0.4064
 70
0
  0
VERTEX
  8
21
 10
118.0768
 20
69.9553
 30
0.0000
 42
1.0000
  0
VERTEX
  8
21
 10
118.0764
 20
70.3617
 30
0.0000
  0
SEQEND
  8
0
  0
POLYLINE
  8
21
 66
1
 10
0.0000
 20
0.0000
 30
0.0000
 40
0.4064
 41
0.4064
 70
0
  0
VERTEX
  8
21
 10
97.0564
 20
70.3417
 30
0.0000
 42
1.0000
  0
VERTEX
  8
21
 10
97.0568
 20
69.9353
 30
0.0000
  0
SEQEND
  8
0
  0
POLYLINE
  8
20
 66
1
 10
0.0000
 20
0.0000
 30
0.0000
 40
0.0100
 41
0.0100
 70
0
  0
VERTEX
  8
20
 10
114.9793
 20
77.1319
 30
0.0000
  0
VERTEX
  8
20
 10
113.3857
 20
78.3403
 30
0.0000
  0
SEQEND
  8
0
  0
POLYLINE
  8
20
 66
1
 10
0.0000
 20
0.0000
 30
0.0000
 40
0.0050
 41
0.0050
 70
0
  0
VERTEX
  8
20
 10
113.3872
 20
78.3423
 30
0.0000
 42
1.0000
  0
VERTEX
  8
20
 10
113.3842
 20
78.3383
 30
0.0000
  0
SEQEND
  8
0
  0
POLYLINE
  8
20
 66
1
 10
0.0000
 20
0.0000
 30
0.0000
 40
0.0050
 41
0.0050
 70
0
  0
VERTEX
  8
20
 10
114.9778
 20
77.1299
 30
0.0000
 42
1.0000
  0
VERTEX
  8
20
 10
114.9808
 20
77.1339
 30
0.0000
  0
SEQEND
  8
0
  0
POLYLINE
  8
20
 66
1
 10
0.0000
 20
0.0000
 30
0.0000
 40
0.0100
 41
0.0100
 70
0
  0
VERTEX
  8
20
 10
99.8394
 20
77.1923
 30
0.0000
  0
VERTEX
  8
20
 10
101.0479
 20
78.7859
 30
0.0000
  0
SEQEND
  8
0
  0
POLYLINE
  8
20
 66
1
 10
0.0000
 20
0.0000
 30
0.0000
 40
0.0050
 41
0.0050
 70
0
  0
VERTEX
  8
20
 10
101.0499
 20
78.7843
 30
0.0000
 42
1.0000
  0
VERTEX
  8
20
 10
101.0459
 20
78.7874
 30
0.0000
  0
SEQEND
  8
0
  0
POLYLINE
  8
20
 66
1
 10
0.0000
 20
0.0000
 30
0.0000
 40
0.0050
 41
0.0050
 70
0
  0
VERTEX
  8
20
 10
99.8374
 20
77.1938
 30
0.0000
 42
1.0000
  0
VERTEX
  8
20
 10
99.8414
 20
77.1907
 30
0.0000
  0
SEQEND
  8
0
  0
POLYLINE
  8
21
 66
1
 10
0.0000
 20
0.0000
 30
0.0000
 40
0.8128
 41
0.8128
 70
0
  0
VERTEX
  8
21
 10
117.4366
 20
92.4699
 30
0.0000
  0
VERTEX
  8
21
 10
97.4966
 20
92.4699
 30
0.0000
  0
SEQEND
  8
0
  0
POLYLINE
  8
21
 66
1
 10
0.0000
 20
0.0000
 30
0.0000
 40
0.4064
 41
0.4064
 70
0
  0
VERTEX
  8
21
 10
97.4966
 20
92.6731
 30
0.0000
 42
1.0000
  0
VERTEX
  8
21
 10
97.4966
 20
92.2667
 30
0.0000
  0
SEQEND
  8
0
  0
POLYLINE
  8
21
 66
1
 10
0.0000
 20
0.0000
 30
0.0000
 40
0.4064
 41
0.4064
 70
0
  0
VERTEX
  8
21
 10
117.4366
 20
92.2667
 30
0.0000
 42
1.0000
  0
VERTEX
  8
21
 10
117.4366
 20
92.6731
 30
0.0000
  0
SEQEND
  8
0
  0
POLYLINE
  8
21
 66
1
 10
0.0000
 20
0.0000
 30
0.0000
 40
0.8128
 41
0.8128
 70
0
  0
VERTEX
  8
21
 10
118.0766
 20
70.1585
 30
0.0000
  0
VERTEX
  8
21
 10
118.0066
 20
92.0399
 30
0.0000
  0
SEQEND
  8
0
  0
POLYLINE
  8
21
 66
1
 10
0.0000
 20
0.0000
 30
0.0000
 40
0.4064
 41
0.4064
 70
0
  0
VERTEX
  8
21
 10
118.2098
 20
92.0406
 30
0.0000
 42
1.0000
  0
VERTEX
  8
21
 10
117.8034
 20
92.0393
 30
0.0000
  0
SEQEND
  8
0
  0
POLYLINE
  8
21
 66
1
 10
0.0000
 20
0.0000
 30
0.0000
 40
0.4064
 41
0.4064
 70
0
  0
VERTEX
  8
21
 10
117.8734
 20
70.1578
 30
0.0000
 42
1.0000
  0
VERTEX
  8
21
 10
118.2798
 20
70.1591
 30
0.0000
  0
SEQEND
  8
0
  0
POLYLINE
  8
20
 66
1
 10
0.0000
 20
0.0000
 30
0.0000
 40
0.0100
 41
0.0100
 70
0
  0
VERTEX
  8
20
 10
118.4566
 20
91.9899
 30
0.0000
 42
0.4142
  0
VERTEX
  8
20
 10
117.5566
 20
92.8899
 30
0.0000
  0
SEQEND
  8
0
  0
POLYLINE
  8
20
 66
1
 10
0.0000
 20
0.0000
 30
0.0000
 40
0.0050
 41
0.0050
 70
0
  0
VERTEX
  8
20
 10
118.4541
 20
91.9899
 30
0.0000
 42
1.0000
  0
VERTEX
  8
20
 10
118.4591
 20
91.9899
 30
0.0000
  0
SEQEND
  8
0
  0
POLYLINE
  8
20
 66
1
 10
0.0000
 20
0.0000
 30
0.0000
 40
0.0050
 41
0.0050
 70
0
  0
VERTEX
  8
20
 10
117.5566
 20
92.8924
 30
0.0000
 42
1.0000
  0
VERTEX
  8
20
 10
117.5566
 20
92.8874
 30
0.0000
  0
SEQEND
  8
0
  0
POLYLINE
  8
20
 66
1
 10
0.0000
 20
0.0000
 30
0.0000
 40
0.0100
 41
0.0100
 70
0
  0
VERTEX
  8
20
 10
115.9581
 20
69.6900
 30
0.0000
  0
VERTEX
  8
20
 10
118.4566
 20
73.6885
 30
0.0000
  0
SEQEND
  8
0
  0
POLYLINE
  8
20
 66
1
 10
0.0000
 20
0.0000
 30
0.0000
 40
0.0050
 41
0.0050
 70
0
  0
VERTEX
  8
20
 10
118.4587
 20
73.6872
 30
0.0000
 42
1.0000
  0
VERTEX
  8
20
 10
118.4545
 20
73.6898
 30
0.0000
  0
SEQEND
  8
0
  0
POLYLINE
  8
20
 66
1
 10
0.0000
 20
0.0000
 30
0.0000
 40
0.0050
 41
0.0050
 70
0
  0
VERTEX
  8
20
 10
115.9559
 20
69.6913
 30
0.0000
 42
1.0000
  0
VERTEX
  8
20
 10
115.9602
 20
69.6886
 30
0.0000
  0
SEQEND
  8
0
  0
POLYLINE
  8
20
 66
1
 10
0.0000
 20
0.0000
 30
0.0000
 40
0.0100
 41
0.0100
 70
0
  0
VERTEX
  8
20
 10
96.5566
 20
73.6885
 30
0.0000
  0
VERTEX
  8
20
 10
99.0551
 20
69.6900
 30
0.0000
  0
SEQEND
  8
0
  0
POLYLINE
  8
20
 66
1
 10
0.0000
 20
0.0000
 30
0.0000
 40
0.0050
 41
0.0050
 70
0
  0
VERTEX
  8
20
 10
99.0530
 20
69.6886
 30
0.0000
 42
1.0000
  0
VERTEX
  8
20
 10
99.0573
 20
69.6913
 30
0.0000
  0
SEQEND
  8
0
  0
POLYLINE
  8
20
 66
1
 10
0.0000
 20
0.0000
 30
0.0000
 40
0.0050
 41
0.0050
 70
0
  0
VERTEX
  8
20
 10
96.5587
 20
73.6898
 30
0.0000
 42
1.0000
  0
VERTEX
  8
20
 10
96.5545
 20
73.6872
 30
0.0000
  0
SEQEND
  8
0
  0
POLYLINE
  8
20
 66
1
 10
0.0000
 20
0.0000
 30
0.0000
 40
0.0100
 41
0.0100
 70
0
  0
VERTEX
  8
20
 10
97.4566
 20
92.8899
 30
0.0000
 42
0.4142
  0
VERTEX
  8
20
 10
96.5566
 20
91.9899
 30
0.0000
  0
SEQEND
  8
0
  0
POLYLINE
  8
20
 66
1
 10
0.0000
 20
0.0000
 30
0.0000
 40
0.0050
 41
0.0050
 70
0
  0
VERTEX
  8
20
 10
97.4566
 20
92.8874
 30
0.0000
 42
1.0000
  0
VERTEX
  8
20
 10
97.4566
 20
92.8924
 30
0.0000
  0
SEQEND
  8
0
  0
POLYLINE
  8
20
 66
1
 10
0.0000
 20
0.0000
 30
0.0000
 40
0.0050
 41
0.0050
 70
0
  0
VERTEX
  8
20
 10
96.5541
 20
91.9899
 30
0.0000
 42
1.0000
  0
VERTEX
  8
20
 10
96.5591
 20
91.9899
 30
0.0000
  0
SEQEND
  8
0
  0
POLYLINE
  8
20
 66
1
 10
0.0000
 20
0.0000
 30
0.0000
 40
0.0100
 41
0.0100
 70
0
  0
VERTEX
  8
20
 10
96.5566
 20
91.9899
 30
0.0000
  0
VERTEX
  8
20
 10
96.5566
 20
73.6885
 30
0.0000
  0
SEQEND
  8
0
  0
POLYLINE
  8
20
 66
1
 10
0.0000
 20
0.0000
 30
0.0000
 40
0.0050
 41
0.0050
 70
0
  0
VERTEX
  8
20
 10
96.5541
 20
73.6885
 30
0.0000
 42
1.0000
  0
VERTEX
  8
20
 10
96.5591
 20
73.6885
 30
0.0000
  0
SEQEND
  8
0
  0
POLYLINE
  8
20
 66
1
 10
0.0000
 20
0.0000
 30
0.0000
 40
0.0050
 41
0.0050
 70
0
  0
VERTEX
  8
20
 10
96.5591
 20
91.9899
 30
0.0000
 42
1.0000
  0
VERTEX
  8
20
 10
96.5541
 20
91.9899
 30
0.0000
  0
SEQEND
  8
0
  0
POLYLINE
  8
20
 66
1
 10
0.0000
 20
0.0000
 30
0.0000
 40
0.0100
 41
0.0100
 70
0
  0
VERTEX
  8
20
 10
99.0551
 20
69.6900
 30
0.0000
  0
VERTEX
  8
20
 10
115.9581
 20
69.6900
 30
0.0000
  0
SEQEND
  8
0
  0
POLYLINE
  8
20
 66
1
 10
0.0000
 20
0.0000
 30
0.0000
 40
0.0050
 41
0.0050
 70
0
  0
VERTEX
  8
20
 10
115.9581
 20
69.6875
 30
0.0000
 42
1.0000
  0
VERTEX
  8
20
 10
115.9581
 20
69.6925
 30
0.0000
  0
SEQEND
  8
0
  0
POLYLINE
  8
20
 66
1
 10
0.0000
 20
0.0000
 30
0.0000
 40
0.0050
 41
0.0050
 70
0
  0
VERTEX
  8
20
 10
99.0551
 20
69.6925
 30
0.0000
 42
1.0000
  0
VERTEX
  8
20
 10
99.0551
 20
69.6875
 30
0.0000
  0
SEQEND
  8
0
  0
POLYLINE
  8
20
 66
1
 10
0.0000
 20
0.0000
 30
0.0000
 40
0.0100
 41
0.0100
 70
0
  0
VERTEX
  8
20
 10
117.5566
 20
92.8899
 30
0.0000
  0
VERTEX
  8
20
 10
97.4566
 20
92.8899
 30
0.0000
  0
SEQEND
  8
0
  0
POLYLINE
  8
20
 66
1
 10
0.0000
 20
0.0000
 30
0.0000
 40
0.0050
 41
0.0050
 70
0
  0
VERTEX
  8
20
 10
97.4566
 20
92.8924
 30
0.0000
 42
1.0000
  0
VERTEX
  8
20
 10
97.4566
 20
92.8874
 30
0.0000
  0
SEQEND
  8
0
  0
POLYLINE
  8
20
 66
1
 10
0.0000
 20
0.0000
 30
0.0000
 40
0.0050
 41
0.0050
 70
0
  0
VERTEX
  8
20
 10
117.5566
 20
92.8874
 30
0.0000
 42
1.0000
  0
VERTEX
  8
20
 10
117.5566
 20
92.8924
 30
0.0000
  0
SEQEND
  8
0
  0
POLYLINE
  8
20
 66
1
 10
0.0000
 20
0.0000
 30
0.0000
 40
0.0100
 41
0.0100
 70
0
  0
VERTEX
  8
20
 10
118.4566
 20
73.6885
 30
0.0000
  0
VERTEX
  8
20
 10
118.4566
 20
91.9899
 30
0.0000
  0
SEQEND
  8
0
  0
POLYLINE
  8
20
 66
1
 10
0.0000
 20
0.0000
 30
0.0000
 40
0.0050
 41
0.0050
 70
0
  0
VERTEX
  8
20
 10
118.4591
 20
91.9899
 30
0.0000
 42
1.0000
  0
VERTEX
  8
20
 10
118.4541
 20
91.9899
 30
0.0000
  0
SEQEND
  8
0
  0
POLYLINE
  8
20
 66
1
 10
0.0000
 20
0.0000
 30
0.0000
 40
0.0050
 41
0.0050
 70
0
  0
VERTEX
  8
20
 10
118.4541
 20
73.6885
 30
0.0000
 42
1.0000
  0
VERTEX
  8
20
 10
118.4591
 20
73.6885
 30
0.0000
  0
SEQEND
  8
0
  0
POLYLINE
  8
21
 66
1
 10
0.0000
 20
0.0000
 30
0.0000
 40
0.0762
 41
0.0762
 70
0
  0
VERTEX
  8
21
 10
112.6081
 20
81.5079
 30
0.0000
  0
VERTEX
  8
21
 10
112.9214
 20
80.5681
 30
0.0000
  0
SEQEND
  8
0
  0
POLYLINE
  8
21
 66
1
 10
0.0000
 20
0.0000
 30
0.0000
 40
0.0381
 41
0.0381
 70
0
  0
VERTEX
  8
21
 10
112.9033
 20
80.5621
 30
0.0000
 42
1.0000
  0
VERTEX
  8
21
 10
112.9394
 20
80.5741
 30
0.0000
  0
SEQEND
  8
0
  0
POLYLINE
  8
21
 66
1
 10
0.0000
 20
0.0000
 30
0.0000
 40
0.0381
 41
0.0381
 70
0
  0
VERTEX
  8
21
 10
112.6262
 20
81.5139
 30
0.0000
 42
1.0000
  0
VERTEX
  8
21
 10
112.5900
 20
81.5019
 30
0.0000
  0
SEQEND
  8
0
  0
POLYLINE
  8
21
 66
1
 10
0.0000
 20
0.0000
 30
0.0000
 40
0.0762
 41
0.0762
 70
0
  0
VERTEX
  8
21
 10
112.9214
 20
80.5681
 30
0.0000
  0
VERTEX
  8
21
 10
113.2346
 20
81.5079
 30
0.0000
  0
SEQEND
  8
0
  0
POLYLINE
  8
21
 66
1
 10
0.0000
 20
0.0000
 30
0.0000
 40
0.0381
 41
0.0381
 70
0
  0
VERTEX
  8
21
 10
113.2527
 20
81.5019
 30
0.0000
 42
1.0000
  0
VERTEX
  8
21
 10
113.2166
 20
81.5139
 30
0.0000
  0
SEQEND
  8
0
  0
POLYLINE
  8
21
 66
1
 10
0.0000
 20
0.0000
 30
0.0000
 40
0.0381
 41
0.0381
 70
0
  0
VERTEX
  8
21
 10
112.9033
 20
80.5741
 30
0.0000
 42
1.0000
  0
VERTEX
  8
21
 10
112.9394
 20
80.5621
 30
0.0000
  0
SEQEND
  8
0
  0
POLYLINE
  8
21
 66
1
 10
0.0000
 20
0.0000
 30
0.0000
 40
0.0762
 41
0.0762
 70
0
  0
VERTEX
  8
21
 10
113.9898
 20
80.5681
 30
0.0000
  0
VERTEX
  8
21
 10
113.7810
 20
80.5681
 30
0.0000
  0
SEQEND
  8
0
  0
POLYLINE
  8
21
 66
1
 10
0.0000
 20
0.0000
 30
0.0000
 40
0.0381
 41
0.0381
 70
0
  0
VERTEX
  8
21
 10
113.7810
 20
80.5871
 30
0.0000
 42
1.0000
  0
VERTEX
  8
21
 10
113.7810
 20
80.5491
 30
0.0000
  0
SEQEND
  8
0
  0
POLYLINE
  8
21
 66
1
 10
0.0000
 20
0.0000
 30
0.0000
 40
0.0381
 41
0.0381
 70
0
  0
VERTEX
  8
21
 10
113.9898
 20
80.5491
 30
0.0000
 42
1.0000
  0
VERTEX
  8
21
 10
113.9898
 20
80.5871
 30
0.0000
  0
SEQEND
  8
0
  0
POLYLINE
  8
21
 66
1
 10
0.0000
 20
0.0000
 30
0.0000
 40
0.0762
 41
0.0762
 70
0
  0
VERTEX
  8
21
 10
113.5721
 20
80.7769
 30
0.0000
 42
0.4142
  0
VERTEX
  8
21
 10
113.7810
 20
80.5681
 30
0.0000
  0
SEQEND
  8
0
  0
POLYLINE
  8
21
 66
1
 10
0.0000
 20
0.0000
 30
0.0000
 40
0.0381
 41
0.0381
 70
0
  0
VERTEX
  8
21
 10
113.5912
 20
80.7769
 30
0.0000
 42
1.0000
  0
VERTEX
  8
21
 10
113.5531
 20
80.7769
 30
0.0000
  0
SEQEND
  8
0
  0
POLYLINE
  8
21
 66
1
 10
0.0000
 20
0.0000
 30
0.0000
 40
0.0381
 41
0.0381
 70
0
  0
VERTEX
  8
21
 10
113.7810
 20
80.5491
 30
0.0000
 42
1.0000
  0
VERTEX
  8
21
 10
113.7810
 20
80.5871
 30
0.0000
  0
SEQEND
  8
0
  0
POLYLINE
  8
21
 66
1
 10
0.0000
 20
0.0000
 30
0.0000
 40
0.0762
 41
0.0762
 70
0
  0
VERTEX
  8
21
 10
113.5721
 20
80.7769
 30
0.0000
  0
VERTEX
  8
21
 10
113.5721
 20
81.2991
 30
0.0000
  0
SEQEND
  8
0
  0
POLYLINE
  8
21
 66
1
 10
0.0000
 20
0.0000
 30
0.0000
 40
0.0381
 41
0.0381
 70
0
  0
VERTEX
  8
21
 10
113.5912
 20
81.2991
 30
0.0000
 42
1.0000
  0
VERTEX
  8
21
 10
113.5531
 20
81.2991
 30
0.0000
  0
SEQEND
  8
0
  0
POLYLINE
  8
21
 66
1
 10
0.0000
 20
0.0000
 30
0.0000
 40
0.0381
 41
0.0381
 70
0
  0
VERTEX
  8
21
 10
113.5531
 20
80.7769
 30
0.0000
 42
1.0000
  0
VERTEX
  8
21
 10
113.5912
 20
80.7769
 30
0.0000
  0
SEQEND
  8
0
  0
POLYLINE
  8
21
 66
1
 10
0.0000
 20
0.0000
 30
0.0000
 40
0.0762
 41
0.0762
 70
0
  0
VERTEX
  8
21
 10
113.7810
 20
81.5079
 30
0.0000
 42
0.4142
  0
VERTEX
  8
21
 10
113.5721
 20
81.2991
 30
0.0000
  0
SEQEND
  8
0
  0
POLYLINE
  8
21
 66
1
 10
0.0000
 20
0.0000
 30
0.0000
 40
0.0381
 41
0.0381
 70
0
  0
VERTEX
  8
21
 10
113.7810
 20
81.4889
 30
0.0000
 42
1.0000
  0
VERTEX
  8
21
 10
113.7810
 20
81.5269
 30
0.0000
  0
SEQEND
  8
0
  0
POLYLINE
  8
21
 66
1
 10
0.0000
 20
0.0000
 30
0.0000
 40
0.0381
 41
0.0381
 70
0
  0
VERTEX
  8
21
 10
113.5531
 20
81.2991
 30
0.0000
 42
1.0000
  0
VERTEX
  8
21
 10
113.5912
 20
81.2991
 30
0.0000
  0
SEQEND
  8
0
  0
POLYLINE
  8
21
 66
1
 10
0.0000
 20
0.0000
 30
0.0000
 40
0.0762
 41
0.0762
 70
0
  0
VERTEX
  8
21
 10
113.7810
 20
81.5079
 30
0.0000
  0
VERTEX
  8
21
 10
113.9898
 20
81.5079
 30
0.0000
  0
SEQEND
  8
0
  0
POLYLINE
  8
21
 66
1
 10
0.0000
 20
0.0000
 30
0.0000
 40
0.0381
 41
0.0381
 70
0
  0
VERTEX
  8
21
 10
113.9898
 20
81.4889
 30
0.0000
 42
1.0000
  0
VERTEX
  8
21
 10
113.9898
 20
81.5269
 30
0.0000
  0
SEQEND
  8
0
  0
POLYLINE
  8
21
 66
1
 10
0.0000
 20
0.0000
 30
0.0000
 40
0.0381
 41
0.0381
 70
0
  0
VERTEX
  8
21
 10
113.7810
 20
81.5269
 30
0.0000
 42
1.0000
  0
VERTEX
  8
21
 10
113.7810
 20
81.4889
 30
0.0000
  0
SEQEND
  8
0
  0
POLYLINE
  8
21
 66
1
 10
0.0000
 20
0.0000
 30
0.0000
 40
0.0762
 41
0.0762
 70
0
  0
VERTEX
  8
21
 10
114.7518
 20
80.5681
 30
0.0000
  0
VERTEX
  8
21
 10
114.5430
 20
80.5681
 30
0.0000
  0
SEQEND
  8
0
  0
POLYLINE
  8
21
 66
1
 10
0.0000
 20
0.0000
 30
0.0000
 40
0.0381
 41
0.0381
 70
0
  0
VERTEX
  8
21
 10
114.5430
 20
80.5871
 30
0.0000
 42
1.0000
  0
VERTEX
  8
21
 10
114.5430
 20
80.5491
 30
0.0000
  0
SEQEND
  8
0
  0
POLYLINE
  8
21
 66
1
 10
0.0000
 20
0.0000
 30
0.0000
 40
0.0381
 41
0.0381
 70
0
  0
VERTEX
  8
21
 10
114.7518
 20
80.5491
 30
0.0000
 42
1.0000
  0
VERTEX
  8
21
 10
114.7518
 20
80.5871
 30
0.0000
  0
SEQEND
  8
0
  0
POLYLINE
  8
21
 66
1
 10
0.0000
 20
0.0000
 30
0.0000
 40
0.0762
 41
0.0762
 70
0
  0
VERTEX
  8
21
 10
114.3341
 20
80.7769
 30
0.0000
 42
0.4142
  0
VERTEX
  8
21
 10
114.5430
 20
80.5681
 30
0.0000
  0
SEQEND
  8
0
  0
POLYLINE
  8
21
 66
1
 10
0.0000
 20
0.0000
 30
0.0000
 40
0.0381
 41
0.0381
 70
0
  0
VERTEX
  8
21
 10
114.3532
 20
80.7769
 30
0.0000
 42
1.0000
  0
VERTEX
  8
21
 10
114.3151
 20
80.7769
 30
0.0000
  0
SEQEND
  8
0
  0
POLYLINE
  8
21
 66
1
 10
0.0000
 20
0.0000
 30
0.0000
 40
0.0381
 41
0.0381
 70
0
  0
VERTEX
  8
21
 10
114.5430
 20
80.5491
 30
0.0000
 42
1.0000
  0
VERTEX
  8
21
 10
114.5430
 20
80.5871
 30
0.0000
  0
SEQEND
  8
0
  0
POLYLINE
  8
21
 66
1
 10
0.0000
 20
0.0000
 30
0.0000
 40
0.0762
 41
0.0762
 70
0
  0
VERTEX
  8
21
 10
114.3341
 20
80.7769
 30
0.0000
  0
VERTEX
  8
21
 10
114.3341
 20
81.2991
 30
0.0000
  0
SEQEND
  8
0
  0
POLYLINE
  8
21
 66
1
 10
0.0000
 20
0.0000
 30
0.0000
 40
0.0381
 41
0.0381
 70
0
  0
VERTEX
  8
21
 10
114.3532
 20
81.2991
 30
0.0000
 42
1.0000
  0
VERTEX
  8
21
 10
114.3151
 20
81.2991
 30
0.0000
  0
SEQEND
  8
0
  0
POLYLINE
  8
21
 66
1
 10
0.0000
 20
0.0000
 30
0.0000
 40
0.0381
 41
0.0381
 70
0
  0
VERTEX
  8
21
 10
114.3151
 20
80.7769
 30
0.0000
 42
1.0000
  0
VERTEX
  8
21
 10
114.3532
 20
80.7769
 30
0.0000
  0
SEQEND
  8
0
  0
POLYLINE
  8
21
 66
1
 10
0.0000
 20
0.0000
 30
0.0000
 40
0.0762
 41
0.0762
 70
0
  0
VERTEX
  8
21
 10
114.5430
 20
81.5079
 30
0.0000
 42
0.4142
  0
VERTEX
  8
21
 10
114.3341
 20
81.2991
 30
0.0000
  0
SEQEND
  8
0
  0
POLYLINE
  8
21
 66
1
 10
0.0000
 20
0.0000
 30
0.0000
 40
0.0381
 41
0.0381
 70
0
  0
VERTEX
  8
21
 10
114.5430
 20
81.4889
 30
0.0000
 42
1.0000
  0
VERTEX
  8
21
 10
114.5430
 20
81.5269
 30
0.0000
  0
SEQEND
  8
0
  0
POLYLINE
  8
21
 66
1
 10
0.0000
 20
0.0000
 30
0.0000
 40
0.0381
 41
0.0381
 70
0
  0
VERTEX
  8
21
 10
114.3151
 20
81.2991
 30
0.0000
 42
1.0000
  0
VERTEX
  8
21
 10
114.3532
 20
81.2991
 30
0.0000
  0
SEQEND
  8
0
  0
POLYLINE
  8
21
 66
1
 10
0.0000
 20
0.0000
 30
0.0000
 40
0.0762
 41
0.0762
 70
0
  0
VERTEX
  8
21
 10
114.5430
 20
81.5079
 30
0.0000
  0
VERTEX
  8
21
 10
114.7518
 20
81.5079
 30
0.0000
  0
SEQEND
  8
0
  0
POLYLINE
  8
21
 66
1
 10
0.0000
 20
0.0000
 30
0.0000
 40
0.0381
 41
0.0381
 70
0
  0
VERTEX
  8
21
 10
114.7518
 20
81.4889
 30
0.0000
 42
1.0000
  0
VERTEX
  8
21
 10
114.7518
 20
81.5269
 30
0.0000
  0
SEQEND
  8
0
  0
POLYLINE
  8
21
 66
1
 10
0.0000
 20
0.0000
 30
0.0000
 40
0.0381
 41
0.0381
 70
0
  0
VERTEX
  8
21
 10
114.5430
 20
81.5269
 30
0.0000
 42
1.0000
  0
VERTEX
  8
21
 10
114.5430
 20
81.4889
 30
0.0000
  0
SEQEND
  8
0
  0
POLYLINE
  8
21
 66
1
 10
0.0000
 20
0.0000
 30
0.0000
 40
0.0762
 41
0.0762
 70
0
  0
VERTEX
  8
21
 10
100.6036
 20
81.3102
 30
0.0000
  0
VERTEX
  8
21
 10
100.7602
 20
81.3102
 30
0.0000
  0
SEQEND
  8
0
  0
POLYLINE
  8
21
 66
1
 10
0.0000
 20
0.0000
 30
0.0000
 40
0.0381
 41
0.0381
 70
0
  0
VERTEX
  8
21
 10
100.7602
 20
81.2912
 30
0.0000
 42
1.0000
  0
VERTEX
  8
21
 10
100.7602
 20
81.3293
 30
0.0000
  0
SEQEND
  8
0
  0
POLYLINE
  8
21
 66
1
 10
0.0000
 20
0.0000
 30
0.0000
 40
0.0381
 41
0.0381
 70
0
  0
VERTEX
  8
21
 10
100.6036
 20
81.3293
 30
0.0000
 42
1.0000
  0
VERTEX
  8
21
 10
100.6036
 20
81.2912
 30
0.0000
  0
SEQEND
  8
0
  0
POLYLINE
  8
21
 66
1
 10
0.0000
 20
0.0000
 30
0.0000
 40
0.0762
 41
0.0762
 70
0
  0
VERTEX
  8
21
 10
100.7602
 20
81.3102
 30
0.0000
  0
VERTEX
  8
21
 10
100.7602
 20
80.7881
 30
0.0000
  0
SEQEND
  8
0
  0
POLYLINE
  8
21
 66
1
 10
0.0000
 20
0.0000
 30
0.0000
 40
0.0381
 41
0.0381
 70
0
  0
VERTEX
  8
21
 10
100.7412
 20
80.7881
 30
0.0000
 42
1.0000
  0
VERTEX
  8
21
 10
100.7793
 20
80.7881
 30
0.0000
  0
SEQEND
  8
0
  0
POLYLINE
  8
21
 66
1
 10
0.0000
 20
0.0000
 30
0.0000
 40
0.0381
 41
0.0381
 70
0
  0
VERTEX
  8
21
 10
100.7793
 20
81.3102
 30
0.0000
 42
1.0000
  0
VERTEX
  8
21
 10
100.7412
 20
81.3102
 30
0.0000
  0
SEQEND
  8
0
  0
POLYLINE
  8
21
 66
1
 10
0.0000
 20
0.0000
 30
0.0000
 40
0.0762
 41
0.0762
 70
0
  0
VERTEX
  8
21
 10
100.7602
 20
80.7881
 30
0.0000
  0
VERTEX
  8
21
 10
100.4469
 20
80.7881
 30
0.0000
  0
SEQEND
  8
0
  0
POLYLINE
  8
21
 66
1
 10
0.0000
 20
0.0000
 30
0.0000
 40
0.0381
 41
0.0381
 70
0
  0
VERTEX
  8
21
 10
100.4469
 20
80.8071
 30
0.0000
 42
1.0000
  0
VERTEX
  8
21
 10
100.4469
 20
80.7691
 30
0.0000
  0
SEQEND
  8
0
  0
POLYLINE
  8
21
 66
1
 10
0.0000
 20
0.0000
 30
0.0000
 40
0.0381
 41
0.0381
 70
0
  0
VERTEX
  8
21
 10
100.7602
 20
80.7691
 30
0.0000
 42
1.0000
  0
VERTEX
  8
21
 10
100.7602
 20
80.8071
 30
0.0000
  0
SEQEND
  8
0
  0
POLYLINE
  8
21
 66
1
 10
0.0000
 20
0.0000
 30
0.0000
 40
0.0762
 41
0.0762
 70
0
  0
VERTEX
  8
21
 10
100.2381
 20
80.9969
 30
0.0000
 42
0.4142
  0
VERTEX
  8
21
 10
100.4469
 20
80.7881
 30
0.0000
  0
SEQEND
  8
0
  0
POLYLINE
  8
21
 66
1
 10
0.0000
 20
0.0000
 30
0.0000
 40
0.0381
 41
0.0381
 70
0
  0
VERTEX
  8
21
 10
100.2571
 20
80.9969
 30
0.0000
 42
1.0000
  0
VERTEX
  8
21
 10
100.2191
 20
80.9969
 30
0.0000
  0
SEQEND
  8
0
  0
POLYLINE
  8
21
 66
1
 10
0.0000
 20
0.0000
 30
0.0000
 40
0.0381
 41
0.0381
 70
0
  0
VERTEX
  8
21
 10
100.4469
 20
80.7691
 30
0.0000
 42
1.0000
  0
VERTEX
  8
21
 10
100.4469
 20
80.8071
 30
0.0000
  0
SEQEND
  8
0
  0
POLYLINE
  8
21
 66
1
 10
0.0000
 20
0.0000
 30
0.0000
 40
0.0762
 41
0.0762
 70
0
  0
VERTEX
  8
21
 10
100.2381
 20
80.9969
 30
0.0000
  0
VERTEX
  8
21
 10
100.2381
 20
81.5191
 30
0.0000
  0
SEQEND
  8
0
  0
POLYLINE
  8
21
 66
1
 10
0.0000
 20
0.0000
 30
0.0000
 40
0.0381
 41
0.0381
 70
0
  0
VERTEX
  8
21
 10
100.2571
 20
81.5191
 30
0.0000
 42
1.0000
  0
VERTEX
  8
21
 10
100.2191
 20
81.5191
 30
0.0000
  0
SEQEND
  8
0
  0
POLYLINE
  8
21
 66
1
 10
0.0000
 20
0.0000
 30
0.0000
 40
0.0381
 41
0.0381
 70
0
  0
VERTEX
  8
21
 10
100.2191
 20
80.9969
 30
0.0000
 42
1.0000
  0
VERTEX
  8
21
 10
100.2571
 20
80.9969
 30
0.0000
  0
SEQEND
  8
0
  0
POLYLINE
  8
21
 66
1
 10
0.0000
 20
0.0000
 30
0.0000
 40
0.0762
 41
0.0762
 70
0
  0
VERTEX
  8
21
 10
100.4469
 20
81.7279
 30
0.0000
 42
0.4142
  0
VERTEX
  8
21
 10
100.2381
 20
81.5191
 30
0.0000
  0
SEQEND
  8
0
  0
POLYLINE
  8
21
 66
1
 10
0.0000
 20
0.0000
 30
0.0000
 40
0.0381
 41
0.0381
 70
0
  0
VERTEX
  8
21
 10
100.4469
 20
81.7089
 30
0.0000
 42
1.0000
  0
VERTEX
  8
21
 10
100.4469
 20
81.7469
 30
0.0000
  0
SEQEND
  8
0
  0
POLYLINE
  8
21
 66
1
 10
0.0000
 20
0.0000
 30
0.0000
 40
0.0381
 41
0.0381
 70
0
  0
VERTEX
  8
21
 10
100.2191
 20
81.5191
 30
0.0000
 42
1.0000
  0
VERTEX
  8
21
 10
100.2571
 20
81.5191
 30
0.0000
  0
SEQEND
  8
0
  0
POLYLINE
  8
21
 66
1
 10
0.0000
 20
0.0000
 30
0.0000
 40
0.0762
 41
0.0762
 70
0
  0
VERTEX
  8
21
 10
100.4469
 20
81.7279
 30
0.0000
  0
VERTEX
  8
21
 10
100.7602
 20
81.7279
 30
0.0000
  0
SEQEND
  8
0
  0
POLYLINE
  8
21
 66
1
 10
0.0000
 20
0.0000
 30
0.0000
 40
0.0381
 41
0.0381
 70
0
  0
VERTEX
  8
21
 10
100.7602
 20
81.7089
 30
0.0000
 42
1.0000
  0
VERTEX
  8
21
 10
100.7602
 20
81.7469
 30
0.0000
  0
SEQEND
  8
0
  0
POLYLINE
  8
21
 66
1
 10
0.0000
 20
0.0000
 30
0.0000
 40
0.0381
 41
0.0381
 70
0
  0
VERTEX
  8
21
 10
100.4469
 20
81.7469
 30
0.0000
 42
1.0000
  0
VERTEX
  8
21
 10
100.4469
 20
81.7089
 30
0.0000
  0
SEQEND
  8
0
  0
POLYLINE
  8
21
 66
1
 10
0.0000
 20
0.0000
 30
0.0000
 40
0.0762
 41
0.0762
 70
0
  0
VERTEX
  8
21
 10
101.2135
 20
80.7881
 30
0.0000
  0
VERTEX
  8
21
 10
101.2135
 20
81.7279
 30
0.0000
  0
SEQEND
  8
0
  0
POLYLINE
  8
21
 66
1
 10
0.0000
 20
0.0000
 30
0.0000
 40
0.0381
 41
0.0381
 70
0
  0
VERTEX
  8
21
 10
101.2325
 20
81.7279
 30
0.0000
 42
1.0000
  0
VERTEX
  8
21
 10
101.1944
 20
81.7279
 30
0.0000
  0
SEQEND
  8
0
  0
POLYLINE
  8
21
 66
1
 10
0.0000
 20
0.0000
 30
0.0000
 40
0.0381
 41
0.0381
 70
0
  0
VERTEX
  8
21
 10
101.1944
 20
80.7881
 30
0.0000
 42
1.0000
  0
VERTEX
  8
21
 10
101.2325
 20
80.7881
 30
0.0000
  0
SEQEND
  8
0
  0
POLYLINE
  8
21
 66
1
 10
0.0000
 20
0.0000
 30
0.0000
 40
0.0762
 41
0.0762
 70
0
  0
VERTEX
  8
21
 10
101.2135
 20
81.7279
 30
0.0000
  0
VERTEX
  8
21
 10
101.7356
 20
80.7881
 30
0.0000
  0
SEQEND
  8
0
  0
POLYLINE
  8
21
 66
1
 10
0.0000
 20
0.0000
 30
0.0000
 40
0.0381
 41
0.0381
 70
0
  0
VERTEX
  8
21
 10
101.7189
 20
80.7788
 30
0.0000
 42
1.0000
  0
VERTEX
  8
21
 10
101.7522
 20
80.7974
 30
0.0000
  0
SEQEND
  8
0
  0
POLYLINE
  8
21
 66
1
 10
0.0000
 20
0.0000
 30
0.0000
 40
0.0381
 41
0.0381
 70
0
  0
VERTEX
  8
21
 10
101.2301
 20
81.7372
 30
0.0000
 42
1.0000
  0
VERTEX
  8
21
 10
101.1968
 20
81.7186
 30
0.0000
  0
SEQEND
  8
0
  0
POLYLINE
  8
21
 66
1
 10
0.0000
 20
0.0000
 30
0.0000
 40
0.0762
 41
0.0762
 70
0
  0
VERTEX
  8
21
 10
101.7356
 20
80.7881
 30
0.0000
  0
VERTEX
  8
21
 10
101.7356
 20
81.7279
 30
0.0000
  0
SEQEND
  8
0
  0
POLYLINE
  8
21
 66
1
 10
0.0000
 20
0.0000
 30
0.0000
 40
0.0381
 41
0.0381
 70
0
  0
VERTEX
  8
21
 10
101.7546
 20
81.7279
 30
0.0000
 42
1.0000
  0
VERTEX
  8
21
 10
101.7165
 20
81.7279
 30
0.0000
  0
SEQEND
  8
0
  0
POLYLINE
  8
21
 66
1
 10
0.0000
 20
0.0000
 30
0.0000
 40
0.0381
 41
0.0381
 70
0
  0
VERTEX
  8
21
 10
101.7165
 20
80.7881
 30
0.0000
 42
1.0000
  0
VERTEX
  8
21
 10
101.7546
 20
80.7881
 30
0.0000
  0
SEQEND
  8
0
  0
POLYLINE
  8
21
 66
1
 10
0.0000
 20
0.0000
 30
0.0000
 40
0.0762
 41
0.0762
 70
0
  0
VERTEX
  8
21
 10
102.1888
 20
80.7881
 30
0.0000
  0
VERTEX
  8
21
 10
102.1888
 20
81.7279
 30
0.0000
  0
SEQEND
  8
0
  0
POLYLINE
  8
21
 66
1
 10
0.0000
 20
0.0000
 30
0.0000
 40
0.0381
 41
0.0381
 70
0
  0
VERTEX
  8
21
 10
102.2079
 20
81.7279
 30
0.0000
 42
1.0000
  0
VERTEX
  8
21
 10
102.1698
 20
81.7279
 30
0.0000
  0
SEQEND
  8
0
  0
POLYLINE
  8
21
 66
1
 10
0.0000
 20
0.0000
 30
0.0000
 40
0.0381
 41
0.0381
 70
0
  0
VERTEX
  8
21
 10
102.1698
 20
80.7881
 30
0.0000
 42
1.0000
  0
VERTEX
  8
21
 10
102.2079
 20
80.7881
 30
0.0000
  0
SEQEND
  8
0
  0
POLYLINE
  8
21
 66
1
 10
0.0000
 20
0.0000
 30
0.0000
 40
0.0762
 41
0.0762
 70
0
  0
VERTEX
  8
21
 10
102.1888
 20
81.7279
 30
0.0000
  0
VERTEX
  8
21
 10
102.4499
 20
81.7279
 30
0.0000
  0
SEQEND
  8
0
  0
POLYLINE
  8
21
 66
1
 10
0.0000
 20
0.0000
 30
0.0000
 40
0.0381
 41
0.0381
 70
0
  0
VERTEX
  8
21
 10
102.4499
 20
81.7089
 30
0.0000
 42
1.0000
  0
VERTEX
  8
21
 10
102.4499
 20
81.7469
 30
0.0000
  0
SEQEND
  8
0
  0
POLYLINE
  8
21
 66
1
 10
0.0000
 20
0.0000
 30
0.0000
 40
0.0381
 41
0.0381
 70
0
  0
VERTEX
  8
21
 10
102.1888
 20
81.7469
 30
0.0000
 42
1.0000
  0
VERTEX
  8
21
 10
102.1888
 20
81.7089
 30
0.0000
  0
SEQEND
  8
0
  0
POLYLINE
  8
21
 66
1
 10
0.0000
 20
0.0000
 30
0.0000
 40
0.0762
 41
0.0762
 70
0
  0
VERTEX
  8
21
 10
102.7109
 20
81.4668
 30
0.0000
 42
0.4142
  0
VERTEX
  8
21
 10
102.4499
 20
81.7279
 30
0.0000
  0
SEQEND
  8
0
  0
POLYLINE
  8
21
 66
1
 10
0.0000
 20
0.0000
 30
0.0000
 40
0.0381
 41
0.0381
 70
0
  0
VERTEX
  8
21
 10
102.6919
 20
81.4668
 30
0.0000
 42
1.0000
  0
VERTEX
  8
21
 10
102.7300
 20
81.4668
 30
0.0000
  0
SEQEND
  8
0
  0
POLYLINE
  8
21
 66
1
 10
0.0000
 20
0.0000
 30
0.0000
 40
0.0381
 41
0.0381
 70
0
  0
VERTEX
  8
21
 10
102.4499
 20
81.7469
 30
0.0000
 42
1.0000
  0
VERTEX
  8
21
 10
102.4499
 20
81.7089
 30
0.0000
  0
SEQEND
  8
0
  0
POLYLINE
  8
21
 66
1
 10
0.0000
 20
0.0000
 30
0.0000
 40
0.0762
 41
0.0762
 70
0
  0
VERTEX
  8
21
 10
102.7109
 20
81.4668
 30
0.0000
  0
VERTEX
  8
21
 10
102.7109
 20
81.0492
 30
0.0000
  0
SEQEND
  8
0
  0
POLYLINE
  8
21
 66
1
 10
0.0000
 20
0.0000
 30
0.0000
 40
0.0381
 41
0.0381
 70
0
  0
VERTEX
  8
21
 10
102.6919
 20
81.0492
 30
0.0000
 42
1.0000
  0
VERTEX
  8
21
 10
102.7300
 20
81.0492
 30
0.0000
  0
SEQEND
  8
0
  0
POLYLINE
  8
21
 66
1
 10
0.0000
 20
0.0000
 30
0.0000
 40
0.0381
 41
0.0381
 70
0
  0
VERTEX
  8
21
 10
102.7300
 20
81.4668
 30
0.0000
 42
1.0000
  0
VERTEX
  8
21
 10
102.6919
 20
81.4668
 30
0.0000
  0
SEQEND
  8
0
  0
POLYLINE
  8
21
 66
1
 10
0.0000
 20
0.0000
 30
0.0000
 40
0.0762
 41
0.0762
 70
0
  0
VERTEX
  8
21
 10
102.4499
 20
80.7881
 30
0.0000
 42
0.4142
  0
VERTEX
  8
21
 10
102.7109
 20
81.0492
 30
0.0000
  0
SEQEND
  8
0
  0
POLYLINE
  8
21
 66
1
 10
0.0000
 20
0.0000
 30
0.0000
 40
0.0381
 41
0.0381
 70
0
  0
VERTEX
  8
21
 10
102.4499
 20
80.8071
 30
0.0000
 42
1.0000
  0
VERTEX
  8
21
 10
102.4499
 20
80.7691
 30
0.0000
  0
SEQEND
  8
0
  0
POLYLINE
  8
21
 66
1
 10
0.0000
 20
0.0000
 30
0.0000
 40
0.0381
 41
0.0381
 70
0
  0
VERTEX
  8
21
 10
102.7300
 20
81.0492
 30
0.0000
 42
1.0000
  0
VERTEX
  8
21
 10
102.6919
 20
81.0492
 30
0.0000
  0
SEQEND
  8
0
  0
POLYLINE
  8
21
 66
1
 10
0.0000
 20
0.0000
 30
0.0000
 40
0.0762
 41
0.0762
 70
0
  0
VERTEX
  8
21
 10
102.4499
 20
80.7881
 30
0.0000
  0
VERTEX
  8
21
 10
102.1888
 20
80.7881
 30
0.0000
  0
SEQEND
  8
0
  0
POLYLINE
  8
21
 66
1
 10
0.0000
 20
0.0000
 30
0.0000
 40
0.0381
 41
0.0381
 70
0
  0
VERTEX
  8
21
 10
102.1888
 20
80.8071
 30
0.0000
 42
1.0000
  0
VERTEX
  8
21
 10
102.1888
 20
80.7691
 30
0.0000
  0
SEQEND
  8
0
  0
POLYLINE
  8
21
 66
1
 10
0.0000
 20
0.0000
 30
0.0000
 40
0.0381
 41
0.0381
 70
0
  0
VERTEX
  8
21
 10
102.4499
 20
80.7691
 30
0.0000
 42
1.0000
  0
VERTEX
  8
21
 10
102.4499
 20
80.8071
 30
0.0000
  0
SEQEND
  8
0
  0
POLYLINE
  8
21
 66
1
 10
0.0000
 20
0.0000
 30
0.0000
 40
0.0762
 41
0.0762
 70
0
  0
VERTEX
  8
21
 10
97.8817
 20
91.4435
 30
0.0000
 42
0.4142
  0
VERTEX
  8
21
 10
98.0454
 20
91.2798
 30
0.0000
  0
SEQEND
  8
0
  0
POLYLINE
  8
21
 66
1
 10
0.0000
 20
0.0000
 30
0.0000
 40
0.0381
 41
0.0381
 70
0
  0
VERTEX
  8
21
 10
97.9007
 20
91.4435
 30
0.0000
 42
1.0000
  0
VERTEX
  8
21
 10
97.8627
 20
91.4435
 30
0.0000
  0
SEQEND
  8
0
  0
POLYLINE
  8
21
 66
1
 10
0.0000
 20
0.0000
 30
0.0000
 40
0.0381
 41
0.0381
 70
0
  0
VERTEX
  8
21
 10
98.0454
 20
91.2607
 30
0.0000
 42
1.0000
  0
VERTEX
  8
21
 10
98.0454
 20
91.2988
 30
0.0000
  0
SEQEND
  8
0
  0
POLYLINE
  8
21
 66
1
 10
0.0000
 20
0.0000
 30
0.0000
 40
0.0762
 41
0.0762
 70
0
  0
VERTEX
  8
21
 10
97.9840
 20
91.6890
 30
0.0000
 42
0.2000
  0
VERTEX
  8
21
 10
97.8817
 20
91.4435
 30
0.0000
  0
SEQEND
  8
0
  0
POLYLINE
  8
21
 66
1
 10
0.0000
 20
0.0000
 30
0.0000
 40
0.0381
 41
0.0381
 70
0
  0
VERTEX
  8
21
 10
97.9974
 20
91.6755
 30
0.0000
 42
1.0000
  0
VERTEX
  8
21
 10
97.9706
 20
91.7025
 30
0.0000
  0
SEQEND
  8
0
  0
POLYLINE
  8
21
 66
1
 10
0.0000
 20
0.0000
 30
0.0000
 40
0.0381
 41
0.0381
 70
0
  0
VERTEX
  8
21
 10
97.8627
 20
91.4435
 30
0.0000
 42
1.0000
  0
VERTEX
  8
21
 10
97.9007
 20
91.4435
 30
0.0000
  0
SEQEND
  8
0
  0
POLYLINE
  8
21
 66
1
 10
0.0000
 20
0.0000
 30
0.0000
 40
0.0762
 41
0.0762
 70
0
  0
VERTEX
  8
21
 10
98.6183
 20
91.5049
 30
0.0000
 42
0.4142
  0
VERTEX
  8
21
 10
98.4546
 20
91.6686
 30
0.0000
  0
SEQEND
  8
0
  0
POLYLINE
  8
21
 66
1
 10
0.0000
 20
0.0000
 30
0.0000
 40
0.0381
 41
0.0381
 70
0
  0
VERTEX
  8
21
 10
98.5993
 20
91.5049
 30
0.0000
 42
1.0000
  0
VERTEX
  8
21
 10
98.6373
 20
91.5049
 30
0.0000
  0
SEQEND
  8
0
  0
POLYLINE
  8
21
 66
1
 10
0.0000
 20
0.0000
 30
0.0000
 40
0.0381
 41
0.0381
 70
0
  0
VERTEX
  8
21
 10
98.4546
 20
91.6876
 30
0.0000
 42
1.0000
  0
VERTEX
  8
21
 10
98.4546
 20
91.6495
 30
0.0000
  0
SEQEND
  8
0
  0
POLYLINE
  8
21
 66
1
 10
0.0000
 20
0.0000
 30
0.0000
 40
0.0762
 41
0.0762
 70
0
  0
VERTEX
  8
21
 10
98.5569
 20
91.3207
 30
0.0000
 42
0.1623
  0
VERTEX
  8
21
 10
98.6183
 20
91.5049
 30
0.0000
  0
SEQEND
  8
0
  0
POLYLINE
  8
21
 66
1
 10
0.0000
 20
0.0000
 30
0.0000
 40
0.0381
 41
0.0381
 70
0
  0
VERTEX
  8
21
 10
98.5417
 20
91.3321
 30
0.0000
 42
1.0000
  0
VERTEX
  8
21
 10
98.5722
 20
91.3093
 30
0.0000
  0
SEQEND
  8
0
  0
POLYLINE
  8
21
 66
1
 10
0.0000
 20
0.0000
 30
0.0000
 40
0.0381
 41
0.0381
 70
0
  0
VERTEX
  8
21
 10
98.6373
 20
91.5049
 30
0.0000
 42
1.0000
  0
VERTEX
  8
21
 10
98.5993
 20
91.5049
 30
0.0000
  0
SEQEND
  8
0
  0
POLYLINE
  8
21
 66
1
 10
0.0000
 20
0.0000
 30
0.0000
 40
0.0762
 41
0.0762
 70
0
  0
VERTEX
  8
21
 10
98.4546
 20
91.6686
 30
0.0000
 42
0.2656
  0
VERTEX
  8
21
 10
98.3114
 20
91.5867
 30
0.0000
  0
SEQEND
  8
0
  0
POLYLINE
  8
21
 66
1
 10
0.0000
 20
0.0000
 30
0.0000
 40
0.0381
 41
0.0381
 70
0
  0
VERTEX
  8
21
 10
98.4546
 20
91.6495
 30
0.0000
 42
1.0000
  0
VERTEX
  8
21
 10
98.4546
 20
91.6876
 30
0.0000
  0
SEQEND
  8
0
  0
POLYLINE
  8
21
 66
1
 10
0.0000
 20
0.0000
 30
0.0000
 40
0.0381
 41
0.0381
 70
0
  0
VERTEX
  8
21
 10
98.2950
 20
91.5964
 30
0.0000
 42
1.0000
  0
VERTEX
  8
21
 10
98.3278
 20
91.5770
 30
0.0000
  0
SEQEND
  8
0
  0
POLYLINE
  8
21
 66
1
 10
0.0000
 20
0.0000
 30
0.0000
 40
0.0762
 41
0.0762
 70
0
  0
VERTEX
  8
21
 10
98.0454
 20
91.2798
 30
0.0000
 42
0.2656
  0
VERTEX
  8
21
 10
98.1886
 20
91.3616
 30
0.0000
  0
SEQEND
  8
0
  0
POLYLINE
  8
21
 66
1
 10
0.0000
 20
0.0000
 30
0.0000
 40
0.0381
 41
0.0381
 70
0
  0
VERTEX
  8
21
 10
98.0454
 20
91.2988
 30
0.0000
 42
1.0000
  0
VERTEX
  8
21
 10
98.0454
 20
91.2607
 30
0.0000
  0
SEQEND
  8
0
  0
POLYLINE
  8
21
 66
1
 10
0.0000
 20
0.0000
 30
0.0000
 40
0.0381
 41
0.0381
 70
0
  0
VERTEX
  8
21
 10
98.2050
 20
91.3520
 30
0.0000
 42
1.0000
  0
VERTEX
  8
21
 10
98.1722
 20
91.3713
 30
0.0000
  0
SEQEND
  8
0
  0
POLYLINE
  8
21
 66
1
 10
0.0000
 20
0.0000
 30
0.0000
 40
0.0762
 41
0.0762
 70
0
  0
VERTEX
  8
21
 10
98.1886
 20
91.3616
 30
0.0000
  0
VERTEX
  8
21
 10
98.3114
 20
91.5867
 30
0.0000
  0
SEQEND
  8
0
  0
POLYLINE
  8
21
 66
1
 10
0.0000
 20
0.0000
 30
0.0000
 40
0.0381
 41
0.0381
 70
0
  0
VERTEX
  8
21
 10
98.3281
 20
91.5776
 30
0.0000
 42
1.0000
  0
VERTEX
  8
21
 10
98.2947
 20
91.5958
 30
0.0000
  0
SEQEND
  8
0
  0
POLYLINE
  8
21
 66
1
 10
0.0000
 20
0.0000
 30
0.0000
 40
0.0381
 41
0.0381
 70
0
  0
VERTEX
  8
21
 10
98.1719
 20
91.3708
 30
0.0000
 42
1.0000
  0
VERTEX
  8
21
 10
98.2053
 20
91.3525
 30
0.0000
  0
SEQEND
  8
0
  0
POLYLINE
  8
21
 66
1
 10
0.0000
 20
0.0000
 30
0.0000
 40
0.0762
 41
0.0762
 70
0
  0
VERTEX
  8
21
 10
98.0454
 20
90.9897
 30
0.0000
  0
VERTEX
  8
21
 10
98.2091
 20
90.9897
 30
0.0000
  0
SEQEND
  8
0
  0
POLYLINE
  8
21
 66
1
 10
0.0000
 20
0.0000
 30
0.0000
 40
0.0381
 41
0.0381
 70
0
  0
VERTEX
  8
21
 10
98.2091
 20
90.9707
 30
0.0000
 42
1.0000
  0
VERTEX
  8
21
 10
98.2091
 20
91.0088
 30
0.0000
  0
SEQEND
  8
0
  0
POLYLINE
  8
21
 66
1
 10
0.0000
 20
0.0000
 30
0.0000
 40
0.0381
 41
0.0381
 70
0
  0
VERTEX
  8
21
 10
98.0454
 20
91.0088
 30
0.0000
 42
1.0000
  0
VERTEX
  8
21
 10
98.0454
 20
90.9707
 30
0.0000
  0
SEQEND
  8
0
  0
POLYLINE
  8
21
 66
1
 10
0.0000
 20
0.0000
 30
0.0000
 40
0.0762
 41
0.0762
 70
0
  0
VERTEX
  8
21
 10
98.2091
 20
90.6623
 30
0.0000
 42
1.0000
  0
VERTEX
  8
21
 10
98.2091
 20
90.9897
 30
0.0000
  0
SEQEND
  8
0
  0
POLYLINE
  8
21
 66
1
 10
0.0000
 20
0.0000
 30
0.0000
 40
0.0381
 41
0.0381
 70
0
  0
VERTEX
  8
21
 10
98.2091
 20
90.6814
 30
0.0000
 42
1.0000
  0
VERTEX
  8
21
 10
98.2091
 20
90.6433
 30
0.0000
  0
SEQEND
  8
0
  0
POLYLINE
  8
21
 66
1
 10
0.0000
 20
0.0000
 30
0.0000
 40
0.0381
 41
0.0381
 70
0
  0
VERTEX
  8
21
 10
98.2091
 20
91.0088
 30
0.0000
 42
1.0000
  0
VERTEX
  8
21
 10
98.2091
 20
90.9707
 30
0.0000
  0
SEQEND
  8
0
  0
POLYLINE
  8
21
 66
1
 10
0.0000
 20
0.0000
 30
0.0000
 40
0.0762
 41
0.0762
 70
0
  0
VERTEX
  8
21
 10
98.2091
 20
90.6623
 30
0.0000
  0
VERTEX
  8
21
 10
98.0454
 20
90.6623
 30
0.0000
  0
SEQEND
  8
0
  0
POLYLINE
  8
21
 66
1
 10
0.0000
 20
0.0000
 30
0.0000
 40
0.0381
 41
0.0381
 70
0
  0
VERTEX
  8
21
 10
98.0454
 20
90.6814
 30
0.0000
 42
1.0000
  0
VERTEX
  8
21
 10
98.0454
 20
90.6433
 30
0.0000
  0
SEQEND
  8
0
  0
POLYLINE
  8
21
 66
1
 10
0.0000
 20
0.0000
 30
0.0000
 40
0.0381
 41
0.0381
 70
0
  0
VERTEX
  8
21
 10
98.2091
 20
90.6433
 30
0.0000
 42
1.0000
  0
VERTEX
  8
21
 10
98.2091
 20
90.6814
 30
0.0000
  0
SEQEND
  8
0
  0
POLYLINE
  8
21
 66
1
 10
0.0000
 20
0.0000
 30
0.0000
 40
0.0762
 41
0.0762
 70
0
  0
VERTEX
  8
21
 10
98.0454
 20
90.9897
 30
0.0000
 42
1.0000
  0
VERTEX
  8
21
 10
98.0454
 20
90.6623
 30
0.0000
  0
SEQEND
  8
0
  0
POLYLINE
  8
21
 66
1
 10
0.0000
 20
0.0000
 30
0.0000
 40
0.0381
 41
0.0381
 70
0
  0
VERTEX
  8
21
 10
98.0454
 20
90.9707
 30
0.0000
 42
1.0000
  0
VERTEX
  8
21
 10
98.0454
 20
91.0088
 30
0.0000
  0
SEQEND
  8
0
  0
POLYLINE
  8
21
 66
1
 10
0.0000
 20
0.0000
 30
0.0000
 40
0.0381
 41
0.0381
 70
0
  0
VERTEX
  8
21
 10
98.0454
 20
90.6433
 30
0.0000
 42
1.0000
  0
VERTEX
  8
21
 10
98.0454
 20
90.6814
 30
0.0000
  0
SEQEND
  8
0
  0
POLYLINE
  8
21
 66
1
 10
0.0000
 20
0.0000
 30
0.0000
 40
0.0762
 41
0.0762
 70
0
  0
VERTEX
  8
21
 10
97.8817
 20
90.3157
 30
0.0000
  0
VERTEX
  8
21
 10
98.3728
 20
90.3157
 30
0.0000
  0
SEQEND
  8
0
  0
POLYLINE
  8
21
 66
1
 10
0.0000
 20
0.0000
 30
0.0000
 40
0.0381
 41
0.0381
 70
0
  0
VERTEX
  8
21
 10
98.3728
 20
90.2966
 30
0.0000
 42
1.0000
  0
VERTEX
  8
21
 10
98.3728
 20
90.3347
 30
0.0000
  0
SEQEND
  8
0
  0
POLYLINE
  8
21
 66
1
 10
0.0000
 20
0.0000
 30
0.0000
 40
0.0381
 41
0.0381
 70
0
  0
VERTEX
  8
21
 10
97.8817
 20
90.3347
 30
0.0000
 42
1.0000
  0
VERTEX
  8
21
 10
97.8817
 20
90.2966
 30
0.0000
  0
SEQEND
  8
0
  0
POLYLINE
  8
21
 66
1
 10
0.0000
 20
0.0000
 30
0.0000
 40
0.0762
 41
0.0762
 70
0
  0
VERTEX
  8
21
 10
98.3728
 20
90.3157
 30
0.0000
  0
VERTEX
  8
21
 10
98.3728
 20
89.9474
 30
0.0000
  0
SEQEND
  8
0
  0
POLYLINE
  8
21
 66
1
 10
0.0000
 20
0.0000
 30
0.0000
 40
0.0381
 41
0.0381
 70
0
  0
VERTEX
  8
21
 10
98.3537
 20
89.9474
 30
0.0000
 42
1.0000
  0
VERTEX
  8
21
 10
98.3918
 20
89.9474
 30
0.0000
  0
SEQEND
  8
0
  0
POLYLINE
  8
21
 66
1
 10
0.0000
 20
0.0000
 30
0.0000
 40
0.0381
 41
0.0381
 70
0
  0
VERTEX
  8
21
 10
98.3918
 20
90.3157
 30
0.0000
 42
1.0000
  0
VERTEX
  8
21
 10
98.3537
 20
90.3157
 30
0.0000
  0
SEQEND
  8
0
  0
POLYLINE
  8
21
 66
1
 10
0.0000
 20
0.0000
 30
0.0000
 40
0.0762
 41
0.0762
 70
0
  0
VERTEX
  8
21
 10
98.2500
 20
89.8246
 30
0.0000
 42
0.4142
  0
VERTEX
  8
21
 10
98.3728
 20
89.9474
 30
0.0000
  0
SEQEND
  8
0
  0
POLYLINE
  8
21
 66
1
 10
0.0000
 20
0.0000
 30
0.0000
 40
0.0381
 41
0.0381
 70
0
  0
VERTEX
  8
21
 10
98.2500
 20
89.8436
 30
0.0000
 42
1.0000
  0
VERTEX
  8
21
 10
98.2500
 20
89.8055
 30
0.0000
  0
SEQEND
  8
0
  0
POLYLINE
  8
21
 66
1
 10
0.0000
 20
0.0000
 30
0.0000
 40
0.0381
 41
0.0381
 70
0
  0
VERTEX
  8
21
 10
98.3918
 20
89.9474
 30
0.0000
 42
1.0000
  0
VERTEX
  8
21
 10
98.3537
 20
89.9474
 30
0.0000
  0
SEQEND
  8
0
  0
POLYLINE
  8
21
 66
1
 10
0.0000
 20
0.0000
 30
0.0000
 40
0.0762
 41
0.0762
 70
0
  0
VERTEX
  8
21
 10
98.2500
 20
89.8246
 30
0.0000
  0
VERTEX
  8
21
 10
97.8817
 20
89.8246
 30
0.0000
  0
SEQEND
  8
0
  0
POLYLINE
  8
21
 66
1
 10
0.0000
 20
0.0000
 30
0.0000
 40
0.0381
 41
0.0381
 70
0
  0
VERTEX
  8
21
 10
97.8817
 20
89.8436
 30
0.0000
 42
1.0000
  0
VERTEX
  8
21
 10
97.8817
 20
89.8056
 30
0.0000
  0
SEQEND
  8
0
  0
POLYLINE
  8
21
 66
1
 10
0.0000
 20
0.0000
 30
0.0000
 40
0.0381
 41
0.0381
 70
0
  0
VERTEX
  8
21
 10
98.2500
 20
89.8056
 30
0.0000
 42
1.0000
  0
VERTEX
  8
21
 10
98.2500
 20
89.8436
 30
0.0000
  0
SEQEND
  8
0
  0
POLYLINE
  8
21
 66
1
 10
0.0000
 20
0.0000
 30
0.0000
 40
0.0762
 41
0.0762
 70
0
  0
VERTEX
  8
21
 10
97.8817
 20
90.0701
 30
0.0000
  0
VERTEX
  8
21
 10
98.3728
 20
90.0701
 30
0.0000
  0
SEQEND
  8
0
  0
POLYLINE
  8
21
 66
1
 10
0.0000
 20
0.0000
 30
0.0000
 40
0.0381
 41
0.0381
 70
0
  0
VERTEX
  8
21
 10
98.3728
 20
90.0511
 30
0.0000
 42
1.0000
  0
VERTEX
  8
21
 10
98.3728
 20
90.0892
 30
0.0000
  0
SEQEND
  8
0
  0
POLYLINE
  8
21
 66
1
 10
0.0000
 20
0.0000
 30
0.0000
 40
0.0381
 41
0.0381
 70
0
  0
VERTEX
  8
21
 10
97.8817
 20
90.0892
 30
0.0000
 42
1.0000
  0
VERTEX
  8
21
 10
97.8817
 20
90.0511
 30
0.0000
  0
SEQEND
  8
0
  0
POLYLINE
  8
21
 66
1
 10
0.0000
 20
0.0000
 30
0.0000
 40
0.0762
 41
0.0762
 70
0
  0
VERTEX
  8
21
 10
98.0454
 20
89.4779
 30
0.0000
  0
VERTEX
  8
21
 10
98.2091
 20
89.4779
 30
0.0000
  0
SEQEND
  8
0
  0
POLYLINE
  8
21
 66
1
 10
0.0000
 20
0.0000
 30
0.0000
 40
0.0381
 41
0.0381
 70
0
  0
VERTEX
  8
21
 10
98.2091
 20
89.4589
 30
0.0000
 42
1.0000
  0
VERTEX
  8
21
 10
98.2091
 20
89.4970
 30
0.0000
  0
SEQEND
  8
0
  0
POLYLINE
  8
21
 66
1
 10
0.0000
 20
0.0000
 30
0.0000
 40
0.0381
 41
0.0381
 70
0
  0
VERTEX
  8
21
 10
98.0454
 20
89.4970
 30
0.0000
 42
1.0000
  0
VERTEX
  8
21
 10
98.0454
 20
89.4589
 30
0.0000
  0
SEQEND
  8
0
  0
POLYLINE
  8
21
 66
1
 10
0.0000
 20
0.0000
 30
0.0000
 40
0.0762
 41
0.0762
 70
0
  0
VERTEX
  8
21
 10
98.2091
 20
89.1505
 30
0.0000
 42
1.0000
  0
VERTEX
  8
21
 10
98.2091
 20
89.4779
 30
0.0000
  0
SEQEND
  8
0
  0
POLYLINE
  8
21
 66
1
 10
0.0000
 20
0.0000
 30
0.0000
 40
0.0381
 41
0.0381
 70
0
  0
VERTEX
  8
21
 10
98.2091
 20
89.1696
 30
0.0000
 42
1.0000
  0
VERTEX
  8
21
 10
98.2091
 20
89.1315
 30
0.0000
  0
SEQEND
  8
0
  0
POLYLINE
  8
21
 66
1
 10
0.0000
 20
0.0000
 30
0.0000
 40
0.0381
 41
0.0381
 70
0
  0
VERTEX
  8
21
 10
98.2091
 20
89.4970
 30
0.0000
 42
1.0000
  0
VERTEX
  8
21
 10
98.2091
 20
89.4589
 30
0.0000
  0
SEQEND
  8
0
  0
POLYLINE
  8
21
 66
1
 10
0.0000
 20
0.0000
 30
0.0000
 40
0.0762
 41
0.0762
 70
0
  0
VERTEX
  8
21
 10
98.2091
 20
89.1505
 30
0.0000
  0
VERTEX
  8
21
 10
98.0454
 20
89.1505
 30
0.0000
  0
SEQEND
  8
0
  0
POLYLINE
  8
21
 66
1
 10
0.0000
 20
0.0000
 30
0.0000
 40
0.0381
 41
0.0381
 70
0
  0
VERTEX
  8
21
 10
98.0454
 20
89.1696
 30
0.0000
 42
1.0000
  0
VERTEX
  8
21
 10
98.0454
 20
89.1315
 30
0.0000
  0
SEQEND
  8
0
  0
POLYLINE
  8
21
 66
1
 10
0.0000
 20
0.0000
 30
0.0000
 40
0.0381
 41
0.0381
 70
0
  0
VERTEX
  8
21
 10
98.2091
 20
89.1315
 30
0.0000
 42
1.0000
  0
VERTEX
  8
21
 10
98.2091
 20
89.1696
 30
0.0000
  0
SEQEND
  8
0
  0
POLYLINE
  8
21
 66
1
 10
0.0000
 20
0.0000
 30
0.0000
 40
0.0762
 41
0.0762
 70
0
  0
VERTEX
  8
21
 10
98.0454
 20
89.4779
 30
0.0000
 42
1.0000
  0
VERTEX
  8
21
 10
98.0454
 20
89.1505
 30
0.0000
  0
SEQEND
  8
0
  0
POLYLINE
  8
21
 66
1
 10
0.0000
 20
0.0000
 30
0.0000
 40
0.0381
 41
0.0381
 70
0
  0
VERTEX
  8
21
 10
98.0454
 20
89.4589
 30
0.0000
 42
1.0000
  0
VERTEX
  8
21
 10
98.0454
 20
89.4970
 30
0.0000
  0
SEQEND
  8
0
  0
POLYLINE
  8
21
 66
1
 10
0.0000
 20
0.0000
 30
0.0000
 40
0.0381
 41
0.0381
 70
0
  0
VERTEX
  8
21
 10
98.0454
 20
89.1315
 30
0.0000
 42
1.0000
  0
VERTEX
  8
21
 10
98.0454
 20
89.1696
 30
0.0000
  0
SEQEND
  8
0
  0
POLYLINE
  8
21
 66
1
 10
0.0000
 20
0.0000
 30
0.0000
 40
0.0762
 41
0.0762
 70
0
  0
VERTEX
  8
21
 10
98.0863
 20
88.5779
 30
0.0000
  0
VERTEX
  8
21
 10
98.1682
 20
88.7826
 30
0.0000
  0
SEQEND
  8
0
  0
POLYLINE
  8
21
 66
1
 10
0.0000
 20
0.0000
 30
0.0000
 40
0.0381
 41
0.0381
 70
0
  0
VERTEX
  8
21
 10
98.1858
 20
88.7755
 30
0.0000
 42
1.0000
  0
VERTEX
  8
21
 10
98.1505
 20
88.7896
 30
0.0000
  0
SEQEND
  8
0
  0
POLYLINE
  8
21
 66
1
 10
0.0000
 20
0.0000
 30
0.0000
 40
0.0381
 41
0.0381
 70
0
  0
VERTEX
  8
21
 10
98.0686
 20
88.5850
 30
0.0000
 42
1.0000
  0
VERTEX
  8
21
 10
98.1040
 20
88.5709
 30
0.0000
  0
SEQEND
  8
0
  0
POLYLINE
  8
21
 66
1
 10
0.0000
 20
0.0000
 30
0.0000
 40
0.0762
 41
0.0762
 70
0
  0
VERTEX
  8
21
 10
98.3728
 20
88.7416
 30
0.0000
 42
0.8318
  0
VERTEX
  8
21
 10
98.1682
 20
88.7826
 30
0.0000
  0
SEQEND
  8
0
  0
POLYLINE
  8
21
 66
1
 10
0.0000
 20
0.0000
 30
0.0000
 40
0.0381
 41
0.0381
 70
0
  0
VERTEX
  8
21
 10
98.3537
 20
88.7419
 30
0.0000
 42
1.0000
  0
VERTEX
  8
21
 10
98.3918
 20
88.7414
 30
0.0000
  0
SEQEND
  8
0
  0
POLYLINE
  8
21
 66
1
 10
0.0000
 20
0.0000
 30
0.0000
 40
0.0381
 41
0.0381
 70
0
  0
VERTEX
  8
21
 10
98.1505
 20
88.7896
 30
0.0000
 42
1.0000
  0
VERTEX
  8
21
 10
98.1858
 20
88.7755
 30
0.0000
  0
SEQEND
  8
0
  0
POLYLINE
  8
21
 66
1
 10
0.0000
 20
0.0000
 30
0.0000
 40
0.0762
 41
0.0762
 70
0
  0
VERTEX
  8
21
 10
98.3318
 20
88.5575
 30
0.0000
 42
0.1025
  0
VERTEX
  8
21
 10
98.3728
 20
88.7416
 30
0.0000
  0
SEQEND
  8
0
  0
POLYLINE
  8
21
 66
1
 10
0.0000
 20
0.0000
 30
0.0000
 40
0.0381
 41
0.0381
 70
0
  0
VERTEX
  8
21
 10
98.3145
 20
88.5653
 30
0.0000
 42
1.0000
  0
VERTEX
  8
21
 10
98.3492
 20
88.5497
 30
0.0000
  0
SEQEND
  8
0
  0
POLYLINE
  8
21
 66
1
 10
0.0000
 20
0.0000
 30
0.0000
 40
0.0381
 41
0.0381
 70
0
  0
VERTEX
  8
21
 10
98.3918
 20
88.7414
 30
0.0000
 42
1.0000
  0
VERTEX
  8
21
 10
98.3537
 20
88.7419
 30
0.0000
  0
SEQEND
  8
0
  0
POLYLINE
  8
21
 66
1
 10
0.0000
 20
0.0000
 30
0.0000
 40
0.0762
 41
0.0762
 70
0
  0
VERTEX
  8
21
 10
97.8817
 20
88.6189
 30
0.0000
 42
0.8318
  0
VERTEX
  8
21
 10
98.0863
 20
88.5779
 30
0.0000
  0
SEQEND
  8
0
  0
POLYLINE
  8
21
 66
1
 10
0.0000
 20
0.0000
 30
0.0000
 40
0.0381
 41
0.0381
 70
0
  0
VERTEX
  8
21
 10
97.9007
 20
88.6186
 30
0.0000
 42
1.0000
  0
VERTEX
  8
21
 10
97.8627
 20
88.6191
 30
0.0000
  0
SEQEND
  8
0
  0
POLYLINE
  8
21
 66
1
 10
0.0000
 20
0.0000
 30
0.0000
 40
0.0381
 41
0.0381
 70
0
  0
VERTEX
  8
21
 10
98.1040
 20
88.5709
 30
0.0000
 42
1.0000
  0
VERTEX
  8
21
 10
98.0686
 20
88.5850
 30
0.0000
  0
SEQEND
  8
0
  0
POLYLINE
  8
21
 66
1
 10
0.0000
 20
0.0000
 30
0.0000
 40
0.0762
 41
0.0762
 70
0
  0
VERTEX
  8
21
 10
97.9226
 20
88.8439
 30
0.0000
 42
0.0830
  0
VERTEX
  8
21
 10
97.8817
 20
88.6189
 30
0.0000
  0
SEQEND
  8
0
  0
POLYLINE
  8
21
 66
1
 10
0.0000
 20
0.0000
 30
0.0000
 40
0.0381
 41
0.0381
 70
0
  0
VERTEX
  8
21
 10
97.9405
 20
88.8375
 30
0.0000
 42
1.0000
  0
VERTEX
  8
21
 10
97.9047
 20
88.8504
 30
0.0000
  0
SEQEND
  8
0
  0
POLYLINE
  8
21
 66
1
 10
0.0000
 20
0.0000
 30
0.0000
 40
0.0381
 41
0.0381
 70
0
  0
VERTEX
  8
21
 10
97.8627
 20
88.6191
 30
0.0000
 42
1.0000
  0
VERTEX
  8
21
 10
97.9007
 20
88.6186
 30
0.0000
  0
SEQEND
  8
0
  0
POLYLINE
  8
21
 66
1
 10
0.0000
 20
0.0000
 30
0.0000
 40
0.0762
 41
0.0762
 70
0
  0
VERTEX
  8
21
 10
98.6183
 20
87.8115
 30
0.0000
  0
VERTEX
  8
21
 10
98.0045
 20
87.8115
 30
0.0000
  0
SEQEND
  8
0
  0
POLYLINE
  8
21
 66
1
 10
0.0000
 20
0.0000
 30
0.0000
 40
0.0381
 41
0.0381
 70
0
  0
VERTEX
  8
21
 10
98.0045
 20
87.8306
 30
0.0000
 42
1.0000
  0
VERTEX
  8
21
 10
98.0045
 20
87.7925
 30
0.0000
  0
SEQEND
  8
0
  0
POLYLINE
  8
21
 66
1
 10
0.0000
 20
0.0000
 30
0.0000
 40
0.0381
 41
0.0381
 70
0
  0
VERTEX
  8
21
 10
98.6183
 20
87.7925
 30
0.0000
 42
1.0000
  0
VERTEX
  8
21
 10
98.6183
 20
87.8306
 30
0.0000
  0
SEQEND
  8
0
  0
POLYLINE
  8
21
 66
1
 10
0.0000
 20
0.0000
 30
0.0000
 40
0.0762
 41
0.0762
 70
0
  0
VERTEX
  8
21
 10
98.0045
 20
87.8115
 30
0.0000
 42
0.4142
  0
VERTEX
  8
21
 10
97.8817
 20
87.6887
 30
0.0000
  0
SEQEND
  8
0
  0
POLYLINE
  8
21
 66
1
 10
0.0000
 20
0.0000
 30
0.0000
 40
0.0381
 41
0.0381
 70
0
  0
VERTEX
  8
21
 10
98.0045
 20
87.7925
 30
0.0000
 42
1.0000
  0
VERTEX
  8
21
 10
98.0045
 20
87.8306
 30
0.0000
  0
SEQEND
  8
0
  0
POLYLINE
  8
21
 66
1
 10
0.0000
 20
0.0000
 30
0.0000
 40
0.0381
 41
0.0381
 70
0
  0
VERTEX
  8
21
 10
97.8626
 20
87.6887
 30
0.0000
 42
1.0000
  0
VERTEX
  8
21
 10
97.9007
 20
87.6887
 30
0.0000
  0
SEQEND
  8
0
  0
POLYLINE
  8
21
 66
1
 10
0.0000
 20
0.0000
 30
0.0000
 40
0.0762
 41
0.0762
 70
0
  0
VERTEX
  8
21
 10
98.1682
 20
87.1064
 30
0.0000
  0
VERTEX
  8
21
 10
98.1682
 20
87.2905
 30
0.0000
  0
SEQEND
  8
0
  0
POLYLINE
  8
21
 66
1
 10
0.0000
 20
0.0000
 30
0.0000
 40
0.0381
 41
0.0381
 70
0
  0
VERTEX
  8
21
 10
98.1872
 20
87.2905
 30
0.0000
 42
1.0000
  0
VERTEX
  8
21
 10
98.1491
 20
87.2905
 30
0.0000
  0
SEQEND
  8
0
  0
POLYLINE
  8
21
 66
1
 10
0.0000
 20
0.0000
 30
0.0000
 40
0.0381
 41
0.0381
 70
0
  0
VERTEX
  8
21
 10
98.1491
 20
87.1064
 30
0.0000
 42
1.0000
  0
VERTEX
  8
21
 10
98.1872
 20
87.1064
 30
0.0000
  0
SEQEND
  8
0
  0
POLYLINE
  8
21
 66
1
 10
0.0000
 20
0.0000
 30
0.0000
 40
0.0762
 41
0.0762
 70
0
  0
VERTEX
  8
21
 10
98.1682
 20
87.2905
 30
0.0000
 42
1.0000
  0
VERTEX
  8
21
 10
97.8817
 20
87.2905
 30
0.0000
  0
SEQEND
  8
0
  0
POLYLINE
  8
21
 66
1
 10
0.0000
 20
0.0000
 30
0.0000
 40
0.0381
 41
0.0381
 70
0
  0
VERTEX
  8
21
 10
98.1491
 20
87.2905
 30
0.0000
 42
1.0000
  0
VERTEX
  8
21
 10
98.1872
 20
87.2905
 30
0.0000
  0
SEQEND
  8
0
  0
POLYLINE
  8
21
 66
1
 10
0.0000
 20
0.0000
 30
0.0000
 40
0.0381
 41
0.0381
 70
0
  0
VERTEX
  8
21
 10
97.8626
 20
87.2905
 30
0.0000
 42
1.0000
  0
VERTEX
  8
21
 10
97.9007
 20
87.2905
 30
0.0000
  0
SEQEND
  8
0
  0
POLYLINE
  8
21
 66
1
 10
0.0000
 20
0.0000
 30
0.0000
 40
0.0762
 41
0.0762
 70
0
  0
VERTEX
  8
21
 10
97.8817
 20
87.2905
 30
0.0000
  0
VERTEX
  8
21
 10
97.8817
 20
87.1064
 30
0.0000
  0
SEQEND
  8
0
  0
POLYLINE
  8
21
 66
1
 10
0.0000
 20
0.0000
 30
0.0000
 40
0.0381
 41
0.0381
 70
0
  0
VERTEX
  8
21
 10
97.8627
 20
87.1064
 30
0.0000
 42
1.0000
  0
VERTEX
  8
21
 10
97.9008
 20
87.1064
 30
0.0000
  0
SEQEND
  8
0
  0
POLYLINE
  8
21
 66
1
 10
0.0000
 20
0.0000
 30
0.0000
 40
0.0381
 41
0.0381
 70
0
  0
VERTEX
  8
21
 10
97.9008
 20
87.2905
 30
0.0000
 42
1.0000
  0
VERTEX
  8
21
 10
97.8627
 20
87.2905
 30
0.0000
  0
SEQEND
  8
0
  0
POLYLINE
  8
21
 66
1
 10
0.0000
 20
0.0000
 30
0.0000
 40
0.0762
 41
0.0762
 70
0
  0
VERTEX
  8
21
 10
97.8817
 20
87.1064
 30
0.0000
  0
VERTEX
  8
21
 10
98.2500
 20
87.1064
 30
0.0000
  0
SEQEND
  8
0
  0
POLYLINE
  8
21
 66
1
 10
0.0000
 20
0.0000
 30
0.0000
 40
0.0381
 41
0.0381
 70
0
  0
VERTEX
  8
21
 10
98.2500
 20
87.0873
 30
0.0000
 42
1.0000
  0
VERTEX
  8
21
 10
98.2500
 20
87.1254
 30
0.0000
  0
SEQEND
  8
0
  0
POLYLINE
  8
21
 66
1
 10
0.0000
 20
0.0000
 30
0.0000
 40
0.0381
 41
0.0381
 70
0
  0
VERTEX
  8
21
 10
97.8817
 20
87.1254
 30
0.0000
 42
1.0000
  0
VERTEX
  8
21
 10
97.8817
 20
87.0873
 30
0.0000
  0
SEQEND
  8
0
  0
POLYLINE
  8
21
 66
1
 10
0.0000
 20
0.0000
 30
0.0000
 40
0.0762
 41
0.0762
 70
0
  0
VERTEX
  8
21
 10
98.2500
 20
87.1064
 30
0.0000
 42
0.4142
  0
VERTEX
  8
21
 10
98.3728
 20
87.2292
 30
0.0000
  0
SEQEND
  8
0
  0
POLYLINE
  8
21
 66
1
 10
0.0000
 20
0.0000
 30
0.0000
 40
0.0381
 41
0.0381
 70
0
  0
VERTEX
  8
21
 10
98.2500
 20
87.1254
 30
0.0000
 42
1.0000
  0
VERTEX
  8
21
 10
98.2500
 20
87.0873
 30
0.0000
  0
SEQEND
  8
0
  0
POLYLINE
  8
21
 66
1
 10
0.0000
 20
0.0000
 30
0.0000
 40
0.0381
 41
0.0381
 70
0
  0
VERTEX
  8
21
 10
98.3918
 20
87.2292
 30
0.0000
 42
1.0000
  0
VERTEX
  8
21
 10
98.3537
 20
87.2292
 30
0.0000
  0
SEQEND
  8
0
  0
POLYLINE
  8
21
 66
1
 10
0.0000
 20
0.0000
 30
0.0000
 40
0.0762
 41
0.0762
 70
0
  0
VERTEX
  8
21
 10
98.3728
 20
87.2292
 30
0.0000
  0
VERTEX
  8
21
 10
98.3728
 20
87.3928
 30
0.0000
  0
SEQEND
  8
0
  0
POLYLINE
  8
21
 66
1
 10
0.0000
 20
0.0000
 30
0.0000
 40
0.0381
 41
0.0381
 70
0
  0
VERTEX
  8
21
 10
98.3918
 20
87.3928
 30
0.0000
 42
1.0000
  0
VERTEX
  8
21
 10
98.3537
 20
87.3928
 30
0.0000
  0
SEQEND
  8
0
  0
POLYLINE
  8
21
 66
1
 10
0.0000
 20
0.0000
 30
0.0000
 40
0.0381
 41
0.0381
 70
0
  0
VERTEX
  8
21
 10
98.3537
 20
87.2292
 30
0.0000
 42
1.0000
  0
VERTEX
  8
21
 10
98.3918
 20
87.2292
 30
0.0000
  0
SEQEND
  8
0
  0
POLYLINE
  8
21
 66
1
 10
0.0000
 20
0.0000
 30
0.0000
 40
0.0762
 41
0.0762
 70
0
  0
VERTEX
  8
21
 10
97.8817
 20
86.3474
 30
0.0000
  0
VERTEX
  8
21
 10
98.6183
 20
86.3474
 30
0.0000
  0
SEQEND
  8
0
  0
POLYLINE
  8
21
 66
1
 10
0.0000
 20
0.0000
 30
0.0000
 40
0.0381
 41
0.0381
 70
0
  0
VERTEX
  8
21
 10
98.6183
 20
86.3283
 30
0.0000
 42
1.0000
  0
VERTEX
  8
21
 10
98.6183
 20
86.3664
 30
0.0000
  0
SEQEND
  8
0
  0
POLYLINE
  8
21
 66
1
 10
0.0000
 20
0.0000
 30
0.0000
 40
0.0381
 41
0.0381
 70
0
  0
VERTEX
  8
21
 10
97.8817
 20
86.3664
 30
0.0000
 42
1.0000
  0
VERTEX
  8
21
 10
97.8817
 20
86.3283
 30
0.0000
  0
SEQEND
  8
0
  0
POLYLINE
  8
21
 66
1
 10
0.0000
 20
0.0000
 30
0.0000
 40
0.0762
 41
0.0762
 70
0
  0
VERTEX
  8
21
 10
98.6183
 20
86.3474
 30
0.0000
  0
VERTEX
  8
21
 10
98.6183
 20
86.0200
 30
0.0000
  0
SEQEND
  8
0
  0
POLYLINE
  8
21
 66
1
 10
0.0000
 20
0.0000
 30
0.0000
 40
0.0381
 41
0.0381
 70
0
  0
VERTEX
  8
21
 10
98.5993
 20
86.0200
 30
0.0000
 42
1.0000
  0
VERTEX
  8
21
 10
98.6373
 20
86.0200
 30
0.0000
  0
SEQEND
  8
0
  0
POLYLINE
  8
21
 66
1
 10
0.0000
 20
0.0000
 30
0.0000
 40
0.0381
 41
0.0381
 70
0
  0
VERTEX
  8
21
 10
98.6373
 20
86.3474
 30
0.0000
 42
1.0000
  0
VERTEX
  8
21
 10
98.5993
 20
86.3474
 30
0.0000
  0
SEQEND
  8
0
  0
POLYLINE
  8
21
 66
1
 10
0.0000
 20
0.0000
 30
0.0000
 40
0.0762
 41
0.0762
 70
0
  0
VERTEX
  8
21
 10
98.2909
 20
86.3474
 30
0.0000
  0
VERTEX
  8
21
 10
98.2909
 20
86.0200
 30
0.0000
  0
SEQEND
  8
0
  0
POLYLINE
  8
21
 66
1
 10
0.0000
 20
0.0000
 30
0.0000
 40
0.0381
 41
0.0381
 70
0
  0
VERTEX
  8
21
 10
98.2719
 20
86.0200
 30
0.0000
 42
1.0000
  0
VERTEX
  8
21
 10
98.3100
 20
86.0200
 30
0.0000
  0
SEQEND
  8
0
  0
POLYLINE
  8
21
 66
1
 10
0.0000
 20
0.0000
 30
0.0000
 40
0.0381
 41
0.0381
 70
0
  0
VERTEX
  8
21
 10
98.3100
 20
86.3474
 30
0.0000
 42
1.0000
  0
VERTEX
  8
21
 10
98.2719
 20
86.3474
 30
0.0000
  0
SEQEND
  8
0
  0
POLYLINE
  8
21
 66
1
 10
0.0000
 20
0.0000
 30
0.0000
 40
0.0762
 41
0.0762
 70
0
  0
VERTEX
  8
21
 10
98.3728
 20
85.7228
 30
0.0000
  0
VERTEX
  8
21
 10
98.0045
 20
85.7228
 30
0.0000
  0
SEQEND
  8
0
  0
POLYLINE
  8
21
 66
1
 10
0.0000
 20
0.0000
 30
0.0000
 40
0.0381
 41
0.0381
 70
0
  0
VERTEX
  8
21
 10
98.0045
 20
85.7418
 30
0.0000
 42
1.0000
  0
VERTEX
  8
21
 10
98.0045
 20
85.7037
 30
0.0000
  0
SEQEND
  8
0
  0
POLYLINE
  8
21
 66
1
 10
0.0000
 20
0.0000
 30
0.0000
 40
0.0381
 41
0.0381
 70
0
  0
VERTEX
  8
21
 10
98.3728
 20
85.7037
 30
0.0000
 42
1.0000
  0
VERTEX
  8
21
 10
98.3728
 20
85.7418
 30
0.0000
  0
SEQEND
  8
0
  0
POLYLINE
  8
21
 66
1
 10
0.0000
 20
0.0000
 30
0.0000
 40
0.0762
 41
0.0762
 70
0
  0
VERTEX
  8
21
 10
98.0045
 20
85.7228
 30
0.0000
 42
0.4142
  0
VERTEX
  8
21
 10
97.8817
 20
85.6000
 30
0.0000
  0
SEQEND
  8
0
  0
POLYLINE
  8
21
 66
1
 10
0.0000
 20
0.0000
 30
0.0000
 40
0.0381
 41
0.0381
 70
0
  0
VERTEX
  8
21
 10
98.0045
 20
85.7037
 30
0.0000
 42
1.0000
  0
VERTEX
  8
21
 10
98.0045
 20
85.7418
 30
0.0000
  0
SEQEND
  8
0
  0
POLYLINE
  8
21
 66
1
 10
0.0000
 20
0.0000
 30
0.0000
 40
0.0381
 41
0.0381
 70
0
  0
VERTEX
  8
21
 10
97.8626
 20
85.6000
 30
0.0000
 42
1.0000
  0
VERTEX
  8
21
 10
97.9007
 20
85.6000
 30
0.0000
  0
SEQEND
  8
0
  0
POLYLINE
  8
21
 66
1
 10
0.0000
 20
0.0000
 30
0.0000
 40
0.0762
 41
0.0762
 70
0
  0
VERTEX
  8
21
 10
97.8817
 20
85.6000
 30
0.0000
  0
VERTEX
  8
21
 10
97.8817
 20
85.3954
 30
0.0000
  0
SEQEND
  8
0
  0
POLYLINE
  8
21
 66
1
 10
0.0000
 20
0.0000
 30
0.0000
 40
0.0381
 41
0.0381
 70
0
  0
VERTEX
  8
21
 10
97.8627
 20
85.3954
 30
0.0000
 42
1.0000
  0
VERTEX
  8
21
 10
97.9008
 20
85.3954
 30
0.0000
  0
SEQEND
  8
0
  0
POLYLINE
  8
21
 66
1
 10
0.0000
 20
0.0000
 30
0.0000
 40
0.0381
 41
0.0381
 70
0
  0
VERTEX
  8
21
 10
97.9008
 20
85.6000
 30
0.0000
 42
1.0000
  0
VERTEX
  8
21
 10
97.8627
 20
85.6000
 30
0.0000
  0
SEQEND
  8
0
  0
POLYLINE
  8
21
 66
1
 10
0.0000
 20
0.0000
 30
0.0000
 40
0.0762
 41
0.0762
 70
0
  0
VERTEX
  8
21
 10
97.8817
 20
85.3954
 30
0.0000
  0
VERTEX
  8
21
 10
98.3728
 20
85.3954
 30
0.0000
  0
SEQEND
  8
0
  0
POLYLINE
  8
21
 66
1
 10
0.0000
 20
0.0000
 30
0.0000
 40
0.0381
 41
0.0381
 70
0
  0
VERTEX
  8
21
 10
98.3728
 20
85.3764
 30
0.0000
 42
1.0000
  0
VERTEX
  8
21
 10
98.3728
 20
85.4145
 30
0.0000
  0
SEQEND
  8
0
  0
POLYLINE
  8
21
 66
1
 10
0.0000
 20
0.0000
 30
0.0000
 40
0.0381
 41
0.0381
 70
0
  0
VERTEX
  8
21
 10
97.8817
 20
85.4145
 30
0.0000
 42
1.0000
  0
VERTEX
  8
21
 10
97.8817
 20
85.3764
 30
0.0000
  0
SEQEND
  8
0
  0
POLYLINE
  8
21
 66
1
 10
0.0000
 20
0.0000
 30
0.0000
 40
0.0762
 41
0.0762
 70
0
  0
VERTEX
  8
21
 10
97.8817
 20
84.7771
 30
0.0000
  0
VERTEX
  8
21
 10
97.8817
 20
84.9407
 30
0.0000
  0
SEQEND
  8
0
  0
POLYLINE
  8
21
 66
1
 10
0.0000
 20
0.0000
 30
0.0000
 40
0.0381
 41
0.0381
 70
0
  0
VERTEX
  8
21
 10
97.9008
 20
84.9407
 30
0.0000
 42
1.0000
  0
VERTEX
  8
21
 10
97.8627
 20
84.9407
 30
0.0000
  0
SEQEND
  8
0
  0
POLYLINE
  8
21
 66
1
 10
0.0000
 20
0.0000
 30
0.0000
 40
0.0381
 41
0.0381
 70
0
  0
VERTEX
  8
21
 10
97.8627
 20
84.7771
 30
0.0000
 42
1.0000
  0
VERTEX
  8
21
 10
97.9008
 20
84.7771
 30
0.0000
  0
SEQEND
  8
0
  0
POLYLINE
  8
21
 66
1
 10
0.0000
 20
0.0000
 30
0.0000
 40
0.0762
 41
0.0762
 70
0
  0
VERTEX
  8
21
 10
98.0045
 20
85.0635
 30
0.0000
 42
0.4142
  0
VERTEX
  8
21
 10
97.8817
 20
84.9407
 30
0.0000
  0
SEQEND
  8
0
  0
POLYLINE
  8
21
 66
1
 10
0.0000
 20
0.0000
 30
0.0000
 40
0.0381
 41
0.0381
 70
0
  0
VERTEX
  8
21
 10
98.0045
 20
85.0445
 30
0.0000
 42
1.0000
  0
VERTEX
  8
21
 10
98.0045
 20
85.0826
 30
0.0000
  0
SEQEND
  8
0
  0
POLYLINE
  8
21
 66
1
 10
0.0000
 20
0.0000
 30
0.0000
 40
0.0381
 41
0.0381
 70
0
  0
VERTEX
  8
21
 10
97.8627
 20
84.9407
 30
0.0000
 42
1.0000
  0
VERTEX
  8
21
 10
97.9008
 20
84.9407
 30
0.0000
  0
SEQEND
  8
0
  0
POLYLINE
  8
21
 66
1
 10
0.0000
 20
0.0000
 30
0.0000
 40
0.0762
 41
0.0762
 70
0
  0
VERTEX
  8
21
 10
98.0045
 20
85.0635
 30
0.0000
  0
VERTEX
  8
21
 10
98.2500
 20
85.0635
 30
0.0000
  0
SEQEND
  8
0
  0
POLYLINE
  8
21
 66
1
 10
0.0000
 20
0.0000
 30
0.0000
 40
0.0381
 41
0.0381
 70
0
  0
VERTEX
  8
21
 10
98.2500
 20
85.0445
 30
0.0000
 42
1.0000
  0
VERTEX
  8
21
 10
98.2500
 20
85.0826
 30
0.0000
  0
SEQEND
  8
0
  0
POLYLINE
  8
21
 66
1
 10
0.0000
 20
0.0000
 30
0.0000
 40
0.0381
 41
0.0381
 70
0
  0
VERTEX
  8
21
 10
98.0045
 20
85.0826
 30
0.0000
 42
1.0000
  0
VERTEX
  8
21
 10
98.0045
 20
85.0445
 30
0.0000
  0
SEQEND
  8
0
  0
POLYLINE
  8
21
 66
1
 10
0.0000
 20
0.0000
 30
0.0000
 40
0.0762
 41
0.0762
 70
0
  0
VERTEX
  8
21
 10
98.3728
 20
84.9407
 30
0.0000
 42
0.4142
  0
VERTEX
  8
21
 10
98.2500
 20
85.0635
 30
0.0000
  0
SEQEND
  8
0
  0
POLYLINE
  8
21
 66
1
 10
0.0000
 20
0.0000
 30
0.0000
 40
0.0381
 41
0.0381
 70
0
  0
VERTEX
  8
21
 10
98.3537
 20
84.9407
 30
0.0000
 42
1.0000
  0
VERTEX
  8
21
 10
98.3918
 20
84.9407
 30
0.0000
  0
SEQEND
  8
0
  0
POLYLINE
  8
21
 66
1
 10
0.0000
 20
0.0000
 30
0.0000
 40
0.0381
 41
0.0381
 70
0
  0
VERTEX
  8
21
 10
98.2500
 20
85.0826
 30
0.0000
 42
1.0000
  0
VERTEX
  8
21
 10
98.2500
 20
85.0445
 30
0.0000
  0
SEQEND
  8
0
  0
POLYLINE
  8
21
 66
1
 10
0.0000
 20
0.0000
 30
0.0000
 40
0.0762
 41
0.0762
 70
0
  0
VERTEX
  8
21
 10
98.3728
 20
84.9407
 30
0.0000
  0
VERTEX
  8
21
 10
98.3728
 20
84.7771
 30
0.0000
  0
SEQEND
  8
0
  0
POLYLINE
  8
21
 66
1
 10
0.0000
 20
0.0000
 30
0.0000
 40
0.0381
 41
0.0381
 70
0
  0
VERTEX
  8
21
 10
98.3537
 20
84.7771
 30
0.0000
 42
1.0000
  0
VERTEX
  8
21
 10
98.3918
 20
84.7771
 30
0.0000
  0
SEQEND
  8
0
  0
POLYLINE
  8
21
 66
1
 10
0.0000
 20
0.0000
 30
0.0000
 40
0.0381
 41
0.0381
 70
0
  0
VERTEX
  8
21
 10
98.3918
 20
84.9407
 30
0.0000
 42
1.0000
  0
VERTEX
  8
21
 10
98.3537
 20
84.9407
 30
0.0000
  0
SEQEND
  8
0
  0
POLYLINE
  8
21
 66
1
 10
0.0000
 20
0.0000
 30
0.0000
 40
0.0762
 41
0.0762
 70
0
  0
VERTEX
  8
21
 10
97.8817
 20
84.4698
 30
0.0000
  0
VERTEX
  8
21
 10
98.6183
 20
84.4698
 30
0.0000
  0
SEQEND
  8
0
  0
POLYLINE
  8
21
 66
1
 10
0.0000
 20
0.0000
 30
0.0000
 40
0.0381
 41
0.0381
 70
0
  0
VERTEX
  8
21
 10
98.6183
 20
84.4508
 30
0.0000
 42
1.0000
  0
VERTEX
  8
21
 10
98.6183
 20
84.4889
 30
0.0000
  0
SEQEND
  8
0
  0
POLYLINE
  8
21
 66
1
 10
0.0000
 20
0.0000
 30
0.0000
 40
0.0381
 41
0.0381
 70
0
  0
VERTEX
  8
21
 10
97.8817
 20
84.4889
 30
0.0000
 42
1.0000
  0
VERTEX
  8
21
 10
97.8817
 20
84.4508
 30
0.0000
  0
SEQEND
  8
0
  0
POLYLINE
  8
21
 66
1
 10
0.0000
 20
0.0000
 30
0.0000
 40
0.0762
 41
0.0762
 70
0
  0
VERTEX
  8
21
 10
98.3728
 20
84.1424
 30
0.0000
  0
VERTEX
  8
21
 10
98.1272
 20
84.4698
 30
0.0000
  0
SEQEND
  8
0
  0
POLYLINE
  8
21
 66
1
 10
0.0000
 20
0.0000
 30
0.0000
 40
0.0381
 41
0.0381
 70
0
  0
VERTEX
  8
21
 10
98.1425
 20
84.4812
 30
0.0000
 42
1.0000
  0
VERTEX
  8
21
 10
98.1120
 20
84.4584
 30
0.0000
  0
SEQEND
  8
0
  0
POLYLINE
  8
21
 66
1
 10
0.0000
 20
0.0000
 30
0.0000
 40
0.0381
 41
0.0381
 70
0
  0
VERTEX
  8
21
 10
98.3575
 20
84.1310
 30
0.0000
 42
1.0000
  0
VERTEX
  8
21
 10
98.3880
 20
84.1539
 30
0.0000
  0
SEQEND
  8
0
  0
POLYLINE
  8
21
 66
1
 10
0.0000
 20
0.0000
 30
0.0000
 40
0.0762
 41
0.0762
 70
0
  0
VERTEX
  8
21
 10
97.8817
 20
84.1424
 30
0.0000
  0
VERTEX
  8
21
 10
98.2295
 20
84.3266
 30
0.0000
  0
SEQEND
  8
0
  0
POLYLINE
  8
21
 66
1
 10
0.0000
 20
0.0000
 30
0.0000
 40
0.0381
 41
0.0381
 70
0
  0
VERTEX
  8
21
 10
98.2385
 20
84.3097
 30
0.0000
 42
1.0000
  0
VERTEX
  8
21
 10
98.2206
 20
84.3434
 30
0.0000
  0
SEQEND
  8
0
  0
POLYLINE
  8
21
 66
1
 10
0.0000
 20
0.0000
 30
0.0000
 40
0.0381
 41
0.0381
 70
0
  0
VERTEX
  8
21
 10
97.8728
 20
84.1593
 30
0.0000
 42
1.0000
  0
VERTEX
  8
21
 10
97.8906
 20
84.1256
 30
0.0000
  0
SEQEND
  8
0
  0
POLYLINE
  8
21
 66
1
 10
0.0000
 20
0.0000
 30
0.0000
 40
0.0762
 41
0.0762
 70
0
  0
VERTEX
  8
21
 10
97.8817
 20
83.8766
 30
0.0000
  0
VERTEX
  8
21
 10
98.3728
 20
83.8766
 30
0.0000
  0
SEQEND
  8
0
  0
POLYLINE
  8
21
 66
1
 10
0.0000
 20
0.0000
 30
0.0000
 40
0.0381
 41
0.0381
 70
0
  0
VERTEX
  8
21
 10
98.3728
 20
83.8576
 30
0.0000
 42
1.0000
  0
VERTEX
  8
21
 10
98.3728
 20
83.8957
 30
0.0000
  0
SEQEND
  8
0
  0
POLYLINE
  8
21
 66
1
 10
0.0000
 20
0.0000
 30
0.0000
 40
0.0381
 41
0.0381
 70
0
  0
VERTEX
  8
21
 10
97.8817
 20
83.8957
 30
0.0000
 42
1.0000
  0
VERTEX
  8
21
 10
97.8817
 20
83.8576
 30
0.0000
  0
SEQEND
  8
0
  0
POLYLINE
  8
21
 66
1
 10
0.0000
 20
0.0000
 30
0.0000
 40
0.0762
 41
0.0762
 70
0
  0
VERTEX
  8
21
 10
98.5774
 20
83.8971
 30
0.0000
  0
VERTEX
  8
21
 10
98.6183
 20
83.8971
 30
0.0000
  0
SEQEND
  8
0
  0
POLYLINE
  8
21
 66
1
 10
0.0000
 20
0.0000
 30
0.0000
 40
0.0381
 41
0.0381
 70
0
  0
VERTEX
  8
21
 10
98.6183
 20
83.8780
 30
0.0000
 42
1.0000
  0
VERTEX
  8
21
 10
98.6183
 20
83.9161
 30
0.0000
  0
SEQEND
  8
0
  0
POLYLINE
  8
21
 66
1
 10
0.0000
 20
0.0000
 30
0.0000
 40
0.0381
 41
0.0381
 70
0
  0
VERTEX
  8
21
 10
98.5774
 20
83.9161
 30
0.0000
 42
1.0000
  0
VERTEX
  8
21
 10
98.5774
 20
83.8780
 30
0.0000
  0
SEQEND
  8
0
  0
POLYLINE
  8
21
 66
1
 10
0.0000
 20
0.0000
 30
0.0000
 40
0.0762
 41
0.0762
 70
0
  0
VERTEX
  8
21
 10
98.6183
 20
83.8971
 30
0.0000
  0
VERTEX
  8
21
 10
98.6183
 20
83.8562
 30
0.0000
  0
SEQEND
  8
0
  0
POLYLINE
  8
21
 66
1
 10
0.0000
 20
0.0000
 30
0.0000
 40
0.0381
 41
0.0381
 70
0
  0
VERTEX
  8
21
 10
98.5993
 20
83.8562
 30
0.0000
 42
1.0000
  0
VERTEX
  8
21
 10
98.6373
 20
83.8562
 30
0.0000
  0
SEQEND
  8
0
  0
POLYLINE
  8
21
 66
1
 10
0.0000
 20
0.0000
 30
0.0000
 40
0.0381
 41
0.0381
 70
0
  0
VERTEX
  8
21
 10
98.6373
 20
83.8971
 30
0.0000
 42
1.0000
  0
VERTEX
  8
21
 10
98.5993
 20
83.8971
 30
0.0000
  0
SEQEND
  8
0
  0
POLYLINE
  8
21
 66
1
 10
0.0000
 20
0.0000
 30
0.0000
 40
0.0762
 41
0.0762
 70
0
  0
VERTEX
  8
21
 10
98.6183
 20
83.8562
 30
0.0000
  0
VERTEX
  8
21
 10
98.5774
 20
83.8562
 30
0.0000
  0
SEQEND
  8
0
  0
POLYLINE
  8
21
 66
1
 10
0.0000
 20
0.0000
 30
0.0000
 40
0.0381
 41
0.0381
 70
0
  0
VERTEX
  8
21
 10
98.5774
 20
83.8752
 30
0.0000
 42
1.0000
  0
VERTEX
  8
21
 10
98.5774
 20
83.8371
 30
0.0000
  0
SEQEND
  8
0
  0
POLYLINE
  8
21
 66
1
 10
0.0000
 20
0.0000
 30
0.0000
 40
0.0381
 41
0.0381
 70
0
  0
VERTEX
  8
21
 10
98.6183
 20
83.8371
 30
0.0000
 42
1.0000
  0
VERTEX
  8
21
 10
98.6183
 20
83.8752
 30
0.0000
  0
SEQEND
  8
0
  0
POLYLINE
  8
21
 66
1
 10
0.0000
 20
0.0000
 30
0.0000
 40
0.0762
 41
0.0762
 70
0
  0
VERTEX
  8
21
 10
98.5774
 20
83.8562
 30
0.0000
  0
VERTEX
  8
21
 10
98.5774
 20
83.8971
 30
0.0000
  0
SEQEND
  8
0
  0
POLYLINE
  8
21
 66
1
 10
0.0000
 20
0.0000
 30
0.0000
 40
0.0381
 41
0.0381
 70
0
  0
VERTEX
  8
21
 10
98.5964
 20
83.8971
 30
0.0000
 42
1.0000
  0
VERTEX
  8
21
 10
98.5583
 20
83.8971
 30
0.0000
  0
SEQEND
  8
0
  0
POLYLINE
  8
21
 66
1
 10
0.0000
 20
0.0000
 30
0.0000
 40
0.0381
 41
0.0381
 70
0
  0
VERTEX
  8
21
 10
98.5583
 20
83.8562
 30
0.0000
 42
1.0000
  0
VERTEX
  8
21
 10
98.5964
 20
83.8562
 30
0.0000
  0
SEQEND
  8
0
  0
POLYLINE
  8
21
 66
1
 10
0.0000
 20
0.0000
 30
0.0000
 40
0.0762
 41
0.0762
 70
0
  0
VERTEX
  8
21
 10
97.8817
 20
83.5526
 30
0.0000
  0
VERTEX
  8
21
 10
98.3728
 20
83.5526
 30
0.0000
  0
SEQEND
  8
0
  0
POLYLINE
  8
21
 66
1
 10
0.0000
 20
0.0000
 30
0.0000
 40
0.0381
 41
0.0381
 70
0
  0
VERTEX
  8
21
 10
98.3728
 20
83.5336
 30
0.0000
 42
1.0000
  0
VERTEX
  8
21
 10
98.3728
 20
83.5717
 30
0.0000
  0
SEQEND
  8
0
  0
POLYLINE
  8
21
 66
1
 10
0.0000
 20
0.0000
 30
0.0000
 40
0.0381
 41
0.0381
 70
0
  0
VERTEX
  8
21
 10
97.8817
 20
83.5717
 30
0.0000
 42
1.0000
  0
VERTEX
  8
21
 10
97.8817
 20
83.5336
 30
0.0000
  0
SEQEND
  8
0
  0
POLYLINE
  8
21
 66
1
 10
0.0000
 20
0.0000
 30
0.0000
 40
0.0762
 41
0.0762
 70
0
  0
VERTEX
  8
21
 10
98.3728
 20
83.5526
 30
0.0000
  0
VERTEX
  8
21
 10
98.3728
 20
83.3480
 30
0.0000
  0
SEQEND
  8
0
  0
POLYLINE
  8
21
 66
1
 10
0.0000
 20
0.0000
 30
0.0000
 40
0.0381
 41
0.0381
 70
0
  0
VERTEX
  8
21
 10
98.3537
 20
83.3480
 30
0.0000
 42
1.0000
  0
VERTEX
  8
21
 10
98.3918
 20
83.3480
 30
0.0000
  0
SEQEND
  8
0
  0
POLYLINE
  8
21
 66
1
 10
0.0000
 20
0.0000
 30
0.0000
 40
0.0381
 41
0.0381
 70
0
  0
VERTEX
  8
21
 10
98.3918
 20
83.5526
 30
0.0000
 42
1.0000
  0
VERTEX
  8
21
 10
98.3537
 20
83.5526
 30
0.0000
  0
SEQEND
  8
0
  0
POLYLINE
  8
21
 66
1
 10
0.0000
 20
0.0000
 30
0.0000
 40
0.0762
 41
0.0762
 70
0
  0
VERTEX
  8
21
 10
98.2500
 20
83.2253
 30
0.0000
 42
0.4142
  0
VERTEX
  8
21
 10
98.3728
 20
83.3480
 30
0.0000
  0
SEQEND
  8
0
  0
POLYLINE
  8
21
 66
1
 10
0.0000
 20
0.0000
 30
0.0000
 40
0.0381
 41
0.0381
 70
0
  0
VERTEX
  8
21
 10
98.2500
 20
83.2443
 30
0.0000
 42
1.0000
  0
VERTEX
  8
21
 10
98.2500
 20
83.2062
 30
0.0000
  0
SEQEND
  8
0
  0
POLYLINE
  8
21
 66
1
 10
0.0000
 20
0.0000
 30
0.0000
 40
0.0381
 41
0.0381
 70
0
  0
VERTEX
  8
21
 10
98.3918
 20
83.3480
 30
0.0000
 42
1.0000
  0
VERTEX
  8
21
 10
98.3537
 20
83.3480
 30
0.0000
  0
SEQEND
  8
0
  0
POLYLINE
  8
21
 66
1
 10
0.0000
 20
0.0000
 30
0.0000
 40
0.0762
 41
0.0762
 70
0
  0
VERTEX
  8
21
 10
98.2500
 20
83.2253
 30
0.0000
  0
VERTEX
  8
21
 10
97.8817
 20
83.2253
 30
0.0000
  0
SEQEND
  8
0
  0
POLYLINE
  8
21
 66
1
 10
0.0000
 20
0.0000
 30
0.0000
 40
0.0381
 41
0.0381
 70
0
  0
VERTEX
  8
21
 10
97.8817
 20
83.2443
 30
0.0000
 42
1.0000
  0
VERTEX
  8
21
 10
97.8817
 20
83.2062
 30
0.0000
  0
SEQEND
  8
0
  0
POLYLINE
  8
21
 66
1
 10
0.0000
 20
0.0000
 30
0.0000
 40
0.0381
 41
0.0381
 70
0
  0
VERTEX
  8
21
 10
98.2500
 20
83.2062
 30
0.0000
 42
1.0000
  0
VERTEX
  8
21
 10
98.2500
 20
83.2443
 30
0.0000
  0
SEQEND
  8
0
  0
POLYLINE
  8
21
 66
1
 10
0.0000
 20
0.0000
 30
0.0000
 40
0.0762
 41
0.0762
 70
0
  0
VERTEX
  8
21
 10
97.8817
 20
82.5710
 30
0.0000
  0
VERTEX
  8
21
 10
97.8817
 20
82.7756
 30
0.0000
  0
SEQEND
  8
0
  0
POLYLINE
  8
21
 66
1
 10
0.0000
 20
0.0000
 30
0.0000
 40
0.0381
 41
0.0381
 70
0
  0
VERTEX
  8
21
 10
97.9008
 20
82.7756
 30
0.0000
 42
1.0000
  0
VERTEX
  8
21
 10
97.8627
 20
82.7756
 30
0.0000
  0
SEQEND
  8
0
  0
POLYLINE
  8
21
 66
1
 10
0.0000
 20
0.0000
 30
0.0000
 40
0.0381
 41
0.0381
 70
0
  0
VERTEX
  8
21
 10
97.8627
 20
82.5710
 30
0.0000
 42
1.0000
  0
VERTEX
  8
21
 10
97.9008
 20
82.5710
 30
0.0000
  0
SEQEND
  8
0
  0
POLYLINE
  8
21
 66
1
 10
0.0000
 20
0.0000
 30
0.0000
 40
0.0762
 41
0.0762
 70
0
  0
VERTEX
  8
21
 10
98.0045
 20
82.8984
 30
0.0000
 42
0.4142
  0
VERTEX
  8
21
 10
97.8817
 20
82.7756
 30
0.0000
  0
SEQEND
  8
0
  0
POLYLINE
  8
21
 66
1
 10
0.0000
 20
0.0000
 30
0.0000
 40
0.0381
 41
0.0381
 70
0
  0
VERTEX
  8
21
 10
98.0045
 20
82.8793
 30
0.0000
 42
1.0000
  0
VERTEX
  8
21
 10
98.0045
 20
82.9174
 30
0.0000
  0
SEQEND
  8
0
  0
POLYLINE
  8
21
 66
1
 10
0.0000
 20
0.0000
 30
0.0000
 40
0.0381
 41
0.0381
 70
0
  0
VERTEX
  8
21
 10
97.8627
 20
82.7756
 30
0.0000
 42
1.0000
  0
VERTEX
  8
21
 10
97.9008
 20
82.7756
 30
0.0000
  0
SEQEND
  8
0
  0
POLYLINE
  8
21
 66
1
 10
0.0000
 20
0.0000
 30
0.0000
 40
0.0762
 41
0.0762
 70
0
  0
VERTEX
  8
21
 10
98.0045
 20
82.8984
 30
0.0000
  0
VERTEX
  8
21
 10
98.2500
 20
82.8984
 30
0.0000
  0
SEQEND
  8
0
  0
POLYLINE
  8
21
 66
1
 10
0.0000
 20
0.0000
 30
0.0000
 40
0.0381
 41
0.0381
 70
0
  0
VERTEX
  8
21
 10
98.2500
 20
82.8793
 30
0.0000
 42
1.0000
  0
VERTEX
  8
21
 10
98.2500
 20
82.9174
 30
0.0000
  0
SEQEND
  8
0
  0
POLYLINE
  8
21
 66
1
 10
0.0000
 20
0.0000
 30
0.0000
 40
0.0381
 41
0.0381
 70
0
  0
VERTEX
  8
21
 10
98.0045
 20
82.9174
 30
0.0000
 42
1.0000
  0
VERTEX
  8
21
 10
98.0045
 20
82.8793
 30
0.0000
  0
SEQEND
  8
0
  0
POLYLINE
  8
21
 66
1
 10
0.0000
 20
0.0000
 30
0.0000
 40
0.0762
 41
0.0762
 70
0
  0
VERTEX
  8
21
 10
98.3728
 20
82.7756
 30
0.0000
 42
0.4142
  0
VERTEX
  8
21
 10
98.2500
 20
82.8984
 30
0.0000
  0
SEQEND
  8
0
  0
POLYLINE
  8
21
 66
1
 10
0.0000
 20
0.0000
 30
0.0000
 40
0.0381
 41
0.0381
 70
0
  0
VERTEX
  8
21
 10
98.3537
 20
82.7756
 30
0.0000
 42
1.0000
  0
VERTEX
  8
21
 10
98.3918
 20
82.7756
 30
0.0000
  0
SEQEND
  8
0
  0
POLYLINE
  8
21
 66
1
 10
0.0000
 20
0.0000
 30
0.0000
 40
0.0381
 41
0.0381
 70
0
  0
VERTEX
  8
21
 10
98.2500
 20
82.9174
 30
0.0000
 42
1.0000
  0
VERTEX
  8
21
 10
98.2500
 20
82.8793
 30
0.0000
  0
SEQEND
  8
0
  0
POLYLINE
  8
21
 66
1
 10
0.0000
 20
0.0000
 30
0.0000
 40
0.0762
 41
0.0762
 70
0
  0
VERTEX
  8
21
 10
98.3728
 20
82.7756
 30
0.0000
  0
VERTEX
  8
21
 10
98.3728
 20
82.5710
 30
0.0000
  0
SEQEND
  8
0
  0
POLYLINE
  8
21
 66
1
 10
0.0000
 20
0.0000
 30
0.0000
 40
0.0381
 41
0.0381
 70
0
  0
VERTEX
  8
21
 10
98.3537
 20
82.5710
 30
0.0000
 42
1.0000
  0
VERTEX
  8
21
 10
98.3918
 20
82.5710
 30
0.0000
  0
SEQEND
  8
0
  0
POLYLINE
  8
21
 66
1
 10
0.0000
 20
0.0000
 30
0.0000
 40
0.0381
 41
0.0381
 70
0
  0
VERTEX
  8
21
 10
98.3918
 20
82.7756
 30
0.0000
 42
1.0000
  0
VERTEX
  8
21
 10
98.3537
 20
82.7756
 30
0.0000
  0
SEQEND
  8
0
  0
POLYLINE
  8
21
 66
1
 10
0.0000
 20
0.0000
 30
0.0000
 40
0.0762
 41
0.0762
 70
0
  0
VERTEX
  8
21
 10
98.3728
 20
82.5710
 30
0.0000
  0
VERTEX
  8
21
 10
97.7589
 20
82.5710
 30
0.0000
  0
SEQEND
  8
0
  0
POLYLINE
  8
21
 66
1
 10
0.0000
 20
0.0000
 30
0.0000
 40
0.0381
 41
0.0381
 70
0
  0
VERTEX
  8
21
 10
97.7589
 20
82.5900
 30
0.0000
 42
1.0000
  0
VERTEX
  8
21
 10
97.7589
 20
82.5519
 30
0.0000
  0
SEQEND
  8
0
  0
POLYLINE
  8
21
 66
1
 10
0.0000
 20
0.0000
 30
0.0000
 40
0.0381
 41
0.0381
 70
0
  0
VERTEX
  8
21
 10
98.3728
 20
82.5519
 30
0.0000
 42
1.0000
  0
VERTEX
  8
21
 10
98.3728
 20
82.5900
 30
0.0000
  0
SEQEND
  8
0
  0
POLYLINE
  8
21
 66
1
 10
0.0000
 20
0.0000
 30
0.0000
 40
0.0762
 41
0.0762
 70
0
  0
VERTEX
  8
21
 10
97.6362
 20
82.6938
 30
0.0000
 42
0.4142
  0
VERTEX
  8
21
 10
97.7589
 20
82.5710
 30
0.0000
  0
SEQEND
  8
0
  0
POLYLINE
  8
21
 66
1
 10
0.0000
 20
0.0000
 30
0.0000
 40
0.0381
 41
0.0381
 70
0
  0
VERTEX
  8
21
 10
97.6552
 20
82.6938
 30
0.0000
 42
1.0000
  0
VERTEX
  8
21
 10
97.6171
 20
82.6938
 30
0.0000
  0
SEQEND
  8
0
  0
POLYLINE
  8
21
 66
1
 10
0.0000
 20
0.0000
 30
0.0000
 40
0.0381
 41
0.0381
 70
0
  0
VERTEX
  8
21
 10
97.7589
 20
82.5519
 30
0.0000
 42
1.0000
  0
VERTEX
  8
21
 10
97.7589
 20
82.5900
 30
0.0000
  0
SEQEND
  8
0
  0
POLYLINE
  8
21
 66
1
 10
0.0000
 20
0.0000
 30
0.0000
 40
0.0762
 41
0.0762
 70
0
  0
VERTEX
  8
21
 10
97.6362
 20
82.6938
 30
0.0000
  0
VERTEX
  8
21
 10
97.6362
 20
82.8574
 30
0.0000
  0
SEQEND
  8
0
  0
POLYLINE
  8
21
 66
1
 10
0.0000
 20
0.0000
 30
0.0000
 40
0.0381
 41
0.0381
 70
0
  0
VERTEX
  8
21
 10
97.6552
 20
82.8574
 30
0.0000
 42
1.0000
  0
VERTEX
  8
21
 10
97.6171
 20
82.8574
 30
0.0000
  0
SEQEND
  8
0
  0
POLYLINE
  8
21
 66
1
 10
0.0000
 20
0.0000
 30
0.0000
 40
0.0381
 41
0.0381
 70
0
  0
VERTEX
  8
21
 10
97.6171
 20
82.6938
 30
0.0000
 42
1.0000
  0
VERTEX
  8
21
 10
97.6552
 20
82.6938
 30
0.0000
  0
SEQEND
  8
0
  0
POLYLINE
  8
21
 66
1
 10
0.0000
 20
0.0000
 30
0.0000
 40
0.0762
 41
0.0762
 70
0
  0
VERTEX
  8
21
 10
116.8325
 20
87.1519
 30
0.0000
  0
VERTEX
  8
21
 10
117.3659
 20
87.1519
 30
0.0000
  0
SEQEND
  8
0
  0
POLYLINE
  8
21
 66
1
 10
0.0000
 20
0.0000
 30
0.0000
 40
0.0381
 41
0.0381
 70
0
  0
VERTEX
  8
21
 10
117.3659
 20
87.1329
 30
0.0000
 42
1.0000
  0
VERTEX
  8
21
 10
117.3659
 20
87.1709
 30
0.0000
  0
SEQEND
  8
0
  0
POLYLINE
  8
21
 66
1
 10
0.0000
 20
0.0000
 30
0.0000
 40
0.0381
 41
0.0381
 70
0
  0
VERTEX
  8
21
 10
116.8325
 20
87.1709
 30
0.0000
 42
1.0000
  0
VERTEX
  8
21
 10
116.8325
 20
87.1329
 30
0.0000
  0
SEQEND
  8
0
  0
POLYLINE
  8
21
 66
1
 10
0.0000
 20
0.0000
 30
0.0000
 40
0.0762
 41
0.0762
 70
0
  0
VERTEX
  8
21
 10
117.3659
 20
87.1519
 30
0.0000
  0
VERTEX
  8
21
 10
117.3659
 20
86.9148
 30
0.0000
  0
SEQEND
  8
0
  0
POLYLINE
  8
21
 66
1
 10
0.0000
 20
0.0000
 30
0.0000
 40
0.0381
 41
0.0381
 70
0
  0
VERTEX
  8
21
 10
117.3469
 20
86.9148
 30
0.0000
 42
1.0000
  0
VERTEX
  8
21
 10
117.3850
 20
86.9148
 30
0.0000
  0
SEQEND
  8
0
  0
POLYLINE
  8
21
 66
1
 10
0.0000
 20
0.0000
 30
0.0000
 40
0.0381
 41
0.0381
 70
0
  0
VERTEX
  8
21
 10
117.3850
 20
87.1519
 30
0.0000
 42
1.0000
  0
VERTEX
  8
21
 10
117.3469
 20
87.1519
 30
0.0000
  0
SEQEND
  8
0
  0
POLYLINE
  8
21
 66
1
 10
0.0000
 20
0.0000
 30
0.0000
 40
0.0762
 41
0.0762
 70
0
  0
VERTEX
  8
21
 10
117.1288
 20
87.1519
 30
0.0000
  0
VERTEX
  8
21
 10
117.1288
 20
86.9148
 30
0.0000
  0
SEQEND
  8
0
  0
POLYLINE
  8
21
 66
1
 10
0.0000
 20
0.0000
 30
0.0000
 40
0.0381
 41
0.0381
 70
0
  0
VERTEX
  8
21
 10
117.1098
 20
86.9148
 30
0.0000
 42
1.0000
  0
VERTEX
  8
21
 10
117.1479
 20
86.9148
 30
0.0000
  0
SEQEND
  8
0
  0
POLYLINE
  8
21
 66
1
 10
0.0000
 20
0.0000
 30
0.0000
 40
0.0381
 41
0.0381
 70
0
  0
VERTEX
  8
21
 10
117.1479
 20
87.1519
 30
0.0000
 42
1.0000
  0
VERTEX
  8
21
 10
117.1098
 20
87.1519
 30
0.0000
  0
SEQEND
  8
0
  0
POLYLINE
  8
21
 66
1
 10
0.0000
 20
0.0000
 30
0.0000
 40
0.0762
 41
0.0762
 70
0
  0
VERTEX
  8
21
 10
117.0399
 20
86.4696
 30
0.0000
  0
VERTEX
  8
21
 10
117.0399
 20
86.6029
 30
0.0000
  0
SEQEND
  8
0
  0
POLYLINE
  8
21
 66
1
 10
0.0000
 20
0.0000
 30
0.0000
 40
0.0381
 41
0.0381
 70
0
  0
VERTEX
  8
21
 10
117.0590
 20
86.6029
 30
0.0000
 42
1.0000
  0
VERTEX
  8
21
 10
117.0209
 20
86.6029
 30
0.0000
  0
SEQEND
  8
0
  0
POLYLINE
  8
21
 66
1
 10
0.0000
 20
0.0000
 30
0.0000
 40
0.0381
 41
0.0381
 70
0
  0
VERTEX
  8
21
 10
117.0209
 20
86.4696
 30
0.0000
 42
1.0000
  0
VERTEX
  8
21
 10
117.0590
 20
86.4696
 30
0.0000
  0
SEQEND
  8
0
  0
POLYLINE
  8
21
 66
1
 10
0.0000
 20
0.0000
 30
0.0000
 40
0.0762
 41
0.0762
 70
0
  0
VERTEX
  8
21
 10
117.0399
 20
86.6029
 30
0.0000
 42
1.0000
  0
VERTEX
  8
21
 10
116.8325
 20
86.6029
 30
0.0000
  0
SEQEND
  8
0
  0
POLYLINE
  8
21
 66
1
 10
0.0000
 20
0.0000
 30
0.0000
 40
0.0381
 41
0.0381
 70
0
  0
VERTEX
  8
21
 10
117.0209
 20
86.6029
 30
0.0000
 42
1.0000
  0
VERTEX
  8
21
 10
117.0590
 20
86.6029
 30
0.0000
  0
SEQEND
  8
0
  0
POLYLINE
  8
21
 66
1
 10
0.0000
 20
0.0000
 30
0.0000
 40
0.0381
 41
0.0381
 70
0
  0
VERTEX
  8
21
 10
116.8135
 20
86.6029
 30
0.0000
 42
1.0000
  0
VERTEX
  8
21
 10
116.8516
 20
86.6029
 30
0.0000
  0
SEQEND
  8
0
  0
POLYLINE
  8
21
 66
1
 10
0.0000
 20
0.0000
 30
0.0000
 40
0.0762
 41
0.0762
 70
0
  0
VERTEX
  8
21
 10
116.8325
 20
86.6029
 30
0.0000
  0
VERTEX
  8
21
 10
116.8325
 20
86.4696
 30
0.0000
  0
SEQEND
  8
0
  0
POLYLINE
  8
21
 66
1
 10
0.0000
 20
0.0000
 30
0.0000
 40
0.0381
 41
0.0381
 70
0
  0
VERTEX
  8
21
 10
116.8135
 20
86.4696
 30
0.0000
 42
1.0000
  0
VERTEX
  8
21
 10
116.8516
 20
86.4696
 30
0.0000
  0
SEQEND
  8
0
  0
POLYLINE
  8
21
 66
1
 10
0.0000
 20
0.0000
 30
0.0000
 40
0.0381
 41
0.0381
 70
0
  0
VERTEX
  8
21
 10
116.8516
 20
86.6029
 30
0.0000
 42
1.0000
  0
VERTEX
  8
21
 10
116.8135
 20
86.6029
 30
0.0000
  0
SEQEND
  8
0
  0
POLYLINE
  8
21
 66
1
 10
0.0000
 20
0.0000
 30
0.0000
 40
0.0762
 41
0.0762
 70
0
  0
VERTEX
  8
21
 10
116.8325
 20
86.4696
 30
0.0000
  0
VERTEX
  8
21
 10
117.0992
 20
86.4696
 30
0.0000
  0
SEQEND
  8
0
  0
POLYLINE
  8
21
 66
1
 10
0.0000
 20
0.0000
 30
0.0000
 40
0.0381
 41
0.0381
 70
0
  0
VERTEX
  8
21
 10
117.0992
 20
86.4505
 30
0.0000
 42
1.0000
  0
VERTEX
  8
21
 10
117.0992
 20
86.4886
 30
0.0000
  0
SEQEND
  8
0
  0
POLYLINE
  8
21
 66
1
 10
0.0000
 20
0.0000
 30
0.0000
 40
0.0381
 41
0.0381
 70
0
  0
VERTEX
  8
21
 10
116.8325
 20
86.4886
 30
0.0000
 42
1.0000
  0
VERTEX
  8
21
 10
116.8325
 20
86.4505
 30
0.0000
  0
SEQEND
  8
0
  0
POLYLINE
  8
21
 66
1
 10
0.0000
 20
0.0000
 30
0.0000
 40
0.0762
 41
0.0762
 70
0
  0
VERTEX
  8
21
 10
117.0992
 20
86.4696
 30
0.0000
 42
0.4142
  0
VERTEX
  8
21
 10
117.1881
 20
86.5585
 30
0.0000
  0
SEQEND
  8
0
  0
POLYLINE
  8
21
 66
1
 10
0.0000
 20
0.0000
 30
0.0000
 40
0.0381
 41
0.0381
 70
0
  0
VERTEX
  8
21
 10
117.0992
 20
86.4886
 30
0.0000
 42
1.0000
  0
VERTEX
  8
21
 10
117.0992
 20
86.4505
 30
0.0000
  0
SEQEND
  8
0
  0
POLYLINE
  8
21
 66
1
 10
0.0000
 20
0.0000
 30
0.0000
 40
0.0381
 41
0.0381
 70
0
  0
VERTEX
  8
21
 10
117.2071
 20
86.5585
 30
0.0000
 42
1.0000
  0
VERTEX
  8
21
 10
117.1691
 20
86.5585
 30
0.0000
  0
SEQEND
  8
0
  0
POLYLINE
  8
21
 66
1
 10
0.0000
 20
0.0000
 30
0.0000
 40
0.0762
 41
0.0762
 70
0
  0
VERTEX
  8
21
 10
117.1881
 20
86.5585
 30
0.0000
  0
VERTEX
  8
21
 10
117.1881
 20
86.6770
 30
0.0000
  0
SEQEND
  8
0
  0
POLYLINE
  8
21
 66
1
 10
0.0000
 20
0.0000
 30
0.0000
 40
0.0381
 41
0.0381
 70
0
  0
VERTEX
  8
21
 10
117.2071
 20
86.6770
 30
0.0000
 42
1.0000
  0
VERTEX
  8
21
 10
117.1691
 20
86.6770
 30
0.0000
  0
SEQEND
  8
0
  0
POLYLINE
  8
21
 66
1
 10
0.0000
 20
0.0000
 30
0.0000
 40
0.0381
 41
0.0381
 70
0
  0
VERTEX
  8
21
 10
117.1691
 20
86.5585
 30
0.0000
 42
1.0000
  0
VERTEX
  8
21
 10
117.2071
 20
86.5585
 30
0.0000
  0
SEQEND
  8
0
  0
POLYLINE
  8
21
 66
1
 10
0.0000
 20
0.0000
 30
0.0000
 40
0.0762
 41
0.0762
 70
0
  0
VERTEX
  8
21
 10
117.1881
 20
86.1910
 30
0.0000
  0
VERTEX
  8
21
 10
116.9214
 20
86.1910
 30
0.0000
  0
SEQEND
  8
0
  0
POLYLINE
  8
21
 66
1
 10
0.0000
 20
0.0000
 30
0.0000
 40
0.0381
 41
0.0381
 70
0
  0
VERTEX
  8
21
 10
116.9214
 20
86.2100
 30
0.0000
 42
1.0000
  0
VERTEX
  8
21
 10
116.9214
 20
86.1719
 30
0.0000
  0
SEQEND
  8
0
  0
POLYLINE
  8
21
 66
1
 10
0.0000
 20
0.0000
 30
0.0000
 40
0.0381
 41
0.0381
 70
0
  0
VERTEX
  8
21
 10
117.1881
 20
86.1719
 30
0.0000
 42
1.0000
  0
VERTEX
  8
21
 10
117.1881
 20
86.2100
 30
0.0000
  0
SEQEND
  8
0
  0
POLYLINE
  8
21
 66
1
 10
0.0000
 20
0.0000
 30
0.0000
 40
0.0762
 41
0.0762
 70
0
  0
VERTEX
  8
21
 10
116.9214
 20
86.1910
 30
0.0000
 42
0.4142
  0
VERTEX
  8
21
 10
116.8325
 20
86.1021
 30
0.0000
  0
SEQEND
  8
0
  0
POLYLINE
  8
21
 66
1
 10
0.0000
 20
0.0000
 30
0.0000
 40
0.0381
 41
0.0381
 70
0
  0
VERTEX
  8
21
 10
116.9214
 20
86.1719
 30
0.0000
 42
1.0000
  0
VERTEX
  8
21
 10
116.9214
 20
86.2100
 30
0.0000
  0
SEQEND
  8
0
  0
POLYLINE
  8
21
 66
1
 10
0.0000
 20
0.0000
 30
0.0000
 40
0.0381
 41
0.0381
 70
0
  0
VERTEX
  8
21
 10
116.8135
 20
86.1021
 30
0.0000
 42
1.0000
  0
VERTEX
  8
21
 10
116.8516
 20
86.1021
 30
0.0000
  0
SEQEND
  8
0
  0
POLYLINE
  8
21
 66
1
 10
0.0000
 20
0.0000
 30
0.0000
 40
0.0762
 41
0.0762
 70
0
  0
VERTEX
  8
21
 10
116.8325
 20
86.1021
 30
0.0000
  0
VERTEX
  8
21
 10
116.8325
 20
85.9539
 30
0.0000
  0
SEQEND
  8
0
  0
POLYLINE
  8
21
 66
1
 10
0.0000
 20
0.0000
 30
0.0000
 40
0.0381
 41
0.0381
 70
0
  0
VERTEX
  8
21
 10
116.8135
 20
85.9539
 30
0.0000
 42
1.0000
  0
VERTEX
  8
21
 10
116.8516
 20
85.9539
 30
0.0000
  0
SEQEND
  8
0
  0
POLYLINE
  8
21
 66
1
 10
0.0000
 20
0.0000
 30
0.0000
 40
0.0381
 41
0.0381
 70
0
  0
VERTEX
  8
21
 10
116.8516
 20
86.1021
 30
0.0000
 42
1.0000
  0
VERTEX
  8
21
 10
116.8135
 20
86.1021
 30
0.0000
  0
SEQEND
  8
0
  0
POLYLINE
  8
21
 66
1
 10
0.0000
 20
0.0000
 30
0.0000
 40
0.0762
 41
0.0762
 70
0
  0
VERTEX
  8
21
 10
116.8325
 20
85.9539
 30
0.0000
  0
VERTEX
  8
21
 10
117.1881
 20
85.9539
 30
0.0000
  0
SEQEND
  8
0
  0
POLYLINE
  8
21
 66
1
 10
0.0000
 20
0.0000
 30
0.0000
 40
0.0381
 41
0.0381
 70
0
  0
VERTEX
  8
21
 10
117.1881
 20
85.9349
 30
0.0000
 42
1.0000
  0
VERTEX
  8
21
 10
117.1881
 20
85.9730
 30
0.0000
  0
SEQEND
  8
0
  0
POLYLINE
  8
21
 66
1
 10
0.0000
 20
0.0000
 30
0.0000
 40
0.0381
 41
0.0381
 70
0
  0
VERTEX
  8
21
 10
116.8325
 20
85.9730
 30
0.0000
 42
1.0000
  0
VERTEX
  8
21
 10
116.8325
 20
85.9349
 30
0.0000
  0
SEQEND
  8
0
  0
POLYLINE
  8
21
 66
1
 10
0.0000
 20
0.0000
 30
0.0000
 40
0.0762
 41
0.0762
 70
0
  0
VERTEX
  8
21
 10
117.3659
 20
85.6931
 30
0.0000
  0
VERTEX
  8
21
 10
116.9214
 20
85.6931
 30
0.0000
  0
SEQEND
  8
0
  0
POLYLINE
  8
21
 66
1
 10
0.0000
 20
0.0000
 30
0.0000
 40
0.0381
 41
0.0381
 70
0
  0
VERTEX
  8
21
 10
116.9214
 20
85.7122
 30
0.0000
 42
1.0000
  0
VERTEX
  8
21
 10
116.9214
 20
85.6741
 30
0.0000
  0
SEQEND
  8
0
  0
POLYLINE
  8
21
 66
1
 10
0.0000
 20
0.0000
 30
0.0000
 40
0.0381
 41
0.0381
 70
0
  0
VERTEX
  8
21
 10
117.3659
 20
85.6741
 30
0.0000
 42
1.0000
  0
VERTEX
  8
21
 10
117.3659
 20
85.7122
 30
0.0000
  0
SEQEND
  8
0
  0
POLYLINE
  8
21
 66
1
 10
0.0000
 20
0.0000
 30
0.0000
 40
0.0762
 41
0.0762
 70
0
  0
VERTEX
  8
21
 10
116.9214
 20
85.6931
 30
0.0000
 42
0.4142
  0
VERTEX
  8
21
 10
116.8325
 20
85.6042
 30
0.0000
  0
SEQEND
  8
0
  0
POLYLINE
  8
21
 66
1
 10
0.0000
 20
0.0000
 30
0.0000
 40
0.0381
 41
0.0381
 70
0
  0
VERTEX
  8
21
 10
116.9214
 20
85.6741
 30
0.0000
 42
1.0000
  0
VERTEX
  8
21
 10
116.9214
 20
85.7122
 30
0.0000
  0
SEQEND
  8
0
  0
POLYLINE
  8
21
 66
1
 10
0.0000
 20
0.0000
 30
0.0000
 40
0.0381
 41
0.0381
 70
0
  0
VERTEX
  8
21
 10
116.8135
 20
85.6042
 30
0.0000
 42
1.0000
  0
VERTEX
  8
21
 10
116.8516
 20
85.6042
 30
0.0000
  0
SEQEND
  8
0
  0
POLYLINE
  8
21
 66
1
 10
0.0000
 20
0.0000
 30
0.0000
 40
0.0762
 41
0.0762
 70
0
  0
VERTEX
  8
21
 10
116.8325
 20
85.3863
 30
0.0000
  0
VERTEX
  8
21
 10
117.3659
 20
85.3863
 30
0.0000
  0
SEQEND
  8
0
  0
POLYLINE
  8
21
 66
1
 10
0.0000
 20
0.0000
 30
0.0000
 40
0.0381
 41
0.0381
 70
0
  0
VERTEX
  8
21
 10
117.3659
 20
85.3673
 30
0.0000
 42
1.0000
  0
VERTEX
  8
21
 10
117.3659
 20
85.4054
 30
0.0000
  0
SEQEND
  8
0
  0
POLYLINE
  8
21
 66
1
 10
0.0000
 20
0.0000
 30
0.0000
 40
0.0381
 41
0.0381
 70
0
  0
VERTEX
  8
21
 10
116.8325
 20
85.4054
 30
0.0000
 42
1.0000
  0
VERTEX
  8
21
 10
116.8325
 20
85.3673
 30
0.0000
  0
SEQEND
  8
0
  0
POLYLINE
  8
21
 66
1
 10
0.0000
 20
0.0000
 30
0.0000
 40
0.0762
 41
0.0762
 70
0
  0
VERTEX
  8
21
 10
117.1881
 20
85.3863
 30
0.0000
  0
VERTEX
  8
21
 10
117.1881
 20
85.2381
 30
0.0000
  0
SEQEND
  8
0
  0
POLYLINE
  8
21
 66
1
 10
0.0000
 20
0.0000
 30
0.0000
 40
0.0381
 41
0.0381
 70
0
  0
VERTEX
  8
21
 10
117.1691
 20
85.2381
 30
0.0000
 42
1.0000
  0
VERTEX
  8
21
 10
117.2071
 20
85.2381
 30
0.0000
  0
SEQEND
  8
0
  0
POLYLINE
  8
21
 66
1
 10
0.0000
 20
0.0000
 30
0.0000
 40
0.0381
 41
0.0381
 70
0
  0
VERTEX
  8
21
 10
117.2071
 20
85.3863
 30
0.0000
 42
1.0000
  0
VERTEX
  8
21
 10
117.1691
 20
85.3863
 30
0.0000
  0
SEQEND
  8
0
  0
POLYLINE
  8
21
 66
1
 10
0.0000
 20
0.0000
 30
0.0000
 40
0.0762
 41
0.0762
 70
0
  0
VERTEX
  8
21
 10
117.0992
 20
85.1492
 30
0.0000
 42
0.4142
  0
VERTEX
  8
21
 10
117.1881
 20
85.2381
 30
0.0000
  0
SEQEND
  8
0
  0
POLYLINE
  8
21
 66
1
 10
0.0000
 20
0.0000
 30
0.0000
 40
0.0381
 41
0.0381
 70
0
  0
VERTEX
  8
21
 10
117.0992
 20
85.1683
 30
0.0000
 42
1.0000
  0
VERTEX
  8
21
 10
117.0992
 20
85.1302
 30
0.0000
  0
SEQEND
  8
0
  0
POLYLINE
  8
21
 66
1
 10
0.0000
 20
0.0000
 30
0.0000
 40
0.0381
 41
0.0381
 70
0
  0
VERTEX
  8
21
 10
117.2071
 20
85.2381
 30
0.0000
 42
1.0000
  0
VERTEX
  8
21
 10
117.1691
 20
85.2381
 30
0.0000
  0
SEQEND
  8
0
  0
POLYLINE
  8
21
 66
1
 10
0.0000
 20
0.0000
 30
0.0000
 40
0.0762
 41
0.0762
 70
0
  0
VERTEX
  8
21
 10
117.0992
 20
85.1492
 30
0.0000
  0
VERTEX
  8
21
 10
116.8325
 20
85.1492
 30
0.0000
  0
SEQEND
  8
0
  0
POLYLINE
  8
21
 66
1
 10
0.0000
 20
0.0000
 30
0.0000
 40
0.0381
 41
0.0381
 70
0
  0
VERTEX
  8
21
 10
116.8325
 20
85.1683
 30
0.0000
 42
1.0000
  0
VERTEX
  8
21
 10
116.8325
 20
85.1302
 30
0.0000
  0
SEQEND
  8
0
  0
POLYLINE
  8
21
 66
1
 10
0.0000
 20
0.0000
 30
0.0000
 40
0.0381
 41
0.0381
 70
0
  0
VERTEX
  8
21
 10
117.0992
 20
85.1302
 30
0.0000
 42
1.0000
  0
VERTEX
  8
21
 10
117.0992
 20
85.1683
 30
0.0000
  0
SEQEND
  8
0
  0
POLYLINE
  8
21
 66
1
 10
0.0000
 20
0.0000
 30
0.0000
 40
0.0762
 41
0.0762
 70
0
  0
VERTEX
  8
21
 10
117.0399
 20
84.6591
 30
0.0000
  0
VERTEX
  8
21
 10
117.0399
 20
84.7924
 30
0.0000
  0
SEQEND
  8
0
  0
POLYLINE
  8
21
 66
1
 10
0.0000
 20
0.0000
 30
0.0000
 40
0.0381
 41
0.0381
 70
0
  0
VERTEX
  8
21
 10
117.0590
 20
84.7924
 30
0.0000
 42
1.0000
  0
VERTEX
  8
21
 10
117.0209
 20
84.7924
 30
0.0000
  0
SEQEND
  8
0
  0
POLYLINE
  8
21
 66
1
 10
0.0000
 20
0.0000
 30
0.0000
 40
0.0381
 41
0.0381
 70
0
  0
VERTEX
  8
21
 10
117.0209
 20
84.6591
 30
0.0000
 42
1.0000
  0
VERTEX
  8
21
 10
117.0590
 20
84.6591
 30
0.0000
  0
SEQEND
  8
0
  0
POLYLINE
  8
21
 66
1
 10
0.0000
 20
0.0000
 30
0.0000
 40
0.0762
 41
0.0762
 70
0
  0
VERTEX
  8
21
 10
117.0399
 20
84.7924
 30
0.0000
 42
1.0000
  0
VERTEX
  8
21
 10
116.8325
 20
84.7924
 30
0.0000
  0
SEQEND
  8
0
  0
POLYLINE
  8
21
 66
1
 10
0.0000
 20
0.0000
 30
0.0000
 40
0.0381
 41
0.0381
 70
0
  0
VERTEX
  8
21
 10
117.0209
 20
84.7924
 30
0.0000
 42
1.0000
  0
VERTEX
  8
21
 10
117.0590
 20
84.7924
 30
0.0000
  0
SEQEND
  8
0
  0
POLYLINE
  8
21
 66
1
 10
0.0000
 20
0.0000
 30
0.0000
 40
0.0381
 41
0.0381
 70
0
  0
VERTEX
  8
21
 10
116.8135
 20
84.7924
 30
0.0000
 42
1.0000
  0
VERTEX
  8
21
 10
116.8516
 20
84.7924
 30
0.0000
  0
SEQEND
  8
0
  0
POLYLINE
  8
21
 66
1
 10
0.0000
 20
0.0000
 30
0.0000
 40
0.0762
 41
0.0762
 70
0
  0
VERTEX
  8
21
 10
116.8325
 20
84.7924
 30
0.0000
  0
VERTEX
  8
21
 10
116.8325
 20
84.6591
 30
0.0000
  0
SEQEND
  8
0
  0
POLYLINE
  8
21
 66
1
 10
0.0000
 20
0.0000
 30
0.0000
 40
0.0381
 41
0.0381
 70
0
  0
VERTEX
  8
21
 10
116.8135
 20
84.6591
 30
0.0000
 42
1.0000
  0
VERTEX
  8
21
 10
116.8516
 20
84.6591
 30
0.0000
  0
SEQEND
  8
0
  0
POLYLINE
  8
21
 66
1
 10
0.0000
 20
0.0000
 30
0.0000
 40
0.0381
 41
0.0381
 70
0
  0
VERTEX
  8
21
 10
116.8516
 20
84.7924
 30
0.0000
 42
1.0000
  0
VERTEX
  8
21
 10
116.8135
 20
84.7924
 30
0.0000
  0
SEQEND
  8
0
  0
POLYLINE
  8
21
 66
1
 10
0.0000
 20
0.0000
 30
0.0000
 40
0.0762
 41
0.0762
 70
0
  0
VERTEX
  8
21
 10
116.8325
 20
84.6591
 30
0.0000
  0
VERTEX
  8
21
 10
117.0992
 20
84.6591
 30
0.0000
  0
SEQEND
  8
0
  0
POLYLINE
  8
21
 66
1
 10
0.0000
 20
0.0000
 30
0.0000
 40
0.0381
 41
0.0381
 70
0
  0
VERTEX
  8
21
 10
117.0992
 20
84.6400
 30
0.0000
 42
1.0000
  0
VERTEX
  8
21
 10
117.0992
 20
84.6781
 30
0.0000
  0
SEQEND
  8
0
  0
POLYLINE
  8
21
 66
1
 10
0.0000
 20
0.0000
 30
0.0000
 40
0.0381
 41
0.0381
 70
0
  0
VERTEX
  8
21
 10
116.8325
 20
84.6781
 30
0.0000
 42
1.0000
  0
VERTEX
  8
21
 10
116.8325
 20
84.6400
 30
0.0000
  0
SEQEND
  8
0
  0
POLYLINE
  8
21
 66
1
 10
0.0000
 20
0.0000
 30
0.0000
 40
0.0762
 41
0.0762
 70
0
  0
VERTEX
  8
21
 10
117.0992
 20
84.6591
 30
0.0000
 42
0.4142
  0
VERTEX
  8
21
 10
117.1881
 20
84.7480
 30
0.0000
  0
SEQEND
  8
0
  0
POLYLINE
  8
21
 66
1
 10
0.0000
 20
0.0000
 30
0.0000
 40
0.0381
 41
0.0381
 70
0
  0
VERTEX
  8
21
 10
117.0992
 20
84.6781
 30
0.0000
 42
1.0000
  0
VERTEX
  8
21
 10
117.0992
 20
84.6400
 30
0.0000
  0
SEQEND
  8
0
  0
POLYLINE
  8
21
 66
1
 10
0.0000
 20
0.0000
 30
0.0000
 40
0.0381
 41
0.0381
 70
0
  0
VERTEX
  8
21
 10
117.2071
 20
84.7480
 30
0.0000
 42
1.0000
  0
VERTEX
  8
21
 10
117.1691
 20
84.7480
 30
0.0000
  0
SEQEND
  8
0
  0
POLYLINE
  8
21
 66
1
 10
0.0000
 20
0.0000
 30
0.0000
 40
0.0762
 41
0.0762
 70
0
  0
VERTEX
  8
21
 10
117.1881
 20
84.7480
 30
0.0000
  0
VERTEX
  8
21
 10
117.1881
 20
84.8665
 30
0.0000
  0
SEQEND
  8
0
  0
POLYLINE
  8
21
 66
1
 10
0.0000
 20
0.0000
 30
0.0000
 40
0.0381
 41
0.0381
 70
0
  0
VERTEX
  8
21
 10
117.2071
 20
84.8665
 30
0.0000
 42
1.0000
  0
VERTEX
  8
21
 10
117.1691
 20
84.8665
 30
0.0000
  0
SEQEND
  8
0
  0
POLYLINE
  8
21
 66
1
 10
0.0000
 20
0.0000
 30
0.0000
 40
0.0381
 41
0.0381
 70
0
  0
VERTEX
  8
21
 10
117.1691
 20
84.7480
 30
0.0000
 42
1.0000
  0
VERTEX
  8
21
 10
117.2071
 20
84.7480
 30
0.0000
  0
SEQEND
  8
0
  0
POLYLINE
  8
21
 66
1
 10
0.0000
 20
0.0000
 30
0.0000
 40
0.0762
 41
0.0762
 70
0
  0
VERTEX
  8
21
 10
117.3659
 20
84.3769
 30
0.0000
  0
VERTEX
  8
21
 10
116.8325
 20
84.3769
 30
0.0000
  0
SEQEND
  8
0
  0
POLYLINE
  8
21
 66
1
 10
0.0000
 20
0.0000
 30
0.0000
 40
0.0381
 41
0.0381
 70
0
  0
VERTEX
  8
21
 10
116.8325
 20
84.3959
 30
0.0000
 42
1.0000
  0
VERTEX
  8
21
 10
116.8325
 20
84.3578
 30
0.0000
  0
SEQEND
  8
0
  0
POLYLINE
  8
21
 66
1
 10
0.0000
 20
0.0000
 30
0.0000
 40
0.0381
 41
0.0381
 70
0
  0
VERTEX
  8
21
 10
117.3659
 20
84.3578
 30
0.0000
 42
1.0000
  0
VERTEX
  8
21
 10
117.3659
 20
84.3959
 30
0.0000
  0
SEQEND
  8
0
  0
POLYLINE
  8
21
 66
1
 10
0.0000
 20
0.0000
 30
0.0000
 40
0.0762
 41
0.0762
 70
0
  0
VERTEX
  8
21
 10
116.8325
 20
84.3769
 30
0.0000
  0
VERTEX
  8
21
 10
116.8325
 20
84.2287
 30
0.0000
  0
SEQEND
  8
0
  0
POLYLINE
  8
21
 66
1
 10
0.0000
 20
0.0000
 30
0.0000
 40
0.0381
 41
0.0381
 70
0
  0
VERTEX
  8
21
 10
116.8135
 20
84.2287
 30
0.0000
 42
1.0000
  0
VERTEX
  8
21
 10
116.8516
 20
84.2287
 30
0.0000
  0
SEQEND
  8
0
  0
POLYLINE
  8
21
 66
1
 10
0.0000
 20
0.0000
 30
0.0000
 40
0.0381
 41
0.0381
 70
0
  0
VERTEX
  8
21
 10
116.8516
 20
84.3769
 30
0.0000
 42
1.0000
  0
VERTEX
  8
21
 10
116.8135
 20
84.3769
 30
0.0000
  0
SEQEND
  8
0
  0
POLYLINE
  8
21
 66
1
 10
0.0000
 20
0.0000
 30
0.0000
 40
0.0762
 41
0.0762
 70
0
  0
VERTEX
  8
21
 10
116.8325
 20
84.2287
 30
0.0000
 42
0.4142
  0
VERTEX
  8
21
 10
116.9214
 20
84.1398
 30
0.0000
  0
SEQEND
  8
0
  0
POLYLINE
  8
21
 66
1
 10
0.0000
 20
0.0000
 30
0.0000
 40
0.0381
 41
0.0381
 70
0
  0
VERTEX
  8
21
 10
116.8516
 20
84.2287
 30
0.0000
 42
1.0000
  0
VERTEX
  8
21
 10
116.8135
 20
84.2287
 30
0.0000
  0
SEQEND
  8
0
  0
POLYLINE
  8
21
 66
1
 10
0.0000
 20
0.0000
 30
0.0000
 40
0.0381
 41
0.0381
 70
0
  0
VERTEX
  8
21
 10
116.9214
 20
84.1207
 30
0.0000
 42
1.0000
  0
VERTEX
  8
21
 10
116.9214
 20
84.1588
 30
0.0000
  0
SEQEND
  8
0
  0
POLYLINE
  8
21
 66
1
 10
0.0000
 20
0.0000
 30
0.0000
 40
0.0762
 41
0.0762
 70
0
  0
VERTEX
  8
21
 10
116.9214
 20
84.1398
 30
0.0000
  0
VERTEX
  8
21
 10
117.0992
 20
84.1398
 30
0.0000
  0
SEQEND
  8
0
  0
POLYLINE
  8
21
 66
1
 10
0.0000
 20
0.0000
 30
0.0000
 40
0.0381
 41
0.0381
 70
0
  0
VERTEX
  8
21
 10
117.0992
 20
84.1207
 30
0.0000
 42
1.0000
  0
VERTEX
  8
21
 10
117.0992
 20
84.1588
 30
0.0000
  0
SEQEND
  8
0
  0
POLYLINE
  8
21
 66
1
 10
0.0000
 20
0.0000
 30
0.0000
 40
0.0381
 41
0.0381
 70
0
  0
VERTEX
  8
21
 10
116.9214
 20
84.1588
 30
0.0000
 42
1.0000
  0
VERTEX
  8
21
 10
116.9214
 20
84.1207
 30
0.0000
  0
SEQEND
  8
0
  0
POLYLINE
  8
21
 66
1
 10
0.0000
 20
0.0000
 30
0.0000
 40
0.0762
 41
0.0762
 70
0
  0
VERTEX
  8
21
 10
117.0992
 20
84.1398
 30
0.0000
 42
0.4142
  0
VERTEX
  8
21
 10
117.1881
 20
84.2287
 30
0.0000
  0
SEQEND
  8
0
  0
POLYLINE
  8
21
 66
1
 10
0.0000
 20
0.0000
 30
0.0000
 40
0.0381
 41
0.0381
 70
0
  0
VERTEX
  8
21
 10
117.0992
 20
84.1588
 30
0.0000
 42
1.0000
  0
VERTEX
  8
21
 10
117.0992
 20
84.1207
 30
0.0000
  0
SEQEND
  8
0
  0
POLYLINE
  8
21
 66
1
 10
0.0000
 20
0.0000
 30
0.0000
 40
0.0381
 41
0.0381
 70
0
  0
VERTEX
  8
21
 10
117.2071
 20
84.2287
 30
0.0000
 42
1.0000
  0
VERTEX
  8
21
 10
117.1691
 20
84.2287
 30
0.0000
  0
SEQEND
  8
0
  0
POLYLINE
  8
21
 66
1
 10
0.0000
 20
0.0000
 30
0.0000
 40
0.0762
 41
0.0762
 70
0
  0
VERTEX
  8
21
 10
117.1881
 20
84.2287
 30
0.0000
  0
VERTEX
  8
21
 10
117.1881
 20
84.3769
 30
0.0000
  0
SEQEND
  8
0
  0
POLYLINE
  8
21
 66
1
 10
0.0000
 20
0.0000
 30
0.0000
 40
0.0381
 41
0.0381
 70
0
  0
VERTEX
  8
21
 10
117.2071
 20
84.3769
 30
0.0000
 42
1.0000
  0
VERTEX
  8
21
 10
117.1691
 20
84.3769
 30
0.0000
  0
SEQEND
  8
0
  0
POLYLINE
  8
21
 66
1
 10
0.0000
 20
0.0000
 30
0.0000
 40
0.0381
 41
0.0381
 70
0
  0
VERTEX
  8
21
 10
117.1691
 20
84.2287
 30
0.0000
 42
1.0000
  0
VERTEX
  8
21
 10
117.2071
 20
84.2287
 30
0.0000
  0
SEQEND
  8
0
  0
POLYLINE
  8
21
 66
1
 10
0.0000
 20
0.0000
 30
0.0000
 40
0.0762
 41
0.0762
 70
0
  0
VERTEX
  8
21
 10
116.8325
 20
83.6679
 30
0.0000
  0
VERTEX
  8
21
 10
116.8325
 20
83.8161
 30
0.0000
  0
SEQEND
  8
0
  0
POLYLINE
  8
21
 66
1
 10
0.0000
 20
0.0000
 30
0.0000
 40
0.0381
 41
0.0381
 70
0
  0
VERTEX
  8
21
 10
116.8516
 20
83.8161
 30
0.0000
 42
1.0000
  0
VERTEX
  8
21
 10
116.8135
 20
83.8161
 30
0.0000
  0
SEQEND
  8
0
  0
POLYLINE
  8
21
 66
1
 10
0.0000
 20
0.0000
 30
0.0000
 40
0.0381
 41
0.0381
 70
0
  0
VERTEX
  8
21
 10
116.8135
 20
83.6679
 30
0.0000
 42
1.0000
  0
VERTEX
  8
21
 10
116.8516
 20
83.6679
 30
0.0000
  0
SEQEND
  8
0
  0
POLYLINE
  8
21
 66
1
 10
0.0000
 20
0.0000
 30
0.0000
 40
0.0762
 41
0.0762
 70
0
  0
VERTEX
  8
21
 10
116.9214
 20
83.9050
 30
0.0000
 42
0.4142
  0
VERTEX
  8
21
 10
116.8325
 20
83.8161
 30
0.0000
  0
SEQEND
  8
0
  0
POLYLINE
  8
21
 66
1
 10
0.0000
 20
0.0000
 30
0.0000
 40
0.0381
 41
0.0381
 70
0
  0
VERTEX
  8
21
 10
116.9214
 20
83.8859
 30
0.0000
 42
1.0000
  0
VERTEX
  8
21
 10
116.9214
 20
83.9240
 30
0.0000
  0
SEQEND
  8
0
  0
POLYLINE
  8
21
 66
1
 10
0.0000
 20
0.0000
 30
0.0000
 40
0.0381
 41
0.0381
 70
0
  0
VERTEX
  8
21
 10
116.8135
 20
83.8161
 30
0.0000
 42
1.0000
  0
VERTEX
  8
21
 10
116.8516
 20
83.8161
 30
0.0000
  0
SEQEND
  8
0
  0
POLYLINE
  8
21
 66
1
 10
0.0000
 20
0.0000
 30
0.0000
 40
0.0762
 41
0.0762
 70
0
  0
VERTEX
  8
21
 10
116.9214
 20
83.9050
 30
0.0000
  0
VERTEX
  8
21
 10
117.0696
 20
83.9050
 30
0.0000
  0
SEQEND
  8
0
  0
POLYLINE
  8
21
 66
1
 10
0.0000
 20
0.0000
 30
0.0000
 40
0.0381
 41
0.0381
 70
0
  0
VERTEX
  8
21
 10
117.0696
 20
83.8859
 30
0.0000
 42
1.0000
  0
VERTEX
  8
21
 10
117.0696
 20
83.9240
 30
0.0000
  0
SEQEND
  8
0
  0
POLYLINE
  8
21
 66
1
 10
0.0000
 20
0.0000
 30
0.0000
 40
0.0381
 41
0.0381
 70
0
  0
VERTEX
  8
21
 10
116.9214
 20
83.9240
 30
0.0000
 42
1.0000
  0
VERTEX
  8
21
 10
116.9214
 20
83.8859
 30
0.0000
  0
SEQEND
  8
0
  0
POLYLINE
  8
21
 66
1
 10
0.0000
 20
0.0000
 30
0.0000
 40
0.0762
 41
0.0762
 70
0
  0
VERTEX
  8
21
 10
117.0696
 20
83.6679
 30
0.0000
 42
1.0000
  0
VERTEX
  8
21
 10
117.0696
 20
83.9050
 30
0.0000
  0
SEQEND
  8
0
  0
POLYLINE
  8
21
 66
1
 10
0.0000
 20
0.0000
 30
0.0000
 40
0.0381
 41
0.0381
 70
0
  0
VERTEX
  8
21
 10
117.0696
 20
83.6870
 30
0.0000
 42
1.0000
  0
VERTEX
  8
21
 10
117.0696
 20
83.6489
 30
0.0000
  0
SEQEND
  8
0
  0
POLYLINE
  8
21
 66
1
 10
0.0000
 20
0.0000
 30
0.0000
 40
0.0381
 41
0.0381
 70
0
  0
VERTEX
  8
21
 10
117.0696
 20
83.9240
 30
0.0000
 42
1.0000
  0
VERTEX
  8
21
 10
117.0696
 20
83.8859
 30
0.0000
  0
SEQEND
  8
0
  0
POLYLINE
  8
21
 66
1
 10
0.0000
 20
0.0000
 30
0.0000
 40
0.0762
 41
0.0762
 70
0
  0
VERTEX
  8
21
 10
117.0696
 20
83.6679
 30
0.0000
  0
VERTEX
  8
21
 10
117.0103
 20
83.6679
 30
0.0000
  0
SEQEND
  8
0
  0
POLYLINE
  8
21
 66
1
 10
0.0000
 20
0.0000
 30
0.0000
 40
0.0381
 41
0.0381
 70
0
  0
VERTEX
  8
21
 10
117.0103
 20
83.6870
 30
0.0000
 42
1.0000
  0
VERTEX
  8
21
 10
117.0103
 20
83.6489
 30
0.0000
  0
SEQEND
  8
0
  0
POLYLINE
  8
21
 66
1
 10
0.0000
 20
0.0000
 30
0.0000
 40
0.0381
 41
0.0381
 70
0
  0
VERTEX
  8
21
 10
117.0696
 20
83.6489
 30
0.0000
 42
1.0000
  0
VERTEX
  8
21
 10
117.0696
 20
83.6870
 30
0.0000
  0
SEQEND
  8
0
  0
POLYLINE
  8
21
 66
1
 10
0.0000
 20
0.0000
 30
0.0000
 40
0.0762
 41
0.0762
 70
0
  0
VERTEX
  8
21
 10
117.0103
 20
83.6679
 30
0.0000
  0
VERTEX
  8
21
 10
117.0103
 20
83.9050
 30
0.0000
  0
SEQEND
  8
0
  0
POLYLINE
  8
21
 66
1
 10
0.0000
 20
0.0000
 30
0.0000
 40
0.0381
 41
0.0381
 70
0
  0
VERTEX
  8
21
 10
117.0293
 20
83.9050
 30
0.0000
 42
1.0000
  0
VERTEX
  8
21
 10
116.9913
 20
83.9050
 30
0.0000
  0
SEQEND
  8
0
  0
POLYLINE
  8
21
 66
1
 10
0.0000
 20
0.0000
 30
0.0000
 40
0.0381
 41
0.0381
 70
0
  0
VERTEX
  8
21
 10
116.9913
 20
83.6679
 30
0.0000
 42
1.0000
  0
VERTEX
  8
21
 10
117.0293
 20
83.6679
 30
0.0000
  0
SEQEND
  8
0
  0
POLYLINE
  8
21
 66
1
 10
0.0000
 20
0.0000
 30
0.0000
 40
0.0762
 41
0.0762
 70
0
  0
VERTEX
  8
21
 10
116.8325
 20
83.4071
 30
0.0000
  0
VERTEX
  8
21
 10
117.1881
 20
83.4071
 30
0.0000
  0
SEQEND
  8
0
  0
POLYLINE
  8
21
 66
1
 10
0.0000
 20
0.0000
 30
0.0000
 40
0.0381
 41
0.0381
 70
0
  0
VERTEX
  8
21
 10
117.1881
 20
83.3881
 30
0.0000
 42
1.0000
  0
VERTEX
  8
21
 10
117.1881
 20
83.4262
 30
0.0000
  0
SEQEND
  8
0
  0
POLYLINE
  8
21
 66
1
 10
0.0000
 20
0.0000
 30
0.0000
 40
0.0381
 41
0.0381
 70
0
  0
VERTEX
  8
21
 10
116.8325
 20
83.4262
 30
0.0000
 42
1.0000
  0
VERTEX
  8
21
 10
116.8325
 20
83.3881
 30
0.0000
  0
SEQEND
  8
0
  0
POLYLINE
  8
21
 66
1
 10
0.0000
 20
0.0000
 30
0.0000
 40
0.0762
 41
0.0762
 70
0
  0
VERTEX
  8
21
 10
117.1881
 20
83.4071
 30
0.0000
  0
VERTEX
  8
21
 10
117.1881
 20
83.2293
 30
0.0000
  0
SEQEND
  8
0
  0
POLYLINE
  8
21
 66
1
 10
0.0000
 20
0.0000
 30
0.0000
 40
0.0381
 41
0.0381
 70
0
  0
VERTEX
  8
21
 10
117.1691
 20
83.2293
 30
0.0000
 42
1.0000
  0
VERTEX
  8
21
 10
117.2071
 20
83.2293
 30
0.0000
  0
SEQEND
  8
0
  0
POLYLINE
  8
21
 66
1
 10
0.0000
 20
0.0000
 30
0.0000
 40
0.0381
 41
0.0381
 70
0
  0
VERTEX
  8
21
 10
117.2071
 20
83.4071
 30
0.0000
 42
1.0000
  0
VERTEX
  8
21
 10
117.1691
 20
83.4071
 30
0.0000
  0
SEQEND
  8
0
  0
POLYLINE
  8
21
 66
1
 10
0.0000
 20
0.0000
 30
0.0000
 40
0.0762
 41
0.0762
 70
0
  0
VERTEX
  8
21
 10
117.1881
 20
83.2293
 30
0.0000
  0
VERTEX
  8
21
 10
117.1288
 20
83.2293
 30
0.0000
  0
SEQEND
  8
0
  0
POLYLINE
  8
21
 66
1
 10
0.0000
 20
0.0000
 30
0.0000
 40
0.0381
 41
0.0381
 70
0
  0
VERTEX
  8
21
 10
117.1288
 20
83.2484
 30
0.0000
 42
1.0000
  0
VERTEX
  8
21
 10
117.1288
 20
83.2103
 30
0.0000
  0
SEQEND
  8
0
  0
POLYLINE
  8
21
 66
1
 10
0.0000
 20
0.0000
 30
0.0000
 40
0.0381
 41
0.0381
 70
0
  0
VERTEX
  8
21
 10
117.1881
 20
83.2103
 30
0.0000
 42
1.0000
  0
VERTEX
  8
21
 10
117.1881
 20
83.2484
 30
0.0000
  0
SEQEND
  8
0
  0
POLYLINE
  8
21
 66
1
 10
0.0000
 20
0.0000
 30
0.0000
 40
0.0762
 41
0.0762
 70
0
  0
VERTEX
  8
21
 10
116.8325
 20
82.6343
 30
0.0000
  0
VERTEX
  8
21
 10
117.3659
 20
82.6343
 30
0.0000
  0
SEQEND
  8
0
  0
POLYLINE
  8
21
 66
1
 10
0.0000
 20
0.0000
 30
0.0000
 40
0.0381
 41
0.0381
 70
0
  0
VERTEX
  8
21
 10
117.3659
 20
82.6153
 30
0.0000
 42
1.0000
  0
VERTEX
  8
21
 10
117.3659
 20
82.6534
 30
0.0000
  0
SEQEND
  8
0
  0
POLYLINE
  8
21
 66
1
 10
0.0000
 20
0.0000
 30
0.0000
 40
0.0381
 41
0.0381
 70
0
  0
VERTEX
  8
21
 10
116.8325
 20
82.6534
 30
0.0000
 42
1.0000
  0
VERTEX
  8
21
 10
116.8325
 20
82.6153
 30
0.0000
  0
SEQEND
  8
0
  0
POLYLINE
  8
21
 66
1
 10
0.0000
 20
0.0000
 30
0.0000
 40
0.0762
 41
0.0762
 70
0
  0
VERTEX
  8
21
 10
117.3659
 20
82.7825
 30
0.0000
  0
VERTEX
  8
21
 10
117.3659
 20
82.4862
 30
0.0000
  0
SEQEND
  8
0
  0
POLYLINE
  8
21
 66
1
 10
0.0000
 20
0.0000
 30
0.0000
 40
0.0381
 41
0.0381
 70
0
  0
VERTEX
  8
21
 10
117.3469
 20
82.4862
 30
0.0000
 42
1.0000
  0
VERTEX
  8
21
 10
117.3850
 20
82.4862
 30
0.0000
  0
SEQEND
  8
0
  0
POLYLINE
  8
21
 66
1
 10
0.0000
 20
0.0000
 30
0.0000
 40
0.0381
 41
0.0381
 70
0
  0
VERTEX
  8
21
 10
117.3850
 20
82.7825
 30
0.0000
 42
1.0000
  0
VERTEX
  8
21
 10
117.3469
 20
82.7825
 30
0.0000
  0
SEQEND
  8
0
  0
POLYLINE
  8
21
 66
1
 10
0.0000
 20
0.0000
 30
0.0000
 40
0.0762
 41
0.0762
 70
0
  0
VERTEX
  8
21
 10
116.8325
 20
82.1109
 30
0.0000
 42
0.4142
  0
VERTEX
  8
21
 10
116.9510
 20
81.9924
 30
0.0000
  0
SEQEND
  8
0
  0
POLYLINE
  8
21
 66
1
 10
0.0000
 20
0.0000
 30
0.0000
 40
0.0381
 41
0.0381
 70
0
  0
VERTEX
  8
21
 10
116.8516
 20
82.1109
 30
0.0000
 42
1.0000
  0
VERTEX
  8
21
 10
116.8135
 20
82.1109
 30
0.0000
  0
SEQEND
  8
0
  0
POLYLINE
  8
21
 66
1
 10
0.0000
 20
0.0000
 30
0.0000
 40
0.0381
 41
0.0381
 70
0
  0
VERTEX
  8
21
 10
116.9510
 20
81.9733
 30
0.0000
 42
1.0000
  0
VERTEX
  8
21
 10
116.9510
 20
82.0114
 30
0.0000
  0
SEQEND
  8
0
  0
POLYLINE
  8
21
 66
1
 10
0.0000
 20
0.0000
 30
0.0000
 40
0.0762
 41
0.0762
 70
0
  0
VERTEX
  8
21
 10
116.9066
 20
82.2887
 30
0.0000
 42
0.2000
  0
VERTEX
  8
21
 10
116.8325
 20
82.1109
 30
0.0000
  0
SEQEND
  8
0
  0
POLYLINE
  8
21
 66
1
 10
0.0000
 20
0.0000
 30
0.0000
 40
0.0381
 41
0.0381
 70
0
  0
VERTEX
  8
21
 10
116.9200
 20
82.2752
 30
0.0000
 42
1.0000
  0
VERTEX
  8
21
 10
116.8932
 20
82.3022
 30
0.0000
  0
SEQEND
  8
0
  0
POLYLINE
  8
21
 66
1
 10
0.0000
 20
0.0000
 30
0.0000
 40
0.0381
 41
0.0381
 70
0
  0
VERTEX
  8
21
 10
116.8135
 20
82.1109
 30
0.0000
 42
1.0000
  0
VERTEX
  8
21
 10
116.8516
 20
82.1109
 30
0.0000
  0
SEQEND
  8
0
  0
POLYLINE
  8
21
 66
1
 10
0.0000
 20
0.0000
 30
0.0000
 40
0.0762
 41
0.0762
 70
0
  0
VERTEX
  8
21
 10
117.3659
 20
82.1554
 30
0.0000
 42
0.4142
  0
VERTEX
  8
21
 10
117.2474
 20
82.2739
 30
0.0000
  0
SEQEND
  8
0
  0
POLYLINE
  8
21
 66
1
 10
0.0000
 20
0.0000
 30
0.0000
 40
0.0381
 41
0.0381
 70
0
  0
VERTEX
  8
21
 10
117.3469
 20
82.1554
 30
0.0000
 42
1.0000
  0
VERTEX
  8
21
 10
117.3850
 20
82.1554
 30
0.0000
  0
SEQEND
  8
0
  0
POLYLINE
  8
21
 66
1
 10
0.0000
 20
0.0000
 30
0.0000
 40
0.0381
 41
0.0381
 70
0
  0
VERTEX
  8
21
 10
117.2474
 20
82.2930
 30
0.0000
 42
1.0000
  0
VERTEX
  8
21
 10
117.2474
 20
82.2549
 30
0.0000
  0
SEQEND
  8
0
  0
POLYLINE
  8
21
 66
1
 10
0.0000
 20
0.0000
 30
0.0000
 40
0.0762
 41
0.0762
 70
0
  0
VERTEX
  8
21
 10
117.3214
 20
82.0220
 30
0.0000
 42
0.1623
  0
VERTEX
  8
21
 10
117.3659
 20
82.1554
 30
0.0000
  0
SEQEND
  8
0
  0
POLYLINE
  8
21
 66
1
 10
0.0000
 20
0.0000
 30
0.0000
 40
0.0381
 41
0.0381
 70
0
  0
VERTEX
  8
21
 10
117.3062
 20
82.0334
 30
0.0000
 42
1.0000
  0
VERTEX
  8
21
 10
117.3367
 20
82.0106
 30
0.0000
  0
SEQEND
  8
0
  0
POLYLINE
  8
21
 66
1
 10
0.0000
 20
0.0000
 30
0.0000
 40
0.0381
 41
0.0381
 70
0
  0
VERTEX
  8
21
 10
117.3850
 20
82.1554
 30
0.0000
 42
1.0000
  0
VERTEX
  8
21
 10
117.3469
 20
82.1554
 30
0.0000
  0
SEQEND
  8
0
  0
POLYLINE
  8
21
 66
1
 10
0.0000
 20
0.0000
 30
0.0000
 40
0.0762
 41
0.0762
 70
0
  0
VERTEX
  8
21
 10
117.2474
 20
82.2739
 30
0.0000
 42
0.2656
  0
VERTEX
  8
21
 10
117.1437
 20
82.2146
 30
0.0000
  0
SEQEND
  8
0
  0
POLYLINE
  8
21
 66
1
 10
0.0000
 20
0.0000
 30
0.0000
 40
0.0381
 41
0.0381
 70
0
  0
VERTEX
  8
21
 10
117.2474
 20
82.2549
 30
0.0000
 42
1.0000
  0
VERTEX
  8
21
 10
117.2474
 20
82.2930
 30
0.0000
  0
SEQEND
  8
0
  0
POLYLINE
  8
21
 66
1
 10
0.0000
 20
0.0000
 30
0.0000
 40
0.0381
 41
0.0381
 70
0
  0
VERTEX
  8
21
 10
117.1272
 20
82.2243
 30
0.0000
 42
1.0000
  0
VERTEX
  8
21
 10
117.1601
 20
82.2050
 30
0.0000
  0
SEQEND
  8
0
  0
POLYLINE
  8
21
 66
1
 10
0.0000
 20
0.0000
 30
0.0000
 40
0.0762
 41
0.0762
 70
0
  0
VERTEX
  8
21
 10
116.9510
 20
81.9924
 30
0.0000
 42
0.2656
  0
VERTEX
  8
21
 10
117.0547
 20
82.0517
 30
0.0000
  0
SEQEND
  8
0
  0
POLYLINE
  8
21
 66
1
 10
0.0000
 20
0.0000
 30
0.0000
 40
0.0381
 41
0.0381
 70
0
  0
VERTEX
  8
21
 10
116.9510
 20
82.0114
 30
0.0000
 42
1.0000
  0
VERTEX
  8
21
 10
116.9510
 20
81.9733
 30
0.0000
  0
SEQEND
  8
0
  0
POLYLINE
  8
21
 66
1
 10
0.0000
 20
0.0000
 30
0.0000
 40
0.0381
 41
0.0381
 70
0
  0
VERTEX
  8
21
 10
117.0712
 20
82.0420
 30
0.0000
 42
1.0000
  0
VERTEX
  8
21
 10
117.0383
 20
82.0613
 30
0.0000
  0
SEQEND
  8
0
  0
POLYLINE
  8
21
 66
1
 10
0.0000
 20
0.0000
 30
0.0000
 40
0.0762
 41
0.0762
 70
0
  0
VERTEX
  8
21
 10
117.0547
 20
82.0517
 30
0.0000
  0
VERTEX
  8
21
 10
117.1437
 20
82.2146
 30
0.0000
  0
SEQEND
  8
0
  0
POLYLINE
  8
21
 66
1
 10
0.0000
 20
0.0000
 30
0.0000
 40
0.0381
 41
0.0381
 70
0
  0
VERTEX
  8
21
 10
117.1604
 20
82.2055
 30
0.0000
 42
1.0000
  0
VERTEX
  8
21
 10
117.1269
 20
82.2238
 30
0.0000
  0
SEQEND
  8
0
  0
POLYLINE
  8
21
 66
1
 10
0.0000
 20
0.0000
 30
0.0000
 40
0.0381
 41
0.0381
 70
0
  0
VERTEX
  8
21
 10
117.0380
 20
82.0608
 30
0.0000
 42
1.0000
  0
VERTEX
  8
21
 10
117.0715
 20
82.0425
 30
0.0000
  0
SEQEND
  8
0
  0
POLYLINE
  8
21
 66
1
 10
0.0000
 20
0.0000
 30
0.0000
 40
0.0762
 41
0.0762
 70
0
  0
VERTEX
  8
21
 10
116.8325
 20
81.5282
 30
0.0000
  0
VERTEX
  8
21
 10
116.8325
 20
81.6764
 30
0.0000
  0
SEQEND
  8
0
  0
POLYLINE
  8
21
 66
1
 10
0.0000
 20
0.0000
 30
0.0000
 40
0.0381
 41
0.0381
 70
0
  0
VERTEX
  8
21
 10
116.8516
 20
81.6764
 30
0.0000
 42
1.0000
  0
VERTEX
  8
21
 10
116.8135
 20
81.6764
 30
0.0000
  0
SEQEND
  8
0
  0
POLYLINE
  8
21
 66
1
 10
0.0000
 20
0.0000
 30
0.0000
 40
0.0381
 41
0.0381
 70
0
  0
VERTEX
  8
21
 10
116.8135
 20
81.5282
 30
0.0000
 42
1.0000
  0
VERTEX
  8
21
 10
116.8516
 20
81.5282
 30
0.0000
  0
SEQEND
  8
0
  0
POLYLINE
  8
21
 66
1
 10
0.0000
 20
0.0000
 30
0.0000
 40
0.0762
 41
0.0762
 70
0
  0
VERTEX
  8
21
 10
116.9214
 20
81.7653
 30
0.0000
 42
0.4142
  0
VERTEX
  8
21
 10
116.8325
 20
81.6764
 30
0.0000
  0
SEQEND
  8
0
  0
POLYLINE
  8
21
 66
1
 10
0.0000
 20
0.0000
 30
0.0000
 40
0.0381
 41
0.0381
 70
0
  0
VERTEX
  8
21
 10
116.9214
 20
81.7463
 30
0.0000
 42
1.0000
  0
VERTEX
  8
21
 10
116.9214
 20
81.7844
 30
0.0000
  0
SEQEND
  8
0
  0
POLYLINE
  8
21
 66
1
 10
0.0000
 20
0.0000
 30
0.0000
 40
0.0381
 41
0.0381
 70
0
  0
VERTEX
  8
21
 10
116.8135
 20
81.6764
 30
0.0000
 42
1.0000
  0
VERTEX
  8
21
 10
116.8516
 20
81.6764
 30
0.0000
  0
SEQEND
  8
0
  0
POLYLINE
  8
21
 66
1
 10
0.0000
 20
0.0000
 30
0.0000
 40
0.0762
 41
0.0762
 70
0
  0
VERTEX
  8
21
 10
116.9214
 20
81.7653
 30
0.0000
  0
VERTEX
  8
21
 10
117.0696
 20
81.7653
 30
0.0000
  0
SEQEND
  8
0
  0
POLYLINE
  8
21
 66
1
 10
0.0000
 20
0.0000
 30
0.0000
 40
0.0381
 41
0.0381
 70
0
  0
VERTEX
  8
21
 10
117.0696
 20
81.7463
 30
0.0000
 42
1.0000
  0
VERTEX
  8
21
 10
117.0696
 20
81.7844
 30
0.0000
  0
SEQEND
  8
0
  0
POLYLINE
  8
21
 66
1
 10
0.0000
 20
0.0000
 30
0.0000
 40
0.0381
 41
0.0381
 70
0
  0
VERTEX
  8
21
 10
116.9214
 20
81.7844
 30
0.0000
 42
1.0000
  0
VERTEX
  8
21
 10
116.9214
 20
81.7463
 30
0.0000
  0
SEQEND
  8
0
  0
POLYLINE
  8
21
 66
1
 10
0.0000
 20
0.0000
 30
0.0000
 40
0.0762
 41
0.0762
 70
0
  0
VERTEX
  8
21
 10
117.0696
 20
81.5282
 30
0.0000
 42
1.0000
  0
VERTEX
  8
21
 10
117.0696
 20
81.7653
 30
0.0000
  0
SEQEND
  8
0
  0
POLYLINE
  8
21
 66
1
 10
0.0000
 20
0.0000
 30
0.0000
 40
0.0381
 41
0.0381
 70
0
  0
VERTEX
  8
21
 10
117.0696
 20
81.5473
 30
0.0000
 42
1.0000
  0
VERTEX
  8
21
 10
117.0696
 20
81.5092
 30
0.0000
  0
SEQEND
  8
0
  0
POLYLINE
  8
21
 66
1
 10
0.0000
 20
0.0000
 30
0.0000
 40
0.0381
 41
0.0381
 70
0
  0
VERTEX
  8
21
 10
117.0696
 20
81.7844
 30
0.0000
 42
1.0000
  0
VERTEX
  8
21
 10
117.0696
 20
81.7463
 30
0.0000
  0
SEQEND
  8
0
  0
POLYLINE
  8
21
 66
1
 10
0.0000
 20
0.0000
 30
0.0000
 40
0.0762
 41
0.0762
 70
0
  0
VERTEX
  8
21
 10
117.0696
 20
81.5282
 30
0.0000
  0
VERTEX
  8
21
 10
117.0103
 20
81.5282
 30
0.0000
  0
SEQEND
  8
0
  0
POLYLINE
  8
21
 66
1
 10
0.0000
 20
0.0000
 30
0.0000
 40
0.0381
 41
0.0381
 70
0
  0
VERTEX
  8
21
 10
117.0103
 20
81.5473
 30
0.0000
 42
1.0000
  0
VERTEX
  8
21
 10
117.0103
 20
81.5092
 30
0.0000
  0
SEQEND
  8
0
  0
POLYLINE
  8
21
 66
1
 10
0.0000
 20
0.0000
 30
0.0000
 40
0.0381
 41
0.0381
 70
0
  0
VERTEX
  8
21
 10
117.0696
 20
81.5092
 30
0.0000
 42
1.0000
  0
VERTEX
  8
21
 10
117.0696
 20
81.5473
 30
0.0000
  0
SEQEND
  8
0
  0
POLYLINE
  8
21
 66
1
 10
0.0000
 20
0.0000
 30
0.0000
 40
0.0762
 41
0.0762
 70
0
  0
VERTEX
  8
21
 10
117.0103
 20
81.5282
 30
0.0000
  0
VERTEX
  8
21
 10
117.0103
 20
81.7653
 30
0.0000
  0
SEQEND
  8
0
  0
POLYLINE
  8
21
 66
1
 10
0.0000
 20
0.0000
 30
0.0000
 40
0.0381
 41
0.0381
 70
0
  0
VERTEX
  8
21
 10
117.0293
 20
81.7653
 30
0.0000
 42
1.0000
  0
VERTEX
  8
21
 10
116.9913
 20
81.7653
 30
0.0000
  0
SEQEND
  8
0
  0
POLYLINE
  8
21
 66
1
 10
0.0000
 20
0.0000
 30
0.0000
 40
0.0381
 41
0.0381
 70
0
  0
VERTEX
  8
21
 10
116.9913
 20
81.5282
 30
0.0000
 42
1.0000
  0
VERTEX
  8
21
 10
117.0293
 20
81.5282
 30
0.0000
  0
SEQEND
  8
0
  0
POLYLINE
  8
21
 66
1
 10
0.0000
 20
0.0000
 30
0.0000
 40
0.0762
 41
0.0762
 70
0
  0
VERTEX
  8
21
 10
116.8325
 20
81.2715
 30
0.0000
  0
VERTEX
  8
21
 10
117.1881
 20
81.2715
 30
0.0000
  0
SEQEND
  8
0
  0
POLYLINE
  8
21
 66
1
 10
0.0000
 20
0.0000
 30
0.0000
 40
0.0381
 41
0.0381
 70
0
  0
VERTEX
  8
21
 10
117.1881
 20
81.2525
 30
0.0000
 42
1.0000
  0
VERTEX
  8
21
 10
117.1881
 20
81.2906
 30
0.0000
  0
SEQEND
  8
0
  0
POLYLINE
  8
21
 66
1
 10
0.0000
 20
0.0000
 30
0.0000
 40
0.0381
 41
0.0381
 70
0
  0
VERTEX
  8
21
 10
116.8325
 20
81.2906
 30
0.0000
 42
1.0000
  0
VERTEX
  8
21
 10
116.8325
 20
81.2525
 30
0.0000
  0
SEQEND
  8
0
  0
POLYLINE
  8
21
 66
1
 10
0.0000
 20
0.0000
 30
0.0000
 40
0.0762
 41
0.0762
 70
0
  0
VERTEX
  8
21
 10
117.1881
 20
81.2715
 30
0.0000
  0
VERTEX
  8
21
 10
117.1881
 20
81.1234
 30
0.0000
  0
SEQEND
  8
0
  0
POLYLINE
  8
21
 66
1
 10
0.0000
 20
0.0000
 30
0.0000
 40
0.0381
 41
0.0381
 70
0
  0
VERTEX
  8
21
 10
117.1691
 20
81.1234
 30
0.0000
 42
1.0000
  0
VERTEX
  8
21
 10
117.2071
 20
81.1234
 30
0.0000
  0
SEQEND
  8
0
  0
POLYLINE
  8
21
 66
1
 10
0.0000
 20
0.0000
 30
0.0000
 40
0.0381
 41
0.0381
 70
0
  0
VERTEX
  8
21
 10
117.2071
 20
81.2715
 30
0.0000
 42
1.0000
  0
VERTEX
  8
21
 10
117.1691
 20
81.2715
 30
0.0000
  0
SEQEND
  8
0
  0
POLYLINE
  8
21
 66
1
 10
0.0000
 20
0.0000
 30
0.0000
 40
0.0762
 41
0.0762
 70
0
  0
VERTEX
  8
21
 10
117.0992
 20
81.0345
 30
0.0000
 42
0.4142
  0
VERTEX
  8
21
 10
117.1881
 20
81.1234
 30
0.0000
  0
SEQEND
  8
0
  0
POLYLINE
  8
21
 66
1
 10
0.0000
 20
0.0000
 30
0.0000
 40
0.0381
 41
0.0381
 70
0
  0
VERTEX
  8
21
 10
117.0992
 20
81.0535
 30
0.0000
 42
1.0000
  0
VERTEX
  8
21
 10
117.0992
 20
81.0154
 30
0.0000
  0
SEQEND
  8
0
  0
POLYLINE
  8
21
 66
1
 10
0.0000
 20
0.0000
 30
0.0000
 40
0.0381
 41
0.0381
 70
0
  0
VERTEX
  8
21
 10
117.2071
 20
81.1234
 30
0.0000
 42
1.0000
  0
VERTEX
  8
21
 10
117.1691
 20
81.1234
 30
0.0000
  0
SEQEND
  8
0
  0
POLYLINE
  8
21
 66
1
 10
0.0000
 20
0.0000
 30
0.0000
 40
0.0762
 41
0.0762
 70
0
  0
VERTEX
  8
21
 10
117.0992
 20
81.0345
 30
0.0000
  0
VERTEX
  8
21
 10
116.8325
 20
81.0345
 30
0.0000
  0
SEQEND
  8
0
  0
POLYLINE
  8
21
 66
1
 10
0.0000
 20
0.0000
 30
0.0000
 40
0.0381
 41
0.0381
 70
0
  0
VERTEX
  8
21
 10
116.8325
 20
81.0535
 30
0.0000
 42
1.0000
  0
VERTEX
  8
21
 10
116.8325
 20
81.0154
 30
0.0000
  0
SEQEND
  8
0
  0
POLYLINE
  8
21
 66
1
 10
0.0000
 20
0.0000
 30
0.0000
 40
0.0381
 41
0.0381
 70
0
  0
VERTEX
  8
21
 10
117.0992
 20
81.0154
 30
0.0000
 42
1.0000
  0
VERTEX
  8
21
 10
117.0992
 20
81.0535
 30
0.0000
  0
SEQEND
  8
0
  0
POLYLINE
  8
21
 66
1
 10
0.0000
 20
0.0000
 30
0.0000
 40
0.0762
 41
0.0762
 70
0
  0
VERTEX
  8
21
 10
116.2737
 20
87.1519
 30
0.0000
  0
VERTEX
  8
21
 10
115.9181
 20
87.0334
 30
0.0000
  0
SEQEND
  8
0
  0
POLYLINE
  8
21
 66
1
 10
0.0000
 20
0.0000
 30
0.0000
 40
0.0381
 41
0.0381
 70
0
  0
VERTEX
  8
21
 10
115.9121
 20
87.0514
 30
0.0000
 42
1.0000
  0
VERTEX
  8
21
 10
115.9241
 20
87.0153
 30
0.0000
  0
SEQEND
  8
0
  0
POLYLINE
  8
21
 66
1
 10
0.0000
 20
0.0000
 30
0.0000
 40
0.0381
 41
0.0381
 70
0
  0
VERTEX
  8
21
 10
116.2797
 20
87.1338
 30
0.0000
 42
1.0000
  0
VERTEX
  8
21
 10
116.2677
 20
87.1700
 30
0.0000
  0
SEQEND
  8
0
  0
POLYLINE
  8
21
 66
1
 10
0.0000
 20
0.0000
 30
0.0000
 40
0.0762
 41
0.0762
 70
0
  0
VERTEX
  8
21
 10
115.9181
 20
87.0334
 30
0.0000
  0
VERTEX
  8
21
 10
116.2737
 20
86.9148
 30
0.0000
  0
SEQEND
  8
0
  0
POLYLINE
  8
21
 66
1
 10
0.0000
 20
0.0000
 30
0.0000
 40
0.0381
 41
0.0381
 70
0
  0
VERTEX
  8
21
 10
116.2677
 20
86.8968
 30
0.0000
 42
1.0000
  0
VERTEX
  8
21
 10
116.2797
 20
86.9329
 30
0.0000
  0
SEQEND
  8
0
  0
POLYLINE
  8
21
 66
1
 10
0.0000
 20
0.0000
 30
0.0000
 40
0.0381
 41
0.0381
 70
0
  0
VERTEX
  8
21
 10
115.9241
 20
87.0514
 30
0.0000
 42
1.0000
  0
VERTEX
  8
21
 10
115.9121
 20
87.0153
 30
0.0000
  0
SEQEND
  8
0
  0
POLYLINE
  8
21
 66
1
 10
0.0000
 20
0.0000
 30
0.0000
 40
0.0762
 41
0.0762
 70
0
  0
VERTEX
  8
21
 10
116.3330
 20
86.6878
 30
0.0000
  0
VERTEX
  8
21
 10
116.4515
 20
86.5396
 30
0.0000
  0
SEQEND
  8
0
  0
POLYLINE
  8
21
 66
1
 10
0.0000
 20
0.0000
 30
0.0000
 40
0.0381
 41
0.0381
 70
0
  0
VERTEX
  8
21
 10
116.4366
 20
86.5277
 30
0.0000
 42
1.0000
  0
VERTEX
  8
21
 10
116.4664
 20
86.5515
 30
0.0000
  0
SEQEND
  8
0
  0
POLYLINE
  8
21
 66
1
 10
0.0000
 20
0.0000
 30
0.0000
 40
0.0381
 41
0.0381
 70
0
  0
VERTEX
  8
21
 10
116.3478
 20
86.6997
 30
0.0000
 42
1.0000
  0
VERTEX
  8
21
 10
116.3181
 20
86.6759
 30
0.0000
  0
SEQEND
  8
0
  0
POLYLINE
  8
21
 66
1
 10
0.0000
 20
0.0000
 30
0.0000
 40
0.0762
 41
0.0762
 70
0
  0
VERTEX
  8
21
 10
116.4515
 20
86.5396
 30
0.0000
  0
VERTEX
  8
21
 10
115.9181
 20
86.5396
 30
0.0000
  0
SEQEND
  8
0
  0
POLYLINE
  8
21
 66
1
 10
0.0000
 20
0.0000
 30
0.0000
 40
0.0381
 41
0.0381
 70
0
  0
VERTEX
  8
21
 10
115.9181
 20
86.5586
 30
0.0000
 42
1.0000
  0
VERTEX
  8
21
 10
115.9181
 20
86.5205
 30
0.0000
  0
SEQEND
  8
0
  0
POLYLINE
  8
21
 66
1
 10
0.0000
 20
0.0000
 30
0.0000
 40
0.0381
 41
0.0381
 70
0
  0
VERTEX
  8
21
 10
116.4515
 20
86.5205
 30
0.0000
 42
1.0000
  0
VERTEX
  8
21
 10
116.4515
 20
86.5586
 30
0.0000
  0
SEQEND
  8
0
  0
POLYLINE
  8
21
 66
1
 10
0.0000
 20
0.0000
 30
0.0000
 40
0.0762
 41
0.0762
 70
0
  0
VERTEX
  8
21
 10
115.9181
 20
86.6878
 30
0.0000
  0
VERTEX
  8
21
 10
115.9181
 20
86.3914
 30
0.0000
  0
SEQEND
  8
0
  0
POLYLINE
  8
21
 66
1
 10
0.0000
 20
0.0000
 30
0.0000
 40
0.0381
 41
0.0381
 70
0
  0
VERTEX
  8
21
 10
115.8991
 20
86.3914
 30
0.0000
 42
1.0000
  0
VERTEX
  8
21
 10
115.9372
 20
86.3914
 30
0.0000
  0
SEQEND
  8
0
  0
POLYLINE
  8
21
 66
1
 10
0.0000
 20
0.0000
 30
0.0000
 40
0.0381
 41
0.0381
 70
0
  0
VERTEX
  8
21
 10
115.9372
 20
86.6878
 30
0.0000
 42
1.0000
  0
VERTEX
  8
21
 10
115.8991
 20
86.6878
 30
0.0000
  0
SEQEND
  8
0
  0
POLYLINE
  8
21
 66
1
 10
0.0000
 20
0.0000
 30
0.0000
 40
0.0762
 41
0.0762
 70
0
  0
VERTEX
  8
21
 10
115.8588
 20
86.1644
 30
0.0000
  0
VERTEX
  8
21
 10
115.8588
 20
85.9273
 30
0.0000
  0
SEQEND
  8
0
  0
POLYLINE
  8
21
 66
1
 10
0.0000
 20
0.0000
 30
0.0000
 40
0.0381
 41
0.0381
 70
0
  0
VERTEX
  8
21
 10
115.8398
 20
85.9273
 30
0.0000
 42
1.0000
  0
VERTEX
  8
21
 10
115.8779
 20
85.9273
 30
0.0000
  0
SEQEND
  8
0
  0
POLYLINE
  8
21
 66
1
 10
0.0000
 20
0.0000
 30
0.0000
 40
0.0381
 41
0.0381
 70
0
  0
VERTEX
  8
21
 10
115.8779
 20
86.1644
 30
0.0000
 42
1.0000
  0
VERTEX
  8
21
 10
115.8398
 20
86.1644
 30
0.0000
  0
SEQEND
  8
0
  0
POLYLINE
  8
21
 66
1
 10
0.0000
 20
0.0000
 30
0.0000
 40
0.0762
 41
0.0762
 70
0
  0
VERTEX
  8
21
 10
115.9181
 20
85.6750
 30
0.0000
  0
VERTEX
  8
21
 10
116.4515
 20
85.6750
 30
0.0000
  0
SEQEND
  8
0
  0
POLYLINE
  8
21
 66
1
 10
0.0000
 20
0.0000
 30
0.0000
 40
0.0381
 41
0.0381
 70
0
  0
VERTEX
  8
21
 10
116.4515
 20
85.6559
 30
0.0000
 42
1.0000
  0
VERTEX
  8
21
 10
116.4515
 20
85.6940
 30
0.0000
  0
SEQEND
  8
0
  0
POLYLINE
  8
21
 66
1
 10
0.0000
 20
0.0000
 30
0.0000
 40
0.0381
 41
0.0381
 70
0
  0
VERTEX
  8
21
 10
115.9181
 20
85.6940
 30
0.0000
 42
1.0000
  0
VERTEX
  8
21
 10
115.9181
 20
85.6559
 30
0.0000
  0
SEQEND
  8
0
  0
POLYLINE
  8
21
 66
1
 10
0.0000
 20
0.0000
 30
0.0000
 40
0.0762
 41
0.0762
 70
0
  0
VERTEX
  8
21
 10
116.4515
 20
85.6750
 30
0.0000
  0
VERTEX
  8
21
 10
116.1552
 20
85.4972
 30
0.0000
  0
SEQEND
  8
0
  0
POLYLINE
  8
21
 66
1
 10
0.0000
 20
0.0000
 30
0.0000
 40
0.0381
 41
0.0381
 70
0
  0
VERTEX
  8
21
 10
116.1454
 20
85.5135
 30
0.0000
 42
1.0000
  0
VERTEX
  8
21
 10
116.1650
 20
85.4808
 30
0.0000
  0
SEQEND
  8
0
  0
POLYLINE
  8
21
 66
1
 10
0.0000
 20
0.0000
 30
0.0000
 40
0.0381
 41
0.0381
 70
0
  0
VERTEX
  8
21
 10
116.4613
 20
85.6586
 30
0.0000
 42
1.0000
  0
VERTEX
  8
21
 10
116.4417
 20
85.6913
 30
0.0000
  0
SEQEND
  8
0
  0
POLYLINE
  8
21
 66
1
 10
0.0000
 20
0.0000
 30
0.0000
 40
0.0762
 41
0.0762
 70
0
  0
VERTEX
  8
21
 10
116.1552
 20
85.4972
 30
0.0000
  0
VERTEX
  8
21
 10
116.4515
 20
85.3194
 30
0.0000
  0
SEQEND
  8
0
  0
POLYLINE
  8
21
 66
1
 10
0.0000
 20
0.0000
 30
0.0000
 40
0.0381
 41
0.0381
 70
0
  0
VERTEX
  8
21
 10
116.4417
 20
85.3030
 30
0.0000
 42
1.0000
  0
VERTEX
  8
21
 10
116.4613
 20
85.3357
 30
0.0000
  0
SEQEND
  8
0
  0
POLYLINE
  8
21
 66
1
 10
0.0000
 20
0.0000
 30
0.0000
 40
0.0381
 41
0.0381
 70
0
  0
VERTEX
  8
21
 10
116.1650
 20
85.5135
 30
0.0000
 42
1.0000
  0
VERTEX
  8
21
 10
116.1454
 20
85.4808
 30
0.0000
  0
SEQEND
  8
0
  0
POLYLINE
  8
21
 66
1
 10
0.0000
 20
0.0000
 30
0.0000
 40
0.0762
 41
0.0762
 70
0
  0
VERTEX
  8
21
 10
116.4515
 20
85.3194
 30
0.0000
  0
VERTEX
  8
21
 10
115.9181
 20
85.3194
 30
0.0000
  0
SEQEND
  8
0
  0
POLYLINE
  8
21
 66
1
 10
0.0000
 20
0.0000
 30
0.0000
 40
0.0381
 41
0.0381
 70
0
  0
VERTEX
  8
21
 10
115.9181
 20
85.3384
 30
0.0000
 42
1.0000
  0
VERTEX
  8
21
 10
115.9181
 20
85.3003
 30
0.0000
  0
SEQEND
  8
0
  0
POLYLINE
  8
21
 66
1
 10
0.0000
 20
0.0000
 30
0.0000
 40
0.0381
 41
0.0381
 70
0
  0
VERTEX
  8
21
 10
116.4515
 20
85.3003
 30
0.0000
 42
1.0000
  0
VERTEX
  8
21
 10
116.4515
 20
85.3384
 30
0.0000
  0
SEQEND
  8
0
  0
POLYLINE
  8
21
 66
1
 10
0.0000
 20
0.0000
 30
0.0000
 40
0.0762
 41
0.0762
 70
0
  0
VERTEX
  8
21
 10
116.1255
 20
84.8153
 30
0.0000
  0
VERTEX
  8
21
 10
116.1255
 20
84.9487
 30
0.0000
  0
SEQEND
  8
0
  0
POLYLINE
  8
21
 66
1
 10
0.0000
 20
0.0000
 30
0.0000
 40
0.0381
 41
0.0381
 70
0
  0
VERTEX
  8
21
 10
116.1446
 20
84.9487
 30
0.0000
 42
1.0000
  0
VERTEX
  8
21
 10
116.1065
 20
84.9487
 30
0.0000
  0
SEQEND
  8
0
  0
POLYLINE
  8
21
 66
1
 10
0.0000
 20
0.0000
 30
0.0000
 40
0.0381
 41
0.0381
 70
0
  0
VERTEX
  8
21
 10
116.1065
 20
84.8153
 30
0.0000
 42
1.0000
  0
VERTEX
  8
21
 10
116.1446
 20
84.8153
 30
0.0000
  0
SEQEND
  8
0
  0
POLYLINE
  8
21
 66
1
 10
0.0000
 20
0.0000
 30
0.0000
 40
0.0762
 41
0.0762
 70
0
  0
VERTEX
  8
21
 10
116.1255
 20
84.9487
 30
0.0000
 42
1.0000
  0
VERTEX
  8
21
 10
115.9181
 20
84.9487
 30
0.0000
  0
SEQEND
  8
0
  0
POLYLINE
  8
21
 66
1
 10
0.0000
 20
0.0000
 30
0.0000
 40
0.0381
 41
0.0381
 70
0
  0
VERTEX
  8
21
 10
116.1065
 20
84.9487
 30
0.0000
 42
1.0000
  0
VERTEX
  8
21
 10
116.1446
 20
84.9487
 30
0.0000
  0
SEQEND
  8
0
  0
POLYLINE
  8
21
 66
1
 10
0.0000
 20
0.0000
 30
0.0000
 40
0.0381
 41
0.0381
 70
0
  0
VERTEX
  8
21
 10
115.8991
 20
84.9487
 30
0.0000
 42
1.0000
  0
VERTEX
  8
21
 10
115.9372
 20
84.9487
 30
0.0000
  0
SEQEND
  8
0
  0
POLYLINE
  8
21
 66
1
 10
0.0000
 20
0.0000
 30
0.0000
 40
0.0762
 41
0.0762
 70
0
  0
VERTEX
  8
21
 10
115.9181
 20
84.9487
 30
0.0000
  0
VERTEX
  8
21
 10
115.9181
 20
84.8153
 30
0.0000
  0
SEQEND
  8
0
  0
POLYLINE
  8
21
 66
1
 10
0.0000
 20
0.0000
 30
0.0000
 40
0.0381
 41
0.0381
 70
0
  0
VERTEX
  8
21
 10
115.8991
 20
84.8153
 30
0.0000
 42
1.0000
  0
VERTEX
  8
21
 10
115.9372
 20
84.8153
 30
0.0000
  0
SEQEND
  8
0
  0
POLYLINE
  8
21
 66
1
 10
0.0000
 20
0.0000
 30
0.0000
 40
0.0381
 41
0.0381
 70
0
  0
VERTEX
  8
21
 10
115.9372
 20
84.9487
 30
0.0000
 42
1.0000
  0
VERTEX
  8
21
 10
115.8991
 20
84.9487
 30
0.0000
  0
SEQEND
  8
0
  0
POLYLINE
  8
21
 66
1
 10
0.0000
 20
0.0000
 30
0.0000
 40
0.0762
 41
0.0762
 70
0
  0
VERTEX
  8
21
 10
115.9181
 20
84.8153
 30
0.0000
  0
VERTEX
  8
21
 10
116.1848
 20
84.8153
 30
0.0000
  0
SEQEND
  8
0
  0
POLYLINE
  8
21
 66
1
 10
0.0000
 20
0.0000
 30
0.0000
 40
0.0381
 41
0.0381
 70
0
  0
VERTEX
  8
21
 10
116.1848
 20
84.7963
 30
0.0000
 42
1.0000
  0
VERTEX
  8
21
 10
116.1848
 20
84.8344
 30
0.0000
  0
SEQEND
  8
0
  0
POLYLINE
  8
21
 66
1
 10
0.0000
 20
0.0000
 30
0.0000
 40
0.0381
 41
0.0381
 70
0
  0
VERTEX
  8
21
 10
115.9181
 20
84.8344
 30
0.0000
 42
1.0000
  0
VERTEX
  8
21
 10
115.9181
 20
84.7963
 30
0.0000
  0
SEQEND
  8
0
  0
POLYLINE
  8
21
 66
1
 10
0.0000
 20
0.0000
 30
0.0000
 40
0.0762
 41
0.0762
 70
0
  0
VERTEX
  8
21
 10
116.1848
 20
84.8153
 30
0.0000
 42
0.4142
  0
VERTEX
  8
21
 10
116.2737
 20
84.9042
 30
0.0000
  0
SEQEND
  8
0
  0
POLYLINE
  8
21
 66
1
 10
0.0000
 20
0.0000
 30
0.0000
 40
0.0381
 41
0.0381
 70
0
  0
VERTEX
  8
21
 10
116.1848
 20
84.8344
 30
0.0000
 42
1.0000
  0
VERTEX
  8
21
 10
116.1848
 20
84.7963
 30
0.0000
  0
SEQEND
  8
0
  0
POLYLINE
  8
21
 66
1
 10
0.0000
 20
0.0000
 30
0.0000
 40
0.0381
 41
0.0381
 70
0
  0
VERTEX
  8
21
 10
116.2927
 20
84.9042
 30
0.0000
 42
1.0000
  0
VERTEX
  8
21
 10
116.2547
 20
84.9042
 30
0.0000
  0
SEQEND
  8
0
  0
POLYLINE
  8
21
 66
1
 10
0.0000
 20
0.0000
 30
0.0000
 40
0.0762
 41
0.0762
 70
0
  0
VERTEX
  8
21
 10
116.2737
 20
84.9042
 30
0.0000
  0
VERTEX
  8
21
 10
116.2737
 20
85.0228
 30
0.0000
  0
SEQEND
  8
0
  0
POLYLINE
  8
21
 66
1
 10
0.0000
 20
0.0000
 30
0.0000
 40
0.0381
 41
0.0381
 70
0
  0
VERTEX
  8
21
 10
116.2927
 20
85.0228
 30
0.0000
 42
1.0000
  0
VERTEX
  8
21
 10
116.2547
 20
85.0228
 30
0.0000
  0
SEQEND
  8
0
  0
POLYLINE
  8
21
 66
1
 10
0.0000
 20
0.0000
 30
0.0000
 40
0.0381
 41
0.0381
 70
0
  0
VERTEX
  8
21
 10
116.2547
 20
84.9042
 30
0.0000
 42
1.0000
  0
VERTEX
  8
21
 10
116.2927
 20
84.9042
 30
0.0000
  0
SEQEND
  8
0
  0
POLYLINE
  8
21
 66
1
 10
0.0000
 20
0.0000
 30
0.0000
 40
0.0762
 41
0.0762
 70
0
  0
VERTEX
  8
21
 10
115.9181
 20
84.5326
 30
0.0000
  0
VERTEX
  8
21
 10
116.2737
 20
84.5326
 30
0.0000
  0
SEQEND
  8
0
  0
POLYLINE
  8
21
 66
1
 10
0.0000
 20
0.0000
 30
0.0000
 40
0.0381
 41
0.0381
 70
0
  0
VERTEX
  8
21
 10
116.2737
 20
84.5136
 30
0.0000
 42
1.0000
  0
VERTEX
  8
21
 10
116.2737
 20
84.5517
 30
0.0000
  0
SEQEND
  8
0
  0
POLYLINE
  8
21
 66
1
 10
0.0000
 20
0.0000
 30
0.0000
 40
0.0381
 41
0.0381
 70
0
  0
VERTEX
  8
21
 10
115.9181
 20
84.5517
 30
0.0000
 42
1.0000
  0
VERTEX
  8
21
 10
115.9181
 20
84.5136
 30
0.0000
  0
SEQEND
  8
0
  0
POLYLINE
  8
21
 66
1
 10
0.0000
 20
0.0000
 30
0.0000
 40
0.0762
 41
0.0762
 70
0
  0
VERTEX
  8
21
 10
116.2737
 20
84.5326
 30
0.0000
  0
VERTEX
  8
21
 10
116.2737
 20
84.3548
 30
0.0000
  0
SEQEND
  8
0
  0
POLYLINE
  8
21
 66
1
 10
0.0000
 20
0.0000
 30
0.0000
 40
0.0381
 41
0.0381
 70
0
  0
VERTEX
  8
21
 10
116.2547
 20
84.3548
 30
0.0000
 42
1.0000
  0
VERTEX
  8
21
 10
116.2927
 20
84.3548
 30
0.0000
  0
SEQEND
  8
0
  0
POLYLINE
  8
21
 66
1
 10
0.0000
 20
0.0000
 30
0.0000
 40
0.0381
 41
0.0381
 70
0
  0
VERTEX
  8
21
 10
116.2927
 20
84.5326
 30
0.0000
 42
1.0000
  0
VERTEX
  8
21
 10
116.2547
 20
84.5326
 30
0.0000
  0
SEQEND
  8
0
  0
POLYLINE
  8
21
 66
1
 10
0.0000
 20
0.0000
 30
0.0000
 40
0.0762
 41
0.0762
 70
0
  0
VERTEX
  8
21
 10
116.2737
 20
84.3548
 30
0.0000
  0
VERTEX
  8
21
 10
116.2144
 20
84.3548
 30
0.0000
  0
SEQEND
  8
0
  0
POLYLINE
  8
21
 66
1
 10
0.0000
 20
0.0000
 30
0.0000
 40
0.0381
 41
0.0381
 70
0
  0
VERTEX
  8
21
 10
116.2144
 20
84.3739
 30
0.0000
 42
1.0000
  0
VERTEX
  8
21
 10
116.2144
 20
84.3358
 30
0.0000
  0
SEQEND
  8
0
  0
POLYLINE
  8
21
 66
1
 10
0.0000
 20
0.0000
 30
0.0000
 40
0.0381
 41
0.0381
 70
0
  0
VERTEX
  8
21
 10
116.2737
 20
84.3358
 30
0.0000
 42
1.0000
  0
VERTEX
  8
21
 10
116.2737
 20
84.3739
 30
0.0000
  0
SEQEND
  8
0
  0
POLYLINE
  8
21
 66
1
 10
0.0000
 20
0.0000
 30
0.0000
 40
0.0762
 41
0.0762
 70
0
  0
VERTEX
  8
21
 10
116.4515
 20
84.2170
 30
0.0000
  0
VERTEX
  8
21
 10
116.5700
 20
84.2170
 30
0.0000
  0
SEQEND
  8
0
  0
POLYLINE
  8
21
 66
1
 10
0.0000
 20
0.0000
 30
0.0000
 40
0.0381
 41
0.0381
 70
0
  0
VERTEX
  8
21
 10
116.5700
 20
84.1980
 30
0.0000
 42
1.0000
  0
VERTEX
  8
21
 10
116.5700
 20
84.2361
 30
0.0000
  0
SEQEND
  8
0
  0
POLYLINE
  8
21
 66
1
 10
0.0000
 20
0.0000
 30
0.0000
 40
0.0381
 41
0.0381
 70
0
  0
VERTEX
  8
21
 10
116.4515
 20
84.2361
 30
0.0000
 42
1.0000
  0
VERTEX
  8
21
 10
116.4515
 20
84.1980
 30
0.0000
  0
SEQEND
  8
0
  0
POLYLINE
  8
21
 66
1
 10
0.0000
 20
0.0000
 30
0.0000
 40
0.0762
 41
0.0762
 70
0
  0
VERTEX
  8
21
 10
116.3181
 20
83.7214
 30
0.0000
 42
0.4142
  0
VERTEX
  8
21
 10
116.4515
 20
83.8547
 30
0.0000
  0
SEQEND
  8
0
  0
POLYLINE
  8
21
 66
1
 10
0.0000
 20
0.0000
 30
0.0000
 40
0.0381
 41
0.0381
 70
0
  0
VERTEX
  8
21
 10
116.3181
 20
83.7404
 30
0.0000
 42
1.0000
  0
VERTEX
  8
21
 10
116.3181
 20
83.7023
 30
0.0000
  0
SEQEND
  8
0
  0
POLYLINE
  8
21
 66
1
 10
0.0000
 20
0.0000
 30
0.0000
 40
0.0381
 41
0.0381
 70
0
  0
VERTEX
  8
21
 10
116.4705
 20
83.8547
 30
0.0000
 42
1.0000
  0
VERTEX
  8
21
 10
116.4325
 20
83.8547
 30
0.0000
  0
SEQEND
  8
0
  0
POLYLINE
  8
21
 66
1
 10
0.0000
 20
0.0000
 30
0.0000
 40
0.0762
 41
0.0762
 70
0
  0
VERTEX
  8
21
 10
116.4515
 20
83.8547
 30
0.0000
 42
0.3252
  0
VERTEX
  8
21
 10
116.3330
 20
84.0177
 30
0.0000
  0
SEQEND
  8
0
  0
POLYLINE
  8
21
 66
1
 10
0.0000
 20
0.0000
 30
0.0000
 40
0.0381
 41
0.0381
 70
0
  0
VERTEX
  8
21
 10
116.4325
 20
83.8547
 30
0.0000
 42
1.0000
  0
VERTEX
  8
21
 10
116.4705
 20
83.8547
 30
0.0000
  0
SEQEND
  8
0
  0
POLYLINE
  8
21
 66
1
 10
0.0000
 20
0.0000
 30
0.0000
 40
0.0381
 41
0.0381
 70
0
  0
VERTEX
  8
21
 10
116.3388
 20
84.0359
 30
0.0000
 42
1.0000
  0
VERTEX
  8
21
 10
116.3271
 20
83.9996
 30
0.0000
  0
SEQEND
  8
0
  0
POLYLINE
  8
21
 66
1
 10
0.0000
 20
0.0000
 30
0.0000
 40
0.0762
 41
0.0762
 70
0
  0
VERTEX
  8
21
 10
116.2144
 20
83.7658
 30
0.0000
 42
0.2053
  0
VERTEX
  8
21
 10
116.3181
 20
83.7214
 30
0.0000
  0
SEQEND
  8
0
  0
POLYLINE
  8
21
 66
1
 10
0.0000
 20
0.0000
 30
0.0000
 40
0.0381
 41
0.0381
 70
0
  0
VERTEX
  8
21
 10
116.2282
 20
83.7790
 30
0.0000
 42
1.0000
  0
VERTEX
  8
21
 10
116.2006
 20
83.7527
 30
0.0000
  0
SEQEND
  8
0
  0
POLYLINE
  8
21
 66
1
 10
0.0000
 20
0.0000
 30
0.0000
 40
0.0381
 41
0.0381
 70
0
  0
VERTEX
  8
21
 10
116.3181
 20
83.7023
 30
0.0000
 42
1.0000
  0
VERTEX
  8
21
 10
116.3181
 20
83.7404
 30
0.0000
  0
SEQEND
  8
0
  0
POLYLINE
  8
21
 66
1
 10
0.0000
 20
0.0000
 30
0.0000
 40
0.0762
 41
0.0762
 70
0
  0
VERTEX
  8
21
 10
116.2144
 20
83.7658
 30
0.0000
  0
VERTEX
  8
21
 10
115.9181
 20
84.0177
 30
0.0000
  0
SEQEND
  8
0
  0
POLYLINE
  8
21
 66
1
 10
0.0000
 20
0.0000
 30
0.0000
 40
0.0381
 41
0.0381
 70
0
  0
VERTEX
  8
21
 10
115.9304
 20
84.0322
 30
0.0000
 42
1.0000
  0
VERTEX
  8
21
 10
115.9058
 20
84.0032
 30
0.0000
  0
SEQEND
  8
0
  0
POLYLINE
  8
21
 66
1
 10
0.0000
 20
0.0000
 30
0.0000
 40
0.0381
 41
0.0381
 70
0
  0
VERTEX
  8
21
 10
116.2021
 20
83.7513
 30
0.0000
 42
1.0000
  0
VERTEX
  8
21
 10
116.2268
 20
83.7804
 30
0.0000
  0
SEQEND
  8
0
  0
POLYLINE
  8
21
 66
1
 10
0.0000
 20
0.0000
 30
0.0000
 40
0.0762
 41
0.0762
 70
0
  0
VERTEX
  8
21
 10
115.9181
 20
84.0177
 30
0.0000
  0
VERTEX
  8
21
 10
115.9181
 20
83.7214
 30
0.0000
  0
SEQEND
  8
0
  0
POLYLINE
  8
21
 66
1
 10
0.0000
 20
0.0000
 30
0.0000
 40
0.0381
 41
0.0381
 70
0
  0
VERTEX
  8
21
 10
115.8991
 20
83.7214
 30
0.0000
 42
1.0000
  0
VERTEX
  8
21
 10
115.9372
 20
83.7214
 30
0.0000
  0
SEQEND
  8
0
  0
POLYLINE
  8
21
 66
1
 10
0.0000
 20
0.0000
 30
0.0000
 40
0.0381
 41
0.0381
 70
0
  0
VERTEX
  8
21
 10
115.9372
 20
84.0177
 30
0.0000
 42
1.0000
  0
VERTEX
  8
21
 10
115.8991
 20
84.0177
 30
0.0000
  0
SEQEND
  8
0
  0
POLYLINE
  8
21
 66
1
 10
0.0000
 20
0.0000
 30
0.0000
 40
0.0762
 41
0.0762
 70
0
  0
VERTEX
  8
21
 10
115.9181
 20
83.4691
 30
0.0000
  0
VERTEX
  8
21
 10
115.9181
 20
83.2913
 30
0.0000
  0
SEQEND
  8
0
  0
POLYLINE
  8
21
 66
1
 10
0.0000
 20
0.0000
 30
0.0000
 40
0.0381
 41
0.0381
 70
0
  0
VERTEX
  8
21
 10
115.8991
 20
83.2913
 30
0.0000
 42
1.0000
  0
VERTEX
  8
21
 10
115.9372
 20
83.2913
 30
0.0000
  0
SEQEND
  8
0
  0
POLYLINE
  8
21
 66
1
 10
0.0000
 20
0.0000
 30
0.0000
 40
0.0381
 41
0.0381
 70
0
  0
VERTEX
  8
21
 10
115.9372
 20
83.4691
 30
0.0000
 42
1.0000
  0
VERTEX
  8
21
 10
115.8991
 20
83.4691
 30
0.0000
  0
SEQEND
  8
0
  0
POLYLINE
  8
21
 66
1
 10
0.0000
 20
0.0000
 30
0.0000
 40
0.0762
 41
0.0762
 70
0
  0
VERTEX
  8
21
 10
115.9181
 20
83.2913
 30
0.0000
 42
0.4142
  0
VERTEX
  8
21
 10
116.0366
 20
83.1728
 30
0.0000
  0
SEQEND
  8
0
  0
POLYLINE
  8
21
 66
1
 10
0.0000
 20
0.0000
 30
0.0000
 40
0.0381
 41
0.0381
 70
0
  0
VERTEX
  8
21
 10
115.9372
 20
83.2913
 30
0.0000
 42
1.0000
  0
VERTEX
  8
21
 10
115.8991
 20
83.2913
 30
0.0000
  0
SEQEND
  8
0
  0
POLYLINE
  8
21
 66
1
 10
0.0000
 20
0.0000
 30
0.0000
 40
0.0381
 41
0.0381
 70
0
  0
VERTEX
  8
21
 10
116.0366
 20
83.1537
 30
0.0000
 42
1.0000
  0
VERTEX
  8
21
 10
116.0366
 20
83.1918
 30
0.0000
  0
SEQEND
  8
0
  0
POLYLINE
  8
21
 66
1
 10
0.0000
 20
0.0000
 30
0.0000
 40
0.0762
 41
0.0762
 70
0
  0
VERTEX
  8
21
 10
116.0366
 20
83.1728
 30
0.0000
  0
VERTEX
  8
21
 10
116.0959
 20
83.1728
 30
0.0000
  0
SEQEND
  8
0
  0
POLYLINE
  8
21
 66
1
 10
0.0000
 20
0.0000
 30
0.0000
 40
0.0381
 41
0.0381
 70
0
  0
VERTEX
  8
21
 10
116.0959
 20
83.1537
 30
0.0000
 42
1.0000
  0
VERTEX
  8
21
 10
116.0959
 20
83.1918
 30
0.0000
  0
SEQEND
  8
0
  0
POLYLINE
  8
21
 66
1
 10
0.0000
 20
0.0000
 30
0.0000
 40
0.0381
 41
0.0381
 70
0
  0
VERTEX
  8
21
 10
116.0366
 20
83.1918
 30
0.0000
 42
1.0000
  0
VERTEX
  8
21
 10
116.0366
 20
83.1537
 30
0.0000
  0
SEQEND
  8
0
  0
POLYLINE
  8
21
 66
1
 10
0.0000
 20
0.0000
 30
0.0000
 40
0.0762
 41
0.0762
 70
0
  0
VERTEX
  8
21
 10
116.0959
 20
83.1728
 30
0.0000
 42
0.4142
  0
VERTEX
  8
21
 10
116.2144
 20
83.2913
 30
0.0000
  0
SEQEND
  8
0
  0
POLYLINE
  8
21
 66
1
 10
0.0000
 20
0.0000
 30
0.0000
 40
0.0381
 41
0.0381
 70
0
  0
VERTEX
  8
21
 10
116.0959
 20
83.1918
 30
0.0000
 42
1.0000
  0
VERTEX
  8
21
 10
116.0959
 20
83.1537
 30
0.0000
  0
SEQEND
  8
0
  0
POLYLINE
  8
21
 66
1
 10
0.0000
 20
0.0000
 30
0.0000
 40
0.0381
 41
0.0381
 70
0
  0
VERTEX
  8
21
 10
116.2335
 20
83.2913
 30
0.0000
 42
1.0000
  0
VERTEX
  8
21
 10
116.1954
 20
83.2913
 30
0.0000
  0
SEQEND
  8
0
  0
POLYLINE
  8
21
 66
1
 10
0.0000
 20
0.0000
 30
0.0000
 40
0.0762
 41
0.0762
 70
0
  0
VERTEX
  8
21
 10
116.2144
 20
83.2913
 30
0.0000
  0
VERTEX
  8
21
 10
116.2144
 20
83.4691
 30
0.0000
  0
SEQEND
  8
0
  0
POLYLINE
  8
21
 66
1
 10
0.0000
 20
0.0000
 30
0.0000
 40
0.0381
 41
0.0381
 70
0
  0
VERTEX
  8
21
 10
116.2335
 20
83.4691
 30
0.0000
 42
1.0000
  0
VERTEX
  8
21
 10
116.1954
 20
83.4691
 30
0.0000
  0
SEQEND
  8
0
  0
POLYLINE
  8
21
 66
1
 10
0.0000
 20
0.0000
 30
0.0000
 40
0.0381
 41
0.0381
 70
0
  0
VERTEX
  8
21
 10
116.1954
 20
83.2913
 30
0.0000
 42
1.0000
  0
VERTEX
  8
21
 10
116.2335
 20
83.2913
 30
0.0000
  0
SEQEND
  8
0
  0
POLYLINE
  8
21
 66
1
 10
0.0000
 20
0.0000
 30
0.0000
 40
0.0762
 41
0.0762
 70
0
  0
VERTEX
  8
21
 10
116.2144
 20
83.4691
 30
0.0000
  0
VERTEX
  8
21
 10
116.4515
 20
83.4691
 30
0.0000
  0
SEQEND
  8
0
  0
POLYLINE
  8
21
 66
1
 10
0.0000
 20
0.0000
 30
0.0000
 40
0.0381
 41
0.0381
 70
0
  0
VERTEX
  8
21
 10
116.4515
 20
83.4500
 30
0.0000
 42
1.0000
  0
VERTEX
  8
21
 10
116.4515
 20
83.4881
 30
0.0000
  0
SEQEND
  8
0
  0
POLYLINE
  8
21
 66
1
 10
0.0000
 20
0.0000
 30
0.0000
 40
0.0381
 41
0.0381
 70
0
  0
VERTEX
  8
21
 10
116.2144
 20
83.4881
 30
0.0000
 42
1.0000
  0
VERTEX
  8
21
 10
116.2144
 20
83.4500
 30
0.0000
  0
SEQEND
  8
0
  0
POLYLINE
  8
21
 66
1
 10
0.0000
 20
0.0000
 30
0.0000
 40
0.0762
 41
0.0762
 70
0
  0
VERTEX
  8
21
 10
116.4515
 20
83.4691
 30
0.0000
  0
VERTEX
  8
21
 10
116.4515
 20
83.1728
 30
0.0000
  0
SEQEND
  8
0
  0
POLYLINE
  8
21
 66
1
 10
0.0000
 20
0.0000
 30
0.0000
 40
0.0381
 41
0.0381
 70
0
  0
VERTEX
  8
21
 10
116.4325
 20
83.1728
 30
0.0000
 42
1.0000
  0
VERTEX
  8
21
 10
116.4706
 20
83.1728
 30
0.0000
  0
SEQEND
  8
0
  0
POLYLINE
  8
21
 66
1
 10
0.0000
 20
0.0000
 30
0.0000
 40
0.0381
 41
0.0381
 70
0
  0
VERTEX
  8
21
 10
116.4706
 20
83.4691
 30
0.0000
 42
1.0000
  0
VERTEX
  8
21
 10
116.4325
 20
83.4691
 30
0.0000
  0
SEQEND
  8
0
  0
POLYLINE
  8
21
 66
1
 10
0.0000
 20
0.0000
 30
0.0000
 40
0.0762
 41
0.0762
 70
0
  0
VERTEX
  8
21
 10
97.7417
 20
82.0834
 30
0.0000
  0
VERTEX
  8
21
 10
98.4783
 20
82.0834
 30
0.0000
  0
SEQEND
  8
0
  0
POLYLINE
  8
21
 66
1
 10
0.0000
 20
0.0000
 30
0.0000
 40
0.0381
 41
0.0381
 70
0
  0
VERTEX
  8
21
 10
98.4783
 20
82.0643
 30
0.0000
 42
1.0000
  0
VERTEX
  8
21
 10
98.4783
 20
82.1024
 30
0.0000
  0
SEQEND
  8
0
  0
POLYLINE
  8
21
 66
1
 10
0.0000
 20
0.0000
 30
0.0000
 40
0.0381
 41
0.0381
 70
0
  0
VERTEX
  8
21
 10
97.7417
 20
82.1024
 30
0.0000
 42
1.0000
  0
VERTEX
  8
21
 10
97.7417
 20
82.0643
 30
0.0000
  0
SEQEND
  8
0
  0
POLYLINE
  8
21
 66
1
 10
0.0000
 20
0.0000
 30
0.0000
 40
0.0762
 41
0.0762
 70
0
  0
VERTEX
  8
21
 10
98.4783
 20
82.0834
 30
0.0000
  0
VERTEX
  8
21
 10
98.4783
 20
81.8788
 30
0.0000
  0
SEQEND
  8
0
  0
POLYLINE
  8
21
 66
1
 10
0.0000
 20
0.0000
 30
0.0000
 40
0.0381
 41
0.0381
 70
0
  0
VERTEX
  8
21
 10
98.4593
 20
81.8788
 30
0.0000
 42
1.0000
  0
VERTEX
  8
21
 10
98.4973
 20
81.8788
 30
0.0000
  0
SEQEND
  8
0
  0
POLYLINE
  8
21
 66
1
 10
0.0000
 20
0.0000
 30
0.0000
 40
0.0381
 41
0.0381
 70
0
  0
VERTEX
  8
21
 10
98.4973
 20
82.0834
 30
0.0000
 42
1.0000
  0
VERTEX
  8
21
 10
98.4593
 20
82.0834
 30
0.0000
  0
SEQEND
  8
0
  0
POLYLINE
  8
21
 66
1
 10
0.0000
 20
0.0000
 30
0.0000
 40
0.0762
 41
0.0762
 70
0
  0
VERTEX
  8
21
 10
98.0691
 20
81.8788
 30
0.0000
 42
1.0000
  0
VERTEX
  8
21
 10
98.4783
 20
81.8788
 30
0.0000
  0
SEQEND
  8
0
  0
POLYLINE
  8
21
 66
1
 10
0.0000
 20
0.0000
 30
0.0000
 40
0.0381
 41
0.0381
 70
0
  0
VERTEX
  8
21
 10
98.0881
 20
81.8788
 30
0.0000
 42
1.0000
  0
VERTEX
  8
21
 10
98.0500
 20
81.8788
 30
0.0000
  0
SEQEND
  8
0
  0
POLYLINE
  8
21
 66
1
 10
0.0000
 20
0.0000
 30
0.0000
 40
0.0381
 41
0.0381
 70
0
  0
VERTEX
  8
21
 10
98.4973
 20
81.8788
 30
0.0000
 42
1.0000
  0
VERTEX
  8
21
 10
98.4593
 20
81.8788
 30
0.0000
  0
SEQEND
  8
0
  0
POLYLINE
  8
21
 66
1
 10
0.0000
 20
0.0000
 30
0.0000
 40
0.0762
 41
0.0762
 70
0
  0
VERTEX
  8
21
 10
98.0691
 20
81.8788
 30
0.0000
  0
VERTEX
  8
21
 10
98.0691
 20
82.0834
 30
0.0000
  0
SEQEND
  8
0
  0
POLYLINE
  8
21
 66
1
 10
0.0000
 20
0.0000
 30
0.0000
 40
0.0381
 41
0.0381
 70
0
  0
VERTEX
  8
21
 10
98.0881
 20
82.0834
 30
0.0000
 42
1.0000
  0
VERTEX
  8
21
 10
98.0500
 20
82.0834
 30
0.0000
  0
SEQEND
  8
0
  0
POLYLINE
  8
21
 66
1
 10
0.0000
 20
0.0000
 30
0.0000
 40
0.0381
 41
0.0381
 70
0
  0
VERTEX
  8
21
 10
98.0500
 20
81.8788
 30
0.0000
 42
1.0000
  0
VERTEX
  8
21
 10
98.0881
 20
81.8788
 30
0.0000
  0
SEQEND
  8
0
  0
POLYLINE
  8
21
 66
1
 10
0.0000
 20
0.0000
 30
0.0000
 40
0.0762
 41
0.0762
 70
0
  0
VERTEX
  8
21
 10
98.2328
 20
81.3715
 30
0.0000
  0
VERTEX
  8
21
 10
97.8645
 20
81.3715
 30
0.0000
  0
SEQEND
  8
0
  0
POLYLINE
  8
21
 66
1
 10
0.0000
 20
0.0000
 30
0.0000
 40
0.0381
 41
0.0381
 70
0
  0
VERTEX
  8
21
 10
97.8645
 20
81.3905
 30
0.0000
 42
1.0000
  0
VERTEX
  8
21
 10
97.8645
 20
81.3524
 30
0.0000
  0
SEQEND
  8
0
  0
POLYLINE
  8
21
 66
1
 10
0.0000
 20
0.0000
 30
0.0000
 40
0.0381
 41
0.0381
 70
0
  0
VERTEX
  8
21
 10
98.2328
 20
81.3524
 30
0.0000
 42
1.0000
  0
VERTEX
  8
21
 10
98.2328
 20
81.3905
 30
0.0000
  0
SEQEND
  8
0
  0
POLYLINE
  8
21
 66
1
 10
0.0000
 20
0.0000
 30
0.0000
 40
0.0762
 41
0.0762
 70
0
  0
VERTEX
  8
21
 10
97.8645
 20
81.3715
 30
0.0000
 42
0.4142
  0
VERTEX
  8
21
 10
97.7417
 20
81.2487
 30
0.0000
  0
SEQEND
  8
0
  0
POLYLINE
  8
21
 66
1
 10
0.0000
 20
0.0000
 30
0.0000
 40
0.0381
 41
0.0381
 70
0
  0
VERTEX
  8
21
 10
97.8645
 20
81.3524
 30
0.0000
 42
1.0000
  0
VERTEX
  8
21
 10
97.8645
 20
81.3905
 30
0.0000
  0
SEQEND
  8
0
  0
POLYLINE
  8
21
 66
1
 10
0.0000
 20
0.0000
 30
0.0000
 40
0.0381
 41
0.0381
 70
0
  0
VERTEX
  8
21
 10
97.7226
 20
81.2487
 30
0.0000
 42
1.0000
  0
VERTEX
  8
21
 10
97.7607
 20
81.2487
 30
0.0000
  0
SEQEND
  8
0
  0
POLYLINE
  8
21
 66
1
 10
0.0000
 20
0.0000
 30
0.0000
 40
0.0762
 41
0.0762
 70
0
  0
VERTEX
  8
21
 10
97.7417
 20
81.2487
 30
0.0000
  0
VERTEX
  8
21
 10
97.7417
 20
81.0441
 30
0.0000
  0
SEQEND
  8
0
  0
POLYLINE
  8
21
 66
1
 10
0.0000
 20
0.0000
 30
0.0000
 40
0.0381
 41
0.0381
 70
0
  0
VERTEX
  8
21
 10
97.7227
 20
81.0441
 30
0.0000
 42
1.0000
  0
VERTEX
  8
21
 10
97.7608
 20
81.0441
 30
0.0000
  0
SEQEND
  8
0
  0
POLYLINE
  8
21
 66
1
 10
0.0000
 20
0.0000
 30
0.0000
 40
0.0381
 41
0.0381
 70
0
  0
VERTEX
  8
21
 10
97.7608
 20
81.2487
 30
0.0000
 42
1.0000
  0
VERTEX
  8
21
 10
97.7227
 20
81.2487
 30
0.0000
  0
SEQEND
  8
0
  0
POLYLINE
  8
21
 66
1
 10
0.0000
 20
0.0000
 30
0.0000
 40
0.0762
 41
0.0762
 70
0
  0
VERTEX
  8
21
 10
97.7417
 20
81.0441
 30
0.0000
  0
VERTEX
  8
21
 10
98.2328
 20
81.0441
 30
0.0000
  0
SEQEND
  8
0
  0
POLYLINE
  8
21
 66
1
 10
0.0000
 20
0.0000
 30
0.0000
 40
0.0381
 41
0.0381
 70
0
  0
VERTEX
  8
21
 10
98.2328
 20
81.0250
 30
0.0000
 42
1.0000
  0
VERTEX
  8
21
 10
98.2328
 20
81.0631
 30
0.0000
  0
SEQEND
  8
0
  0
POLYLINE
  8
21
 66
1
 10
0.0000
 20
0.0000
 30
0.0000
 40
0.0381
 41
0.0381
 70
0
  0
VERTEX
  8
21
 10
97.7417
 20
81.0631
 30
0.0000
 42
1.0000
  0
VERTEX
  8
21
 10
97.7417
 20
81.0250
 30
0.0000
  0
SEQEND
  8
0
  0
POLYLINE
  8
21
 66
1
 10
0.0000
 20
0.0000
 30
0.0000
 40
0.0762
 41
0.0762
 70
0
  0
VERTEX
  8
21
 10
98.2328
 20
80.7761
 30
0.0000
  0
VERTEX
  8
21
 10
98.2328
 20
80.5306
 30
0.0000
  0
SEQEND
  8
0
  0
POLYLINE
  8
21
 66
1
 10
0.0000
 20
0.0000
 30
0.0000
 40
0.0381
 41
0.0381
 70
0
  0
VERTEX
  8
21
 10
98.2137
 20
80.5306
 30
0.0000
 42
1.0000
  0
VERTEX
  8
21
 10
98.2518
 20
80.5306
 30
0.0000
  0
SEQEND
  8
0
  0
POLYLINE
  8
21
 66
1
 10
0.0000
 20
0.0000
 30
0.0000
 40
0.0381
 41
0.0381
 70
0
  0
VERTEX
  8
21
 10
98.2518
 20
80.7761
 30
0.0000
 42
1.0000
  0
VERTEX
  8
21
 10
98.2137
 20
80.7761
 30
0.0000
  0
SEQEND
  8
0
  0
POLYLINE
  8
21
 66
1
 10
0.0000
 20
0.0000
 30
0.0000
 40
0.0762
 41
0.0762
 70
0
  0
VERTEX
  8
21
 10
98.4783
 20
80.6943
 30
0.0000
  0
VERTEX
  8
21
 10
97.8645
 20
80.6943
 30
0.0000
  0
SEQEND
  8
0
  0
POLYLINE
  8
21
 66
1
 10
0.0000
 20
0.0000
 30
0.0000
 40
0.0381
 41
0.0381
 70
0
  0
VERTEX
  8
21
 10
97.8645
 20
80.7133
 30
0.0000
 42
1.0000
  0
VERTEX
  8
21
 10
97.8645
 20
80.6752
 30
0.0000
  0
SEQEND
  8
0
  0
POLYLINE
  8
21
 66
1
 10
0.0000
 20
0.0000
 30
0.0000
 40
0.0381
 41
0.0381
 70
0
  0
VERTEX
  8
21
 10
98.4783
 20
80.6752
 30
0.0000
 42
1.0000
  0
VERTEX
  8
21
 10
98.4783
 20
80.7133
 30
0.0000
  0
SEQEND
  8
0
  0
POLYLINE
  8
21
 66
1
 10
0.0000
 20
0.0000
 30
0.0000
 40
0.0762
 41
0.0762
 70
0
  0
VERTEX
  8
21
 10
97.8645
 20
80.6943
 30
0.0000
 42
0.4142
  0
VERTEX
  8
21
 10
97.7417
 20
80.5715
 30
0.0000
  0
SEQEND
  8
0
  0
POLYLINE
  8
21
 66
1
 10
0.0000
 20
0.0000
 30
0.0000
 40
0.0381
 41
0.0381
 70
0
  0
VERTEX
  8
21
 10
97.8645
 20
80.6752
 30
0.0000
 42
1.0000
  0
VERTEX
  8
21
 10
97.8645
 20
80.7133
 30
0.0000
  0
SEQEND
  8
0
  0
POLYLINE
  8
21
 66
1
 10
0.0000
 20
0.0000
 30
0.0000
 40
0.0381
 41
0.0381
 70
0
  0
VERTEX
  8
21
 10
97.7226
 20
80.5715
 30
0.0000
 42
1.0000
  0
VERTEX
  8
21
 10
97.7607
 20
80.5715
 30
0.0000
  0
SEQEND
  8
0
  0
POLYLINE
  8
21
 66
1
 10
0.0000
 20
0.0000
 30
0.0000
 40
0.0762
 41
0.0762
 70
0
  0
VERTEX
  8
21
 10
97.7417
 20
80.5715
 30
0.0000
  0
VERTEX
  8
21
 10
97.7417
 20
80.5306
 30
0.0000
  0
SEQEND
  8
0
  0
POLYLINE
  8
21
 66
1
 10
0.0000
 20
0.0000
 30
0.0000
 40
0.0381
 41
0.0381
 70
0
  0
VERTEX
  8
21
 10
97.7227
 20
80.5306
 30
0.0000
 42
1.0000
  0
VERTEX
  8
21
 10
97.7608
 20
80.5306
 30
0.0000
  0
SEQEND
  8
0
  0
POLYLINE
  8
21
 66
1
 10
0.0000
 20
0.0000
 30
0.0000
 40
0.0381
 41
0.0381
 70
0
  0
VERTEX
  8
21
 10
97.7608
 20
80.5715
 30
0.0000
 42
1.0000
  0
VERTEX
  8
21
 10
97.7227
 20
80.5715
 30
0.0000
  0
SEQEND
  8
0
  0
POLYLINE
  8
21
 66
1
 10
0.0000
 20
0.0000
 30
0.0000
 40
0.0762
 41
0.0762
 70
0
  0
VERTEX
  8
21
 10
98.0282
 20
79.9265
 30
0.0000
  0
VERTEX
  8
21
 10
98.0282
 20
80.1107
 30
0.0000
  0
SEQEND
  8
0
  0
POLYLINE
  8
21
 66
1
 10
0.0000
 20
0.0000
 30
0.0000
 40
0.0381
 41
0.0381
 70
0
  0
VERTEX
  8
21
 10
98.0472
 20
80.1107
 30
0.0000
 42
1.0000
  0
VERTEX
  8
21
 10
98.0091
 20
80.1107
 30
0.0000
  0
SEQEND
  8
0
  0
POLYLINE
  8
21
 66
1
 10
0.0000
 20
0.0000
 30
0.0000
 40
0.0381
 41
0.0381
 70
0
  0
VERTEX
  8
21
 10
98.0091
 20
79.9265
 30
0.0000
 42
1.0000
  0
VERTEX
  8
21
 10
98.0472
 20
79.9265
 30
0.0000
  0
SEQEND
  8
0
  0
POLYLINE
  8
21
 66
1
 10
0.0000
 20
0.0000
 30
0.0000
 40
0.0762
 41
0.0762
 70
0
  0
VERTEX
  8
21
 10
98.0282
 20
80.1107
 30
0.0000
 42
1.0000
  0
VERTEX
  8
21
 10
97.7417
 20
80.1107
 30
0.0000
  0
SEQEND
  8
0
  0
POLYLINE
  8
21
 66
1
 10
0.0000
 20
0.0000
 30
0.0000
 40
0.0381
 41
0.0381
 70
0
  0
VERTEX
  8
21
 10
98.0091
 20
80.1107
 30
0.0000
 42
1.0000
  0
VERTEX
  8
21
 10
98.0472
 20
80.1107
 30
0.0000
  0
SEQEND
  8
0
  0
POLYLINE
  8
21
 66
1
 10
0.0000
 20
0.0000
 30
0.0000
 40
0.0381
 41
0.0381
 70
0
  0
VERTEX
  8
21
 10
97.7226
 20
80.1107
 30
0.0000
 42
1.0000
  0
VERTEX
  8
21
 10
97.7607
 20
80.1107
 30
0.0000
  0
SEQEND
  8
0
  0
POLYLINE
  8
21
 66
1
 10
0.0000
 20
0.0000
 30
0.0000
 40
0.0762
 41
0.0762
 70
0
  0
VERTEX
  8
21
 10
97.7417
 20
80.1107
 30
0.0000
  0
VERTEX
  8
21
 10
97.7417
 20
79.9265
 30
0.0000
  0
SEQEND
  8
0
  0
POLYLINE
  8
21
 66
1
 10
0.0000
 20
0.0000
 30
0.0000
 40
0.0381
 41
0.0381
 70
0
  0
VERTEX
  8
21
 10
97.7227
 20
79.9265
 30
0.0000
 42
1.0000
  0
VERTEX
  8
21
 10
97.7608
 20
79.9265
 30
0.0000
  0
SEQEND
  8
0
  0
POLYLINE
  8
21
 66
1
 10
0.0000
 20
0.0000
 30
0.0000
 40
0.0381
 41
0.0381
 70
0
  0
VERTEX
  8
21
 10
97.7608
 20
80.1107
 30
0.0000
 42
1.0000
  0
VERTEX
  8
21
 10
97.7227
 20
80.1107
 30
0.0000
  0
SEQEND
  8
0
  0
POLYLINE
  8
21
 66
1
 10
0.0000
 20
0.0000
 30
0.0000
 40
0.0762
 41
0.0762
 70
0
  0
VERTEX
  8
21
 10
97.7417
 20
79.9265
 30
0.0000
  0
VERTEX
  8
21
 10
98.1100
 20
79.9265
 30
0.0000
  0
SEQEND
  8
0
  0
POLYLINE
  8
21
 66
1
 10
0.0000
 20
0.0000
 30
0.0000
 40
0.0381
 41
0.0381
 70
0
  0
VERTEX
  8
21
 10
98.1100
 20
79.9075
 30
0.0000
 42
1.0000
  0
VERTEX
  8
21
 10
98.1100
 20
79.9456
 30
0.0000
  0
SEQEND
  8
0
  0
POLYLINE
  8
21
 66
1
 10
0.0000
 20
0.0000
 30
0.0000
 40
0.0381
 41
0.0381
 70
0
  0
VERTEX
  8
21
 10
97.7417
 20
79.9456
 30
0.0000
 42
1.0000
  0
VERTEX
  8
21
 10
97.7417
 20
79.9075
 30
0.0000
  0
SEQEND
  8
0
  0
POLYLINE
  8
21
 66
1
 10
0.0000
 20
0.0000
 30
0.0000
 40
0.0762
 41
0.0762
 70
0
  0
VERTEX
  8
21
 10
98.1100
 20
79.9265
 30
0.0000
 42
0.4142
  0
VERTEX
  8
21
 10
98.2328
 20
80.0493
 30
0.0000
  0
SEQEND
  8
0
  0
POLYLINE
  8
21
 66
1
 10
0.0000
 20
0.0000
 30
0.0000
 40
0.0381
 41
0.0381
 70
0
  0
VERTEX
  8
21
 10
98.1100
 20
79.9456
 30
0.0000
 42
1.0000
  0
VERTEX
  8
21
 10
98.1100
 20
79.9075
 30
0.0000
  0
SEQEND
  8
0
  0
POLYLINE
  8
21
 66
1
 10
0.0000
 20
0.0000
 30
0.0000
 40
0.0381
 41
0.0381
 70
0
  0
VERTEX
  8
21
 10
98.2518
 20
80.0493
 30
0.0000
 42
1.0000
  0
VERTEX
  8
21
 10
98.2137
 20
80.0493
 30
0.0000
  0
SEQEND
  8
0
  0
POLYLINE
  8
21
 66
1
 10
0.0000
 20
0.0000
 30
0.0000
 40
0.0762
 41
0.0762
 70
0
  0
VERTEX
  8
21
 10
98.2328
 20
80.0493
 30
0.0000
  0
VERTEX
  8
21
 10
98.2328
 20
80.2130
 30
0.0000
  0
SEQEND
  8
0
  0
POLYLINE
  8
21
 66
1
 10
0.0000
 20
0.0000
 30
0.0000
 40
0.0381
 41
0.0381
 70
0
  0
VERTEX
  8
21
 10
98.2518
 20
80.2130
 30
0.0000
 42
1.0000
  0
VERTEX
  8
21
 10
98.2137
 20
80.2130
 30
0.0000
  0
SEQEND
  8
0
  0
POLYLINE
  8
21
 66
1
 10
0.0000
 20
0.0000
 30
0.0000
 40
0.0381
 41
0.0381
 70
0
  0
VERTEX
  8
21
 10
98.2137
 20
80.0493
 30
0.0000
 42
1.0000
  0
VERTEX
  8
21
 10
98.2518
 20
80.0493
 30
0.0000
  0
SEQEND
  8
0
  0
POLYLINE
  8
21
 66
1
 10
0.0000
 20
0.0000
 30
0.0000
 40
0.0762
 41
0.0762
 70
0
  0
VERTEX
  8
21
 10
97.9463
 20
79.1935
 30
0.0000
  0
VERTEX
  8
21
 10
98.2737
 20
79.1935
 30
0.0000
  0
SEQEND
  8
0
  0
POLYLINE
  8
21
 66
1
 10
0.0000
 20
0.0000
 30
0.0000
 40
0.0381
 41
0.0381
 70
0
  0
VERTEX
  8
21
 10
98.2737
 20
79.1744
 30
0.0000
 42
1.0000
  0
VERTEX
  8
21
 10
98.2737
 20
79.2125
 30
0.0000
  0
SEQEND
  8
0
  0
POLYLINE
  8
21
 66
1
 10
0.0000
 20
0.0000
 30
0.0000
 40
0.0381
 41
0.0381
 70
0
  0
VERTEX
  8
21
 10
97.9463
 20
79.2125
 30
0.0000
 42
1.0000
  0
VERTEX
  8
21
 10
97.9463
 20
79.1744
 30
0.0000
  0
SEQEND
  8
0
  0
POLYLINE
  8
21
 66
1
 10
0.0000
 20
0.0000
 30
0.0000
 40
0.0762
 41
0.0762
 70
0
  0
VERTEX
  8
21
 10
98.2737
 20
78.7842
 30
0.0000
 42
1.0000
  0
VERTEX
  8
21
 10
98.2737
 20
79.1935
 30
0.0000
  0
SEQEND
  8
0
  0
POLYLINE
  8
21
 66
1
 10
0.0000
 20
0.0000
 30
0.0000
 40
0.0381
 41
0.0381
 70
0
  0
VERTEX
  8
21
 10
98.2737
 20
78.8033
 30
0.0000
 42
1.0000
  0
VERTEX
  8
21
 10
98.2737
 20
78.7652
 30
0.0000
  0
SEQEND
  8
0
  0
POLYLINE
  8
21
 66
1
 10
0.0000
 20
0.0000
 30
0.0000
 40
0.0381
 41
0.0381
 70
0
  0
VERTEX
  8
21
 10
98.2737
 20
79.2125
 30
0.0000
 42
1.0000
  0
VERTEX
  8
21
 10
98.2737
 20
79.1744
 30
0.0000
  0
SEQEND
  8
0
  0
POLYLINE
  8
21
 66
1
 10
0.0000
 20
0.0000
 30
0.0000
 40
0.0762
 41
0.0762
 70
0
  0
VERTEX
  8
21
 10
98.2737
 20
78.7842
 30
0.0000
  0
VERTEX
  8
21
 10
97.9463
 20
78.7842
 30
0.0000
  0
SEQEND
  8
0
  0
POLYLINE
  8
21
 66
1
 10
0.0000
 20
0.0000
 30
0.0000
 40
0.0381
 41
0.0381
 70
0
  0
VERTEX
  8
21
 10
97.9463
 20
78.8033
 30
0.0000
 42
1.0000
  0
VERTEX
  8
21
 10
97.9463
 20
78.7652
 30
0.0000
  0
SEQEND
  8
0
  0
POLYLINE
  8
21
 66
1
 10
0.0000
 20
0.0000
 30
0.0000
 40
0.0381
 41
0.0381
 70
0
  0
VERTEX
  8
21
 10
98.2737
 20
78.7652
 30
0.0000
 42
1.0000
  0
VERTEX
  8
21
 10
98.2737
 20
78.8033
 30
0.0000
  0
SEQEND
  8
0
  0
POLYLINE
  8
21
 66
1
 10
0.0000
 20
0.0000
 30
0.0000
 40
0.0762
 41
0.0762
 70
0
  0
VERTEX
  8
21
 10
97.9463
 20
79.1935
 30
0.0000
 42
1.0000
  0
VERTEX
  8
21
 10
97.9463
 20
78.7842
 30
0.0000
  0
SEQEND
  8
0
  0
POLYLINE
  8
21
 66
1
 10
0.0000
 20
0.0000
 30
0.0000
 40
0.0381
 41
0.0381
 70
0
  0
VERTEX
  8
21
 10
97.9463
 20
79.1744
 30
0.0000
 42
1.0000
  0
VERTEX
  8
21
 10
97.9463
 20
79.2125
 30
0.0000
  0
SEQEND
  8
0
  0
POLYLINE
  8
21
 66
1
 10
0.0000
 20
0.0000
 30
0.0000
 40
0.0381
 41
0.0381
 70
0
  0
VERTEX
  8
21
 10
97.9463
 20
78.7652
 30
0.0000
 42
1.0000
  0
VERTEX
  8
21
 10
97.9463
 20
78.8033
 30
0.0000
  0
SEQEND
  8
0
  0
POLYLINE
  8
21
 66
1
 10
0.0000
 20
0.0000
 30
0.0000
 40
0.0762
 41
0.0762
 70
0
  0
VERTEX
  8
21
 10
97.9463
 20
78.2038
 30
0.0000
  0
VERTEX
  8
21
 10
98.0282
 20
78.4084
 30
0.0000
  0
SEQEND
  8
0
  0
POLYLINE
  8
21
 66
1
 10
0.0000
 20
0.0000
 30
0.0000
 40
0.0381
 41
0.0381
 70
0
  0
VERTEX
  8
21
 10
98.0458
 20
78.4013
 30
0.0000
 42
1.0000
  0
VERTEX
  8
21
 10
98.0105
 20
78.4155
 30
0.0000
  0
SEQEND
  8
0
  0
POLYLINE
  8
21
 66
1
 10
0.0000
 20
0.0000
 30
0.0000
 40
0.0381
 41
0.0381
 70
0
  0
VERTEX
  8
21
 10
97.9286
 20
78.2109
 30
0.0000
 42
1.0000
  0
VERTEX
  8
21
 10
97.9640
 20
78.1967
 30
0.0000
  0
SEQEND
  8
0
  0
POLYLINE
  8
21
 66
1
 10
0.0000
 20
0.0000
 30
0.0000
 40
0.0762
 41
0.0762
 70
0
  0
VERTEX
  8
21
 10
98.2328
 20
78.3675
 30
0.0000
 42
0.8318
  0
VERTEX
  8
21
 10
98.0282
 20
78.4084
 30
0.0000
  0
SEQEND
  8
0
  0
POLYLINE
  8
21
 66
1
 10
0.0000
 20
0.0000
 30
0.0000
 40
0.0381
 41
0.0381
 70
0
  0
VERTEX
  8
21
 10
98.2137
 20
78.3678
 30
0.0000
 42
1.0000
  0
VERTEX
  8
21
 10
98.2518
 20
78.3672
 30
0.0000
  0
SEQEND
  8
0
  0
POLYLINE
  8
21
 66
1
 10
0.0000
 20
0.0000
 30
0.0000
 40
0.0381
 41
0.0381
 70
0
  0
VERTEX
  8
21
 10
98.0105
 20
78.4155
 30
0.0000
 42
1.0000
  0
VERTEX
  8
21
 10
98.0458
 20
78.4013
 30
0.0000
  0
SEQEND
  8
0
  0
POLYLINE
  8
21
 66
1
 10
0.0000
 20
0.0000
 30
0.0000
 40
0.0762
 41
0.0762
 70
0
  0
VERTEX
  8
21
 10
98.1918
 20
78.1833
 30
0.0000
 42
0.1025
  0
VERTEX
  8
21
 10
98.2328
 20
78.3675
 30
0.0000
  0
SEQEND
  8
0
  0
POLYLINE
  8
21
 66
1
 10
0.0000
 20
0.0000
 30
0.0000
 40
0.0381
 41
0.0381
 70
0
  0
VERTEX
  8
21
 10
98.1745
 20
78.1911
 30
0.0000
 42
1.0000
  0
VERTEX
  8
21
 10
98.2092
 20
78.1755
 30
0.0000
  0
SEQEND
  8
0
  0
POLYLINE
  8
21
 66
1
 10
0.0000
 20
0.0000
 30
0.0000
 40
0.0381
 41
0.0381
 70
0
  0
VERTEX
  8
21
 10
98.2518
 20
78.3672
 30
0.0000
 42
1.0000
  0
VERTEX
  8
21
 10
98.2137
 20
78.3678
 30
0.0000
  0
SEQEND
  8
0
  0
POLYLINE
  8
21
 66
1
 10
0.0000
 20
0.0000
 30
0.0000
 40
0.0762
 41
0.0762
 70
0
  0
VERTEX
  8
21
 10
97.7417
 20
78.2447
 30
0.0000
 42
0.8318
  0
VERTEX
  8
21
 10
97.9463
 20
78.2038
 30
0.0000
  0
SEQEND
  8
0
  0
POLYLINE
  8
21
 66
1
 10
0.0000
 20
0.0000
 30
0.0000
 40
0.0381
 41
0.0381
 70
0
  0
VERTEX
  8
21
 10
97.7607
 20
78.2444
 30
0.0000
 42
1.0000
  0
VERTEX
  8
21
 10
97.7227
 20
78.2450
 30
0.0000
  0
SEQEND
  8
0
  0
POLYLINE
  8
21
 66
1
 10
0.0000
 20
0.0000
 30
0.0000
 40
0.0381
 41
0.0381
 70
0
  0
VERTEX
  8
21
 10
97.9640
 20
78.1967
 30
0.0000
 42
1.0000
  0
VERTEX
  8
21
 10
97.9286
 20
78.2109
 30
0.0000
  0
SEQEND
  8
0
  0
POLYLINE
  8
21
 66
1
 10
0.0000
 20
0.0000
 30
0.0000
 40
0.0762
 41
0.0762
 70
0
  0
VERTEX
  8
21
 10
97.7826
 20
78.4698
 30
0.0000
 42
0.0830
  0
VERTEX
  8
21
 10
97.7417
 20
78.2447
 30
0.0000
  0
SEQEND
  8
0
  0
POLYLINE
  8
21
 66
1
 10
0.0000
 20
0.0000
 30
0.0000
 40
0.0381
 41
0.0381
 70
0
  0
VERTEX
  8
21
 10
97.8005
 20
78.4633
 30
0.0000
 42
1.0000
  0
VERTEX
  8
21
 10
97.7647
 20
78.4762
 30
0.0000
  0
SEQEND
  8
0
  0
POLYLINE
  8
21
 66
1
 10
0.0000
 20
0.0000
 30
0.0000
 40
0.0381
 41
0.0381
 70
0
  0
VERTEX
  8
21
 10
97.7227
 20
78.2450
 30
0.0000
 42
1.0000
  0
VERTEX
  8
21
 10
97.7607
 20
78.2444
 30
0.0000
  0
SEQEND
  8
0
  0
POLYLINE
  8
21
 66
1
 10
0.0000
 20
0.0000
 30
0.0000
 40
0.0762
 41
0.0762
 70
0
  0
VERTEX
  8
21
 10
98.2328
 20
77.8988
 30
0.0000
  0
VERTEX
  8
21
 10
98.2328
 20
77.6533
 30
0.0000
  0
SEQEND
  8
0
  0
POLYLINE
  8
21
 66
1
 10
0.0000
 20
0.0000
 30
0.0000
 40
0.0381
 41
0.0381
 70
0
  0
VERTEX
  8
21
 10
98.2137
 20
77.6533
 30
0.0000
 42
1.0000
  0
VERTEX
  8
21
 10
98.2518
 20
77.6533
 30
0.0000
  0
SEQEND
  8
0
  0
POLYLINE
  8
21
 66
1
 10
0.0000
 20
0.0000
 30
0.0000
 40
0.0381
 41
0.0381
 70
0
  0
VERTEX
  8
21
 10
98.2518
 20
77.8988
 30
0.0000
 42
1.0000
  0
VERTEX
  8
21
 10
98.2137
 20
77.8988
 30
0.0000
  0
SEQEND
  8
0
  0
POLYLINE
  8
21
 66
1
 10
0.0000
 20
0.0000
 30
0.0000
 40
0.0762
 41
0.0762
 70
0
  0
VERTEX
  8
21
 10
98.4783
 20
77.8170
 30
0.0000
  0
VERTEX
  8
21
 10
97.8645
 20
77.8170
 30
0.0000
  0
SEQEND
  8
0
  0
POLYLINE
  8
21
 66
1
 10
0.0000
 20
0.0000
 30
0.0000
 40
0.0381
 41
0.0381
 70
0
  0
VERTEX
  8
21
 10
97.8645
 20
77.8360
 30
0.0000
 42
1.0000
  0
VERTEX
  8
21
 10
97.8645
 20
77.7979
 30
0.0000
  0
SEQEND
  8
0
  0
POLYLINE
  8
21
 66
1
 10
0.0000
 20
0.0000
 30
0.0000
 40
0.0381
 41
0.0381
 70
0
  0
VERTEX
  8
21
 10
98.4783
 20
77.7979
 30
0.0000
 42
1.0000
  0
VERTEX
  8
21
 10
98.4783
 20
77.8360
 30
0.0000
  0
SEQEND
  8
0
  0
POLYLINE
  8
21
 66
1
 10
0.0000
 20
0.0000
 30
0.0000
 40
0.0762
 41
0.0762
 70
0
  0
VERTEX
  8
21
 10
97.8645
 20
77.8170
 30
0.0000
 42
0.4142
  0
VERTEX
  8
21
 10
97.7417
 20
77.6942
 30
0.0000
  0
SEQEND
  8
0
  0
POLYLINE
  8
21
 66
1
 10
0.0000
 20
0.0000
 30
0.0000
 40
0.0381
 41
0.0381
 70
0
  0
VERTEX
  8
21
 10
97.8645
 20
77.7979
 30
0.0000
 42
1.0000
  0
VERTEX
  8
21
 10
97.8645
 20
77.8360
 30
0.0000
  0
SEQEND
  8
0
  0
POLYLINE
  8
21
 66
1
 10
0.0000
 20
0.0000
 30
0.0000
 40
0.0381
 41
0.0381
 70
0
  0
VERTEX
  8
21
 10
97.7226
 20
77.6942
 30
0.0000
 42
1.0000
  0
VERTEX
  8
21
 10
97.7607
 20
77.6942
 30
0.0000
  0
SEQEND
  8
0
  0
POLYLINE
  8
21
 66
1
 10
0.0000
 20
0.0000
 30
0.0000
 40
0.0762
 41
0.0762
 70
0
  0
VERTEX
  8
21
 10
97.7417
 20
77.6942
 30
0.0000
  0
VERTEX
  8
21
 10
97.7417
 20
77.6533
 30
0.0000
  0
SEQEND
  8
0
  0
POLYLINE
  8
21
 66
1
 10
0.0000
 20
0.0000
 30
0.0000
 40
0.0381
 41
0.0381
 70
0
  0
VERTEX
  8
21
 10
97.7227
 20
77.6533
 30
0.0000
 42
1.0000
  0
VERTEX
  8
21
 10
97.7608
 20
77.6533
 30
0.0000
  0
SEQEND
  8
0
  0
POLYLINE
  8
21
 66
1
 10
0.0000
 20
0.0000
 30
0.0000
 40
0.0381
 41
0.0381
 70
0
  0
VERTEX
  8
21
 10
97.7608
 20
77.6942
 30
0.0000
 42
1.0000
  0
VERTEX
  8
21
 10
97.7227
 20
77.6942
 30
0.0000
  0
SEQEND
  8
0
  0
POLYLINE
  8
21
 66
1
 10
0.0000
 20
0.0000
 30
0.0000
 40
0.0762
 41
0.0762
 70
0
  0
VERTEX
  8
21
 10
97.7417
 20
77.3795
 30
0.0000
  0
VERTEX
  8
21
 10
98.2328
 20
77.3795
 30
0.0000
  0
SEQEND
  8
0
  0
POLYLINE
  8
21
 66
1
 10
0.0000
 20
0.0000
 30
0.0000
 40
0.0381
 41
0.0381
 70
0
  0
VERTEX
  8
21
 10
98.2328
 20
77.3605
 30
0.0000
 42
1.0000
  0
VERTEX
  8
21
 10
98.2328
 20
77.3986
 30
0.0000
  0
SEQEND
  8
0
  0
POLYLINE
  8
21
 66
1
 10
0.0000
 20
0.0000
 30
0.0000
 40
0.0381
 41
0.0381
 70
0
  0
VERTEX
  8
21
 10
97.7417
 20
77.3986
 30
0.0000
 42
1.0000
  0
VERTEX
  8
21
 10
97.7417
 20
77.3605
 30
0.0000
  0
SEQEND
  8
0
  0
POLYLINE
  8
21
 66
1
 10
0.0000
 20
0.0000
 30
0.0000
 40
0.0762
 41
0.0762
 70
0
  0
VERTEX
  8
21
 10
98.4374
 20
77.4000
 30
0.0000
  0
VERTEX
  8
21
 10
98.4783
 20
77.4000
 30
0.0000
  0
SEQEND
  8
0
  0
POLYLINE
  8
21
 66
1
 10
0.0000
 20
0.0000
 30
0.0000
 40
0.0381
 41
0.0381
 70
0
  0
VERTEX
  8
21
 10
98.4783
 20
77.3809
 30
0.0000
 42
1.0000
  0
VERTEX
  8
21
 10
98.4783
 20
77.4190
 30
0.0000
  0
SEQEND
  8
0
  0
POLYLINE
  8
21
 66
1
 10
0.0000
 20
0.0000
 30
0.0000
 40
0.0381
 41
0.0381
 70
0
  0
VERTEX
  8
21
 10
98.4374
 20
77.4190
 30
0.0000
 42
1.0000
  0
VERTEX
  8
21
 10
98.4374
 20
77.3809
 30
0.0000
  0
SEQEND
  8
0
  0
POLYLINE
  8
21
 66
1
 10
0.0000
 20
0.0000
 30
0.0000
 40
0.0762
 41
0.0762
 70
0
  0
VERTEX
  8
21
 10
98.4783
 20
77.4000
 30
0.0000
  0
VERTEX
  8
21
 10
98.4783
 20
77.3591
 30
0.0000
  0
SEQEND
  8
0
  0
POLYLINE
  8
21
 66
1
 10
0.0000
 20
0.0000
 30
0.0000
 40
0.0381
 41
0.0381
 70
0
  0
VERTEX
  8
21
 10
98.4593
 20
77.3591
 30
0.0000
 42
1.0000
  0
VERTEX
  8
21
 10
98.4973
 20
77.3591
 30
0.0000
  0
SEQEND
  8
0
  0
POLYLINE
  8
21
 66
1
 10
0.0000
 20
0.0000
 30
0.0000
 40
0.0381
 41
0.0381
 70
0
  0
VERTEX
  8
21
 10
98.4973
 20
77.4000
 30
0.0000
 42
1.0000
  0
VERTEX
  8
21
 10
98.4593
 20
77.4000
 30
0.0000
  0
SEQEND
  8
0
  0
POLYLINE
  8
21
 66
1
 10
0.0000
 20
0.0000
 30
0.0000
 40
0.0762
 41
0.0762
 70
0
  0
VERTEX
  8
21
 10
98.4783
 20
77.3591
 30
0.0000
  0
VERTEX
  8
21
 10
98.4374
 20
77.3591
 30
0.0000
  0
SEQEND
  8
0
  0
POLYLINE
  8
21
 66
1
 10
0.0000
 20
0.0000
 30
0.0000
 40
0.0381
 41
0.0381
 70
0
  0
VERTEX
  8
21
 10
98.4374
 20
77.3781
 30
0.0000
 42
1.0000
  0
VERTEX
  8
21
 10
98.4374
 20
77.3400
 30
0.0000
  0
SEQEND
  8
0
  0
POLYLINE
  8
21
 66
1
 10
0.0000
 20
0.0000
 30
0.0000
 40
0.0381
 41
0.0381
 70
0
  0
VERTEX
  8
21
 10
98.4783
 20
77.3400
 30
0.0000
 42
1.0000
  0
VERTEX
  8
21
 10
98.4783
 20
77.3781
 30
0.0000
  0
SEQEND
  8
0
  0
POLYLINE
  8
21
 66
1
 10
0.0000
 20
0.0000
 30
0.0000
 40
0.0762
 41
0.0762
 70
0
  0
VERTEX
  8
21
 10
98.4374
 20
77.3591
 30
0.0000
  0
VERTEX
  8
21
 10
98.4374
 20
77.4000
 30
0.0000
  0
SEQEND
  8
0
  0
POLYLINE
  8
21
 66
1
 10
0.0000
 20
0.0000
 30
0.0000
 40
0.0381
 41
0.0381
 70
0
  0
VERTEX
  8
21
 10
98.4564
 20
77.4000
 30
0.0000
 42
1.0000
  0
VERTEX
  8
21
 10
98.4183
 20
77.4000
 30
0.0000
  0
SEQEND
  8
0
  0
POLYLINE
  8
21
 66
1
 10
0.0000
 20
0.0000
 30
0.0000
 40
0.0381
 41
0.0381
 70
0
  0
VERTEX
  8
21
 10
98.4183
 20
77.3591
 30
0.0000
 42
1.0000
  0
VERTEX
  8
21
 10
98.4564
 20
77.3591
 30
0.0000
  0
SEQEND
  8
0
  0
POLYLINE
  8
21
 66
1
 10
0.0000
 20
0.0000
 30
0.0000
 40
0.0762
 41
0.0762
 70
0
  0
VERTEX
  8
21
 10
98.0282
 20
76.7566
 30
0.0000
  0
VERTEX
  8
21
 10
98.0282
 20
76.9408
 30
0.0000
  0
SEQEND
  8
0
  0
POLYLINE
  8
21
 66
1
 10
0.0000
 20
0.0000
 30
0.0000
 40
0.0381
 41
0.0381
 70
0
  0
VERTEX
  8
21
 10
98.0472
 20
76.9408
 30
0.0000
 42
1.0000
  0
VERTEX
  8
21
 10
98.0091
 20
76.9408
 30
0.0000
  0
SEQEND
  8
0
  0
POLYLINE
  8
21
 66
1
 10
0.0000
 20
0.0000
 30
0.0000
 40
0.0381
 41
0.0381
 70
0
  0
VERTEX
  8
21
 10
98.0091
 20
76.7566
 30
0.0000
 42
1.0000
  0
VERTEX
  8
21
 10
98.0472
 20
76.7566
 30
0.0000
  0
SEQEND
  8
0
  0
POLYLINE
  8
21
 66
1
 10
0.0000
 20
0.0000
 30
0.0000
 40
0.0762
 41
0.0762
 70
0
  0
VERTEX
  8
21
 10
98.0282
 20
76.9408
 30
0.0000
 42
1.0000
  0
VERTEX
  8
21
 10
97.7417
 20
76.9408
 30
0.0000
  0
SEQEND
  8
0
  0
POLYLINE
  8
21
 66
1
 10
0.0000
 20
0.0000
 30
0.0000
 40
0.0381
 41
0.0381
 70
0
  0
VERTEX
  8
21
 10
98.0091
 20
76.9408
 30
0.0000
 42
1.0000
  0
VERTEX
  8
21
 10
98.0472
 20
76.9408
 30
0.0000
  0
SEQEND
  8
0
  0
POLYLINE
  8
21
 66
1
 10
0.0000
 20
0.0000
 30
0.0000
 40
0.0381
 41
0.0381
 70
0
  0
VERTEX
  8
21
 10
97.7226
 20
76.9408
 30
0.0000
 42
1.0000
  0
VERTEX
  8
21
 10
97.7607
 20
76.9408
 30
0.0000
  0
SEQEND
  8
0
  0
POLYLINE
  8
21
 66
1
 10
0.0000
 20
0.0000
 30
0.0000
 40
0.0762
 41
0.0762
 70
0
  0
VERTEX
  8
21
 10
97.7417
 20
76.9408
 30
0.0000
  0
VERTEX
  8
21
 10
97.7417
 20
76.7566
 30
0.0000
  0
SEQEND
  8
0
  0
POLYLINE
  8
21
 66
1
 10
0.0000
 20
0.0000
 30
0.0000
 40
0.0381
 41
0.0381
 70
0
  0
VERTEX
  8
21
 10
97.7227
 20
76.7566
 30
0.0000
 42
1.0000
  0
VERTEX
  8
21
 10
97.7608
 20
76.7566
 30
0.0000
  0
SEQEND
  8
0
  0
POLYLINE
  8
21
 66
1
 10
0.0000
 20
0.0000
 30
0.0000
 40
0.0381
 41
0.0381
 70
0
  0
VERTEX
  8
21
 10
97.7608
 20
76.9408
 30
0.0000
 42
1.0000
  0
VERTEX
  8
21
 10
97.7227
 20
76.9408
 30
0.0000
  0
SEQEND
  8
0
  0
POLYLINE
  8
21
 66
1
 10
0.0000
 20
0.0000
 30
0.0000
 40
0.0762
 41
0.0762
 70
0
  0
VERTEX
  8
21
 10
97.7417
 20
76.7566
 30
0.0000
  0
VERTEX
  8
21
 10
98.1100
 20
76.7566
 30
0.0000
  0
SEQEND
  8
0
  0
POLYLINE
  8
21
 66
1
 10
0.0000
 20
0.0000
 30
0.0000
 40
0.0381
 41
0.0381
 70
0
  0
VERTEX
  8
21
 10
98.1100
 20
76.7376
 30
0.0000
 42
1.0000
  0
VERTEX
  8
21
 10
98.1100
 20
76.7757
 30
0.0000
  0
SEQEND
  8
0
  0
POLYLINE
  8
21
 66
1
 10
0.0000
 20
0.0000
 30
0.0000
 40
0.0381
 41
0.0381
 70
0
  0
VERTEX
  8
21
 10
97.7417
 20
76.7757
 30
0.0000
 42
1.0000
  0
VERTEX
  8
21
 10
97.7417
 20
76.7376
 30
0.0000
  0
SEQEND
  8
0
  0
POLYLINE
  8
21
 66
1
 10
0.0000
 20
0.0000
 30
0.0000
 40
0.0762
 41
0.0762
 70
0
  0
VERTEX
  8
21
 10
98.1100
 20
76.7566
 30
0.0000
 42
0.4142
  0
VERTEX
  8
21
 10
98.2328
 20
76.8794
 30
0.0000
  0
SEQEND
  8
0
  0
POLYLINE
  8
21
 66
1
 10
0.0000
 20
0.0000
 30
0.0000
 40
0.0381
 41
0.0381
 70
0
  0
VERTEX
  8
21
 10
98.1100
 20
76.7757
 30
0.0000
 42
1.0000
  0
VERTEX
  8
21
 10
98.1100
 20
76.7376
 30
0.0000
  0
SEQEND
  8
0
  0
POLYLINE
  8
21
 66
1
 10
0.0000
 20
0.0000
 30
0.0000
 40
0.0381
 41
0.0381
 70
0
  0
VERTEX
  8
21
 10
98.2518
 20
76.8794
 30
0.0000
 42
1.0000
  0
VERTEX
  8
21
 10
98.2137
 20
76.8794
 30
0.0000
  0
SEQEND
  8
0
  0
POLYLINE
  8
21
 66
1
 10
0.0000
 20
0.0000
 30
0.0000
 40
0.0762
 41
0.0762
 70
0
  0
VERTEX
  8
21
 10
98.2328
 20
76.8794
 30
0.0000
  0
VERTEX
  8
21
 10
98.2328
 20
77.0431
 30
0.0000
  0
SEQEND
  8
0
  0
POLYLINE
  8
21
 66
1
 10
0.0000
 20
0.0000
 30
0.0000
 40
0.0381
 41
0.0381
 70
0
  0
VERTEX
  8
21
 10
98.2518
 20
77.0431
 30
0.0000
 42
1.0000
  0
VERTEX
  8
21
 10
98.2137
 20
77.0431
 30
0.0000
  0
SEQEND
  8
0
  0
POLYLINE
  8
21
 66
1
 10
0.0000
 20
0.0000
 30
0.0000
 40
0.0381
 41
0.0381
 70
0
  0
VERTEX
  8
21
 10
98.2137
 20
76.8794
 30
0.0000
 42
1.0000
  0
VERTEX
  8
21
 10
98.2518
 20
76.8794
 30
0.0000
  0
SEQEND
  8
0
  0
POLYLINE
  8
20
 66
1
 10
0.0000
 20
0.0000
 30
0.0000
 40
0.0010
 41
0.0010
 70
0
  0
VERTEX
  8
20
 10
107.5000
 20
80.7816
 30
0.0000
 42
1.0000
  0
VERTEX
  8
20
 10
107.5000
 20
87.5816
 30
0.0000
 42
1.0000
  0
VERTEX
  8
20
 10
107.5000
 20
80.7816
 30
0.0000
  0
SEQEND
  8
0
  0
POLYLINE
  8
20
 66
1
 10
0.0000
 20
0.0000
 30
0.0000
 40
0.1500
 41
0.1500
 70
0
  0
VERTEX
  8
20
 10
101.3560
 20
72.8429
 30
0.0000
 42
1.0000
  0
VERTEX
  8
20
 10
101.3560
 20
74.2571
 30
0.0000
 42
1.0000
  0
VERTEX
  8
20
 10
101.3560
 20
72.8429
 30
0.0000
  0
SEQEND
  8
0
  0
POLYLINE
  8
20
 66
1
 10
0.0000
 20
0.0000
 30
0.0000
 40
0.1500
 41
0.1500
 70
0
  0
VERTEX
  8
20
 10
113.8000
 20
72.8429
 30
0.0000
 42
1.0000
  0
VERTEX
  8
20
 10
113.8000
 20
74.2571
 30
0.0000
 42
1.0000
  0
VERTEX
  8
20
 10
113.8000
 20
72.8429
 30
0.0000
  0
SEQEND
  8
0
  0
INSERT
  8
1
  2
RECT
 10
101.3750
 20
84.3500
 30
0.0000
 41
2.5500
 42
4.4000
 43
1.0000
 50
0.0000
  0
INSERT
  8
1
  2
RECT
 10
113.6250
 20
84.3500
 30
0.0000
 41
2.5500
 42
4.4000
 43
1.0000
 50
0.0000
  0
POINT
  8
23
 10
99.8956
 20
71.3000
 30
0.0000
  0
INSERT
  8
1
  2
PIE
 10
99.8956
 20
71.3000
 30
0.0000
 41
1.2700
 42
1.2700
 43
1.0000
 50
0.0000
  0
POLYLINE
  8
25
 66
1
 10
0.0000
 20
0.0000
 30
0.0000
 40
0.0508
 41
0.0508
 70
0
  0
VERTEX
  8
25
 10
99.2860
 20
72.3414
 30
0.0000
  0
VERTEX
  8
25
 10
99.4412
 20
72.3414
 30
0.0000
  0
SEQEND
  8
0
  0
POLYLINE
  8
25
 66
1
 10
0.0000
 20
0.0000
 30
0.0000
 40
0.0254
 41
0.0254
 70
0
  0
VERTEX
  8
25
 10
99.4412
 20
72.3287
 30
0.0000
 42
1.0000
  0
VERTEX
  8
25
 10
99.4412
 20
72.3541
 30
0.0000
  0
SEQEND
  8
0
  0
POLYLINE
  8
25
 66
1
 10
0.0000
 20
0.0000
 30
0.0000
 40
0.0254
 41
0.0254
 70
0
  0
VERTEX
  8
25
 10
99.2860
 20
72.3541
 30
0.0000
 42
1.0000
  0
VERTEX
  8
25
 10
99.2860
 20
72.3287
 30
0.0000
  0
SEQEND
  8
0
  0
POLYLINE
  8
25
 66
1
 10
0.0000
 20
0.0000
 30
0.0000
 40
0.0508
 41
0.0508
 70
0
  0
VERTEX
  8
25
 10
99.4412
 20
72.3414
 30
0.0000
 42
1.0000
  0
VERTEX
  8
25
 10
99.4412
 20
72.6518
 30
0.0000
  0
SEQEND
  8
0
  0
POLYLINE
  8
25
 66
1
 10
0.0000
 20
0.0000
 30
0.0000
 40
0.0254
 41
0.0254
 70
0
  0
VERTEX
  8
25
 10
99.4412
 20
72.3541
 30
0.0000
 42
1.0000
  0
VERTEX
  8
25
 10
99.4412
 20
72.3287
 30
0.0000
  0
SEQEND
  8
0
  0
POLYLINE
  8
25
 66
1
 10
0.0000
 20
0.0000
 30
0.0000
 40
0.0254
 41
0.0254
 70
0
  0
VERTEX
  8
25
 10
99.4412
 20
72.6645
 30
0.0000
 42
1.0000
  0
VERTEX
  8
25
 10
99.4412
 20
72.6391
 30
0.0000
  0
SEQEND
  8
0
  0
POLYLINE
  8
25
 66
1
 10
0.0000
 20
0.0000
 30
0.0000
 40
0.0508
 41
0.0508
 70
0
  0
VERTEX
  8
25
 10
99.2860
 20
72.9002
 30
0.0000
  0
VERTEX
  8
25
 10
99.4723
 20
72.9002
 30
0.0000
  0
SEQEND
  8
0
  0
POLYLINE
  8
25
 66
1
 10
0.0000
 20
0.0000
 30
0.0000
 40
0.0254
 41
0.0254
 70
0
  0
VERTEX
  8
25
 10
99.4723
 20
72.8875
 30
0.0000
 42
1.0000
  0
VERTEX
  8
25
 10
99.4723
 20
72.9129
 30
0.0000
  0
SEQEND
  8
0
  0
POLYLINE
  8
25
 66
1
 10
0.0000
 20
0.0000
 30
0.0000
 40
0.0254
 41
0.0254
 70
0
  0
VERTEX
  8
25
 10
99.2860
 20
72.9129
 30
0.0000
 42
1.0000
  0
VERTEX
  8
25
 10
99.2860
 20
72.8875
 30
0.0000
  0
SEQEND
  8
0
  0
POLYLINE
  8
25
 66
1
 10
0.0000
 20
0.0000
 30
0.0000
 40
0.0508
 41
0.0508
 70
0
  0
VERTEX
  8
25
 10
99.4723
 20
72.6518
 30
0.0000
 42
1.0000
  0
VERTEX
  8
25
 10
99.4723
 20
72.9002
 30
0.0000
  0
SEQEND
  8
0
  0
POLYLINE
  8
25
 66
1
 10
0.0000
 20
0.0000
 30
0.0000
 40
0.0254
 41
0.0254
 70
0
  0
VERTEX
  8
25
 10
99.4723
 20
72.6645
 30
0.0000
 42
1.0000
  0
VERTEX
  8
25
 10
99.4723
 20
72.6391
 30
0.0000
  0
SEQEND
  8
0
  0
POLYLINE
  8
25
 66
1
 10
0.0000
 20
0.0000
 30
0.0000
 40
0.0254
 41
0.0254
 70
0
  0
VERTEX
  8
25
 10
99.4723
 20
72.9129
 30
0.0000
 42
1.0000
  0
VERTEX
  8
25
 10
99.4723
 20
72.8875
 30
0.0000
  0
SEQEND
  8
0
  0
POLYLINE
  8
25
 66
1
 10
0.0000
 20
0.0000
 30
0.0000
 40
0.0508
 41
0.0508
 70
0
  0
VERTEX
  8
25
 10
99.4723
 20
72.6518
 30
0.0000
  0
VERTEX
  8
25
 10
99.3481
 20
72.6518
 30
0.0000
  0
SEQEND
  8
0
  0
POLYLINE
  8
25
 66
1
 10
0.0000
 20
0.0000
 30
0.0000
 40
0.0254
 41
0.0254
 70
0
  0
VERTEX
  8
25
 10
99.3481
 20
72.6645
 30
0.0000
 42
1.0000
  0
VERTEX
  8
25
 10
99.3481
 20
72.6391
 30
0.0000
  0
SEQEND
  8
0
  0
POLYLINE
  8
25
 66
1
 10
0.0000
 20
0.0000
 30
0.0000
 40
0.0254
 41
0.0254
 70
0
  0
VERTEX
  8
25
 10
99.4723
 20
72.6391
 30
0.0000
 42
1.0000
  0
VERTEX
  8
25
 10
99.4723
 20
72.6645
 30
0.0000
  0
SEQEND
  8
0
  0
POLYLINE
  8
25
 66
1
 10
0.0000
 20
0.0000
 30
0.0000
 40
0.0508
 41
0.0508
 70
0
  0
VERTEX
  8
25
 10
99.8036
 20
72.9002
 30
0.0000
  0
VERTEX
  8
25
 10
99.9899
 20
72.3414
 30
0.0000
  0
SEQEND
  8
0
  0
POLYLINE
  8
25
 66
1
 10
0.0000
 20
0.0000
 30
0.0000
 40
0.0254
 41
0.0254
 70
0
  0
VERTEX
  8
25
 10
99.9778
 20
72.3374
 30
0.0000
 42
1.0000
  0
VERTEX
  8
25
 10
100.0019
 20
72.3454
 30
0.0000
  0
SEQEND
  8
0
  0
POLYLINE
  8
25
 66
1
 10
0.0000
 20
0.0000
 30
0.0000
 40
0.0254
 41
0.0254
 70
0
  0
VERTEX
  8
25
 10
99.8156
 20
72.9042
 30
0.0000
 42
1.0000
  0
VERTEX
  8
25
 10
99.7915
 20
72.8962
 30
0.0000
  0
SEQEND
  8
0
  0
POLYLINE
  8
25
 66
1
 10
0.0000
 20
0.0000
 30
0.0000
 40
0.0508
 41
0.0508
 70
0
  0
VERTEX
  8
25
 10
99.9899
 20
72.3414
 30
0.0000
  0
VERTEX
  8
25
 10
100.1761
 20
72.9002
 30
0.0000
  0
SEQEND
  8
0
  0
POLYLINE
  8
25
 66
1
 10
0.0000
 20
0.0000
 30
0.0000
 40
0.0254
 41
0.0254
 70
0
  0
VERTEX
  8
25
 10
100.1882
 20
72.8962
 30
0.0000
 42
1.0000
  0
VERTEX
  8
25
 10
100.1641
 20
72.9042
 30
0.0000
  0
SEQEND
  8
0
  0
POLYLINE
  8
25
 66
1
 10
0.0000
 20
0.0000
 30
0.0000
 40
0.0254
 41
0.0254
 70
0
  0
VERTEX
  8
25
 10
99.9778
 20
72.3454
 30
0.0000
 42
1.0000
  0
VERTEX
  8
25
 10
100.0019
 20
72.3374
 30
0.0000
  0
SEQEND
  8
0
  0
POLYLINE
  8
25
 66
1
 10
0.0000
 20
0.0000
 30
0.0000
 40
0.0508
 41
0.0508
 70
0
  0
VERTEX
  8
25
 10
100.3833
 20
72.3414
 30
0.0000
  0
VERTEX
  8
25
 10
100.5385
 20
72.3414
 30
0.0000
  0
SEQEND
  8
0
  0
POLYLINE
  8
25
 66
1
 10
0.0000
 20
0.0000
 30
0.0000
 40
0.0254
 41
0.0254
 70
0
  0
VERTEX
  8
25
 10
100.5385
 20
72.3287
 30
0.0000
 42
1.0000
  0
VERTEX
  8
25
 10
100.5385
 20
72.3541
 30
0.0000
  0
SEQEND
  8
0
  0
POLYLINE
  8
25
 66
1
 10
0.0000
 20
0.0000
 30
0.0000
 40
0.0254
 41
0.0254
 70
0
  0
VERTEX
  8
25
 10
100.3833
 20
72.3541
 30
0.0000
 42
1.0000
  0
VERTEX
  8
25
 10
100.3833
 20
72.3287
 30
0.0000
  0
SEQEND
  8
0
  0
POLYLINE
  8
25
 66
1
 10
0.0000
 20
0.0000
 30
0.0000
 40
0.0508
 41
0.0508
 70
0
  0
VERTEX
  8
25
 10
100.5385
 20
72.3414
 30
0.0000
 42
1.0000
  0
VERTEX
  8
25
 10
100.5385
 20
72.6518
 30
0.0000
  0
SEQEND
  8
0
  0
POLYLINE
  8
25
 66
1
 10
0.0000
 20
0.0000
 30
0.0000
 40
0.0254
 41
0.0254
 70
0
  0
VERTEX
  8
25
 10
100.5385
 20
72.3541
 30
0.0000
 42
1.0000
  0
VERTEX
  8
25
 10
100.5385
 20
72.3287
 30
0.0000
  0
SEQEND
  8
0
  0
POLYLINE
  8
25
 66
1
 10
0.0000
 20
0.0000
 30
0.0000
 40
0.0254
 41
0.0254
 70
0
  0
VERTEX
  8
25
 10
100.5385
 20
72.6645
 30
0.0000
 42
1.0000
  0
VERTEX
  8
25
 10
100.5385
 20
72.6391
 30
0.0000
  0
SEQEND
  8
0
  0
POLYLINE
  8
25
 66
1
 10
0.0000
 20
0.0000
 30
0.0000
 40
0.0508
 41
0.0508
 70
0
  0
VERTEX
  8
25
 10
100.3833
 20
72.9002
 30
0.0000
  0
VERTEX
  8
25
 10
100.5695
 20
72.9002
 30
0.0000
  0
SEQEND
  8
0
  0
POLYLINE
  8
25
 66
1
 10
0.0000
 20
0.0000
 30
0.0000
 40
0.0254
 41
0.0254
 70
0
  0
VERTEX
  8
25
 10
100.5695
 20
72.8875
 30
0.0000
 42
1.0000
  0
VERTEX
  8
25
 10
100.5695
 20
72.9129
 30
0.0000
  0
SEQEND
  8
0
  0
POLYLINE
  8
25
 66
1
 10
0.0000
 20
0.0000
 30
0.0000
 40
0.0254
 41
0.0254
 70
0
  0
VERTEX
  8
25
 10
100.3833
 20
72.9129
 30
0.0000
 42
1.0000
  0
VERTEX
  8
25
 10
100.3833
 20
72.8875
 30
0.0000
  0
SEQEND
  8
0
  0
POLYLINE
  8
25
 66
1
 10
0.0000
 20
0.0000
 30
0.0000
 40
0.0508
 41
0.0508
 70
0
  0
VERTEX
  8
25
 10
100.5695
 20
72.6518
 30
0.0000
 42
1.0000
  0
VERTEX
  8
25
 10
100.5695
 20
72.9002
 30
0.0000
  0
SEQEND
  8
0
  0
POLYLINE
  8
25
 66
1
 10
0.0000
 20
0.0000
 30
0.0000
 40
0.0254
 41
0.0254
 70
0
  0
VERTEX
  8
25
 10
100.5695
 20
72.6645
 30
0.0000
 42
1.0000
  0
VERTEX
  8
25
 10
100.5695
 20
72.6391
 30
0.0000
  0
SEQEND
  8
0
  0
POLYLINE
  8
25
 66
1
 10
0.0000
 20
0.0000
 30
0.0000
 40
0.0254
 41
0.0254
 70
0
  0
VERTEX
  8
25
 10
100.5695
 20
72.9129
 30
0.0000
 42
1.0000
  0
VERTEX
  8
25
 10
100.5695
 20
72.8875
 30
0.0000
  0
SEQEND
  8
0
  0
POLYLINE
  8
25
 66
1
 10
0.0000
 20
0.0000
 30
0.0000
 40
0.0508
 41
0.0508
 70
0
  0
VERTEX
  8
25
 10
100.5695
 20
72.6518
 30
0.0000
  0
VERTEX
  8
25
 10
100.4454
 20
72.6518
 30
0.0000
  0
SEQEND
  8
0
  0
POLYLINE
  8
25
 66
1
 10
0.0000
 20
0.0000
 30
0.0000
 40
0.0254
 41
0.0254
 70
0
  0
VERTEX
  8
25
 10
100.4454
 20
72.6645
 30
0.0000
 42
1.0000
  0
VERTEX
  8
25
 10
100.4454
 20
72.6391
 30
0.0000
  0
SEQEND
  8
0
  0
POLYLINE
  8
25
 66
1
 10
0.0000
 20
0.0000
 30
0.0000
 40
0.0254
 41
0.0254
 70
0
  0
VERTEX
  8
25
 10
100.5695
 20
72.6391
 30
0.0000
 42
1.0000
  0
VERTEX
  8
25
 10
100.5695
 20
72.6645
 30
0.0000
  0
SEQEND
  8
0
  0
POINT
  8
23
 10
105.7200
 20
90.0100
 30
0.0000
  0
POLYLINE
  8
39
 66
1
 10
0.0000
 20
0.0000
 30
0.0000
 40
0.0508
 41
0.0508
 70
0
  0
VERTEX
  8
39
 10
104.7370
 20
88.0370
 30
0.0000
  0
VERTEX
  8
39
 10
104.7370
 20
91.9830
 30
0.0000
  0
SEQEND
  8
0
  0
POLYLINE
  8
39
 66
1
 10
0.0000
 20
0.0000
 30
0.0000
 40
0.0254
 41
0.0254
 70
0
  0
VERTEX
  8
39
 10
104.7497
 20
91.9830
 30
0.0000
 42
1.0000
  0
VERTEX
  8
39
 10
104.7243
 20
91.9830
 30
0.0000
  0
SEQEND
  8
0
  0
POLYLINE
  8
39
 66
1
 10
0.0000
 20
0.0000
 30
0.0000
 40
0.0254
 41
0.0254
 70
0
  0
VERTEX
  8
39
 10
104.7243
 20
88.0370
 30
0.0000
 42
1.0000
  0
VERTEX
  8
39
 10
104.7497
 20
88.0370
 30
0.0000
  0
SEQEND
  8
0
  0
POLYLINE
  8
39
 66
1
 10
0.0000
 20
0.0000
 30
0.0000
 40
0.0508
 41
0.0508
 70
0
  0
VERTEX
  8
39
 10
106.7030
 20
91.9830
 30
0.0000
  0
VERTEX
  8
39
 10
106.7030
 20
88.0370
 30
0.0000
  0
SEQEND
  8
0
  0
POLYLINE
  8
39
 66
1
 10
0.0000
 20
0.0000
 30
0.0000
 40
0.0254
 41
0.0254
 70
0
  0
VERTEX
  8
39
 10
106.6903
 20
88.0370
 30
0.0000
 42
1.0000
  0
VERTEX
  8
39
 10
106.7157
 20
88.0370
 30
0.0000
  0
SEQEND
  8
0
  0
POLYLINE
  8
39
 66
1
 10
0.0000
 20
0.0000
 30
0.0000
 40
0.0254
 41
0.0254
 70
0
  0
VERTEX
  8
39
 10
106.7157
 20
91.9830
 30
0.0000
 42
1.0000
  0
VERTEX
  8
39
 10
106.6903
 20
91.9830
 30
0.0000
  0
SEQEND
  8
0
  0
POLYLINE
  8
39
 66
1
 10
0.0000
 20
0.0000
 30
0.0000
 40
0.0508
 41
0.0508
 70
0
  0
VERTEX
  8
39
 10
106.7030
 20
88.0370
 30
0.0000
  0
VERTEX
  8
39
 10
104.7370
 20
88.0370
 30
0.0000
  0
SEQEND
  8
0
  0
POLYLINE
  8
39
 66
1
 10
0.0000
 20
0.0000
 30
0.0000
 40
0.0254
 41
0.0254
 70
0
  0
VERTEX
  8
39
 10
104.7370
 20
88.0497
 30
0.0000
 42
1.0000
  0
VERTEX
  8
39
 10
104.7370
 20
88.0243
 30
0.0000
  0
SEQEND
  8
0
  0
POLYLINE
  8
39
 66
1
 10
0.0000
 20
0.0000
 30
0.0000
 40
0.0254
 41
0.0254
 70
0
  0
VERTEX
  8
39
 10
106.7030
 20
88.0243
 30
0.0000
 42
1.0000
  0
VERTEX
  8
39
 10
106.7030
 20
88.0497
 30
0.0000
  0
SEQEND
  8
0
  0
POLYLINE
  8
51
 66
1
 10
0.0000
 20
0.0000
 30
0.0000
 40
0.1016
 41
0.1016
 70
0
  0
VERTEX
  8
51
 10
105.0600
 20
89.6290
 30
0.0000
  0
VERTEX
  8
51
 10
105.0600
 20
90.3910
 30
0.0000
  0
SEQEND
  8
0
  0
POLYLINE
  8
51
 66
1
 10
0.0000
 20
0.0000
 30
0.0000
 40
0.0508
 41
0.0508
 70
0
  0
VERTEX
  8
51
 10
105.0854
 20
90.3910
 30
0.0000
 42
1.0000
  0
VERTEX
  8
51
 10
105.0346
 20
90.3910
 30
0.0000
  0
SEQEND
  8
0
  0
POLYLINE
  8
51
 66
1
 10
0.0000
 20
0.0000
 30
0.0000
 40
0.0508
 41
0.0508
 70
0
  0
VERTEX
  8
51
 10
105.0346
 20
89.6290
 30
0.0000
 42
1.0000
  0
VERTEX
  8
51
 10
105.0854
 20
89.6290
 30
0.0000
  0
SEQEND
  8
0
  0
POLYLINE
  8
51
 66
1
 10
0.0000
 20
0.0000
 30
0.0000
 40
0.1016
 41
0.1016
 70
0
  0
VERTEX
  8
51
 10
106.3800
 20
89.6540
 30
0.0000
  0
VERTEX
  8
51
 10
106.3800
 20
90.3910
 30
0.0000
  0
SEQEND
  8
0
  0
POLYLINE
  8
51
 66
1
 10
0.0000
 20
0.0000
 30
0.0000
 40
0.0508
 41
0.0508
 70
0
  0
VERTEX
  8
51
 10
106.4054
 20
90.3910
 30
0.0000
 42
1.0000
  0
VERTEX
  8
51
 10
106.3546
 20
90.3910
 30
0.0000
  0
SEQEND
  8
0
  0
POLYLINE
  8
51
 66
1
 10
0.0000
 20
0.0000
 30
0.0000
 40
0.0508
 41
0.0508
 70
0
  0
VERTEX
  8
51
 10
106.3546
 20
89.6540
 30
0.0000
 42
1.0000
  0
VERTEX
  8
51
 10
106.4054
 20
89.6540
 30
0.0000
  0
SEQEND
  8
0
  0
POLYLINE
  8
39
 66
1
 10
0.0000
 20
0.0000
 30
0.0000
 40
0.0508
 41
0.0508
 70
0
  0
VERTEX
  8
39
 10
104.7370
 20
91.9830
 30
0.0000
  0
VERTEX
  8
39
 10
106.7030
 20
91.9830
 30
0.0000
  0
SEQEND
  8
0
  0
POLYLINE
  8
39
 66
1
 10
0.0000
 20
0.0000
 30
0.0000
 40
0.0254
 41
0.0254
 70
0
  0
VERTEX
  8
39
 10
106.7030
 20
91.9703
 30
0.0000
 42
1.0000
  0
VERTEX
  8
39
 10
106.7030
 20
91.9957
 30
0.0000
  0
SEQEND
  8
0
  0
POLYLINE
  8
39
 66
1
 10
0.0000
 20
0.0000
 30
0.0000
 40
0.0254
 41
0.0254
 70
0
  0
VERTEX
  8
39
 10
104.7370
 20
91.9957
 30
0.0000
 42
1.0000
  0
VERTEX
  8
39
 10
104.7370
 20
91.9703
 30
0.0000
  0
SEQEND
  8
0
  0
INSERT
  8
51
  2
RECT
 10
105.7189
 20
89.2929
 30
0.0000
 41
0.7501
 42
1.4501
 43
1.0000
 50
90.0000
  0
INSERT
  8
51
  2
RECT
 10
105.7189
 20
90.7407
 30
0.0000
 41
0.7501
 42
1.4501
 43
1.0000
 50
90.0000
  0
INSERT
  8
1
  2
RECT
 10
105.7200
 20
89.1600
 30
0.0000
 41
1.3000
 42
1.5000
 43
1.0000
 50
90.0000
  0
INSERT
  8
1
  2
RECT
 10
105.7200
 20
90.8600
 30
0.0000
 41
1.3000
 42
1.5000
 43
1.0000
 50
90.0000
  0
POLYLINE
  8
25
 66
1
 10
0.0000
 20
0.0000
 30
0.0000
 40
0.0508
 41
0.0508
 70
0
  0
VERTEX
  8
25
 10
103.9127
 20
90.9198
 30
0.0000
  0
VERTEX
  8
25
 10
103.7885
 20
90.9198
 30
0.0000
  0
SEQEND
  8
0
  0
POLYLINE
  8
25
 66
1
 10
0.0000
 20
0.0000
 30
0.0000
 40
0.0254
 41
0.0254
 70
0
  0
VERTEX
  8
25
 10
103.7885
 20
90.9325
 30
0.0000
 42
1.0000
  0
VERTEX
  8
25
 10
103.7885
 20
90.9071
 30
0.0000
  0
SEQEND
  8
0
  0
POLYLINE
  8
25
 66
1
 10
0.0000
 20
0.0000
 30
0.0000
 40
0.0254
 41
0.0254
 70
0
  0
VERTEX
  8
25
 10
103.9127
 20
90.9071
 30
0.0000
 42
1.0000
  0
VERTEX
  8
25
 10
103.9127
 20
90.9325
 30
0.0000
  0
SEQEND
  8
0
  0
POLYLINE
  8
25
 66
1
 10
0.0000
 20
0.0000
 30
0.0000
 40
0.0508
 41
0.0508
 70
0
  0
VERTEX
  8
25
 10
103.6643
 20
91.0440
 30
0.0000
 42
0.4142
  0
VERTEX
  8
25
 10
103.7885
 20
90.9198
 30
0.0000
  0
SEQEND
  8
0
  0
POLYLINE
  8
25
 66
1
 10
0.0000
 20
0.0000
 30
0.0000
 40
0.0254
 41
0.0254
 70
0
  0
VERTEX
  8
25
 10
103.6770
 20
91.0440
 30
0.0000
 42
1.0000
  0
VERTEX
  8
25
 10
103.6516
 20
91.0440
 30
0.0000
  0
SEQEND
  8
0
  0
POLYLINE
  8
25
 66
1
 10
0.0000
 20
0.0000
 30
0.0000
 40
0.0254
 41
0.0254
 70
0
  0
VERTEX
  8
25
 10
103.7885
 20
90.9071
 30
0.0000
 42
1.0000
  0
VERTEX
  8
25
 10
103.7885
 20
90.9325
 30
0.0000
  0
SEQEND
  8
0
  0
POLYLINE
  8
25
 66
1
 10
0.0000
 20
0.0000
 30
0.0000
 40
0.0508
 41
0.0508
 70
0
  0
VERTEX
  8
25
 10
103.6643
 20
91.0440
 30
0.0000
  0
VERTEX
  8
25
 10
103.6643
 20
91.3544
 30
0.0000
  0
SEQEND
  8
0
  0
POLYLINE
  8
25
 66
1
 10
0.0000
 20
0.0000
 30
0.0000
 40
0.0254
 41
0.0254
 70
0
  0
VERTEX
  8
25
 10
103.6770
 20
91.3544
 30
0.0000
 42
1.0000
  0
VERTEX
  8
25
 10
103.6516
 20
91.3544
 30
0.0000
  0
SEQEND
  8
0
  0
POLYLINE
  8
25
 66
1
 10
0.0000
 20
0.0000
 30
0.0000
 40
0.0254
 41
0.0254
 70
0
  0
VERTEX
  8
25
 10
103.6516
 20
91.0440
 30
0.0000
 42
1.0000
  0
VERTEX
  8
25
 10
103.6770
 20
91.0440
 30
0.0000
  0
SEQEND
  8
0
  0
POLYLINE
  8
25
 66
1
 10
0.0000
 20
0.0000
 30
0.0000
 40
0.0508
 41
0.0508
 70
0
  0
VERTEX
  8
25
 10
103.7885
 20
91.4786
 30
0.0000
 42
0.4142
  0
VERTEX
  8
25
 10
103.6643
 20
91.3544
 30
0.0000
  0
SEQEND
  8
0
  0
POLYLINE
  8
25
 66
1
 10
0.0000
 20
0.0000
 30
0.0000
 40
0.0254
 41
0.0254
 70
0
  0
VERTEX
  8
25
 10
103.7885
 20
91.4659
 30
0.0000
 42
1.0000
  0
VERTEX
  8
25
 10
103.7885
 20
91.4913
 30
0.0000
  0
SEQEND
  8
0
  0
POLYLINE
  8
25
 66
1
 10
0.0000
 20
0.0000
 30
0.0000
 40
0.0254
 41
0.0254
 70
0
  0
VERTEX
  8
25
 10
103.6516
 20
91.3544
 30
0.0000
 42
1.0000
  0
VERTEX
  8
25
 10
103.6770
 20
91.3544
 30
0.0000
  0
SEQEND
  8
0
  0
POLYLINE
  8
25
 66
1
 10
0.0000
 20
0.0000
 30
0.0000
 40
0.0508
 41
0.0508
 70
0
  0
VERTEX
  8
25
 10
103.7885
 20
91.4786
 30
0.0000
  0
VERTEX
  8
25
 10
103.9127
 20
91.4786
 30
0.0000
  0
SEQEND
  8
0
  0
POLYLINE
  8
25
 66
1
 10
0.0000
 20
0.0000
 30
0.0000
 40
0.0254
 41
0.0254
 70
0
  0
VERTEX
  8
25
 10
103.9127
 20
91.4659
 30
0.0000
 42
1.0000
  0
VERTEX
  8
25
 10
103.9127
 20
91.4913
 30
0.0000
  0
SEQEND
  8
0
  0
POLYLINE
  8
25
 66
1
 10
0.0000
 20
0.0000
 30
0.0000
 40
0.0254
 41
0.0254
 70
0
  0
VERTEX
  8
25
 10
103.7885
 20
91.4913
 30
0.0000
 42
1.0000
  0
VERTEX
  8
25
 10
103.7885
 20
91.4659
 30
0.0000
  0
SEQEND
  8
0
  0
POLYLINE
  8
25
 66
1
 10
0.0000
 20
0.0000
 30
0.0000
 40
0.0508
 41
0.0508
 70
0
  0
VERTEX
  8
25
 10
104.2473
 20
91.4786
 30
0.0000
  0
VERTEX
  8
25
 10
104.1232
 20
91.0440
 30
0.0000
  0
SEQEND
  8
0
  0
POLYLINE
  8
25
 66
1
 10
0.0000
 20
0.0000
 30
0.0000
 40
0.0254
 41
0.0254
 70
0
  0
VERTEX
  8
25
 10
104.1109
 20
91.0475
 30
0.0000
 42
1.0000
  0
VERTEX
  8
25
 10
104.1354
 20
91.0405
 30
0.0000
  0
SEQEND
  8
0
  0
POLYLINE
  8
25
 66
1
 10
0.0000
 20
0.0000
 30
0.0000
 40
0.0254
 41
0.0254
 70
0
  0
VERTEX
  8
25
 10
104.2595
 20
91.4751
 30
0.0000
 42
1.0000
  0
VERTEX
  8
25
 10
104.2351
 20
91.4821
 30
0.0000
  0
SEQEND
  8
0
  0
POLYLINE
  8
25
 66
1
 10
0.0000
 20
0.0000
 30
0.0000
 40
0.0508
 41
0.0508
 70
0
  0
VERTEX
  8
25
 10
104.1232
 20
91.0440
 30
0.0000
  0
VERTEX
  8
25
 10
104.4336
 20
91.0440
 30
0.0000
  0
SEQEND
  8
0
  0
POLYLINE
  8
25
 66
1
 10
0.0000
 20
0.0000
 30
0.0000
 40
0.0254
 41
0.0254
 70
0
  0
VERTEX
  8
25
 10
104.4336
 20
91.0313
 30
0.0000
 42
1.0000
  0
VERTEX
  8
25
 10
104.4336
 20
91.0567
 30
0.0000
  0
SEQEND
  8
0
  0
POLYLINE
  8
25
 66
1
 10
0.0000
 20
0.0000
 30
0.0000
 40
0.0254
 41
0.0254
 70
0
  0
VERTEX
  8
25
 10
104.1232
 20
91.0567
 30
0.0000
 42
1.0000
  0
VERTEX
  8
25
 10
104.1232
 20
91.0313
 30
0.0000
  0
SEQEND
  8
0
  0
POLYLINE
  8
25
 66
1
 10
0.0000
 20
0.0000
 30
0.0000
 40
0.0508
 41
0.0508
 70
0
  0
VERTEX
  8
25
 10
104.3405
 20
91.1682
 30
0.0000
  0
VERTEX
  8
25
 10
104.3405
 20
90.9198
 30
0.0000
  0
SEQEND
  8
0
  0
POLYLINE
  8
25
 66
1
 10
0.0000
 20
0.0000
 30
0.0000
 40
0.0254
 41
0.0254
 70
0
  0
VERTEX
  8
25
 10
104.3278
 20
90.9198
 30
0.0000
 42
1.0000
  0
VERTEX
  8
25
 10
104.3532
 20
90.9198
 30
0.0000
  0
SEQEND
  8
0
  0
POLYLINE
  8
25
 66
1
 10
0.0000
 20
0.0000
 30
0.0000
 40
0.0254
 41
0.0254
 70
0
  0
VERTEX
  8
25
 10
104.3532
 20
91.1682
 30
0.0000
 42
1.0000
  0
VERTEX
  8
25
 10
104.3278
 20
91.1682
 30
0.0000
  0
SEQEND
  8
0
  0
POINT
  8
23
 10
116.1400
 20
89.3800
 30
0.0000
  0
POLYLINE
  8
39
 66
1
 10
0.0000
 20
0.0000
 30
0.0000
 40
0.0508
 41
0.0508
 70
0
  0
VERTEX
  8
39
 10
115.1570
 20
87.9070
 30
0.0000
  0
VERTEX
  8
39
 10
115.1570
 20
90.8530
 30
0.0000
  0
SEQEND
  8
0
  0
POLYLINE
  8
39
 66
1
 10
0.0000
 20
0.0000
 30
0.0000
 40
0.0254
 41
0.0254
 70
0
  0
VERTEX
  8
39
 10
115.1697
 20
90.8530
 30
0.0000
 42
1.0000
  0
VERTEX
  8
39
 10
115.1443
 20
90.8530
 30
0.0000
  0
SEQEND
  8
0
  0
POLYLINE
  8
39
 66
1
 10
0.0000
 20
0.0000
 30
0.0000
 40
0.0254
 41
0.0254
 70
0
  0
VERTEX
  8
39
 10
115.1443
 20
87.9070
 30
0.0000
 42
1.0000
  0
VERTEX
  8
39
 10
115.1697
 20
87.9070
 30
0.0000
  0
SEQEND
  8
0
  0
POLYLINE
  8
39
 66
1
 10
0.0000
 20
0.0000
 30
0.0000
 40
0.0508
 41
0.0508
 70
0
  0
VERTEX
  8
39
 10
115.1570
 20
90.8530
 30
0.0000
  0
VERTEX
  8
39
 10
117.1230
 20
90.8530
 30
0.0000
  0
SEQEND
  8
0
  0
POLYLINE
  8
39
 66
1
 10
0.0000
 20
0.0000
 30
0.0000
 40
0.0254
 41
0.0254
 70
0
  0
VERTEX
  8
39
 10
117.1230
 20
90.8403
 30
0.0000
 42
1.0000
  0
VERTEX
  8
39
 10
117.1230
 20
90.8657
 30
0.0000
  0
SEQEND
  8
0
  0
POLYLINE
  8
39
 66
1
 10
0.0000
 20
0.0000
 30
0.0000
 40
0.0254
 41
0.0254
 70
0
  0
VERTEX
  8
39
 10
115.1570
 20
90.8657
 30
0.0000
 42
1.0000
  0
VERTEX
  8
39
 10
115.1570
 20
90.8403
 30
0.0000
  0
SEQEND
  8
0
  0
POLYLINE
  8
39
 66
1
 10
0.0000
 20
0.0000
 30
0.0000
 40
0.0508
 41
0.0508
 70
0
  0
VERTEX
  8
39
 10
117.1230
 20
90.8530
 30
0.0000
  0
VERTEX
  8
39
 10
117.1230
 20
87.9070
 30
0.0000
  0
SEQEND
  8
0
  0
POLYLINE
  8
39
 66
1
 10
0.0000
 20
0.0000
 30
0.0000
 40
0.0254
 41
0.0254
 70
0
  0
VERTEX
  8
39
 10
117.1103
 20
87.9070
 30
0.0000
 42
1.0000
  0
VERTEX
  8
39
 10
117.1357
 20
87.9070
 30
0.0000
  0
SEQEND
  8
0
  0
POLYLINE
  8
39
 66
1
 10
0.0000
 20
0.0000
 30
0.0000
 40
0.0254
 41
0.0254
 70
0
  0
VERTEX
  8
39
 10
117.1357
 20
90.8530
 30
0.0000
 42
1.0000
  0
VERTEX
  8
39
 10
117.1103
 20
90.8530
 30
0.0000
  0
SEQEND
  8
0
  0
POLYLINE
  8
39
 66
1
 10
0.0000
 20
0.0000
 30
0.0000
 40
0.0508
 41
0.0508
 70
0
  0
VERTEX
  8
39
 10
117.1230
 20
87.9070
 30
0.0000
  0
VERTEX
  8
39
 10
115.1570
 20
87.9070
 30
0.0000
  0
SEQEND
  8
0
  0
POLYLINE
  8
39
 66
1
 10
0.0000
 20
0.0000
 30
0.0000
 40
0.0254
 41
0.0254
 70
0
  0
VERTEX
  8
39
 10
115.1570
 20
87.9197
 30
0.0000
 42
1.0000
  0
VERTEX
  8
39
 10
115.1570
 20
87.8943
 30
0.0000
  0
SEQEND
  8
0
  0
POLYLINE
  8
39
 66
1
 10
0.0000
 20
0.0000
 30
0.0000
 40
0.0254
 41
0.0254
 70
0
  0
VERTEX
  8
39
 10
117.1230
 20
87.8943
 30
0.0000
 42
1.0000
  0
VERTEX
  8
39
 10
117.1230
 20
87.9197
 30
0.0000
  0
SEQEND
  8
0
  0
POLYLINE
  8
51
 66
1
 10
0.0000
 20
0.0000
 30
0.0000
 40
0.1016
 41
0.1016
 70
0
  0
VERTEX
  8
51
 10
115.7080
 20
89.0240
 30
0.0000
  0
VERTEX
  8
51
 10
115.7080
 20
89.7360
 30
0.0000
  0
SEQEND
  8
0
  0
POLYLINE
  8
51
 66
1
 10
0.0000
 20
0.0000
 30
0.0000
 40
0.0508
 41
0.0508
 70
0
  0
VERTEX
  8
51
 10
115.7334
 20
89.7360
 30
0.0000
 42
1.0000
  0
VERTEX
  8
51
 10
115.6826
 20
89.7360
 30
0.0000
  0
SEQEND
  8
0
  0
POLYLINE
  8
51
 66
1
 10
0.0000
 20
0.0000
 30
0.0000
 40
0.0508
 41
0.0508
 70
0
  0
VERTEX
  8
51
 10
115.6826
 20
89.0240
 30
0.0000
 42
1.0000
  0
VERTEX
  8
51
 10
115.7334
 20
89.0240
 30
0.0000
  0
SEQEND
  8
0
  0
POLYLINE
  8
51
 66
1
 10
0.0000
 20
0.0000
 30
0.0000
 40
0.1016
 41
0.1016
 70
0
  0
VERTEX
  8
51
 10
116.5590
 20
89.0240
 30
0.0000
  0
VERTEX
  8
51
 10
116.5590
 20
89.7360
 30
0.0000
  0
SEQEND
  8
0
  0
POLYLINE
  8
51
 66
1
 10
0.0000
 20
0.0000
 30
0.0000
 40
0.0508
 41
0.0508
 70
0
  0
VERTEX
  8
51
 10
116.5844
 20
89.7360
 30
0.0000
 42
1.0000
  0
VERTEX
  8
51
 10
116.5336
 20
89.7360
 30
0.0000
  0
SEQEND
  8
0
  0
POLYLINE
  8
51
 66
1
 10
0.0000
 20
0.0000
 30
0.0000
 40
0.0508
 41
0.0508
 70
0
  0
VERTEX
  8
51
 10
116.5336
 20
89.0240
 30
0.0000
 42
1.0000
  0
VERTEX
  8
51
 10
116.5844
 20
89.0240
 30
0.0000
  0
SEQEND
  8
0
  0
POLYLINE
  8
21
 66
1
 10
0.0000
 20
0.0000
 30
0.0000
 40
0.5588
 41
0.5588
 70
0
  0
VERTEX
  8
21
 10
116.1095
 20
89.3800
 30
0.0000
  0
VERTEX
  8
21
 10
116.1705
 20
89.3800
 30
0.0000
  0
SEQEND
  8
0
  0
POLYLINE
  8
21
 66
1
 10
0.0000
 20
0.0000
 30
0.0000
 40
0.2794
 41
0.2794
 70
0
  0
VERTEX
  8
21
 10
116.1705
 20
89.2403
 30
0.0000
 42
1.0000
  0
VERTEX
  8
21
 10
116.1705
 20
89.5197
 30
0.0000
  0
SEQEND
  8
0
  0
POLYLINE
  8
21
 66
1
 10
0.0000
 20
0.0000
 30
0.0000
 40
0.2794
 41
0.2794
 70
0
  0
VERTEX
  8
21
 10
116.1095
 20
89.5197
 30
0.0000
 42
1.0000
  0
VERTEX
  8
21
 10
116.1095
 20
89.2403
 30
0.0000
  0
SEQEND
  8
0
  0
INSERT
  8
51
  2
RECT
 10
116.1349
 20
88.7919
 30
0.0000
 41
0.5001
 42
0.9500
 43
1.0000
 50
90.0000
  0
INSERT
  8
51
  2
RECT
 10
116.1349
 20
89.9603
 30
0.0000
 41
0.5001
 42
0.9500
 43
1.0000
 50
90.0000
  0
INSERT
  8
1
  2
RECT
 10
116.1400
 20
88.5300
 30
0.0000
 41
1.1000
 42
1.0000
 43
1.0000
 50
90.0000
  0
INSERT
  8
1
  2
RECT
 10
116.1400
 20
90.2300
 30
0.0000
 41
1.1000
 42
1.0000
 43
1.0000
 50
90.0000
  0
POLYLINE
  8
25
 66
1
 10
0.0000
 20
0.0000
 30
0.0000
 40
0.0508
 41
0.0508
 70
0
  0
VERTEX
  8
25
 10
115.9927
 20
91.0438
 30
0.0000
  0
VERTEX
  8
25
 10
115.8685
 20
91.0438
 30
0.0000
  0
SEQEND
  8
0
  0
POLYLINE
  8
25
 66
1
 10
0.0000
 20
0.0000
 30
0.0000
 40
0.0254
 41
0.0254
 70
0
  0
VERTEX
  8
25
 10
115.8685
 20
91.0565
 30
0.0000
 42
1.0000
  0
VERTEX
  8
25
 10
115.8685
 20
91.0311
 30
0.0000
  0
SEQEND
  8
0
  0
POLYLINE
  8
25
 66
1
 10
0.0000
 20
0.0000
 30
0.0000
 40
0.0254
 41
0.0254
 70
0
  0
VERTEX
  8
25
 10
115.9927
 20
91.0311
 30
0.0000
 42
1.0000
  0
VERTEX
  8
25
 10
115.9927
 20
91.0565
 30
0.0000
  0
SEQEND
  8
0
  0
POLYLINE
  8
25
 66
1
 10
0.0000
 20
0.0000
 30
0.0000
 40
0.0508
 41
0.0508
 70
0
  0
VERTEX
  8
25
 10
115.7443
 20
91.1680
 30
0.0000
 42
0.4142
  0
VERTEX
  8
25
 10
115.8685
 20
91.0438
 30
0.0000
  0
SEQEND
  8
0
  0
POLYLINE
  8
25
 66
1
 10
0.0000
 20
0.0000
 30
0.0000
 40
0.0254
 41
0.0254
 70
0
  0
VERTEX
  8
25
 10
115.7570
 20
91.1680
 30
0.0000
 42
1.0000
  0
VERTEX
  8
25
 10
115.7316
 20
91.1680
 30
0.0000
  0
SEQEND
  8
0
  0
POLYLINE
  8
25
 66
1
 10
0.0000
 20
0.0000
 30
0.0000
 40
0.0254
 41
0.0254
 70
0
  0
VERTEX
  8
25
 10
115.8685
 20
91.0311
 30
0.0000
 42
1.0000
  0
VERTEX
  8
25
 10
115.8685
 20
91.0565
 30
0.0000
  0
SEQEND
  8
0
  0
POLYLINE
  8
25
 66
1
 10
0.0000
 20
0.0000
 30
0.0000
 40
0.0508
 41
0.0508
 70
0
  0
VERTEX
  8
25
 10
115.7443
 20
91.1680
 30
0.0000
  0
VERTEX
  8
25
 10
115.7443
 20
91.4784
 30
0.0000
  0
SEQEND
  8
0
  0
POLYLINE
  8
25
 66
1
 10
0.0000
 20
0.0000
 30
0.0000
 40
0.0254
 41
0.0254
 70
0
  0
VERTEX
  8
25
 10
115.7570
 20
91.4784
 30
0.0000
 42
1.0000
  0
VERTEX
  8
25
 10
115.7316
 20
91.4784
 30
0.0000
  0
SEQEND
  8
0
  0
POLYLINE
  8
25
 66
1
 10
0.0000
 20
0.0000
 30
0.0000
 40
0.0254
 41
0.0254
 70
0
  0
VERTEX
  8
25
 10
115.7316
 20
91.1680
 30
0.0000
 42
1.0000
  0
VERTEX
  8
25
 10
115.7570
 20
91.1680
 30
0.0000
  0
SEQEND
  8
0
  0
POLYLINE
  8
25
 66
1
 10
0.0000
 20
0.0000
 30
0.0000
 40
0.0508
 41
0.0508
 70
0
  0
VERTEX
  8
25
 10
115.8685
 20
91.6026
 30
0.0000
 42
0.4142
  0
VERTEX
  8
25
 10
115.7443
 20
91.4784
 30
0.0000
  0
SEQEND
  8
0
  0
POLYLINE
  8
25
 66
1
 10
0.0000
 20
0.0000
 30
0.0000
 40
0.0254
 41
0.0254
 70
0
  0
VERTEX
  8
25
 10
115.8685
 20
91.5899
 30
0.0000
 42
1.0000
  0
VERTEX
  8
25
 10
115.8685
 20
91.6153
 30
0.0000
  0
SEQEND
  8
0
  0
POLYLINE
  8
25
 66
1
 10
0.0000
 20
0.0000
 30
0.0000
 40
0.0254
 41
0.0254
 70
0
  0
VERTEX
  8
25
 10
115.7316
 20
91.4784
 30
0.0000
 42
1.0000
  0
VERTEX
  8
25
 10
115.7570
 20
91.4784
 30
0.0000
  0
SEQEND
  8
0
  0
POLYLINE
  8
25
 66
1
 10
0.0000
 20
0.0000
 30
0.0000
 40
0.0508
 41
0.0508
 70
0
  0
VERTEX
  8
25
 10
115.8685
 20
91.6026
 30
0.0000
  0
VERTEX
  8
25
 10
115.9927
 20
91.6026
 30
0.0000
  0
SEQEND
  8
0
  0
POLYLINE
  8
25
 66
1
 10
0.0000
 20
0.0000
 30
0.0000
 40
0.0254
 41
0.0254
 70
0
  0
VERTEX
  8
25
 10
115.9927
 20
91.5899
 30
0.0000
 42
1.0000
  0
VERTEX
  8
25
 10
115.9927
 20
91.6153
 30
0.0000
  0
SEQEND
  8
0
  0
POLYLINE
  8
25
 66
1
 10
0.0000
 20
0.0000
 30
0.0000
 40
0.0254
 41
0.0254
 70
0
  0
VERTEX
  8
25
 10
115.8685
 20
91.6153
 30
0.0000
 42
1.0000
  0
VERTEX
  8
25
 10
115.8685
 20
91.5899
 30
0.0000
  0
SEQEND
  8
0
  0
POLYLINE
  8
25
 66
1
 10
0.0000
 20
0.0000
 30
0.0000
 40
0.0508
 41
0.0508
 70
0
  0
VERTEX
  8
25
 10
116.2032
 20
91.0438
 30
0.0000
  0
VERTEX
  8
25
 10
116.3894
 20
91.0438
 30
0.0000
  0
SEQEND
  8
0
  0
POLYLINE
  8
25
 66
1
 10
0.0000
 20
0.0000
 30
0.0000
 40
0.0254
 41
0.0254
 70
0
  0
VERTEX
  8
25
 10
116.3894
 20
91.0311
 30
0.0000
 42
1.0000
  0
VERTEX
  8
25
 10
116.3894
 20
91.0565
 30
0.0000
  0
SEQEND
  8
0
  0
POLYLINE
  8
25
 66
1
 10
0.0000
 20
0.0000
 30
0.0000
 40
0.0254
 41
0.0254
 70
0
  0
VERTEX
  8
25
 10
116.2032
 20
91.0565
 30
0.0000
 42
1.0000
  0
VERTEX
  8
25
 10
116.2032
 20
91.0311
 30
0.0000
  0
SEQEND
  8
0
  0
POLYLINE
  8
25
 66
1
 10
0.0000
 20
0.0000
 30
0.0000
 40
0.0508
 41
0.0508
 70
0
  0
VERTEX
  8
25
 10
116.3894
 20
91.0438
 30
0.0000
 42
0.4142
  0
VERTEX
  8
25
 10
116.5136
 20
91.1680
 30
0.0000
  0
SEQEND
  8
0
  0
POLYLINE
  8
25
 66
1
 10
0.0000
 20
0.0000
 30
0.0000
 40
0.0254
 41
0.0254
 70
0
  0
VERTEX
  8
25
 10
116.3894
 20
91.0565
 30
0.0000
 42
1.0000
  0
VERTEX
  8
25
 10
116.3894
 20
91.0311
 30
0.0000
  0
SEQEND
  8
0
  0
POLYLINE
  8
25
 66
1
 10
0.0000
 20
0.0000
 30
0.0000
 40
0.0254
 41
0.0254
 70
0
  0
VERTEX
  8
25
 10
116.5263
 20
91.1680
 30
0.0000
 42
1.0000
  0
VERTEX
  8
25
 10
116.5009
 20
91.1680
 30
0.0000
  0
SEQEND
  8
0
  0
POLYLINE
  8
25
 66
1
 10
0.0000
 20
0.0000
 30
0.0000
 40
0.0508
 41
0.0508
 70
0
  0
VERTEX
  8
25
 10
116.5136
 20
91.1680
 30
0.0000
  0
VERTEX
  8
25
 10
116.5136
 20
91.2301
 30
0.0000
  0
SEQEND
  8
0
  0
POLYLINE
  8
25
 66
1
 10
0.0000
 20
0.0000
 30
0.0000
 40
0.0254
 41
0.0254
 70
0
  0
VERTEX
  8
25
 10
116.5263
 20
91.2301
 30
0.0000
 42
1.0000
  0
VERTEX
  8
25
 10
116.5009
 20
91.2301
 30
0.0000
  0
SEQEND
  8
0
  0
POLYLINE
  8
25
 66
1
 10
0.0000
 20
0.0000
 30
0.0000
 40
0.0254
 41
0.0254
 70
0
  0
VERTEX
  8
25
 10
116.5009
 20
91.1680
 30
0.0000
 42
1.0000
  0
VERTEX
  8
25
 10
116.5263
 20
91.1680
 30
0.0000
  0
SEQEND
  8
0
  0
POLYLINE
  8
25
 66
1
 10
0.0000
 20
0.0000
 30
0.0000
 40
0.0508
 41
0.0508
 70
0
  0
VERTEX
  8
25
 10
116.5136
 20
91.2301
 30
0.0000
 42
0.4142
  0
VERTEX
  8
25
 10
116.3894
 20
91.3542
 30
0.0000
  0
SEQEND
  8
0
  0
POLYLINE
  8
25
 66
1
 10
0.0000
 20
0.0000
 30
0.0000
 40
0.0254
 41
0.0254
 70
0
  0
VERTEX
  8
25
 10
116.5009
 20
91.2301
 30
0.0000
 42
1.0000
  0
VERTEX
  8
25
 10
116.5263
 20
91.2301
 30
0.0000
  0
SEQEND
  8
0
  0
POLYLINE
  8
25
 66
1
 10
0.0000
 20
0.0000
 30
0.0000
 40
0.0254
 41
0.0254
 70
0
  0
VERTEX
  8
25
 10
116.3894
 20
91.3669
 30
0.0000
 42
1.0000
  0
VERTEX
  8
25
 10
116.3894
 20
91.3415
 30
0.0000
  0
SEQEND
  8
0
  0
POLYLINE
  8
25
 66
1
 10
0.0000
 20
0.0000
 30
0.0000
 40
0.0508
 41
0.0508
 70
0
  0
VERTEX
  8
25
 10
116.3894
 20
91.3542
 30
0.0000
  0
VERTEX
  8
25
 10
116.2032
 20
91.3542
 30
0.0000
  0
SEQEND
  8
0
  0
POLYLINE
  8
25
 66
1
 10
0.0000
 20
0.0000
 30
0.0000
 40
0.0254
 41
0.0254
 70
0
  0
VERTEX
  8
25
 10
116.2032
 20
91.3669
 30
0.0000
 42
1.0000
  0
VERTEX
  8
25
 10
116.2032
 20
91.3415
 30
0.0000
  0
SEQEND
  8
0
  0
POLYLINE
  8
25
 66
1
 10
0.0000
 20
0.0000
 30
0.0000
 40
0.0254
 41
0.0254
 70
0
  0
VERTEX
  8
25
 10
116.3894
 20
91.3415
 30
0.0000
 42
1.0000
  0
VERTEX
  8
25
 10
116.3894
 20
91.3669
 30
0.0000
  0
SEQEND
  8
0
  0
POLYLINE
  8
25
 66
1
 10
0.0000
 20
0.0000
 30
0.0000
 40
0.0508
 41
0.0508
 70
0
  0
VERTEX
  8
25
 10
116.2032
 20
91.3542
 30
0.0000
  0
VERTEX
  8
25
 10
116.2032
 20
91.6026
 30
0.0000
  0
SEQEND
  8
0
  0
POLYLINE
  8
25
 66
1
 10
0.0000
 20
0.0000
 30
0.0000
 40
0.0254
 41
0.0254
 70
0
  0
VERTEX
  8
25
 10
116.2159
 20
91.6026
 30
0.0000
 42
1.0000
  0
VERTEX
  8
25
 10
116.1905
 20
91.6026
 30
0.0000
  0
SEQEND
  8
0
  0
POLYLINE
  8
25
 66
1
 10
0.0000
 20
0.0000
 30
0.0000
 40
0.0254
 41
0.0254
 70
0
  0
VERTEX
  8
25
 10
116.1905
 20
91.3542
 30
0.0000
 42
1.0000
  0
VERTEX
  8
25
 10
116.2159
 20
91.3542
 30
0.0000
  0
SEQEND
  8
0
  0
POLYLINE
  8
25
 66
1
 10
0.0000
 20
0.0000
 30
0.0000
 40
0.0508
 41
0.0508
 70
0
  0
VERTEX
  8
25
 10
116.2032
 20
91.6026
 30
0.0000
  0
VERTEX
  8
25
 10
116.5136
 20
91.6026
 30
0.0000
  0
SEQEND
  8
0
  0
POLYLINE
  8
25
 66
1
 10
0.0000
 20
0.0000
 30
0.0000
 40
0.0254
 41
0.0254
 70
0
  0
VERTEX
  8
25
 10
116.5136
 20
91.5899
 30
0.0000
 42
1.0000
  0
VERTEX
  8
25
 10
116.5136
 20
91.6153
 30
0.0000
  0
SEQEND
  8
0
  0
POLYLINE
  8
25
 66
1
 10
0.0000
 20
0.0000
 30
0.0000
 40
0.0254
 41
0.0254
 70
0
  0
VERTEX
  8
25
 10
116.2032
 20
91.6153
 30
0.0000
 42
1.0000
  0
VERTEX
  8
25
 10
116.2032
 20
91.5899
 30
0.0000
  0
SEQEND
  8
0
  0
POINT
  8
23
 10
108.5800
 20
89.9200
 30
0.0000
  0
POLYLINE
  8
39
 66
1
 10
0.0000
 20
0.0000
 30
0.0000
 40
0.0508
 41
0.0508
 70
0
  0
VERTEX
  8
39
 10
107.5970
 20
88.4470
 30
0.0000
  0
VERTEX
  8
39
 10
107.5970
 20
91.3930
 30
0.0000
  0
SEQEND
  8
0
  0
POLYLINE
  8
39
 66
1
 10
0.0000
 20
0.0000
 30
0.0000
 40
0.0254
 41
0.0254
 70
0
  0
VERTEX
  8
39
 10
107.6097
 20
91.3930
 30
0.0000
 42
1.0000
  0
VERTEX
  8
39
 10
107.5843
 20
91.3930
 30
0.0000
  0
SEQEND
  8
0
  0
POLYLINE
  8
39
 66
1
 10
0.0000
 20
0.0000
 30
0.0000
 40
0.0254
 41
0.0254
 70
0
  0
VERTEX
  8
39
 10
107.5843
 20
88.4470
 30
0.0000
 42
1.0000
  0
VERTEX
  8
39
 10
107.6097
 20
88.4470
 30
0.0000
  0
SEQEND
  8
0
  0
POLYLINE
  8
39
 66
1
 10
0.0000
 20
0.0000
 30
0.0000
 40
0.0508
 41
0.0508
 70
0
  0
VERTEX
  8
39
 10
107.5970
 20
91.3930
 30
0.0000
  0
VERTEX
  8
39
 10
109.5630
 20
91.3930
 30
0.0000
  0
SEQEND
  8
0
  0
POLYLINE
  8
39
 66
1
 10
0.0000
 20
0.0000
 30
0.0000
 40
0.0254
 41
0.0254
 70
0
  0
VERTEX
  8
39
 10
109.5630
 20
91.3803
 30
0.0000
 42
1.0000
  0
VERTEX
  8
39
 10
109.5630
 20
91.4057
 30
0.0000
  0
SEQEND
  8
0
  0
POLYLINE
  8
39
 66
1
 10
0.0000
 20
0.0000
 30
0.0000
 40
0.0254
 41
0.0254
 70
0
  0
VERTEX
  8
39
 10
107.5970
 20
91.4057
 30
0.0000
 42
1.0000
  0
VERTEX
  8
39
 10
107.5970
 20
91.3803
 30
0.0000
  0
SEQEND
  8
0
  0
POLYLINE
  8
39
 66
1
 10
0.0000
 20
0.0000
 30
0.0000
 40
0.0508
 41
0.0508
 70
0
  0
VERTEX
  8
39
 10
109.5630
 20
91.3930
 30
0.0000
  0
VERTEX
  8
39
 10
109.5630
 20
88.4470
 30
0.0000
  0
SEQEND
  8
0
  0
POLYLINE
  8
39
 66
1
 10
0.0000
 20
0.0000
 30
0.0000
 40
0.0254
 41
0.0254
 70
0
  0
VERTEX
  8
39
 10
109.5503
 20
88.4470
 30
0.0000
 42
1.0000
  0
VERTEX
  8
39
 10
109.5757
 20
88.4470
 30
0.0000
  0
SEQEND
  8
0
  0
POLYLINE
  8
39
 66
1
 10
0.0000
 20
0.0000
 30
0.0000
 40
0.0254
 41
0.0254
 70
0
  0
VERTEX
  8
39
 10
109.5757
 20
91.3930
 30
0.0000
 42
1.0000
  0
VERTEX
  8
39
 10
109.5503
 20
91.3930
 30
0.0000
  0
SEQEND
  8
0
  0
POLYLINE
  8
39
 66
1
 10
0.0000
 20
0.0000
 30
0.0000
 40
0.0508
 41
0.0508
 70
0
  0
VERTEX
  8
39
 10
109.5630
 20
88.4470
 30
0.0000
  0
VERTEX
  8
39
 10
107.5970
 20
88.4470
 30
0.0000
  0
SEQEND
  8
0
  0
POLYLINE
  8
39
 66
1
 10
0.0000
 20
0.0000
 30
0.0000
 40
0.0254
 41
0.0254
 70
0
  0
VERTEX
  8
39
 10
107.5970
 20
88.4597
 30
0.0000
 42
1.0000
  0
VERTEX
  8
39
 10
107.5970
 20
88.4343
 30
0.0000
  0
SEQEND
  8
0
  0
POLYLINE
  8
39
 66
1
 10
0.0000
 20
0.0000
 30
0.0000
 40
0.0254
 41
0.0254
 70
0
  0
VERTEX
  8
39
 10
109.5630
 20
88.4343
 30
0.0000
 42
1.0000
  0
VERTEX
  8
39
 10
109.5630
 20
88.4597
 30
0.0000
  0
SEQEND
  8
0
  0
POLYLINE
  8
51
 66
1
 10
0.0000
 20
0.0000
 30
0.0000
 40
0.1016
 41
0.1016
 70
0
  0
VERTEX
  8
51
 10
108.1480
 20
89.5640
 30
0.0000
  0
VERTEX
  8
51
 10
108.1480
 20
90.2760
 30
0.0000
  0
SEQEND
  8
0
  0
POLYLINE
  8
51
 66
1
 10
0.0000
 20
0.0000
 30
0.0000
 40
0.0508
 41
0.0508
 70
0
  0
VERTEX
  8
51
 10
108.1734
 20
90.2760
 30
0.0000
 42
1.0000
  0
VERTEX
  8
51
 10
108.1226
 20
90.2760
 30
0.0000
  0
SEQEND
  8
0
  0
POLYLINE
  8
51
 66
1
 10
0.0000
 20
0.0000
 30
0.0000
 40
0.0508
 41
0.0508
 70
0
  0
VERTEX
  8
51
 10
108.1226
 20
89.5640
 30
0.0000
 42
1.0000
  0
VERTEX
  8
51
 10
108.1734
 20
89.5640
 30
0.0000
  0
SEQEND
  8
0
  0
POLYLINE
  8
51
 66
1
 10
0.0000
 20
0.0000
 30
0.0000
 40
0.1016
 41
0.1016
 70
0
  0
VERTEX
  8
51
 10
108.9990
 20
89.5640
 30
0.0000
  0
VERTEX
  8
51
 10
108.9990
 20
90.2760
 30
0.0000
  0
SEQEND
  8
0
  0
POLYLINE
  8
51
 66
1
 10
0.0000
 20
0.0000
 30
0.0000
 40
0.0508
 41
0.0508
 70
0
  0
VERTEX
  8
51
 10
109.0244
 20
90.2760
 30
0.0000
 42
1.0000
  0
VERTEX
  8
51
 10
108.9736
 20
90.2760
 30
0.0000
  0
SEQEND
  8
0
  0
POLYLINE
  8
51
 66
1
 10
0.0000
 20
0.0000
 30
0.0000
 40
0.0508
 41
0.0508
 70
0
  0
VERTEX
  8
51
 10
108.9736
 20
89.5640
 30
0.0000
 42
1.0000
  0
VERTEX
  8
51
 10
109.0244
 20
89.5640
 30
0.0000
  0
SEQEND
  8
0
  0
POLYLINE
  8
21
 66
1
 10
0.0000
 20
0.0000
 30
0.0000
 40
0.5588
 41
0.5588
 70
0
  0
VERTEX
  8
21
 10
108.5495
 20
89.9200
 30
0.0000
  0
VERTEX
  8
21
 10
108.6105
 20
89.9200
 30
0.0000
  0
SEQEND
  8
0
  0
POLYLINE
  8
21
 66
1
 10
0.0000
 20
0.0000
 30
0.0000
 40
0.2794
 41
0.2794
 70
0
  0
VERTEX
  8
21
 10
108.6105
 20
89.7803
 30
0.0000
 42
1.0000
  0
VERTEX
  8
21
 10
108.6105
 20
90.0597
 30
0.0000
  0
SEQEND
  8
0
  0
POLYLINE
  8
21
 66
1
 10
0.0000
 20
0.0000
 30
0.0000
 40
0.2794
 41
0.2794
 70
0
  0
VERTEX
  8
21
 10
108.5495
 20
90.0597
 30
0.0000
 42
1.0000
  0
VERTEX
  8
21
 10
108.5495
 20
89.7803
 30
0.0000
  0
SEQEND
  8
0
  0
INSERT
  8
51
  2
RECT
 10
108.5749
 20
89.3319
 30
0.0000
 41
0.5001
 42
0.9500
 43
1.0000
 50
90.0000
  0
INSERT
  8
51
  2
RECT
 10
108.5749
 20
90.5003
 30
0.0000
 41
0.5001
 42
0.9500
 43
1.0000
 50
90.0000
  0
INSERT
  8
1
  2
RECT
 10
108.5800
 20
89.0700
 30
0.0000
 41
1.1000
 42
1.0000
 43
1.0000
 50
90.0000
  0
INSERT
  8
1
  2
RECT
 10
108.5800
 20
90.7700
 30
0.0000
 41
1.1000
 42
1.0000
 43
1.0000
 50
90.0000
  0
POLYLINE
  8
25
 66
1
 10
0.0000
 20
0.0000
 30
0.0000
 40
0.0508
 41
0.0508
 70
0
  0
VERTEX
  8
25
 10
108.4827
 20
87.7038
 30
0.0000
  0
VERTEX
  8
25
 10
108.3585
 20
87.7038
 30
0.0000
  0
SEQEND
  8
0
  0
POLYLINE
  8
25
 66
1
 10
0.0000
 20
0.0000
 30
0.0000
 40
0.0254
 41
0.0254
 70
0
  0
VERTEX
  8
25
 10
108.3585
 20
87.7165
 30
0.0000
 42
1.0000
  0
VERTEX
  8
25
 10
108.3585
 20
87.6911
 30
0.0000
  0
SEQEND
  8
0
  0
POLYLINE
  8
25
 66
1
 10
0.0000
 20
0.0000
 30
0.0000
 40
0.0254
 41
0.0254
 70
0
  0
VERTEX
  8
25
 10
108.4827
 20
87.6911
 30
0.0000
 42
1.0000
  0
VERTEX
  8
25
 10
108.4827
 20
87.7165
 30
0.0000
  0
SEQEND
  8
0
  0
POLYLINE
  8
25
 66
1
 10
0.0000
 20
0.0000
 30
0.0000
 40
0.0508
 41
0.0508
 70
0
  0
VERTEX
  8
25
 10
108.2343
 20
87.8280
 30
0.0000
 42
0.4142
  0
VERTEX
  8
25
 10
108.3585
 20
87.7038
 30
0.0000
  0
SEQEND
  8
0
  0
POLYLINE
  8
25
 66
1
 10
0.0000
 20
0.0000
 30
0.0000
 40
0.0254
 41
0.0254
 70
0
  0
VERTEX
  8
25
 10
108.2470
 20
87.8280
 30
0.0000
 42
1.0000
  0
VERTEX
  8
25
 10
108.2216
 20
87.8280
 30
0.0000
  0
SEQEND
  8
0
  0
POLYLINE
  8
25
 66
1
 10
0.0000
 20
0.0000
 30
0.0000
 40
0.0254
 41
0.0254
 70
0
  0
VERTEX
  8
25
 10
108.3585
 20
87.6911
 30
0.0000
 42
1.0000
  0
VERTEX
  8
25
 10
108.3585
 20
87.7165
 30
0.0000
  0
SEQEND
  8
0
  0
POLYLINE
  8
25
 66
1
 10
0.0000
 20
0.0000
 30
0.0000
 40
0.0508
 41
0.0508
 70
0
  0
VERTEX
  8
25
 10
108.2343
 20
87.8280
 30
0.0000
  0
VERTEX
  8
25
 10
108.2343
 20
88.1384
 30
0.0000
  0
SEQEND
  8
0
  0
POLYLINE
  8
25
 66
1
 10
0.0000
 20
0.0000
 30
0.0000
 40
0.0254
 41
0.0254
 70
0
  0
VERTEX
  8
25
 10
108.2470
 20
88.1384
 30
0.0000
 42
1.0000
  0
VERTEX
  8
25
 10
108.2216
 20
88.1384
 30
0.0000
  0
SEQEND
  8
0
  0
POLYLINE
  8
25
 66
1
 10
0.0000
 20
0.0000
 30
0.0000
 40
0.0254
 41
0.0254
 70
0
  0
VERTEX
  8
25
 10
108.2216
 20
87.8280
 30
0.0000
 42
1.0000
  0
VERTEX
  8
25
 10
108.2470
 20
87.8280
 30
0.0000
  0
SEQEND
  8
0
  0
POLYLINE
  8
25
 66
1
 10
0.0000
 20
0.0000
 30
0.0000
 40
0.0508
 41
0.0508
 70
0
  0
VERTEX
  8
25
 10
108.3585
 20
88.2626
 30
0.0000
 42
0.4142
  0
VERTEX
  8
25
 10
108.2343
 20
88.1384
 30
0.0000
  0
SEQEND
  8
0
  0
POLYLINE
  8
25
 66
1
 10
0.0000
 20
0.0000
 30
0.0000
 40
0.0254
 41
0.0254
 70
0
  0
VERTEX
  8
25
 10
108.3585
 20
88.2499
 30
0.0000
 42
1.0000
  0
VERTEX
  8
25
 10
108.3585
 20
88.2753
 30
0.0000
  0
SEQEND
  8
0
  0
POLYLINE
  8
25
 66
1
 10
0.0000
 20
0.0000
 30
0.0000
 40
0.0254
 41
0.0254
 70
0
  0
VERTEX
  8
25
 10
108.2216
 20
88.1384
 30
0.0000
 42
1.0000
  0
VERTEX
  8
25
 10
108.2470
 20
88.1384
 30
0.0000
  0
SEQEND
  8
0
  0
POLYLINE
  8
25
 66
1
 10
0.0000
 20
0.0000
 30
0.0000
 40
0.0508
 41
0.0508
 70
0
  0
VERTEX
  8
25
 10
108.3585
 20
88.2626
 30
0.0000
  0
VERTEX
  8
25
 10
108.4827
 20
88.2626
 30
0.0000
  0
SEQEND
  8
0
  0
POLYLINE
  8
25
 66
1
 10
0.0000
 20
0.0000
 30
0.0000
 40
0.0254
 41
0.0254
 70
0
  0
VERTEX
  8
25
 10
108.4827
 20
88.2499
 30
0.0000
 42
1.0000
  0
VERTEX
  8
25
 10
108.4827
 20
88.2753
 30
0.0000
  0
SEQEND
  8
0
  0
POLYLINE
  8
25
 66
1
 10
0.0000
 20
0.0000
 30
0.0000
 40
0.0254
 41
0.0254
 70
0
  0
VERTEX
  8
25
 10
108.3585
 20
88.2753
 30
0.0000
 42
1.0000
  0
VERTEX
  8
25
 10
108.3585
 20
88.2499
 30
0.0000
  0
SEQEND
  8
0
  0
POLYLINE
  8
25
 66
1
 10
0.0000
 20
0.0000
 30
0.0000
 40
0.0508
 41
0.0508
 70
0
  0
VERTEX
  8
25
 10
108.6932
 20
88.0142
 30
0.0000
  0
VERTEX
  8
25
 10
108.8794
 20
88.0142
 30
0.0000
  0
SEQEND
  8
0
  0
POLYLINE
  8
25
 66
1
 10
0.0000
 20
0.0000
 30
0.0000
 40
0.0254
 41
0.0254
 70
0
  0
VERTEX
  8
25
 10
108.8794
 20
88.0015
 30
0.0000
 42
1.0000
  0
VERTEX
  8
25
 10
108.8794
 20
88.0269
 30
0.0000
  0
SEQEND
  8
0
  0
POLYLINE
  8
25
 66
1
 10
0.0000
 20
0.0000
 30
0.0000
 40
0.0254
 41
0.0254
 70
0
  0
VERTEX
  8
25
 10
108.6932
 20
88.0269
 30
0.0000
 42
1.0000
  0
VERTEX
  8
25
 10
108.6932
 20
88.0015
 30
0.0000
  0
SEQEND
  8
0
  0
POLYLINE
  8
25
 66
1
 10
0.0000
 20
0.0000
 30
0.0000
 40
0.0508
 41
0.0508
 70
0
  0
VERTEX
  8
25
 10
109.0036
 20
87.8901
 30
0.0000
 42
0.4142
  0
VERTEX
  8
25
 10
108.8794
 20
88.0142
 30
0.0000
  0
SEQEND
  8
0
  0
POLYLINE
  8
25
 66
1
 10
0.0000
 20
0.0000
 30
0.0000
 40
0.0254
 41
0.0254
 70
0
  0
VERTEX
  8
25
 10
108.9909
 20
87.8901
 30
0.0000
 42
1.0000
  0
VERTEX
  8
25
 10
109.0163
 20
87.8901
 30
0.0000
  0
SEQEND
  8
0
  0
POLYLINE
  8
25
 66
1
 10
0.0000
 20
0.0000
 30
0.0000
 40
0.0254
 41
0.0254
 70
0
  0
VERTEX
  8
25
 10
108.8794
 20
88.0269
 30
0.0000
 42
1.0000
  0
VERTEX
  8
25
 10
108.8794
 20
88.0015
 30
0.0000
  0
SEQEND
  8
0
  0
POLYLINE
  8
25
 66
1
 10
0.0000
 20
0.0000
 30
0.0000
 40
0.0508
 41
0.0508
 70
0
  0
VERTEX
  8
25
 10
109.0036
 20
87.8901
 30
0.0000
  0
VERTEX
  8
25
 10
109.0036
 20
87.8590
 30
0.0000
  0
SEQEND
  8
0
  0
POLYLINE
  8
25
 66
1
 10
0.0000
 20
0.0000
 30
0.0000
 40
0.0254
 41
0.0254
 70
0
  0
VERTEX
  8
25
 10
108.9909
 20
87.8590
 30
0.0000
 42
1.0000
  0
VERTEX
  8
25
 10
109.0163
 20
87.8590
 30
0.0000
  0
SEQEND
  8
0
  0
POLYLINE
  8
25
 66
1
 10
0.0000
 20
0.0000
 30
0.0000
 40
0.0254
 41
0.0254
 70
0
  0
VERTEX
  8
25
 10
109.0163
 20
87.8901
 30
0.0000
 42
1.0000
  0
VERTEX
  8
25
 10
108.9909
 20
87.8901
 30
0.0000
  0
SEQEND
  8
0
  0
POLYLINE
  8
25
 66
1
 10
0.0000
 20
0.0000
 30
0.0000
 40
0.0508
 41
0.0508
 70
0
  0
VERTEX
  8
25
 10
108.6932
 20
87.8590
 30
0.0000
 42
1.0000
  0
VERTEX
  8
25
 10
109.0036
 20
87.8590
 30
0.0000
  0
SEQEND
  8
0
  0
POLYLINE
  8
25
 66
1
 10
0.0000
 20
0.0000
 30
0.0000
 40
0.0254
 41
0.0254
 70
0
  0
VERTEX
  8
25
 10
108.7059
 20
87.8590
 30
0.0000
 42
1.0000
  0
VERTEX
  8
25
 10
108.6805
 20
87.8590
 30
0.0000
  0
SEQEND
  8
0
  0
POLYLINE
  8
25
 66
1
 10
0.0000
 20
0.0000
 30
0.0000
 40
0.0254
 41
0.0254
 70
0
  0
VERTEX
  8
25
 10
109.0163
 20
87.8590
 30
0.0000
 42
1.0000
  0
VERTEX
  8
25
 10
108.9909
 20
87.8590
 30
0.0000
  0
SEQEND
  8
0
  0
POLYLINE
  8
25
 66
1
 10
0.0000
 20
0.0000
 30
0.0000
 40
0.0508
 41
0.0508
 70
0
  0
VERTEX
  8
25
 10
108.6932
 20
87.8590
 30
0.0000
  0
VERTEX
  8
25
 10
108.6932
 20
88.0142
 30
0.0000
  0
SEQEND
  8
0
  0
POLYLINE
  8
25
 66
1
 10
0.0000
 20
0.0000
 30
0.0000
 40
0.0254
 41
0.0254
 70
0
  0
VERTEX
  8
25
 10
108.7059
 20
88.0142
 30
0.0000
 42
1.0000
  0
VERTEX
  8
25
 10
108.6805
 20
88.0142
 30
0.0000
  0
SEQEND
  8
0
  0
POLYLINE
  8
25
 66
1
 10
0.0000
 20
0.0000
 30
0.0000
 40
0.0254
 41
0.0254
 70
0
  0
VERTEX
  8
25
 10
108.6805
 20
87.8590
 30
0.0000
 42
1.0000
  0
VERTEX
  8
25
 10
108.7059
 20
87.8590
 30
0.0000
  0
SEQEND
  8
0
  0
POLYLINE
  8
25
 66
1
 10
0.0000
 20
0.0000
 30
0.0000
 40
0.0508
 41
0.0508
 70
0
  0
VERTEX
  8
25
 10
108.9415
 20
88.2626
 30
0.0000
 42
0.4142
  0
VERTEX
  8
25
 10
108.6932
 20
88.0142
 30
0.0000
  0
SEQEND
  8
0
  0
POLYLINE
  8
25
 66
1
 10
0.0000
 20
0.0000
 30
0.0000
 40
0.0254
 41
0.0254
 70
0
  0
VERTEX
  8
25
 10
108.9415
 20
88.2499
 30
0.0000
 42
1.0000
  0
VERTEX
  8
25
 10
108.9415
 20
88.2753
 30
0.0000
  0
SEQEND
  8
0
  0
POLYLINE
  8
25
 66
1
 10
0.0000
 20
0.0000
 30
0.0000
 40
0.0254
 41
0.0254
 70
0
  0
VERTEX
  8
25
 10
108.6805
 20
88.0142
 30
0.0000
 42
1.0000
  0
VERTEX
  8
25
 10
108.7059
 20
88.0142
 30
0.0000
  0
SEQEND
  8
0
  0
POINT
  8
23
 10
102.8956
 20
71.3000
 30
0.0000
  0
INSERT
  8
1
  2
PIE
 10
102.8956
 20
71.3000
 30
0.0000
 41
1.2700
 42
1.2700
 43
1.0000
 50
0.0000
  0
POLYLINE
  8
25
 66
1
 10
0.0000
 20
0.0000
 30
0.0000
 40
0.0508
 41
0.0508
 70
0
  0
VERTEX
  8
25
 10
102.5033
 20
72.6518
 30
0.0000
  0
VERTEX
  8
25
 10
102.5964
 20
72.6518
 30
0.0000
  0
SEQEND
  8
0
  0
POLYLINE
  8
25
 66
1
 10
0.0000
 20
0.0000
 30
0.0000
 40
0.0254
 41
0.0254
 70
0
  0
VERTEX
  8
25
 10
102.5964
 20
72.6391
 30
0.0000
 42
1.0000
  0
VERTEX
  8
25
 10
102.5964
 20
72.6645
 30
0.0000
  0
SEQEND
  8
0
  0
POLYLINE
  8
25
 66
1
 10
0.0000
 20
0.0000
 30
0.0000
 40
0.0254
 41
0.0254
 70
0
  0
VERTEX
  8
25
 10
102.5033
 20
72.6645
 30
0.0000
 42
1.0000
  0
VERTEX
  8
25
 10
102.5033
 20
72.6391
 30
0.0000
  0
SEQEND
  8
0
  0
POLYLINE
  8
25
 66
1
 10
0.0000
 20
0.0000
 30
0.0000
 40
0.0508
 41
0.0508
 70
0
  0
VERTEX
  8
25
 10
102.5964
 20
72.6518
 30
0.0000
  0
VERTEX
  8
25
 10
102.5964
 20
72.3414
 30
0.0000
  0
SEQEND
  8
0
  0
POLYLINE
  8
25
 66
1
 10
0.0000
 20
0.0000
 30
0.0000
 40
0.0254
 41
0.0254
 70
0
  0
VERTEX
  8
25
 10
102.5837
 20
72.3414
 30
0.0000
 42
1.0000
  0
VERTEX
  8
25
 10
102.6091
 20
72.3414
 30
0.0000
  0
SEQEND
  8
0
  0
POLYLINE
  8
25
 66
1
 10
0.0000
 20
0.0000
 30
0.0000
 40
0.0254
 41
0.0254
 70
0
  0
VERTEX
  8
25
 10
102.6091
 20
72.6518
 30
0.0000
 42
1.0000
  0
VERTEX
  8
25
 10
102.5837
 20
72.6518
 30
0.0000
  0
SEQEND
  8
0
  0
POLYLINE
  8
25
 66
1
 10
0.0000
 20
0.0000
 30
0.0000
 40
0.0508
 41
0.0508
 70
0
  0
VERTEX
  8
25
 10
102.5964
 20
72.3414
 30
0.0000
  0
VERTEX
  8
25
 10
102.4102
 20
72.3414
 30
0.0000
  0
SEQEND
  8
0
  0
POLYLINE
  8
25
 66
1
 10
0.0000
 20
0.0000
 30
0.0000
 40
0.0254
 41
0.0254
 70
0
  0
VERTEX
  8
25
 10
102.4102
 20
72.3541
 30
0.0000
 42
1.0000
  0
VERTEX
  8
25
 10
102.4102
 20
72.3287
 30
0.0000
  0
SEQEND
  8
0
  0
POLYLINE
  8
25
 66
1
 10
0.0000
 20
0.0000
 30
0.0000
 40
0.0254
 41
0.0254
 70
0
  0
VERTEX
  8
25
 10
102.5964
 20
72.3287
 30
0.0000
 42
1.0000
  0
VERTEX
  8
25
 10
102.5964
 20
72.3541
 30
0.0000
  0
SEQEND
  8
0
  0
POLYLINE
  8
25
 66
1
 10
0.0000
 20
0.0000
 30
0.0000
 40
0.0508
 41
0.0508
 70
0
  0
VERTEX
  8
25
 10
102.2860
 20
72.4656
 30
0.0000
 42
0.4142
  0
VERTEX
  8
25
 10
102.4102
 20
72.3414
 30
0.0000
  0
SEQEND
  8
0
  0
POLYLINE
  8
25
 66
1
 10
0.0000
 20
0.0000
 30
0.0000
 40
0.0254
 41
0.0254
 70
0
  0
VERTEX
  8
25
 10
102.2987
 20
72.4656
 30
0.0000
 42
1.0000
  0
VERTEX
  8
25
 10
102.2733
 20
72.4656
 30
0.0000
  0
SEQEND
  8
0
  0
POLYLINE
  8
25
 66
1
 10
0.0000
 20
0.0000
 30
0.0000
 40
0.0254
 41
0.0254
 70
0
  0
VERTEX
  8
25
 10
102.4102
 20
72.3287
 30
0.0000
 42
1.0000
  0
VERTEX
  8
25
 10
102.4102
 20
72.3541
 30
0.0000
  0
SEQEND
  8
0
  0
POLYLINE
  8
25
 66
1
 10
0.0000
 20
0.0000
 30
0.0000
 40
0.0508
 41
0.0508
 70
0
  0
VERTEX
  8
25
 10
102.2860
 20
72.4656
 30
0.0000
  0
VERTEX
  8
25
 10
102.2860
 20
72.7760
 30
0.0000
  0
SEQEND
  8
0
  0
POLYLINE
  8
25
 66
1
 10
0.0000
 20
0.0000
 30
0.0000
 40
0.0254
 41
0.0254
 70
0
  0
VERTEX
  8
25
 10
102.2987
 20
72.7760
 30
0.0000
 42
1.0000
  0
VERTEX
  8
25
 10
102.2733
 20
72.7760
 30
0.0000
  0
SEQEND
  8
0
  0
POLYLINE
  8
25
 66
1
 10
0.0000
 20
0.0000
 30
0.0000
 40
0.0254
 41
0.0254
 70
0
  0
VERTEX
  8
25
 10
102.2733
 20
72.4656
 30
0.0000
 42
1.0000
  0
VERTEX
  8
25
 10
102.2987
 20
72.4656
 30
0.0000
  0
SEQEND
  8
0
  0
POLYLINE
  8
25
 66
1
 10
0.0000
 20
0.0000
 30
0.0000
 40
0.0508
 41
0.0508
 70
0
  0
VERTEX
  8
25
 10
102.4102
 20
72.9002
 30
0.0000
 42
0.4142
  0
VERTEX
  8
25
 10
102.2860
 20
72.7760
 30
0.0000
  0
SEQEND
  8
0
  0
POLYLINE
  8
25
 66
1
 10
0.0000
 20
0.0000
 30
0.0000
 40
0.0254
 41
0.0254
 70
0
  0
VERTEX
  8
25
 10
102.4102
 20
72.8875
 30
0.0000
 42
1.0000
  0
VERTEX
  8
25
 10
102.4102
 20
72.9129
 30
0.0000
  0
SEQEND
  8
0
  0
POLYLINE
  8
25
 66
1
 10
0.0000
 20
0.0000
 30
0.0000
 40
0.0254
 41
0.0254
 70
0
  0
VERTEX
  8
25
 10
102.2733
 20
72.7760
 30
0.0000
 42
1.0000
  0
VERTEX
  8
25
 10
102.2987
 20
72.7760
 30
0.0000
  0
SEQEND
  8
0
  0
POLYLINE
  8
25
 66
1
 10
0.0000
 20
0.0000
 30
0.0000
 40
0.0508
 41
0.0508
 70
0
  0
VERTEX
  8
25
 10
102.4102
 20
72.9002
 30
0.0000
  0
VERTEX
  8
25
 10
102.5964
 20
72.9002
 30
0.0000
  0
SEQEND
  8
0
  0
POLYLINE
  8
25
 66
1
 10
0.0000
 20
0.0000
 30
0.0000
 40
0.0254
 41
0.0254
 70
0
  0
VERTEX
  8
25
 10
102.5964
 20
72.8875
 30
0.0000
 42
1.0000
  0
VERTEX
  8
25
 10
102.5964
 20
72.9129
 30
0.0000
  0
SEQEND
  8
0
  0
POLYLINE
  8
25
 66
1
 10
0.0000
 20
0.0000
 30
0.0000
 40
0.0254
 41
0.0254
 70
0
  0
VERTEX
  8
25
 10
102.4102
 20
72.9129
 30
0.0000
 42
1.0000
  0
VERTEX
  8
25
 10
102.4102
 20
72.8875
 30
0.0000
  0
SEQEND
  8
0
  0
POLYLINE
  8
25
 66
1
 10
0.0000
 20
0.0000
 30
0.0000
 40
0.0508
 41
0.0508
 70
0
  0
VERTEX
  8
25
 10
102.8712
 20
72.3414
 30
0.0000
  0
VERTEX
  8
25
 10
102.8712
 20
72.9002
 30
0.0000
  0
SEQEND
  8
0
  0
POLYLINE
  8
25
 66
1
 10
0.0000
 20
0.0000
 30
0.0000
 40
0.0254
 41
0.0254
 70
0
  0
VERTEX
  8
25
 10
102.8839
 20
72.9002
 30
0.0000
 42
1.0000
  0
VERTEX
  8
25
 10
102.8585
 20
72.9002
 30
0.0000
  0
SEQEND
  8
0
  0
POLYLINE
  8
25
 66
1
 10
0.0000
 20
0.0000
 30
0.0000
 40
0.0254
 41
0.0254
 70
0
  0
VERTEX
  8
25
 10
102.8585
 20
72.3414
 30
0.0000
 42
1.0000
  0
VERTEX
  8
25
 10
102.8839
 20
72.3414
 30
0.0000
  0
SEQEND
  8
0
  0
POLYLINE
  8
25
 66
1
 10
0.0000
 20
0.0000
 30
0.0000
 40
0.0508
 41
0.0508
 70
0
  0
VERTEX
  8
25
 10
102.8712
 20
72.9002
 30
0.0000
  0
VERTEX
  8
25
 10
103.1817
 20
72.3414
 30
0.0000
  0
SEQEND
  8
0
  0
POLYLINE
  8
25
 66
1
 10
0.0000
 20
0.0000
 30
0.0000
 40
0.0254
 41
0.0254
 70
0
  0
VERTEX
  8
25
 10
103.1706
 20
72.3352
 30
0.0000
 42
1.0000
  0
VERTEX
  8
25
 10
103.1928
 20
72.3476
 30
0.0000
  0
SEQEND
  8
0
  0
POLYLINE
  8
25
 66
1
 10
0.0000
 20
0.0000
 30
0.0000
 40
0.0254
 41
0.0254
 70
0
  0
VERTEX
  8
25
 10
102.8823
 20
72.9064
 30
0.0000
 42
1.0000
  0
VERTEX
  8
25
 10
102.8601
 20
72.8940
 30
0.0000
  0
SEQEND
  8
0
  0
POLYLINE
  8
25
 66
1
 10
0.0000
 20
0.0000
 30
0.0000
 40
0.0508
 41
0.0508
 70
0
  0
VERTEX
  8
25
 10
103.1817
 20
72.3414
 30
0.0000
  0
VERTEX
  8
25
 10
103.1817
 20
72.9002
 30
0.0000
  0
SEQEND
  8
0
  0
POLYLINE
  8
25
 66
1
 10
0.0000
 20
0.0000
 30
0.0000
 40
0.0254
 41
0.0254
 70
0
  0
VERTEX
  8
25
 10
103.1944
 20
72.9002
 30
0.0000
 42
1.0000
  0
VERTEX
  8
25
 10
103.1690
 20
72.9002
 30
0.0000
  0
SEQEND
  8
0
  0
POLYLINE
  8
25
 66
1
 10
0.0000
 20
0.0000
 30
0.0000
 40
0.0254
 41
0.0254
 70
0
  0
VERTEX
  8
25
 10
103.1690
 20
72.3414
 30
0.0000
 42
1.0000
  0
VERTEX
  8
25
 10
103.1944
 20
72.3414
 30
0.0000
  0
SEQEND
  8
0
  0
POLYLINE
  8
25
 66
1
 10
0.0000
 20
0.0000
 30
0.0000
 40
0.0508
 41
0.0508
 70
0
  0
VERTEX
  8
25
 10
103.4564
 20
72.3414
 30
0.0000
  0
VERTEX
  8
25
 10
103.4564
 20
72.9002
 30
0.0000
  0
SEQEND
  8
0
  0
POLYLINE
  8
25
 66
1
 10
0.0000
 20
0.0000
 30
0.0000
 40
0.0254
 41
0.0254
 70
0
  0
VERTEX
  8
25
 10
103.4691
 20
72.9002
 30
0.0000
 42
1.0000
  0
VERTEX
  8
25
 10
103.4437
 20
72.9002
 30
0.0000
  0
SEQEND
  8
0
  0
POLYLINE
  8
25
 66
1
 10
0.0000
 20
0.0000
 30
0.0000
 40
0.0254
 41
0.0254
 70
0
  0
VERTEX
  8
25
 10
103.4437
 20
72.3414
 30
0.0000
 42
1.0000
  0
VERTEX
  8
25
 10
103.4691
 20
72.3414
 30
0.0000
  0
SEQEND
  8
0
  0
POLYLINE
  8
25
 66
1
 10
0.0000
 20
0.0000
 30
0.0000
 40
0.0508
 41
0.0508
 70
0
  0
VERTEX
  8
25
 10
103.4564
 20
72.9002
 30
0.0000
  0
VERTEX
  8
25
 10
103.6116
 20
72.9002
 30
0.0000
  0
SEQEND
  8
0
  0
POLYLINE
  8
25
 66
1
 10
0.0000
 20
0.0000
 30
0.0000
 40
0.0254
 41
0.0254
 70
0
  0
VERTEX
  8
25
 10
103.6116
 20
72.8875
 30
0.0000
 42
1.0000
  0
VERTEX
  8
25
 10
103.6116
 20
72.9129
 30
0.0000
  0
SEQEND
  8
0
  0
POLYLINE
  8
25
 66
1
 10
0.0000
 20
0.0000
 30
0.0000
 40
0.0254
 41
0.0254
 70
0
  0
VERTEX
  8
25
 10
103.4564
 20
72.9129
 30
0.0000
 42
1.0000
  0
VERTEX
  8
25
 10
103.4564
 20
72.8875
 30
0.0000
  0
SEQEND
  8
0
  0
POLYLINE
  8
25
 66
1
 10
0.0000
 20
0.0000
 30
0.0000
 40
0.0508
 41
0.0508
 70
0
  0
VERTEX
  8
25
 10
103.7669
 20
72.7450
 30
0.0000
 42
0.4142
  0
VERTEX
  8
25
 10
103.6116
 20
72.9002
 30
0.0000
  0
SEQEND
  8
0
  0
POLYLINE
  8
25
 66
1
 10
0.0000
 20
0.0000
 30
0.0000
 40
0.0254
 41
0.0254
 70
0
  0
VERTEX
  8
25
 10
103.7542
 20
72.7450
 30
0.0000
 42
1.0000
  0
VERTEX
  8
25
 10
103.7796
 20
72.7450
 30
0.0000
  0
SEQEND
  8
0
  0
POLYLINE
  8
25
 66
1
 10
0.0000
 20
0.0000
 30
0.0000
 40
0.0254
 41
0.0254
 70
0
  0
VERTEX
  8
25
 10
103.6116
 20
72.9129
 30
0.0000
 42
1.0000
  0
VERTEX
  8
25
 10
103.6116
 20
72.8875
 30
0.0000
  0
SEQEND
  8
0
  0
POLYLINE
  8
25
 66
1
 10
0.0000
 20
0.0000
 30
0.0000
 40
0.0508
 41
0.0508
 70
0
  0
VERTEX
  8
25
 10
103.7669
 20
72.7450
 30
0.0000
  0
VERTEX
  8
25
 10
103.7669
 20
72.4966
 30
0.0000
  0
SEQEND
  8
0
  0
POLYLINE
  8
25
 66
1
 10
0.0000
 20
0.0000
 30
0.0000
 40
0.0254
 41
0.0254
 70
0
  0
VERTEX
  8
25
 10
103.7542
 20
72.4966
 30
0.0000
 42
1.0000
  0
VERTEX
  8
25
 10
103.7796
 20
72.4966
 30
0.0000
  0
SEQEND
  8
0
  0
POLYLINE
  8
25
 66
1
 10
0.0000
 20
0.0000
 30
0.0000
 40
0.0254
 41
0.0254
 70
0
  0
VERTEX
  8
25
 10
103.7796
 20
72.7450
 30
0.0000
 42
1.0000
  0
VERTEX
  8
25
 10
103.7542
 20
72.7450
 30
0.0000
  0
SEQEND
  8
0
  0
POLYLINE
  8
25
 66
1
 10
0.0000
 20
0.0000
 30
0.0000
 40
0.0508
 41
0.0508
 70
0
  0
VERTEX
  8
25
 10
103.6116
 20
72.3414
 30
0.0000
 42
0.4142
  0
VERTEX
  8
25
 10
103.7669
 20
72.4966
 30
0.0000
  0
SEQEND
  8
0
  0
POLYLINE
  8
25
 66
1
 10
0.0000
 20
0.0000
 30
0.0000
 40
0.0254
 41
0.0254
 70
0
  0
VERTEX
  8
25
 10
103.6116
 20
72.3541
 30
0.0000
 42
1.0000
  0
VERTEX
  8
25
 10
103.6116
 20
72.3287
 30
0.0000
  0
SEQEND
  8
0
  0
POLYLINE
  8
25
 66
1
 10
0.0000
 20
0.0000
 30
0.0000
 40
0.0254
 41
0.0254
 70
0
  0
VERTEX
  8
25
 10
103.7796
 20
72.4966
 30
0.0000
 42
1.0000
  0
VERTEX
  8
25
 10
103.7542
 20
72.4966
 30
0.0000
  0
SEQEND
  8
0
  0
POLYLINE
  8
25
 66
1
 10
0.0000
 20
0.0000
 30
0.0000
 40
0.0508
 41
0.0508
 70
0
  0
VERTEX
  8
25
 10
103.6116
 20
72.3414
 30
0.0000
  0
VERTEX
  8
25
 10
103.4564
 20
72.3414
 30
0.0000
  0
SEQEND
  8
0
  0
POLYLINE
  8
25
 66
1
 10
0.0000
 20
0.0000
 30
0.0000
 40
0.0254
 41
0.0254
 70
0
  0
VERTEX
  8
25
 10
103.4564
 20
72.3541
 30
0.0000
 42
1.0000
  0
VERTEX
  8
25
 10
103.4564
 20
72.3287
 30
0.0000
  0
SEQEND
  8
0
  0
POLYLINE
  8
25
 66
1
 10
0.0000
 20
0.0000
 30
0.0000
 40
0.0254
 41
0.0254
 70
0
  0
VERTEX
  8
25
 10
103.6116
 20
72.3287
 30
0.0000
 42
1.0000
  0
VERTEX
  8
25
 10
103.6116
 20
72.3541
 30
0.0000
  0
SEQEND
  8
0
  0
POINT
  8
24
 10
101.6100
 20
84.7800
 30
0.0000
  0
POLYLINE
  8
52
 66
1
 10
0.0000
 20
0.0000
 30
0.0000
 40
0.0500
 41
0.0500
 70
0
  0
VERTEX
  8
52
 10
103.3800
 20
82.8300
 30
0.0000
  0
VERTEX
  8
52
 10
103.3800
 20
86.7300
 30
0.0000
  0
SEQEND
  8
0
  0
POLYLINE
  8
52
 66
1
 10
0.0000
 20
0.0000
 30
0.0000
 40
0.0250
 41
0.0250
 70
0
  0
VERTEX
  8
52
 10
103.3925
 20
86.7300
 30
0.0000
 42
1.0000
  0
VERTEX
  8
52
 10
103.3675
 20
86.7300
 30
0.0000
  0
SEQEND
  8
0
  0
POLYLINE
  8
52
 66
1
 10
0.0000
 20
0.0000
 30
0.0000
 40
0.0250
 41
0.0250
 70
0
  0
VERTEX
  8
52
 10
103.3675
 20
82.8300
 30
0.0000
 42
1.0000
  0
VERTEX
  8
52
 10
103.3925
 20
82.8300
 30
0.0000
  0
SEQEND
  8
0
  0
POLYLINE
  8
52
 66
1
 10
0.0000
 20
0.0000
 30
0.0000
 40
0.0500
 41
0.0500
 70
0
  0
VERTEX
  8
52
 10
103.3800
 20
86.7300
 30
0.0000
  0
VERTEX
  8
52
 10
99.8400
 20
86.7300
 30
0.0000
  0
SEQEND
  8
0
  0
POLYLINE
  8
52
 66
1
 10
0.0000
 20
0.0000
 30
0.0000
 40
0.0250
 41
0.0250
 70
0
  0
VERTEX
  8
52
 10
99.8400
 20
86.7425
 30
0.0000
 42
1.0000
  0
VERTEX
  8
52
 10
99.8400
 20
86.7175
 30
0.0000
  0
SEQEND
  8
0
  0
POLYLINE
  8
52
 66
1
 10
0.0000
 20
0.0000
 30
0.0000
 40
0.0250
 41
0.0250
 70
0
  0
VERTEX
  8
52
 10
103.3800
 20
86.7175
 30
0.0000
 42
1.0000
  0
VERTEX
  8
52
 10
103.3800
 20
86.7425
 30
0.0000
  0
SEQEND
  8
0
  0
POLYLINE
  8
52
 66
1
 10
0.0000
 20
0.0000
 30
0.0000
 40
0.0500
 41
0.0500
 70
0
  0
VERTEX
  8
52
 10
99.8400
 20
86.7300
 30
0.0000
  0
VERTEX
  8
52
 10
99.8400
 20
82.8300
 30
0.0000
  0
SEQEND
  8
0
  0
POLYLINE
  8
52
 66
1
 10
0.0000
 20
0.0000
 30
0.0000
 40
0.0250
 41
0.0250
 70
0
  0
VERTEX
  8
52
 10
99.8275
 20
82.8300
 30
0.0000
 42
1.0000
  0
VERTEX
  8
52
 10
99.8525
 20
82.8300
 30
0.0000
  0
SEQEND
  8
0
  0
POLYLINE
  8
52
 66
1
 10
0.0000
 20
0.0000
 30
0.0000
 40
0.0250
 41
0.0250
 70
0
  0
VERTEX
  8
52
 10
99.8525
 20
86.7300
 30
0.0000
 42
1.0000
  0
VERTEX
  8
52
 10
99.8275
 20
86.7300
 30
0.0000
  0
SEQEND
  8
0
  0
POLYLINE
  8
52
 66
1
 10
0.0000
 20
0.0000
 30
0.0000
 40
0.0500
 41
0.0500
 70
0
  0
VERTEX
  8
52
 10
99.8400
 20
82.8300
 30
0.0000
  0
VERTEX
  8
52
 10
103.3800
 20
82.8300
 30
0.0000
  0
SEQEND
  8
0
  0
POLYLINE
  8
52
 66
1
 10
0.0000
 20
0.0000
 30
0.0000
 40
0.0250
 41
0.0250
 70
0
  0
VERTEX
  8
52
 10
103.3800
 20
82.8175
 30
0.0000
 42
1.0000
  0
VERTEX
  8
52
 10
103.3800
 20
82.8425
 30
0.0000
  0
SEQEND
  8
0
  0
POLYLINE
  8
52
 66
1
 10
0.0000
 20
0.0000
 30
0.0000
 40
0.0250
 41
0.0250
 70
0
  0
VERTEX
  8
52
 10
99.8400
 20
82.8425
 30
0.0000
 42
1.0000
  0
VERTEX
  8
52
 10
99.8400
 20
82.8175
 30
0.0000
  0
SEQEND
  8
0
  0
POLYLINE
  8
52
 66
1
 10
0.0000
 20
0.0000
 30
0.0000
 40
0.1000
 41
0.1000
 70
0
  0
VERTEX
  8
52
 10
103.0700
 20
84.1300
 30
0.0000
  0
VERTEX
  8
52
 10
103.0700
 20
85.4300
 30
0.0000
  0
SEQEND
  8
0
  0
POLYLINE
  8
52
 66
1
 10
0.0000
 20
0.0000
 30
0.0000
 40
0.0500
 41
0.0500
 70
0
  0
VERTEX
  8
52
 10
103.0950
 20
85.4300
 30
0.0000
 42
1.0000
  0
VERTEX
  8
52
 10
103.0450
 20
85.4300
 30
0.0000
  0
SEQEND
  8
0
  0
POLYLINE
  8
52
 66
1
 10
0.0000
 20
0.0000
 30
0.0000
 40
0.0500
 41
0.0500
 70
0
  0
VERTEX
  8
52
 10
103.0450
 20
84.1300
 30
0.0000
 42
1.0000
  0
VERTEX
  8
52
 10
103.0950
 20
84.1300
 30
0.0000
  0
SEQEND
  8
0
  0
POLYLINE
  8
52
 66
1
 10
0.0000
 20
0.0000
 30
0.0000
 40
0.1000
 41
0.1000
 70
0
  0
VERTEX
  8
52
 10
103.0700
 20
85.4300
 30
0.0000
  0
VERTEX
  8
52
 10
100.1500
 20
85.4300
 30
0.0000
  0
SEQEND
  8
0
  0
POLYLINE
  8
52
 66
1
 10
0.0000
 20
0.0000
 30
0.0000
 40
0.0500
 41
0.0500
 70
0
  0
VERTEX
  8
52
 10
100.1500
 20
85.4550
 30
0.0000
 42
1.0000
  0
VERTEX
  8
52
 10
100.1500
 20
85.4050
 30
0.0000
  0
SEQEND
  8
0
  0
POLYLINE
  8
52
 66
1
 10
0.0000
 20
0.0000
 30
0.0000
 40
0.0500
 41
0.0500
 70
0
  0
VERTEX
  8
52
 10
103.0700
 20
85.4050
 30
0.0000
 42
1.0000
  0
VERTEX
  8
52
 10
103.0700
 20
85.4550
 30
0.0000
  0
SEQEND
  8
0
  0
POLYLINE
  8
52
 66
1
 10
0.0000
 20
0.0000
 30
0.0000
 40
0.1000
 41
0.1000
 70
0
  0
VERTEX
  8
52
 10
100.1500
 20
85.4300
 30
0.0000
  0
VERTEX
  8
52
 10
100.1500
 20
84.1300
 30
0.0000
  0
SEQEND
  8
0
  0
POLYLINE
  8
52
 66
1
 10
0.0000
 20
0.0000
 30
0.0000
 40
0.0500
 41
0.0500
 70
0
  0
VERTEX
  8
52
 10
100.1250
 20
84.1300
 30
0.0000
 42
1.0000
  0
VERTEX
  8
52
 10
100.1750
 20
84.1300
 30
0.0000
  0
SEQEND
  8
0
  0
POLYLINE
  8
52
 66
1
 10
0.0000
 20
0.0000
 30
0.0000
 40
0.0500
 41
0.0500
 70
0
  0
VERTEX
  8
52
 10
100.1750
 20
85.4300
 30
0.0000
 42
1.0000
  0
VERTEX
  8
52
 10
100.1250
 20
85.4300
 30
0.0000
  0
SEQEND
  8
0
  0
POLYLINE
  8
52
 66
1
 10
0.0000
 20
0.0000
 30
0.0000
 40
0.1000
 41
0.1000
 70
0
  0
VERTEX
  8
52
 10
100.1500
 20
84.1300
 30
0.0000
  0
VERTEX
  8
52
 10
103.0700
 20
84.1300
 30
0.0000
  0
SEQEND
  8
0
  0
POLYLINE
  8
52
 66
1
 10
0.0000
 20
0.0000
 30
0.0000
 40
0.0500
 41
0.0500
 70
0
  0
VERTEX
  8
52
 10
103.0700
 20
84.1050
 30
0.0000
 42
1.0000
  0
VERTEX
  8
52
 10
103.0700
 20
84.1550
 30
0.0000
  0
SEQEND
  8
0
  0
POLYLINE
  8
52
 66
1
 10
0.0000
 20
0.0000
 30
0.0000
 40
0.0500
 41
0.0500
 70
0
  0
VERTEX
  8
52
 10
100.1500
 20
84.1550
 30
0.0000
 42
1.0000
  0
VERTEX
  8
52
 10
100.1500
 20
84.1050
 30
0.0000
  0
SEQEND
  8
0
  0
POLYLINE
  8
52
 66
1
 10
0.0000
 20
0.0000
 30
0.0000
 40
0.1000
 41
0.1000
 70
0
  0
VERTEX
  8
52
 10
102.1200
 20
84.1300
 30
0.0000
  0
VERTEX
  8
52
 10
103.0700
 20
85.0800
 30
0.0000
  0
SEQEND
  8
0
  0
POLYLINE
  8
52
 66
1
 10
0.0000
 20
0.0000
 30
0.0000
 40
0.0500
 41
0.0500
 70
0
  0
VERTEX
  8
52
 10
103.0877
 20
85.0623
 30
0.0000
 42
1.0000
  0
VERTEX
  8
52
 10
103.0523
 20
85.0977
 30
0.0000
  0
SEQEND
  8
0
  0
POLYLINE
  8
52
 66
1
 10
0.0000
 20
0.0000
 30
0.0000
 40
0.0500
 41
0.0500
 70
0
  0
VERTEX
  8
52
 10
102.1023
 20
84.1477
 30
0.0000
 42
1.0000
  0
VERTEX
  8
52
 10
102.1377
 20
84.1123
 30
0.0000
  0
SEQEND
  8
0
  0
POLYLINE
  8
22
 66
1
 10
0.0000
 20
0.0000
 30
0.0000
 40
0.2000
 41
0.2000
 70
0
  0
VERTEX
  8
22
 10
103.0700
 20
84.7300
 30
0.0000
  0
VERTEX
  8
22
 10
103.0700
 20
84.8300
 30
0.0000
  0
SEQEND
  8
0
  0
POLYLINE
  8
22
 66
1
 10
0.0000
 20
0.0000
 30
0.0000
 40
0.1000
 41
0.1000
 70
0
  0
VERTEX
  8
22
 10
103.1200
 20
84.8300
 30
0.0000
 42
1.0000
  0
VERTEX
  8
22
 10
103.0200
 20
84.8300
 30
0.0000
  0
SEQEND
  8
0
  0
POLYLINE
  8
22
 66
1
 10
0.0000
 20
0.0000
 30
0.0000
 40
0.1000
 41
0.1000
 70
0
  0
VERTEX
  8
22
 10
103.0200
 20
84.7300
 30
0.0000
 42
1.0000
  0
VERTEX
  8
22
 10
103.1200
 20
84.7300
 30
0.0000
  0
SEQEND
  8
0
  0
POLYLINE
  8
22
 66
1
 10
0.0000
 20
0.0000
 30
0.0000
 40
0.2000
 41
0.2000
 70
0
  0
VERTEX
  8
22
 10
103.0700
 20
84.8300
 30
0.0000
  0
VERTEX
  8
22
 10
100.1500
 20
84.8300
 30
0.0000
  0
SEQEND
  8
0
  0
POLYLINE
  8
22
 66
1
 10
0.0000
 20
0.0000
 30
0.0000
 40
0.1000
 41
0.1000
 70
0
  0
VERTEX
  8
22
 10
100.1500
 20
84.8800
 30
0.0000
 42
1.0000
  0
VERTEX
  8
22
 10
100.1500
 20
84.7800
 30
0.0000
  0
SEQEND
  8
0
  0
POLYLINE
  8
22
 66
1
 10
0.0000
 20
0.0000
 30
0.0000
 40
0.1000
 41
0.1000
 70
0
  0
VERTEX
  8
22
 10
103.0700
 20
84.7800
 30
0.0000
 42
1.0000
  0
VERTEX
  8
22
 10
103.0700
 20
84.8800
 30
0.0000
  0
SEQEND
  8
0
  0
POLYLINE
  8
22
 66
1
 10
0.0000
 20
0.0000
 30
0.0000
 40
0.2000
 41
0.2000
 70
0
  0
VERTEX
  8
22
 10
100.1500
 20
84.8300
 30
0.0000
  0
VERTEX
  8
22
 10
100.1500
 20
84.7300
 30
0.0000
  0
SEQEND
  8
0
  0
POLYLINE
  8
22
 66
1
 10
0.0000
 20
0.0000
 30
0.0000
 40
0.1000
 41
0.1000
 70
0
  0
VERTEX
  8
22
 10
100.1000
 20
84.7300
 30
0.0000
 42
1.0000
  0
VERTEX
  8
22
 10
100.2000
 20
84.7300
 30
0.0000
  0
SEQEND
  8
0
  0
POLYLINE
  8
22
 66
1
 10
0.0000
 20
0.0000
 30
0.0000
 40
0.1000
 41
0.1000
 70
0
  0
VERTEX
  8
22
 10
100.2000
 20
84.8300
 30
0.0000
 42
1.0000
  0
VERTEX
  8
22
 10
100.1000
 20
84.8300
 30
0.0000
  0
SEQEND
  8
0
  0
POLYLINE
  8
22
 66
1
 10
0.0000
 20
0.0000
 30
0.0000
 40
0.2000
 41
0.2000
 70
0
  0
VERTEX
  8
22
 10
100.1500
 20
84.7300
 30
0.0000
  0
VERTEX
  8
22
 10
103.0700
 20
84.7300
 30
0.0000
  0
SEQEND
  8
0
  0
POLYLINE
  8
22
 66
1
 10
0.0000
 20
0.0000
 30
0.0000
 40
0.1000
 41
0.1000
 70
0
  0
VERTEX
  8
22
 10
103.0700
 20
84.6800
 30
0.0000
 42
1.0000
  0
VERTEX
  8
22
 10
103.0700
 20
84.7800
 30
0.0000
  0
SEQEND
  8
0
  0
POLYLINE
  8
22
 66
1
 10
0.0000
 20
0.0000
 30
0.0000
 40
0.1000
 41
0.1000
 70
0
  0
VERTEX
  8
22
 10
100.1500
 20
84.7800
 30
0.0000
 42
1.0000
  0
VERTEX
  8
22
 10
100.1500
 20
84.6800
 30
0.0000
  0
SEQEND
  8
0
  0
POLYLINE
  8
22
 66
1
 10
0.0000
 20
0.0000
 30
0.0000
 40
0.2000
 41
0.2000
 70
0
  0
VERTEX
  8
22
 10
103.1100
 20
83.0800
 30
0.0000
  0
VERTEX
  8
22
 10
103.1100
 20
84.3800
 30
0.0000
  0
SEQEND
  8
0
  0
POLYLINE
  8
22
 66
1
 10
0.0000
 20
0.0000
 30
0.0000
 40
0.1000
 41
0.1000
 70
0
  0
VERTEX
  8
22
 10
103.1600
 20
84.3800
 30
0.0000
 42
1.0000
  0
VERTEX
  8
22
 10
103.0600
 20
84.3800
 30
0.0000
  0
SEQEND
  8
0
  0
POLYLINE
  8
22
 66
1
 10
0.0000
 20
0.0000
 30
0.0000
 40
0.1000
 41
0.1000
 70
0
  0
VERTEX
  8
22
 10
103.0600
 20
83.0800
 30
0.0000
 42
1.0000
  0
VERTEX
  8
22
 10
103.1600
 20
83.0800
 30
0.0000
  0
SEQEND
  8
0
  0
INSERT
  8
16
  2
RECT
 10
102.5600
 20
83.7300
 30
0.0000
 41
1.3000
 42
0.6000
 43
1.0000
 50
90.0000
  0
INSERT
  8
16
  2
RECT
 10
100.6600
 20
83.7300
 30
0.0000
 41
1.3000
 42
0.6000
 43
1.0000
 50
90.0000
  0
INSERT
  8
16
  2
RECT
 10
101.6100
 20
85.8300
 30
0.0000
 41
1.3000
 42
0.6000
 43
1.0000
 50
90.0000
  0
POLYLINE
  8
26
 66
1
 10
0.0000
 20
0.0000
 30
0.0000
 40
0.1016
 41
0.1016
 70
0
  0
VERTEX
  8
26
 10
105.1942
 20
82.7492
 30
0.0000
  0
VERTEX
  8
26
 10
104.0258
 20
82.7492
 30
0.0000
  0
SEQEND
  8
0
  0
POLYLINE
  8
26
 66
1
 10
0.0000
 20
0.0000
 30
0.0000
 40
0.0508
 41
0.0508
 70
0
  0
VERTEX
  8
26
 10
104.0258
 20
82.7746
 30
0.0000
 42
1.0000
  0
VERTEX
  8
26
 10
104.0258
 20
82.7238
 30
0.0000
  0
SEQEND
  8
0
  0
POLYLINE
  8
26
 66
1
 10
0.0000
 20
0.0000
 30
0.0000
 40
0.0508
 41
0.0508
 70
0
  0
VERTEX
  8
26
 10
105.1942
 20
82.7238
 30
0.0000
 42
1.0000
  0
VERTEX
  8
26
 10
105.1942
 20
82.7746
 30
0.0000
  0
SEQEND
  8
0
  0
POLYLINE
  8
26
 66
1
 10
0.0000
 20
0.0000
 30
0.0000
 40
0.1016
 41
0.1016
 70
0
  0
VERTEX
  8
26
 10
104.0258
 20
82.6194
 30
0.0000
  0
VERTEX
  8
26
 10
104.0258
 20
82.8790
 30
0.0000
  0
SEQEND
  8
0
  0
POLYLINE
  8
26
 66
1
 10
0.0000
 20
0.0000
 30
0.0000
 40
0.0508
 41
0.0508
 70
0
  0
VERTEX
  8
26
 10
104.0512
 20
82.8790
 30
0.0000
 42
1.0000
  0
VERTEX
  8
26
 10
104.0004
 20
82.8790
 30
0.0000
  0
SEQEND
  8
0
  0
POLYLINE
  8
26
 66
1
 10
0.0000
 20
0.0000
 30
0.0000
 40
0.0508
 41
0.0508
 70
0
  0
VERTEX
  8
26
 10
104.0004
 20
82.6194
 30
0.0000
 42
1.0000
  0
VERTEX
  8
26
 10
104.0512
 20
82.6194
 30
0.0000
  0
SEQEND
  8
0
  0
POLYLINE
  8
26
 66
1
 10
0.0000
 20
0.0000
 30
0.0000
 40
0.1016
 41
0.1016
 70
0
  0
VERTEX
  8
26
 10
105.1942
 20
82.6194
 30
0.0000
  0
VERTEX
  8
26
 10
105.1942
 20
82.8790
 30
0.0000
  0
SEQEND
  8
0
  0
POLYLINE
  8
26
 66
1
 10
0.0000
 20
0.0000
 30
0.0000
 40
0.0508
 41
0.0508
 70
0
  0
VERTEX
  8
26
 10
105.2196
 20
82.8790
 30
0.0000
 42
1.0000
  0
VERTEX
  8
26
 10
105.1688
 20
82.8790
 30
0.0000
  0
SEQEND
  8
0
  0
POLYLINE
  8
26
 66
1
 10
0.0000
 20
0.0000
 30
0.0000
 40
0.0508
 41
0.0508
 70
0
  0
VERTEX
  8
26
 10
105.1688
 20
82.6194
 30
0.0000
 42
1.0000
  0
VERTEX
  8
26
 10
105.2196
 20
82.6194
 30
0.0000
  0
SEQEND
  8
0
  0
POLYLINE
  8
26
 66
1
 10
0.0000
 20
0.0000
 30
0.0000
 40
0.1016
 41
0.1016
 70
0
  0
VERTEX
  8
26
 10
104.0258
 20
83.8550
 30
0.0000
  0
VERTEX
  8
26
 10
104.0258
 20
83.5954
 30
0.0000
  0
SEQEND
  8
0
  0
POLYLINE
  8
26
 66
1
 10
0.0000
 20
0.0000
 30
0.0000
 40
0.0508
 41
0.0508
 70
0
  0
VERTEX
  8
26
 10
104.0004
 20
83.5954
 30
0.0000
 42
1.0000
  0
VERTEX
  8
26
 10
104.0512
 20
83.5954
 30
0.0000
  0
SEQEND
  8
0
  0
POLYLINE
  8
26
 66
1
 10
0.0000
 20
0.0000
 30
0.0000
 40
0.0508
 41
0.0508
 70
0
  0
VERTEX
  8
26
 10
104.0512
 20
83.8550
 30
0.0000
 42
1.0000
  0
VERTEX
  8
26
 10
104.0004
 20
83.8550
 30
0.0000
  0
SEQEND
  8
0
  0
POLYLINE
  8
26
 66
1
 10
0.0000
 20
0.0000
 30
0.0000
 40
0.1016
 41
0.1016
 70
0
  0
VERTEX
  8
26
 10
104.0258
 20
83.5954
 30
0.0000
 42
0.4142
  0
VERTEX
  8
26
 10
104.2854
 20
83.3357
 30
0.0000
  0
SEQEND
  8
0
  0
POLYLINE
  8
26
 66
1
 10
0.0000
 20
0.0000
 30
0.0000
 40
0.0508
 41
0.0508
 70
0
  0
VERTEX
  8
26
 10
104.0512
 20
83.5954
 30
0.0000
 42
1.0000
  0
VERTEX
  8
26
 10
104.0004
 20
83.5954
 30
0.0000
  0
SEQEND
  8
0
  0
POLYLINE
  8
26
 66
1
 10
0.0000
 20
0.0000
 30
0.0000
 40
0.0508
 41
0.0508
 70
0
  0
VERTEX
  8
26
 10
104.2854
 20
83.3103
 30
0.0000
 42
1.0000
  0
VERTEX
  8
26
 10
104.2854
 20
83.3611
 30
0.0000
  0
SEQEND
  8
0
  0
POLYLINE
  8
26
 66
1
 10
0.0000
 20
0.0000
 30
0.0000
 40
0.1016
 41
0.1016
 70
0
  0
VERTEX
  8
26
 10
104.2854
 20
83.3357
 30
0.0000
  0
VERTEX
  8
26
 10
104.9346
 20
83.3357
 30
0.0000
  0
SEQEND
  8
0
  0
POLYLINE
  8
26
 66
1
 10
0.0000
 20
0.0000
 30
0.0000
 40
0.0508
 41
0.0508
 70
0
  0
VERTEX
  8
26
 10
104.9346
 20
83.3103
 30
0.0000
 42
1.0000
  0
VERTEX
  8
26
 10
104.9346
 20
83.3611
 30
0.0000
  0
SEQEND
  8
0
  0
POLYLINE
  8
26
 66
1
 10
0.0000
 20
0.0000
 30
0.0000
 40
0.0508
 41
0.0508
 70
0
  0
VERTEX
  8
26
 10
104.2854
 20
83.3611
 30
0.0000
 42
1.0000
  0
VERTEX
  8
26
 10
104.2854
 20
83.3103
 30
0.0000
  0
SEQEND
  8
0
  0
POLYLINE
  8
26
 66
1
 10
0.0000
 20
0.0000
 30
0.0000
 40
0.1016
 41
0.1016
 70
0
  0
VERTEX
  8
26
 10
104.9346
 20
83.3357
 30
0.0000
 42
0.4142
  0
VERTEX
  8
26
 10
105.1942
 20
83.5954
 30
0.0000
  0
SEQEND
  8
0
  0
POLYLINE
  8
26
 66
1
 10
0.0000
 20
0.0000
 30
0.0000
 40
0.0508
 41
0.0508
 70
0
  0
VERTEX
  8
26
 10
104.9346
 20
83.3611
 30
0.0000
 42
1.0000
  0
VERTEX
  8
26
 10
104.9346
 20
83.3103
 30
0.0000
  0
SEQEND
  8
0
  0
POLYLINE
  8
26
 66
1
 10
0.0000
 20
0.0000
 30
0.0000
 40
0.0508
 41
0.0508
 70
0
  0
VERTEX
  8
26
 10
105.2196
 20
83.5954
 30
0.0000
 42
1.0000
  0
VERTEX
  8
26
 10
105.1688
 20
83.5954
 30
0.0000
  0
SEQEND
  8
0
  0
POLYLINE
  8
26
 66
1
 10
0.0000
 20
0.0000
 30
0.0000
 40
0.1016
 41
0.1016
 70
0
  0
VERTEX
  8
26
 10
105.1942
 20
83.5954
 30
0.0000
  0
VERTEX
  8
26
 10
105.1942
 20
83.8550
 30
0.0000
  0
SEQEND
  8
0
  0
POLYLINE
  8
26
 66
1
 10
0.0000
 20
0.0000
 30
0.0000
 40
0.0508
 41
0.0508
 70
0
  0
VERTEX
  8
26
 10
105.2196
 20
83.8550
 30
0.0000
 42
1.0000
  0
VERTEX
  8
26
 10
105.1688
 20
83.8550
 30
0.0000
  0
SEQEND
  8
0
  0
POLYLINE
  8
26
 66
1
 10
0.0000
 20
0.0000
 30
0.0000
 40
0.0508
 41
0.0508
 70
0
  0
VERTEX
  8
26
 10
105.1688
 20
83.5954
 30
0.0000
 42
1.0000
  0
VERTEX
  8
26
 10
105.2196
 20
83.5954
 30
0.0000
  0
SEQEND
  8
0
  0
POLYLINE
  8
26
 66
1
 10
0.0000
 20
0.0000
 30
0.0000
 40
0.1016
 41
0.1016
 70
0
  0
VERTEX
  8
26
 10
104.9346
 20
84.2915
 30
0.0000
  0
VERTEX
  8
26
 10
105.1942
 20
84.6161
 30
0.0000
  0
SEQEND
  8
0
  0
POLYLINE
  8
26
 66
1
 10
0.0000
 20
0.0000
 30
0.0000
 40
0.0508
 41
0.0508
 70
0
  0
VERTEX
  8
26
 10
105.2140
 20
84.6002
 30
0.0000
 42
1.0000
  0
VERTEX
  8
26
 10
105.1744
 20
84.6319
 30
0.0000
  0
SEQEND
  8
0
  0
POLYLINE
  8
26
 66
1
 10
0.0000
 20
0.0000
 30
0.0000
 40
0.0508
 41
0.0508
 70
0
  0
VERTEX
  8
26
 10
104.9147
 20
84.3074
 30
0.0000
 42
1.0000
  0
VERTEX
  8
26
 10
104.9544
 20
84.2757
 30
0.0000
  0
SEQEND
  8
0
  0
POLYLINE
  8
26
 66
1
 10
0.0000
 20
0.0000
 30
0.0000
 40
0.1016
 41
0.1016
 70
0
  0
VERTEX
  8
26
 10
105.1942
 20
84.6161
 30
0.0000
  0
VERTEX
  8
26
 10
104.0258
 20
84.6161
 30
0.0000
  0
SEQEND
  8
0
  0
POLYLINE
  8
26
 66
1
 10
0.0000
 20
0.0000
 30
0.0000
 40
0.0508
 41
0.0508
 70
0
  0
VERTEX
  8
26
 10
104.0258
 20
84.6415
 30
0.0000
 42
1.0000
  0
VERTEX
  8
26
 10
104.0258
 20
84.5907
 30
0.0000
  0
SEQEND
  8
0
  0
POLYLINE
  8
26
 66
1
 10
0.0000
 20
0.0000
 30
0.0000
 40
0.0508
 41
0.0508
 70
0
  0
VERTEX
  8
26
 10
105.1942
 20
84.5907
 30
0.0000
 42
1.0000
  0
VERTEX
  8
26
 10
105.1942
 20
84.6415
 30
0.0000
  0
SEQEND
  8
0
  0
POLYLINE
  8
26
 66
1
 10
0.0000
 20
0.0000
 30
0.0000
 40
0.1016
 41
0.1016
 70
0
  0
VERTEX
  8
26
 10
104.0258
 20
84.2915
 30
0.0000
  0
VERTEX
  8
26
 10
104.0258
 20
84.9406
 30
0.0000
  0
SEQEND
  8
0
  0
POLYLINE
  8
26
 66
1
 10
0.0000
 20
0.0000
 30
0.0000
 40
0.0508
 41
0.0508
 70
0
  0
VERTEX
  8
26
 10
104.0512
 20
84.9406
 30
0.0000
 42
1.0000
  0
VERTEX
  8
26
 10
104.0004
 20
84.9406
 30
0.0000
  0
SEQEND
  8
0
  0
POLYLINE
  8
26
 66
1
 10
0.0000
 20
0.0000
 30
0.0000
 40
0.0508
 41
0.0508
 70
0
  0
VERTEX
  8
26
 10
104.0004
 20
84.2915
 30
0.0000
 42
1.0000
  0
VERTEX
  8
26
 10
104.0512
 20
84.2915
 30
0.0000
  0
SEQEND
  8
0
  0
POINT
  8
23
 10
107.8050
 20
75.3200
 30
0.0000
  0
POLYLINE
  8
51
 66
1
 10
0.0000
 20
0.0000
 30
0.0000
 40
0.0500
 41
0.0500
 70
0
  0
VERTEX
  8
51
 10
104.8800
 20
70.5700
 30
0.0000
  0
VERTEX
  8
51
 10
104.8800
 20
80.0700
 30
0.0000
  0
SEQEND
  8
0
  0
POLYLINE
  8
51
 66
1
 10
0.0000
 20
0.0000
 30
0.0000
 40
0.0250
 41
0.0250
 70
0
  0
VERTEX
  8
51
 10
104.8925
 20
80.0700
 30
0.0000
 42
1.0000
  0
VERTEX
  8
51
 10
104.8675
 20
80.0700
 30
0.0000
  0
SEQEND
  8
0
  0
POLYLINE
  8
51
 66
1
 10
0.0000
 20
0.0000
 30
0.0000
 40
0.0250
 41
0.0250
 70
0
  0
VERTEX
  8
51
 10
104.8675
 20
70.5700
 30
0.0000
 42
1.0000
  0
VERTEX
  8
51
 10
104.8925
 20
70.5700
 30
0.0000
  0
SEQEND
  8
0
  0
POLYLINE
  8
51
 66
1
 10
0.0000
 20
0.0000
 30
0.0000
 40
0.0500
 41
0.0500
 70
0
  0
VERTEX
  8
51
 10
104.8800
 20
80.0700
 30
0.0000
  0
VERTEX
  8
51
 10
110.7300
 20
80.0700
 30
0.0000
  0
SEQEND
  8
0
  0
POLYLINE
  8
51
 66
1
 10
0.0000
 20
0.0000
 30
0.0000
 40
0.0250
 41
0.0250
 70
0
  0
VERTEX
  8
51
 10
110.7300
 20
80.0575
 30
0.0000
 42
1.0000
  0
VERTEX
  8
51
 10
110.7300
 20
80.0825
 30
0.0000
  0
SEQEND
  8
0
  0
POLYLINE
  8
51
 66
1
 10
0.0000
 20
0.0000
 30
0.0000
 40
0.0250
 41
0.0250
 70
0
  0
VERTEX
  8
51
 10
104.8800
 20
80.0825
 30
0.0000
 42
1.0000
  0
VERTEX
  8
51
 10
104.8800
 20
80.0575
 30
0.0000
  0
SEQEND
  8
0
  0
POLYLINE
  8
51
 66
1
 10
0.0000
 20
0.0000
 30
0.0000
 40
0.0500
 41
0.0500
 70
0
  0
VERTEX
  8
51
 10
110.7300
 20
80.0700
 30
0.0000
  0
VERTEX
  8
51
 10
110.7300
 20
70.5700
 30
0.0000
  0
SEQEND
  8
0
  0
POLYLINE
  8
51
 66
1
 10
0.0000
 20
0.0000
 30
0.0000
 40
0.0250
 41
0.0250
 70
0
  0
VERTEX
  8
51
 10
110.7175
 20
70.5700
 30
0.0000
 42
1.0000
  0
VERTEX
  8
51
 10
110.7425
 20
70.5700
 30
0.0000
  0
SEQEND
  8
0
  0
POLYLINE
  8
51
 66
1
 10
0.0000
 20
0.0000
 30
0.0000
 40
0.0250
 41
0.0250
 70
0
  0
VERTEX
  8
51
 10
110.7425
 20
80.0700
 30
0.0000
 42
1.0000
  0
VERTEX
  8
51
 10
110.7175
 20
80.0700
 30
0.0000
  0
SEQEND
  8
0
  0
POLYLINE
  8
51
 66
1
 10
0.0000
 20
0.0000
 30
0.0000
 40
0.0500
 41
0.0500
 70
0
  0
VERTEX
  8
51
 10
110.7300
 20
70.5700
 30
0.0000
  0
VERTEX
  8
51
 10
104.8800
 20
70.5700
 30
0.0000
  0
SEQEND
  8
0
  0
POLYLINE
  8
51
 66
1
 10
0.0000
 20
0.0000
 30
0.0000
 40
0.0250
 41
0.0250
 70
0
  0
VERTEX
  8
51
 10
104.8800
 20
70.5825
 30
0.0000
 42
1.0000
  0
VERTEX
  8
51
 10
104.8800
 20
70.5575
 30
0.0000
  0
SEQEND
  8
0
  0
POLYLINE
  8
51
 66
1
 10
0.0000
 20
0.0000
 30
0.0000
 40
0.0250
 41
0.0250
 70
0
  0
VERTEX
  8
51
 10
110.7300
 20
70.5575
 30
0.0000
 42
1.0000
  0
VERTEX
  8
51
 10
110.7300
 20
70.5825
 30
0.0000
  0
SEQEND
  8
0
  0
POLYLINE
  8
51
 66
1
 10
0.0000
 20
0.0000
 30
0.0000
 40
0.1000
 41
0.1000
 70
0
  0
VERTEX
  8
51
 10
105.1850
 20
72.6750
 30
0.0000
  0
VERTEX
  8
51
 10
105.1850
 20
77.9650
 30
0.0000
  0
SEQEND
  8
0
  0
POLYLINE
  8
51
 66
1
 10
0.0000
 20
0.0000
 30
0.0000
 40
0.0500
 41
0.0500
 70
0
  0
VERTEX
  8
51
 10
105.2100
 20
77.9650
 30
0.0000
 42
1.0000
  0
VERTEX
  8
51
 10
105.1600
 20
77.9650
 30
0.0000
  0
SEQEND
  8
0
  0
POLYLINE
  8
51
 66
1
 10
0.0000
 20
0.0000
 30
0.0000
 40
0.0500
 41
0.0500
 70
0
  0
VERTEX
  8
51
 10
105.1600
 20
72.6750
 30
0.0000
 42
1.0000
  0
VERTEX
  8
51
 10
105.2100
 20
72.6750
 30
0.0000
  0
SEQEND
  8
0
  0
POLYLINE
  8
51
 66
1
 10
0.0000
 20
0.0000
 30
0.0000
 40
0.1000
 41
0.1000
 70
0
  0
VERTEX
  8
51
 10
105.1850
 20
77.9650
 30
0.0000
  0
VERTEX
  8
51
 10
110.4250
 20
77.9650
 30
0.0000
  0
SEQEND
  8
0
  0
POLYLINE
  8
51
 66
1
 10
0.0000
 20
0.0000
 30
0.0000
 40
0.0500
 41
0.0500
 70
0
  0
VERTEX
  8
51
 10
110.4250
 20
77.9400
 30
0.0000
 42
1.0000
  0
VERTEX
  8
51
 10
110.4250
 20
77.9900
 30
0.0000
  0
SEQEND
  8
0
  0
POLYLINE
  8
51
 66
1
 10
0.0000
 20
0.0000
 30
0.0000
 40
0.0500
 41
0.0500
 70
0
  0
VERTEX
  8
51
 10
105.1850
 20
77.9900
 30
0.0000
 42
1.0000
  0
VERTEX
  8
51
 10
105.1850
 20
77.9400
 30
0.0000
  0
SEQEND
  8
0
  0
POLYLINE
  8
51
 66
1
 10
0.0000
 20
0.0000
 30
0.0000
 40
0.1000
 41
0.1000
 70
0
  0
VERTEX
  8
51
 10
110.4250
 20
77.9650
 30
0.0000
  0
VERTEX
  8
51
 10
110.4250
 20
72.6750
 30
0.0000
  0
SEQEND
  8
0
  0
POLYLINE
  8
51
 66
1
 10
0.0000
 20
0.0000
 30
0.0000
 40
0.0500
 41
0.0500
 70
0
  0
VERTEX
  8
51
 10
110.4000
 20
72.6750
 30
0.0000
 42
1.0000
  0
VERTEX
  8
51
 10
110.4500
 20
72.6750
 30
0.0000
  0
SEQEND
  8
0
  0
POLYLINE
  8
51
 66
1
 10
0.0000
 20
0.0000
 30
0.0000
 40
0.0500
 41
0.0500
 70
0
  0
VERTEX
  8
51
 10
110.4500
 20
77.9650
 30
0.0000
 42
1.0000
  0
VERTEX
  8
51
 10
110.4000
 20
77.9650
 30
0.0000
  0
SEQEND
  8
0
  0
POLYLINE
  8
51
 66
1
 10
0.0000
 20
0.0000
 30
0.0000
 40
0.1000
 41
0.1000
 70
0
  0
VERTEX
  8
51
 10
110.4250
 20
72.6750
 30
0.0000
  0
VERTEX
  8
51
 10
105.1850
 20
72.6750
 30
0.0000
  0
SEQEND
  8
0
  0
POLYLINE
  8
51
 66
1
 10
0.0000
 20
0.0000
 30
0.0000
 40
0.0500
 41
0.0500
 70
0
  0
VERTEX
  8
51
 10
105.1850
 20
72.7000
 30
0.0000
 42
1.0000
  0
VERTEX
  8
51
 10
105.1850
 20
72.6500
 30
0.0000
  0
SEQEND
  8
0
  0
POLYLINE
  8
51
 66
1
 10
0.0000
 20
0.0000
 30
0.0000
 40
0.0500
 41
0.0500
 70
0
  0
VERTEX
  8
51
 10
110.4250
 20
72.6500
 30
0.0000
 42
1.0000
  0
VERTEX
  8
51
 10
110.4250
 20
72.7000
 30
0.0000
  0
SEQEND
  8
0
  0
POLYLINE
  8
51
 66
1
 10
0.0000
 20
0.0000
 30
0.0000
 40
0.1000
 41
0.1000
 70
0
  0
VERTEX
  8
51
 10
106.4550
 20
72.6750
 30
0.0000
  0
VERTEX
  8
51
 10
105.1850
 20
73.9450
 30
0.0000
  0
SEQEND
  8
0
  0
POLYLINE
  8
51
 66
1
 10
0.0000
 20
0.0000
 30
0.0000
 40
0.0500
 41
0.0500
 70
0
  0
VERTEX
  8
51
 10
105.2027
 20
73.9627
 30
0.0000
 42
1.0000
  0
VERTEX
  8
51
 10
105.1673
 20
73.9273
 30
0.0000
  0
SEQEND
  8
0
  0
POLYLINE
  8
51
 66
1
 10
0.0000
 20
0.0000
 30
0.0000
 40
0.0500
 41
0.0500
 70
0
  0
VERTEX
  8
51
 10
106.4373
 20
72.6573
 30
0.0000
 42
1.0000
  0
VERTEX
  8
51
 10
106.4727
 20
72.6927
 30
0.0000
  0
SEQEND
  8
0
  0
POLYLINE
  8
21
 66
1
 10
0.0000
 20
0.0000
 30
0.0000
 40
0.2000
 41
0.2000
 70
0
  0
VERTEX
  8
21
 10
105.1850
 20
72.9200
 30
0.0000
  0
VERTEX
  8
21
 10
105.1850
 20
77.7200
 30
0.0000
  0
SEQEND
  8
0
  0
POLYLINE
  8
21
 66
1
 10
0.0000
 20
0.0000
 30
0.0000
 40
0.1000
 41
0.1000
 70
0
  0
VERTEX
  8
21
 10
105.2350
 20
77.7200
 30
0.0000
 42
1.0000
  0
VERTEX
  8
21
 10
105.1350
 20
77.7200
 30
0.0000
  0
SEQEND
  8
0
  0
POLYLINE
  8
21
 66
1
 10
0.0000
 20
0.0000
 30
0.0000
 40
0.1000
 41
0.1000
 70
0
  0
VERTEX
  8
21
 10
105.1350
 20
72.9200
 30
0.0000
 42
1.0000
  0
VERTEX
  8
21
 10
105.2350
 20
72.9200
 30
0.0000
  0
SEQEND
  8
0
  0
POLYLINE
  8
21
 66
1
 10
0.0000
 20
0.0000
 30
0.0000
 40
0.2000
 41
0.2000
 70
0
  0
VERTEX
  8
21
 10
105.1850
 20
77.7200
 30
0.0000
  0
VERTEX
  8
21
 10
110.4250
 20
77.7200
 30
0.0000
  0
SEQEND
  8
0
  0
POLYLINE
  8
21
 66
1
 10
0.0000
 20
0.0000
 30
0.0000
 40
0.1000
 41
0.1000
 70
0
  0
VERTEX
  8
21
 10
110.4250
 20
77.6700
 30
0.0000
 42
1.0000
  0
VERTEX
  8
21
 10
110.4250
 20
77.7700
 30
0.0000
  0
SEQEND
  8
0
  0
POLYLINE
  8
21
 66
1
 10
0.0000
 20
0.0000
 30
0.0000
 40
0.1000
 41
0.1000
 70
0
  0
VERTEX
  8
21
 10
105.1850
 20
77.7700
 30
0.0000
 42
1.0000
  0
VERTEX
  8
21
 10
105.1850
 20
77.6700
 30
0.0000
  0
SEQEND
  8
0
  0
POLYLINE
  8
21
 66
1
 10
0.0000
 20
0.0000
 30
0.0000
 40
0.2000
 41
0.2000
 70
0
  0
VERTEX
  8
21
 10
110.4250
 20
77.7200
 30
0.0000
  0
VERTEX
  8
21
 10
110.4250
 20
72.9200
 30
0.0000
  0
SEQEND
  8
0
  0
POLYLINE
  8
21
 66
1
 10
0.0000
 20
0.0000
 30
0.0000
 40
0.1000
 41
0.1000
 70
0
  0
VERTEX
  8
21
 10
110.3750
 20
72.9200
 30
0.0000
 42
1.0000
  0
VERTEX
  8
21
 10
110.4750
 20
72.9200
 30
0.0000
  0
SEQEND
  8
0
  0
POLYLINE
  8
21
 66
1
 10
0.0000
 20
0.0000
 30
0.0000
 40
0.1000
 41
0.1000
 70
0
  0
VERTEX
  8
21
 10
110.4750
 20
77.7200
 30
0.0000
 42
1.0000
  0
VERTEX
  8
21
 10
110.3750
 20
77.7200
 30
0.0000
  0
SEQEND
  8
0
  0
POLYLINE
  8
21
 66
1
 10
0.0000
 20
0.0000
 30
0.0000
 40
0.2000
 41
0.2000
 70
0
  0
VERTEX
  8
21
 10
110.4250
 20
72.9200
 30
0.0000
  0
VERTEX
  8
21
 10
105.1850
 20
72.9200
 30
0.0000
  0
SEQEND
  8
0
  0
POLYLINE
  8
21
 66
1
 10
0.0000
 20
0.0000
 30
0.0000
 40
0.1000
 41
0.1000
 70
0
  0
VERTEX
  8
21
 10
105.1850
 20
72.9700
 30
0.0000
 42
1.0000
  0
VERTEX
  8
21
 10
105.1850
 20
72.8700
 30
0.0000
  0
SEQEND
  8
0
  0
POLYLINE
  8
21
 66
1
 10
0.0000
 20
0.0000
 30
0.0000
 40
0.1000
 41
0.1000
 70
0
  0
VERTEX
  8
21
 10
110.4250
 20
72.8700
 30
0.0000
 42
1.0000
  0
VERTEX
  8
21
 10
110.4250
 20
72.9700
 30
0.0000
  0
SEQEND
  8
0
  0
POLYLINE
  8
21
 66
1
 10
0.0000
 20
0.0000
 30
0.0000
 40
0.2000
 41
0.2000
 70
0
  0
VERTEX
  8
21
 10
105.2250
 20
70.8200
 30
0.0000
  0
VERTEX
  8
21
 10
105.2250
 20
72.5700
 30
0.0000
  0
SEQEND
  8
0
  0
POLYLINE
  8
21
 66
1
 10
0.0000
 20
0.0000
 30
0.0000
 40
0.1000
 41
0.1000
 70
0
  0
VERTEX
  8
21
 10
105.2750
 20
72.5700
 30
0.0000
 42
1.0000
  0
VERTEX
  8
21
 10
105.1750
 20
72.5700
 30
0.0000
  0
SEQEND
  8
0
  0
POLYLINE
  8
21
 66
1
 10
0.0000
 20
0.0000
 30
0.0000
 40
0.1000
 41
0.1000
 70
0
  0
VERTEX
  8
21
 10
105.1750
 20
70.8200
 30
0.0000
 42
1.0000
  0
VERTEX
  8
21
 10
105.2750
 20
70.8200
 30
0.0000
  0
SEQEND
  8
0
  0
INSERT
  8
1
  2
RECT
 10
105.9000
 20
71.6950
 30
0.0000
 41
1.7500
 42
0.6500
 43
1.0000
 50
90.0000
  0
INSERT
  8
1
  2
RECT
 10
107.1700
 20
71.6950
 30
0.0000
 41
1.7500
 42
0.6500
 43
1.0000
 50
90.0000
  0
INSERT
  8
1
  2
RECT
 10
108.4400
 20
71.6950
 30
0.0000
 41
1.7500
 42
0.6500
 43
1.0000
 50
90.0000
  0
INSERT
  8
1
  2
RECT
 10
109.7100
 20
71.6950
 30
0.0000
 41
1.7500
 42
0.6500
 43
1.0000
 50
90.0000
  0
INSERT
  8
1
  2
RECT
 10
109.7100
 20
78.9450
 30
0.0000
 41
1.7500
 42
0.6500
 43
1.0000
 50
90.0000
  0
INSERT
  8
1
  2
RECT
 10
108.4400
 20
78.9450
 30
0.0000
 41
1.7500
 42
0.6500
 43
1.0000
 50
90.0000
  0
INSERT
  8
1
  2
RECT
 10
107.1700
 20
78.9450
 30
0.0000
 41
1.7500
 42
0.6500
 43
1.0000
 50
90.0000
  0
INSERT
  8
1
  2
RECT
 10
105.9000
 20
78.9450
 30
0.0000
 41
1.7500
 42
0.6500
 43
1.0000
 50
90.0000
  0
POLYLINE
  8
25
 66
1
 10
0.0000
 20
0.0000
 30
0.0000
 40
0.0508
 41
0.0508
 70
0
  0
VERTEX
  8
25
 10
104.0956
 20
77.1354
 30
0.0000
  0
VERTEX
  8
25
 10
104.6544
 20
77.1354
 30
0.0000
  0
SEQEND
  8
0
  0
POLYLINE
  8
25
 66
1
 10
0.0000
 20
0.0000
 30
0.0000
 40
0.0254
 41
0.0254
 70
0
  0
VERTEX
  8
25
 10
104.6544
 20
77.1227
 30
0.0000
 42
1.0000
  0
VERTEX
  8
25
 10
104.6544
 20
77.1481
 30
0.0000
  0
SEQEND
  8
0
  0
POLYLINE
  8
25
 66
1
 10
0.0000
 20
0.0000
 30
0.0000
 40
0.0254
 41
0.0254
 70
0
  0
VERTEX
  8
25
 10
104.0956
 20
77.1481
 30
0.0000
 42
1.0000
  0
VERTEX
  8
25
 10
104.0956
 20
77.1227
 30
0.0000
  0
SEQEND
  8
0
  0
POLYLINE
  8
25
 66
1
 10
0.0000
 20
0.0000
 30
0.0000
 40
0.0508
 41
0.0508
 70
0
  0
VERTEX
  8
25
 10
104.6544
 20
77.0733
 30
0.0000
  0
VERTEX
  8
25
 10
104.6544
 20
77.1975
 30
0.0000
  0
SEQEND
  8
0
  0
POLYLINE
  8
25
 66
1
 10
0.0000
 20
0.0000
 30
0.0000
 40
0.0254
 41
0.0254
 70
0
  0
VERTEX
  8
25
 10
104.6671
 20
77.1975
 30
0.0000
 42
1.0000
  0
VERTEX
  8
25
 10
104.6417
 20
77.1975
 30
0.0000
  0
SEQEND
  8
0
  0
POLYLINE
  8
25
 66
1
 10
0.0000
 20
0.0000
 30
0.0000
 40
0.0254
 41
0.0254
 70
0
  0
VERTEX
  8
25
 10
104.6417
 20
77.0733
 30
0.0000
 42
1.0000
  0
VERTEX
  8
25
 10
104.6671
 20
77.0733
 30
0.0000
  0
SEQEND
  8
0
  0
POLYLINE
  8
25
 66
1
 10
0.0000
 20
0.0000
 30
0.0000
 40
0.0508
 41
0.0508
 70
0
  0
VERTEX
  8
25
 10
104.0956
 20
77.0733
 30
0.0000
  0
VERTEX
  8
25
 10
104.0956
 20
77.1975
 30
0.0000
  0
SEQEND
  8
0
  0
POLYLINE
  8
25
 66
1
 10
0.0000
 20
0.0000
 30
0.0000
 40
0.0254
 41
0.0254
 70
0
  0
VERTEX
  8
25
 10
104.1083
 20
77.1975
 30
0.0000
 42
1.0000
  0
VERTEX
  8
25
 10
104.0829
 20
77.1975
 30
0.0000
  0
SEQEND
  8
0
  0
POLYLINE
  8
25
 66
1
 10
0.0000
 20
0.0000
 30
0.0000
 40
0.0254
 41
0.0254
 70
0
  0
VERTEX
  8
25
 10
104.0829
 20
77.0733
 30
0.0000
 42
1.0000
  0
VERTEX
  8
25
 10
104.1083
 20
77.0733
 30
0.0000
  0
SEQEND
  8
0
  0
POLYLINE
  8
25
 66
1
 10
0.0000
 20
0.0000
 30
0.0000
 40
0.0508
 41
0.0508
 70
0
  0
VERTEX
  8
25
 10
104.6544
 20
77.6658
 30
0.0000
  0
VERTEX
  8
25
 10
104.6544
 20
77.5416
 30
0.0000
  0
SEQEND
  8
0
  0
POLYLINE
  8
25
 66
1
 10
0.0000
 20
0.0000
 30
0.0000
 40
0.0254
 41
0.0254
 70
0
  0
VERTEX
  8
25
 10
104.6417
 20
77.5416
 30
0.0000
 42
1.0000
  0
VERTEX
  8
25
 10
104.6671
 20
77.5416
 30
0.0000
  0
SEQEND
  8
0
  0
POLYLINE
  8
25
 66
1
 10
0.0000
 20
0.0000
 30
0.0000
 40
0.0254
 41
0.0254
 70
0
  0
VERTEX
  8
25
 10
104.6671
 20
77.6658
 30
0.0000
 42
1.0000
  0
VERTEX
  8
25
 10
104.6417
 20
77.6658
 30
0.0000
  0
SEQEND
  8
0
  0
POLYLINE
  8
25
 66
1
 10
0.0000
 20
0.0000
 30
0.0000
 40
0.0508
 41
0.0508
 70
0
  0
VERTEX
  8
25
 10
104.5302
 20
77.4174
 30
0.0000
 42
0.4142
  0
VERTEX
  8
25
 10
104.6544
 20
77.5416
 30
0.0000
  0
SEQEND
  8
0
  0
POLYLINE
  8
25
 66
1
 10
0.0000
 20
0.0000
 30
0.0000
 40
0.0254
 41
0.0254
 70
0
  0
VERTEX
  8
25
 10
104.5302
 20
77.4301
 30
0.0000
 42
1.0000
  0
VERTEX
  8
25
 10
104.5302
 20
77.4047
 30
0.0000
  0
SEQEND
  8
0
  0
POLYLINE
  8
25
 66
1
 10
0.0000
 20
0.0000
 30
0.0000
 40
0.0254
 41
0.0254
 70
0
  0
VERTEX
  8
25
 10
104.6671
 20
77.5416
 30
0.0000
 42
1.0000
  0
VERTEX
  8
25
 10
104.6417
 20
77.5416
 30
0.0000
  0
SEQEND
  8
0
  0
POLYLINE
  8
25
 66
1
 10
0.0000
 20
0.0000
 30
0.0000
 40
0.0508
 41
0.0508
 70
0
  0
VERTEX
  8
25
 10
104.5302
 20
77.4174
 30
0.0000
  0
VERTEX
  8
25
 10
104.2198
 20
77.4174
 30
0.0000
  0
SEQEND
  8
0
  0
POLYLINE
  8
25
 66
1
 10
0.0000
 20
0.0000
 30
0.0000
 40
0.0254
 41
0.0254
 70
0
  0
VERTEX
  8
25
 10
104.2198
 20
77.4301
 30
0.0000
 42
1.0000
  0
VERTEX
  8
25
 10
104.2198
 20
77.4047
 30
0.0000
  0
SEQEND
  8
0
  0
POLYLINE
  8
25
 66
1
 10
0.0000
 20
0.0000
 30
0.0000
 40
0.0254
 41
0.0254
 70
0
  0
VERTEX
  8
25
 10
104.5302
 20
77.4047
 30
0.0000
 42
1.0000
  0
VERTEX
  8
25
 10
104.5302
 20
77.4301
 30
0.0000
  0
SEQEND
  8
0
  0
POLYLINE
  8
25
 66
1
 10
0.0000
 20
0.0000
 30
0.0000
 40
0.0508
 41
0.0508
 70
0
  0
VERTEX
  8
25
 10
104.0956
 20
77.5416
 30
0.0000
 42
0.4142
  0
VERTEX
  8
25
 10
104.2198
 20
77.4174
 30
0.0000
  0
SEQEND
  8
0
  0
POLYLINE
  8
25
 66
1
 10
0.0000
 20
0.0000
 30
0.0000
 40
0.0254
 41
0.0254
 70
0
  0
VERTEX
  8
25
 10
104.1083
 20
77.5416
 30
0.0000
 42
1.0000
  0
VERTEX
  8
25
 10
104.0829
 20
77.5416
 30
0.0000
  0
SEQEND
  8
0
  0
POLYLINE
  8
25
 66
1
 10
0.0000
 20
0.0000
 30
0.0000
 40
0.0254
 41
0.0254
 70
0
  0
VERTEX
  8
25
 10
104.2198
 20
77.4047
 30
0.0000
 42
1.0000
  0
VERTEX
  8
25
 10
104.2198
 20
77.4301
 30
0.0000
  0
SEQEND
  8
0
  0
POLYLINE
  8
25
 66
1
 10
0.0000
 20
0.0000
 30
0.0000
 40
0.0508
 41
0.0508
 70
0
  0
VERTEX
  8
25
 10
104.0956
 20
77.5416
 30
0.0000
  0
VERTEX
  8
25
 10
104.0956
 20
77.6658
 30
0.0000
  0
SEQEND
  8
0
  0
POLYLINE
  8
25
 66
1
 10
0.0000
 20
0.0000
 30
0.0000
 40
0.0254
 41
0.0254
 70
0
  0
VERTEX
  8
25
 10
104.1083
 20
77.6658
 30
0.0000
 42
1.0000
  0
VERTEX
  8
25
 10
104.0829
 20
77.6658
 30
0.0000
  0
SEQEND
  8
0
  0
POLYLINE
  8
25
 66
1
 10
0.0000
 20
0.0000
 30
0.0000
 40
0.0254
 41
0.0254
 70
0
  0
VERTEX
  8
25
 10
104.0829
 20
77.5416
 30
0.0000
 42
1.0000
  0
VERTEX
  8
25
 10
104.1083
 20
77.5416
 30
0.0000
  0
SEQEND
  8
0
  0
POLYLINE
  8
25
 66
1
 10
0.0000
 20
0.0000
 30
0.0000
 40
0.0508
 41
0.0508
 70
0
  0
VERTEX
  8
25
 10
104.2353
 20
78.1867
 30
0.0000
 42
0.4142
  0
VERTEX
  8
25
 10
104.0956
 20
78.0470
 30
0.0000
  0
SEQEND
  8
0
  0
POLYLINE
  8
25
 66
1
 10
0.0000
 20
0.0000
 30
0.0000
 40
0.0254
 41
0.0254
 70
0
  0
VERTEX
  8
25
 10
104.2353
 20
78.1740
 30
0.0000
 42
1.0000
  0
VERTEX
  8
25
 10
104.2353
 20
78.1994
 30
0.0000
  0
SEQEND
  8
0
  0
POLYLINE
  8
25
 66
1
 10
0.0000
 20
0.0000
 30
0.0000
 40
0.0254
 41
0.0254
 70
0
  0
VERTEX
  8
25
 10
104.0829
 20
78.0470
 30
0.0000
 42
1.0000
  0
VERTEX
  8
25
 10
104.1083
 20
78.0470
 30
0.0000
  0
SEQEND
  8
0
  0
POLYLINE
  8
25
 66
1
 10
0.0000
 20
0.0000
 30
0.0000
 40
0.0508
 41
0.0508
 70
0
  0
VERTEX
  8
25
 10
104.0956
 20
78.0470
 30
0.0000
 42
0.3252
  0
VERTEX
  8
25
 10
104.2198
 20
77.8763
 30
0.0000
  0
SEQEND
  8
0
  0
POLYLINE
  8
25
 66
1
 10
0.0000
 20
0.0000
 30
0.0000
 40
0.0254
 41
0.0254
 70
0
  0
VERTEX
  8
25
 10
104.1083
 20
78.0470
 30
0.0000
 42
1.0000
  0
VERTEX
  8
25
 10
104.0829
 20
78.0470
 30
0.0000
  0
SEQEND
  8
0
  0
POLYLINE
  8
25
 66
1
 10
0.0000
 20
0.0000
 30
0.0000
 40
0.0254
 41
0.0254
 70
0
  0
VERTEX
  8
25
 10
104.2159
 20
77.8642
 30
0.0000
 42
1.0000
  0
VERTEX
  8
25
 10
104.2237
 20
77.8883
 30
0.0000
  0
SEQEND
  8
0
  0
POLYLINE
  8
25
 66
1
 10
0.0000
 20
0.0000
 30
0.0000
 40
0.0508
 41
0.0508
 70
0
  0
VERTEX
  8
25
 10
104.3440
 20
78.1401
 30
0.0000
 42
0.2053
  0
VERTEX
  8
25
 10
104.2353
 20
78.1867
 30
0.0000
  0
SEQEND
  8
0
  0
POLYLINE
  8
25
 66
1
 10
0.0000
 20
0.0000
 30
0.0000
 40
0.0254
 41
0.0254
 70
0
  0
VERTEX
  8
25
 10
104.3348
 20
78.1314
 30
0.0000
 42
1.0000
  0
VERTEX
  8
25
 10
104.3532
 20
78.1489
 30
0.0000
  0
SEQEND
  8
0
  0
POLYLINE
  8
25
 66
1
 10
0.0000
 20
0.0000
 30
0.0000
 40
0.0254
 41
0.0254
 70
0
  0
VERTEX
  8
25
 10
104.2353
 20
78.1994
 30
0.0000
 42
1.0000
  0
VERTEX
  8
25
 10
104.2353
 20
78.1740
 30
0.0000
  0
SEQEND
  8
0
  0
POLYLINE
  8
25
 66
1
 10
0.0000
 20
0.0000
 30
0.0000
 40
0.0508
 41
0.0508
 70
0
  0
VERTEX
  8
25
 10
104.3440
 20
78.1401
 30
0.0000
  0
VERTEX
  8
25
 10
104.6544
 20
77.8763
 30
0.0000
  0
SEQEND
  8
0
  0
POLYLINE
  8
25
 66
1
 10
0.0000
 20
0.0000
 30
0.0000
 40
0.0254
 41
0.0254
 70
0
  0
VERTEX
  8
25
 10
104.6462
 20
77.8666
 30
0.0000
 42
1.0000
  0
VERTEX
  8
25
 10
104.6626
 20
77.8859
 30
0.0000
  0
SEQEND
  8
0
  0
POLYLINE
  8
25
 66
1
 10
0.0000
 20
0.0000
 30
0.0000
 40
0.0254
 41
0.0254
 70
0
  0
VERTEX
  8
25
 10
104.3522
 20
78.1498
 30
0.0000
 42
1.0000
  0
VERTEX
  8
25
 10
104.3357
 20
78.1305
 30
0.0000
  0
SEQEND
  8
0
  0
POLYLINE
  8
25
 66
1
 10
0.0000
 20
0.0000
 30
0.0000
 40
0.0508
 41
0.0508
 70
0
  0
VERTEX
  8
25
 10
104.6544
 20
77.8763
 30
0.0000
  0
VERTEX
  8
25
 10
104.6544
 20
78.1867
 30
0.0000
  0
SEQEND
  8
0
  0
POLYLINE
  8
25
 66
1
 10
0.0000
 20
0.0000
 30
0.0000
 40
0.0254
 41
0.0254
 70
0
  0
VERTEX
  8
25
 10
104.6671
 20
78.1867
 30
0.0000
 42
1.0000
  0
VERTEX
  8
25
 10
104.6417
 20
78.1867
 30
0.0000
  0
SEQEND
  8
0
  0
POLYLINE
  8
25
 66
1
 10
0.0000
 20
0.0000
 30
0.0000
 40
0.0254
 41
0.0254
 70
0
  0
VERTEX
  8
25
 10
104.6417
 20
77.8763
 30
0.0000
 42
1.0000
  0
VERTEX
  8
25
 10
104.6671
 20
77.8763
 30
0.0000
  0
SEQEND
  8
0
  0
POINT
  8
23
 10
101.4600
 20
84.2550
 30
0.0000
  0
INSERT
  8
1
  2
RECT
 10
101.4600
 20
84.2550
 30
0.0000
 41
1.0000
 42
1.0000
 43
1.0000
 50
0.0000
  0
POLYLINE
  8
25
 66
1
 10
0.0000
 20
0.0000
 30
0.0000
 40
0.1016
 41
0.1016
 70
0
  0
VERTEX
  8
25
 10
98.5507
 20
86.8157
 30
0.0000
  0
VERTEX
  8
25
 10
98.5507
 20
87.9841
 30
0.0000
  0
SEQEND
  8
0
  0
POLYLINE
  8
25
 66
1
 10
0.0000
 20
0.0000
 30
0.0000
 40
0.0508
 41
0.0508
 70
0
  0
VERTEX
  8
25
 10
98.5761
 20
87.9841
 30
0.0000
 42
1.0000
  0
VERTEX
  8
25
 10
98.5253
 20
87.9841
 30
0.0000
  0
SEQEND
  8
0
  0
POLYLINE
  8
25
 66
1
 10
0.0000
 20
0.0000
 30
0.0000
 40
0.0508
 41
0.0508
 70
0
  0
VERTEX
  8
25
 10
98.5253
 20
86.8157
 30
0.0000
 42
1.0000
  0
VERTEX
  8
25
 10
98.5761
 20
86.8157
 30
0.0000
  0
SEQEND
  8
0
  0
POLYLINE
  8
25
 66
1
 10
0.0000
 20
0.0000
 30
0.0000
 40
0.1016
 41
0.1016
 70
0
  0
VERTEX
  8
25
 10
98.5507
 20
87.9841
 30
0.0000
  0
VERTEX
  8
25
 10
99.1998
 20
86.8157
 30
0.0000
  0
SEQEND
  8
0
  0
POLYLINE
  8
25
 66
1
 10
0.0000
 20
0.0000
 30
0.0000
 40
0.0508
 41
0.0508
 70
0
  0
VERTEX
  8
25
 10
99.1776
 20
86.8034
 30
0.0000
 42
1.0000
  0
VERTEX
  8
25
 10
99.2220
 20
86.8280
 30
0.0000
  0
SEQEND
  8
0
  0
POLYLINE
  8
25
 66
1
 10
0.0000
 20
0.0000
 30
0.0000
 40
0.0508
 41
0.0508
 70
0
  0
VERTEX
  8
25
 10
98.5729
 20
87.9964
 30
0.0000
 42
1.0000
  0
VERTEX
  8
25
 10
98.5285
 20
87.9718
 30
0.0000
  0
SEQEND
  8
0
  0
POLYLINE
  8
25
 66
1
 10
0.0000
 20
0.0000
 30
0.0000
 40
0.1016
 41
0.1016
 70
0
  0
VERTEX
  8
25
 10
99.1998
 20
86.8157
 30
0.0000
  0
VERTEX
  8
25
 10
99.1998
 20
87.9841
 30
0.0000
  0
SEQEND
  8
0
  0
POLYLINE
  8
25
 66
1
 10
0.0000
 20
0.0000
 30
0.0000
 40
0.0508
 41
0.0508
 70
0
  0
VERTEX
  8
25
 10
99.2252
 20
87.9841
 30
0.0000
 42
1.0000
  0
VERTEX
  8
25
 10
99.1744
 20
87.9841
 30
0.0000
  0
SEQEND
  8
0
  0
POLYLINE
  8
25
 66
1
 10
0.0000
 20
0.0000
 30
0.0000
 40
0.0508
 41
0.0508
 70
0
  0
VERTEX
  8
25
 10
99.1744
 20
86.8157
 30
0.0000
 42
1.0000
  0
VERTEX
  8
25
 10
99.2252
 20
86.8157
 30
0.0000
  0
SEQEND
  8
0
  0
POLYLINE
  8
25
 66
1
 10
0.0000
 20
0.0000
 30
0.0000
 40
0.1016
 41
0.1016
 70
0
  0
VERTEX
  8
25
 10
100.2914
 20
86.8157
 30
0.0000
  0
VERTEX
  8
25
 10
99.7722
 20
86.8157
 30
0.0000
  0
SEQEND
  8
0
  0
POLYLINE
  8
25
 66
1
 10
0.0000
 20
0.0000
 30
0.0000
 40
0.0508
 41
0.0508
 70
0
  0
VERTEX
  8
25
 10
99.7722
 20
86.8411
 30
0.0000
 42
1.0000
  0
VERTEX
  8
25
 10
99.7722
 20
86.7903
 30
0.0000
  0
SEQEND
  8
0
  0
POLYLINE
  8
25
 66
1
 10
0.0000
 20
0.0000
 30
0.0000
 40
0.0508
 41
0.0508
 70
0
  0
VERTEX
  8
25
 10
100.2914
 20
86.7903
 30
0.0000
 42
1.0000
  0
VERTEX
  8
25
 10
100.2914
 20
86.8411
 30
0.0000
  0
SEQEND
  8
0
  0
POLYLINE
  8
25
 66
1
 10
0.0000
 20
0.0000
 30
0.0000
 40
0.1016
 41
0.1016
 70
0
  0
VERTEX
  8
25
 10
99.7722
 20
86.8157
 30
0.0000
  0
VERTEX
  8
25
 10
99.7722
 20
87.9841
 30
0.0000
  0
SEQEND
  8
0
  0
POLYLINE
  8
25
 66
1
 10
0.0000
 20
0.0000
 30
0.0000
 40
0.0508
 41
0.0508
 70
0
  0
VERTEX
  8
25
 10
99.7976
 20
87.9841
 30
0.0000
 42
1.0000
  0
VERTEX
  8
25
 10
99.7468
 20
87.9841
 30
0.0000
  0
SEQEND
  8
0
  0
POLYLINE
  8
25
 66
1
 10
0.0000
 20
0.0000
 30
0.0000
 40
0.0508
 41
0.0508
 70
0
  0
VERTEX
  8
25
 10
99.7468
 20
86.8157
 30
0.0000
 42
1.0000
  0
VERTEX
  8
25
 10
99.7976
 20
86.8157
 30
0.0000
  0
SEQEND
  8
0
  0
POLYLINE
  8
25
 66
1
 10
0.0000
 20
0.0000
 30
0.0000
 40
0.1016
 41
0.1016
 70
0
  0
VERTEX
  8
25
 10
99.7722
 20
87.9841
 30
0.0000
  0
VERTEX
  8
25
 10
100.2914
 20
87.9841
 30
0.0000
  0
SEQEND
  8
0
  0
POLYLINE
  8
25
 66
1
 10
0.0000
 20
0.0000
 30
0.0000
 40
0.0508
 41
0.0508
 70
0
  0
VERTEX
  8
25
 10
100.2914
 20
87.9587
 30
0.0000
 42
1.0000
  0
VERTEX
  8
25
 10
100.2914
 20
88.0095
 30
0.0000
  0
SEQEND
  8
0
  0
POLYLINE
  8
25
 66
1
 10
0.0000
 20
0.0000
 30
0.0000
 40
0.0508
 41
0.0508
 70
0
  0
VERTEX
  8
25
 10
99.7722
 20
88.0095
 30
0.0000
 42
1.0000
  0
VERTEX
  8
25
 10
99.7722
 20
87.9587
 30
0.0000
  0
SEQEND
  8
0
  0
POLYLINE
  8
25
 66
1
 10
0.0000
 20
0.0000
 30
0.0000
 40
0.1016
 41
0.1016
 70
0
  0
VERTEX
  8
25
 10
99.7722
 20
87.4648
 30
0.0000
  0
VERTEX
  8
25
 10
100.1616
 20
87.4648
 30
0.0000
  0
SEQEND
  8
0
  0
POLYLINE
  8
25
 66
1
 10
0.0000
 20
0.0000
 30
0.0000
 40
0.0508
 41
0.0508
 70
0
  0
VERTEX
  8
25
 10
100.1616
 20
87.4394
 30
0.0000
 42
1.0000
  0
VERTEX
  8
25
 10
100.1616
 20
87.4902
 30
0.0000
  0
SEQEND
  8
0
  0
POLYLINE
  8
25
 66
1
 10
0.0000
 20
0.0000
 30
0.0000
 40
0.0508
 41
0.0508
 70
0
  0
VERTEX
  8
25
 10
99.7722
 20
87.4902
 30
0.0000
 42
1.0000
  0
VERTEX
  8
25
 10
99.7722
 20
87.4394
 30
0.0000
  0
SEQEND
  8
0
  0
POLYLINE
  8
25
 66
1
 10
0.0000
 20
0.0000
 30
0.0000
 40
0.1016
 41
0.1016
 70
0
  0
VERTEX
  8
25
 10
101.2149
 20
87.4648
 30
0.0000
  0
VERTEX
  8
25
 10
101.4096
 20
87.4648
 30
0.0000
  0
SEQEND
  8
0
  0
POLYLINE
  8
25
 66
1
 10
0.0000
 20
0.0000
 30
0.0000
 40
0.0508
 41
0.0508
 70
0
  0
VERTEX
  8
25
 10
101.4096
 20
87.4394
 30
0.0000
 42
1.0000
  0
VERTEX
  8
25
 10
101.4096
 20
87.4902
 30
0.0000
  0
SEQEND
  8
0
  0
POLYLINE
  8
25
 66
1
 10
0.0000
 20
0.0000
 30
0.0000
 40
0.0508
 41
0.0508
 70
0
  0
VERTEX
  8
25
 10
101.2149
 20
87.4902
 30
0.0000
 42
1.0000
  0
VERTEX
  8
25
 10
101.2149
 20
87.4394
 30
0.0000
  0
SEQEND
  8
0
  0
POLYLINE
  8
25
 66
1
 10
0.0000
 20
0.0000
 30
0.0000
 40
0.1016
 41
0.1016
 70
0
  0
VERTEX
  8
25
 10
101.4096
 20
87.4648
 30
0.0000
  0
VERTEX
  8
25
 10
101.4096
 20
86.8157
 30
0.0000
  0
SEQEND
  8
0
  0
POLYLINE
  8
25
 66
1
 10
0.0000
 20
0.0000
 30
0.0000
 40
0.0508
 41
0.0508
 70
0
  0
VERTEX
  8
25
 10
101.3842
 20
86.8157
 30
0.0000
 42
1.0000
  0
VERTEX
  8
25
 10
101.4350
 20
86.8157
 30
0.0000
  0
SEQEND
  8
0
  0
POLYLINE
  8
25
 66
1
 10
0.0000
 20
0.0000
 30
0.0000
 40
0.0508
 41
0.0508
 70
0
  0
VERTEX
  8
25
 10
101.4350
 20
87.4648
 30
0.0000
 42
1.0000
  0
VERTEX
  8
25
 10
101.3842
 20
87.4648
 30
0.0000
  0
SEQEND
  8
0
  0
POLYLINE
  8
25
 66
1
 10
0.0000
 20
0.0000
 30
0.0000
 40
0.1016
 41
0.1016
 70
0
  0
VERTEX
  8
25
 10
101.4096
 20
86.8157
 30
0.0000
  0
VERTEX
  8
25
 10
101.0201
 20
86.8157
 30
0.0000
  0
SEQEND
  8
0
  0
POLYLINE
  8
25
 66
1
 10
0.0000
 20
0.0000
 30
0.0000
 40
0.0508
 41
0.0508
 70
0
  0
VERTEX
  8
25
 10
101.0201
 20
86.8411
 30
0.0000
 42
1.0000
  0
VERTEX
  8
25
 10
101.0201
 20
86.7903
 30
0.0000
  0
SEQEND
  8
0
  0
POLYLINE
  8
25
 66
1
 10
0.0000
 20
0.0000
 30
0.0000
 40
0.0508
 41
0.0508
 70
0
  0
VERTEX
  8
25
 10
101.4096
 20
86.7903
 30
0.0000
 42
1.0000
  0
VERTEX
  8
25
 10
101.4096
 20
86.8411
 30
0.0000
  0
SEQEND
  8
0
  0
POLYLINE
  8
25
 66
1
 10
0.0000
 20
0.0000
 30
0.0000
 40
0.1016
 41
0.1016
 70
0
  0
VERTEX
  8
25
 10
100.7605
 20
87.0753
 30
0.0000
 42
0.4142
  0
VERTEX
  8
25
 10
101.0201
 20
86.8157
 30
0.0000
  0
SEQEND
  8
0
  0
POLYLINE
  8
25
 66
1
 10
0.0000
 20
0.0000
 30
0.0000
 40
0.0508
 41
0.0508
 70
0
  0
VERTEX
  8
25
 10
100.7859
 20
87.0753
 30
0.0000
 42
1.0000
  0
VERTEX
  8
25
 10
100.7351
 20
87.0753
 30
0.0000
  0
SEQEND
  8
0
  0
POLYLINE
  8
25
 66
1
 10
0.0000
 20
0.0000
 30
0.0000
 40
0.0508
 41
0.0508
 70
0
  0
VERTEX
  8
25
 10
101.0201
 20
86.7903
 30
0.0000
 42
1.0000
  0
VERTEX
  8
25
 10
101.0201
 20
86.8411
 30
0.0000
  0
SEQEND
  8
0
  0
POLYLINE
  8
25
 66
1
 10
0.0000
 20
0.0000
 30
0.0000
 40
0.1016
 41
0.1016
 70
0
  0
VERTEX
  8
25
 10
100.7605
 20
87.0753
 30
0.0000
  0
VERTEX
  8
25
 10
100.7605
 20
87.7245
 30
0.0000
  0
SEQEND
  8
0
  0
POLYLINE
  8
25
 66
1
 10
0.0000
 20
0.0000
 30
0.0000
 40
0.0508
 41
0.0508
 70
0
  0
VERTEX
  8
25
 10
100.7859
 20
87.7245
 30
0.0000
 42
1.0000
  0
VERTEX
  8
25
 10
100.7351
 20
87.7245
 30
0.0000
  0
SEQEND
  8
0
  0
POLYLINE
  8
25
 66
1
 10
0.0000
 20
0.0000
 30
0.0000
 40
0.0508
 41
0.0508
 70
0
  0
VERTEX
  8
25
 10
100.7351
 20
87.0753
 30
0.0000
 42
1.0000
  0
VERTEX
  8
25
 10
100.7859
 20
87.0753
 30
0.0000
  0
SEQEND
  8
0
  0
POLYLINE
  8
25
 66
1
 10
0.0000
 20
0.0000
 30
0.0000
 40
0.1016
 41
0.1016
 70
0
  0
VERTEX
  8
25
 10
101.0201
 20
87.9841
 30
0.0000
 42
0.4142
  0
VERTEX
  8
25
 10
100.7605
 20
87.7245
 30
0.0000
  0
SEQEND
  8
0
  0
POLYLINE
  8
25
 66
1
 10
0.0000
 20
0.0000
 30
0.0000
 40
0.0508
 41
0.0508
 70
0
  0
VERTEX
  8
25
 10
101.0201
 20
87.9587
 30
0.0000
 42
1.0000
  0
VERTEX
  8
25
 10
101.0201
 20
88.0095
 30
0.0000
  0
SEQEND
  8
0
  0
POLYLINE
  8
25
 66
1
 10
0.0000
 20
0.0000
 30
0.0000
 40
0.0508
 41
0.0508
 70
0
  0
VERTEX
  8
25
 10
100.7351
 20
87.7245
 30
0.0000
 42
1.0000
  0
VERTEX
  8
25
 10
100.7859
 20
87.7245
 30
0.0000
  0
SEQEND
  8
0
  0
POLYLINE
  8
25
 66
1
 10
0.0000
 20
0.0000
 30
0.0000
 40
0.1016
 41
0.1016
 70
0
  0
VERTEX
  8
25
 10
101.0201
 20
87.9841
 30
0.0000
  0
VERTEX
  8
25
 10
101.4096
 20
87.9841
 30
0.0000
  0
SEQEND
  8
0
  0
POLYLINE
  8
25
 66
1
 10
0.0000
 20
0.0000
 30
0.0000
 40
0.0508
 41
0.0508
 70
0
  0
VERTEX
  8
25
 10
101.4096
 20
87.9587
 30
0.0000
 42
1.0000
  0
VERTEX
  8
25
 10
101.4096
 20
88.0095
 30
0.0000
  0
SEQEND
  8
0
  0
POLYLINE
  8
25
 66
1
 10
0.0000
 20
0.0000
 30
0.0000
 40
0.0508
 41
0.0508
 70
0
  0
VERTEX
  8
25
 10
101.0201
 20
88.0095
 30
0.0000
 42
1.0000
  0
VERTEX
  8
25
 10
101.0201
 20
87.9587
 30
0.0000
  0
SEQEND
  8
0
  0
POLYLINE
  8
25
 66
1
 10
0.0000
 20
0.0000
 30
0.0000
 40
0.1016
 41
0.1016
 70
0
  0
VERTEX
  8
25
 10
101.9871
 20
86.8157
 30
0.0000
  0
VERTEX
  8
25
 10
101.9871
 20
87.9841
 30
0.0000
  0
SEQEND
  8
0
  0
POLYLINE
  8
25
 66
1
 10
0.0000
 20
0.0000
 30
0.0000
 40
0.0508
 41
0.0508
 70
0
  0
VERTEX
  8
25
 10
102.0125
 20
87.9841
 30
0.0000
 42
1.0000
  0
VERTEX
  8
25
 10
101.9617
 20
87.9841
 30
0.0000
  0
SEQEND
  8
0
  0
POLYLINE
  8
25
 66
1
 10
0.0000
 20
0.0000
 30
0.0000
 40
0.0508
 41
0.0508
 70
0
  0
VERTEX
  8
25
 10
101.9617
 20
86.8157
 30
0.0000
 42
1.0000
  0
VERTEX
  8
25
 10
102.0125
 20
86.8157
 30
0.0000
  0
SEQEND
  8
0
  0
POLYLINE
  8
25
 66
1
 10
0.0000
 20
0.0000
 30
0.0000
 40
0.1016
 41
0.1016
 70
0
  0
VERTEX
  8
25
 10
101.9871
 20
87.9841
 30
0.0000
  0
VERTEX
  8
25
 10
102.3116
 20
87.9841
 30
0.0000
  0
SEQEND
  8
0
  0
POLYLINE
  8
25
 66
1
 10
0.0000
 20
0.0000
 30
0.0000
 40
0.0508
 41
0.0508
 70
0
  0
VERTEX
  8
25
 10
102.3116
 20
87.9587
 30
0.0000
 42
1.0000
  0
VERTEX
  8
25
 10
102.3116
 20
88.0095
 30
0.0000
  0
SEQEND
  8
0
  0
POLYLINE
  8
25
 66
1
 10
0.0000
 20
0.0000
 30
0.0000
 40
0.0508
 41
0.0508
 70
0
  0
VERTEX
  8
25
 10
101.9871
 20
88.0095
 30
0.0000
 42
1.0000
  0
VERTEX
  8
25
 10
101.9871
 20
87.9587
 30
0.0000
  0
SEQEND
  8
0
  0
POLYLINE
  8
25
 66
1
 10
0.0000
 20
0.0000
 30
0.0000
 40
0.1016
 41
0.1016
 70
0
  0
VERTEX
  8
25
 10
102.3116
 20
87.3350
 30
0.0000
 42
1.0000
  0
VERTEX
  8
25
 10
102.3116
 20
87.9841
 30
0.0000
  0
SEQEND
  8
0
  0
POLYLINE
  8
25
 66
1
 10
0.0000
 20
0.0000
 30
0.0000
 40
0.0508
 41
0.0508
 70
0
  0
VERTEX
  8
25
 10
102.3116
 20
87.3604
 30
0.0000
 42
1.0000
  0
VERTEX
  8
25
 10
102.3116
 20
87.3096
 30
0.0000
  0
SEQEND
  8
0
  0
POLYLINE
  8
25
 66
1
 10
0.0000
 20
0.0000
 30
0.0000
 40
0.0508
 41
0.0508
 70
0
  0
VERTEX
  8
25
 10
102.3116
 20
88.0095
 30
0.0000
 42
1.0000
  0
VERTEX
  8
25
 10
102.3116
 20
87.9587
 30
0.0000
  0
SEQEND
  8
0
  0
POLYLINE
  8
25
 66
1
 10
0.0000
 20
0.0000
 30
0.0000
 40
0.1016
 41
0.1016
 70
0
  0
VERTEX
  8
25
 10
102.3116
 20
87.3350
 30
0.0000
  0
VERTEX
  8
25
 10
101.9871
 20
87.3350
 30
0.0000
  0
SEQEND
  8
0
  0
POLYLINE
  8
25
 66
1
 10
0.0000
 20
0.0000
 30
0.0000
 40
0.0508
 41
0.0508
 70
0
  0
VERTEX
  8
25
 10
101.9871
 20
87.3604
 30
0.0000
 42
1.0000
  0
VERTEX
  8
25
 10
101.9871
 20
87.3096
 30
0.0000
  0
SEQEND
  8
0
  0
POLYLINE
  8
25
 66
1
 10
0.0000
 20
0.0000
 30
0.0000
 40
0.0508
 41
0.0508
 70
0
  0
VERTEX
  8
25
 10
102.3116
 20
87.3096
 30
0.0000
 42
1.0000
  0
VERTEX
  8
25
 10
102.3116
 20
87.3604
 30
0.0000
  0
SEQEND
  8
0
  0
POLYLINE
  8
25
 66
1
 10
0.0000
 20
0.0000
 30
0.0000
 40
0.1016
 41
0.1016
 70
0
  0
VERTEX
  8
25
 10
102.6362
 20
86.8157
 30
0.0000
  0
VERTEX
  8
25
 10
102.3765
 20
87.3350
 30
0.0000
  0
SEQEND
  8
0
  0
POLYLINE
  8
25
 66
1
 10
0.0000
 20
0.0000
 30
0.0000
 40
0.0508
 41
0.0508
 70
0
  0
VERTEX
  8
25
 10
102.3992
 20
87.3463
 30
0.0000
 42
1.0000
  0
VERTEX
  8
25
 10
102.3538
 20
87.3236
 30
0.0000
  0
SEQEND
  8
0
  0
POLYLINE
  8
25
 66
1
 10
0.0000
 20
0.0000
 30
0.0000
 40
0.0508
 41
0.0508
 70
0
  0
VERTEX
  8
25
 10
102.6134
 20
86.8043
 30
0.0000
 42
1.0000
  0
VERTEX
  8
25
 10
102.6589
 20
86.8271
 30
0.0000
  0
SEQEND
  8
0
  0
POLYLINE
  8
25
 66
1
 10
0.0000
 20
0.0000
 30
0.0000
 40
0.1016
 41
0.1016
 70
0
  0
VERTEX
  8
25
 10
103.1227
 20
87.1403
 30
0.0000
  0
VERTEX
  8
25
 10
103.1227
 20
87.6595
 30
0.0000
  0
SEQEND
  8
0
  0
POLYLINE
  8
25
 66
1
 10
0.0000
 20
0.0000
 30
0.0000
 40
0.0508
 41
0.0508
 70
0
  0
VERTEX
  8
25
 10
103.1481
 20
87.6595
 30
0.0000
 42
1.0000
  0
VERTEX
  8
25
 10
103.0973
 20
87.6595
 30
0.0000
  0
SEQEND
  8
0
  0
POLYLINE
  8
25
 66
1
 10
0.0000
 20
0.0000
 30
0.0000
 40
0.0508
 41
0.0508
 70
0
  0
VERTEX
  8
25
 10
103.0973
 20
87.1403
 30
0.0000
 42
1.0000
  0
VERTEX
  8
25
 10
103.1481
 20
87.1403
 30
0.0000
  0
SEQEND
  8
0
  0
POLYLINE
  8
25
 66
1
 10
0.0000
 20
0.0000
 30
0.0000
 40
0.1016
 41
0.1016
 70
0
  0
VERTEX
  8
25
 10
103.7718
 20
87.6595
 30
0.0000
 42
1.0000
  0
VERTEX
  8
25
 10
103.1227
 20
87.6595
 30
0.0000
  0
SEQEND
  8
0
  0
POLYLINE
  8
25
 66
1
 10
0.0000
 20
0.0000
 30
0.0000
 40
0.0508
 41
0.0508
 70
0
  0
VERTEX
  8
25
 10
103.7464
 20
87.6595
 30
0.0000
 42
1.0000
  0
VERTEX
  8
25
 10
103.7972
 20
87.6595
 30
0.0000
  0
SEQEND
  8
0
  0
POLYLINE
  8
25
 66
1
 10
0.0000
 20
0.0000
 30
0.0000
 40
0.0508
 41
0.0508
 70
0
  0
VERTEX
  8
25
 10
103.0973
 20
87.6595
 30
0.0000
 42
1.0000
  0
VERTEX
  8
25
 10
103.1481
 20
87.6595
 30
0.0000
  0
SEQEND
  8
0
  0
POLYLINE
  8
25
 66
1
 10
0.0000
 20
0.0000
 30
0.0000
 40
0.1016
 41
0.1016
 70
0
  0
VERTEX
  8
25
 10
103.7718
 20
87.6595
 30
0.0000
  0
VERTEX
  8
25
 10
103.7718
 20
87.1403
 30
0.0000
  0
SEQEND
  8
0
  0
POLYLINE
  8
25
 66
1
 10
0.0000
 20
0.0000
 30
0.0000
 40
0.0508
 41
0.0508
 70
0
  0
VERTEX
  8
25
 10
103.7464
 20
87.1403
 30
0.0000
 42
1.0000
  0
VERTEX
  8
25
 10
103.7972
 20
87.1403
 30
0.0000
  0
SEQEND
  8
0
  0
POLYLINE
  8
25
 66
1
 10
0.0000
 20
0.0000
 30
0.0000
 40
0.0508
 41
0.0508
 70
0
  0
VERTEX
  8
25
 10
103.7972
 20
87.6595
 30
0.0000
 42
1.0000
  0
VERTEX
  8
25
 10
103.7464
 20
87.6595
 30
0.0000
  0
SEQEND
  8
0
  0
POLYLINE
  8
25
 66
1
 10
0.0000
 20
0.0000
 30
0.0000
 40
0.1016
 41
0.1016
 70
0
  0
VERTEX
  8
25
 10
103.1227
 20
87.1403
 30
0.0000
 42
1.0000
  0
VERTEX
  8
25
 10
103.7718
 20
87.1403
 30
0.0000
  0
SEQEND
  8
0
  0
POLYLINE
  8
25
 66
1
 10
0.0000
 20
0.0000
 30
0.0000
 40
0.0508
 41
0.0508
 70
0
  0
VERTEX
  8
25
 10
103.1481
 20
87.1403
 30
0.0000
 42
1.0000
  0
VERTEX
  8
25
 10
103.0973
 20
87.1403
 30
0.0000
  0
SEQEND
  8
0
  0
POLYLINE
  8
25
 66
1
 10
0.0000
 20
0.0000
 30
0.0000
 40
0.0508
 41
0.0508
 70
0
  0
VERTEX
  8
25
 10
103.7972
 20
87.1403
 30
0.0000
 42
1.0000
  0
VERTEX
  8
25
 10
103.7464
 20
87.1403
 30
0.0000
  0
SEQEND
  8
0
  0
POINT
  8
24
 10
108.2100
 20
75.3000
 30
0.0000
  0
POLYLINE
  8
52
 66
1
 10
0.0000
 20
0.0000
 30
0.0000
 40
0.0500
 41
0.0500
 70
0
  0
VERTEX
  8
52
 10
106.2600
 20
73.5300
 30
0.0000
  0
VERTEX
  8
52
 10
110.1600
 20
73.5300
 30
0.0000
  0
SEQEND
  8
0
  0
POLYLINE
  8
52
 66
1
 10
0.0000
 20
0.0000
 30
0.0000
 40
0.0250
 41
0.0250
 70
0
  0
VERTEX
  8
52
 10
110.1600
 20
73.5175
 30
0.0000
 42
1.0000
  0
VERTEX
  8
52
 10
110.1600
 20
73.5425
 30
0.0000
  0
SEQEND
  8
0
  0
POLYLINE
  8
52
 66
1
 10
0.0000
 20
0.0000
 30
0.0000
 40
0.0250
 41
0.0250
 70
0
  0
VERTEX
  8
52
 10
106.2600
 20
73.5425
 30
0.0000
 42
1.0000
  0
VERTEX
  8
52
 10
106.2600
 20
73.5175
 30
0.0000
  0
SEQEND
  8
0
  0
POLYLINE
  8
52
 66
1
 10
0.0000
 20
0.0000
 30
0.0000
 40
0.0500
 41
0.0500
 70
0
  0
VERTEX
  8
52
 10
110.1600
 20
73.5300
 30
0.0000
  0
VERTEX
  8
52
 10
110.1600
 20
77.0700
 30
0.0000
  0
SEQEND
  8
0
  0
POLYLINE
  8
52
 66
1
 10
0.0000
 20
0.0000
 30
0.0000
 40
0.0250
 41
0.0250
 70
0
  0
VERTEX
  8
52
 10
110.1725
 20
77.0700
 30
0.0000
 42
1.0000
  0
VERTEX
  8
52
 10
110.1475
 20
77.0700
 30
0.0000
  0
SEQEND
  8
0
  0
POLYLINE
  8
52
 66
1
 10
0.0000
 20
0.0000
 30
0.0000
 40
0.0250
 41
0.0250
 70
0
  0
VERTEX
  8
52
 10
110.1475
 20
73.5300
 30
0.0000
 42
1.0000
  0
VERTEX
  8
52
 10
110.1725
 20
73.5300
 30
0.0000
  0
SEQEND
  8
0
  0
POLYLINE
  8
52
 66
1
 10
0.0000
 20
0.0000
 30
0.0000
 40
0.0500
 41
0.0500
 70
0
  0
VERTEX
  8
52
 10
110.1600
 20
77.0700
 30
0.0000
  0
VERTEX
  8
52
 10
106.2600
 20
77.0700
 30
0.0000
  0
SEQEND
  8
0
  0
POLYLINE
  8
52
 66
1
 10
0.0000
 20
0.0000
 30
0.0000
 40
0.0250
 41
0.0250
 70
0
  0
VERTEX
  8
52
 10
106.2600
 20
77.0825
 30
0.0000
 42
1.0000
  0
VERTEX
  8
52
 10
106.2600
 20
77.0575
 30
0.0000
  0
SEQEND
  8
0
  0
POLYLINE
  8
52
 66
1
 10
0.0000
 20
0.0000
 30
0.0000
 40
0.0250
 41
0.0250
 70
0
  0
VERTEX
  8
52
 10
110.1600
 20
77.0575
 30
0.0000
 42
1.0000
  0
VERTEX
  8
52
 10
110.1600
 20
77.0825
 30
0.0000
  0
SEQEND
  8
0
  0
POLYLINE
  8
52
 66
1
 10
0.0000
 20
0.0000
 30
0.0000
 40
0.0500
 41
0.0500
 70
0
  0
VERTEX
  8
52
 10
106.2600
 20
77.0700
 30
0.0000
  0
VERTEX
  8
52
 10
106.2600
 20
73.5300
 30
0.0000
  0
SEQEND
  8
0
  0
POLYLINE
  8
52
 66
1
 10
0.0000
 20
0.0000
 30
0.0000
 40
0.0250
 41
0.0250
 70
0
  0
VERTEX
  8
52
 10
106.2475
 20
73.5300
 30
0.0000
 42
1.0000
  0
VERTEX
  8
52
 10
106.2725
 20
73.5300
 30
0.0000
  0
SEQEND
  8
0
  0
POLYLINE
  8
52
 66
1
 10
0.0000
 20
0.0000
 30
0.0000
 40
0.0250
 41
0.0250
 70
0
  0
VERTEX
  8
52
 10
106.2725
 20
77.0700
 30
0.0000
 42
1.0000
  0
VERTEX
  8
52
 10
106.2475
 20
77.0700
 30
0.0000
  0
SEQEND
  8
0
  0
POLYLINE
  8
52
 66
1
 10
0.0000
 20
0.0000
 30
0.0000
 40
0.1000
 41
0.1000
 70
0
  0
VERTEX
  8
52
 10
107.5600
 20
73.8400
 30
0.0000
  0
VERTEX
  8
52
 10
108.8600
 20
73.8400
 30
0.0000
  0
SEQEND
  8
0
  0
POLYLINE
  8
52
 66
1
 10
0.0000
 20
0.0000
 30
0.0000
 40
0.0500
 41
0.0500
 70
0
  0
VERTEX
  8
52
 10
108.8600
 20
73.8150
 30
0.0000
 42
1.0000
  0
VERTEX
  8
52
 10
108.8600
 20
73.8650
 30
0.0000
  0
SEQEND
  8
0
  0
POLYLINE
  8
52
 66
1
 10
0.0000
 20
0.0000
 30
0.0000
 40
0.0500
 41
0.0500
 70
0
  0
VERTEX
  8
52
 10
107.5600
 20
73.8650
 30
0.0000
 42
1.0000
  0
VERTEX
  8
52
 10
107.5600
 20
73.8150
 30
0.0000
  0
SEQEND
  8
0
  0
POLYLINE
  8
52
 66
1
 10
0.0000
 20
0.0000
 30
0.0000
 40
0.1000
 41
0.1000
 70
0
  0
VERTEX
  8
52
 10
108.8600
 20
73.8400
 30
0.0000
  0
VERTEX
  8
52
 10
108.8600
 20
76.7600
 30
0.0000
  0
SEQEND
  8
0
  0
POLYLINE
  8
52
 66
1
 10
0.0000
 20
0.0000
 30
0.0000
 40
0.0500
 41
0.0500
 70
0
  0
VERTEX
  8
52
 10
108.8850
 20
76.7600
 30
0.0000
 42
1.0000
  0
VERTEX
  8
52
 10
108.8350
 20
76.7600
 30
0.0000
  0
SEQEND
  8
0
  0
POLYLINE
  8
52
 66
1
 10
0.0000
 20
0.0000
 30
0.0000
 40
0.0500
 41
0.0500
 70
0
  0
VERTEX
  8
52
 10
108.8350
 20
73.8400
 30
0.0000
 42
1.0000
  0
VERTEX
  8
52
 10
108.8850
 20
73.8400
 30
0.0000
  0
SEQEND
  8
0
  0
POLYLINE
  8
52
 66
1
 10
0.0000
 20
0.0000
 30
0.0000
 40
0.1000
 41
0.1000
 70
0
  0
VERTEX
  8
52
 10
108.8600
 20
76.7600
 30
0.0000
  0
VERTEX
  8
52
 10
107.5600
 20
76.7600
 30
0.0000
  0
SEQEND
  8
0
  0
POLYLINE
  8
52
 66
1
 10
0.0000
 20
0.0000
 30
0.0000
 40
0.0500
 41
0.0500
 70
0
  0
VERTEX
  8
52
 10
107.5600
 20
76.7850
 30
0.0000
 42
1.0000
  0
VERTEX
  8
52
 10
107.5600
 20
76.7350
 30
0.0000
  0
SEQEND
  8
0
  0
POLYLINE
  8
52
 66
1
 10
0.0000
 20
0.0000
 30
0.0000
 40
0.0500
 41
0.0500
 70
0
  0
VERTEX
  8
52
 10
108.8600
 20
76.7350
 30
0.0000
 42
1.0000
  0
VERTEX
  8
52
 10
108.8600
 20
76.7850
 30
0.0000
  0
SEQEND
  8
0
  0
POLYLINE
  8
52
 66
1
 10
0.0000
 20
0.0000
 30
0.0000
 40
0.1000
 41
0.1000
 70
0
  0
VERTEX
  8
52
 10
107.5600
 20
76.7600
 30
0.0000
  0
VERTEX
  8
52
 10
107.5600
 20
73.8400
 30
0.0000
  0
SEQEND
  8
0
  0
POLYLINE
  8
52
 66
1
 10
0.0000
 20
0.0000
 30
0.0000
 40
0.0500
 41
0.0500
 70
0
  0
VERTEX
  8
52
 10
107.5350
 20
73.8400
 30
0.0000
 42
1.0000
  0
VERTEX
  8
52
 10
107.5850
 20
73.8400
 30
0.0000
  0
SEQEND
  8
0
  0
POLYLINE
  8
52
 66
1
 10
0.0000
 20
0.0000
 30
0.0000
 40
0.0500
 41
0.0500
 70
0
  0
VERTEX
  8
52
 10
107.5850
 20
76.7600
 30
0.0000
 42
1.0000
  0
VERTEX
  8
52
 10
107.5350
 20
76.7600
 30
0.0000
  0
SEQEND
  8
0
  0
POLYLINE
  8
52
 66
1
 10
0.0000
 20
0.0000
 30
0.0000
 40
0.1000
 41
0.1000
 70
0
  0
VERTEX
  8
52
 10
107.5600
 20
74.7900
 30
0.0000
  0
VERTEX
  8
52
 10
108.5100
 20
73.8400
 30
0.0000
  0
SEQEND
  8
0
  0
POLYLINE
  8
52
 66
1
 10
0.0000
 20
0.0000
 30
0.0000
 40
0.0500
 41
0.0500
 70
0
  0
VERTEX
  8
52
 10
108.4923
 20
73.8223
 30
0.0000
 42
1.0000
  0
VERTEX
  8
52
 10
108.5277
 20
73.8577
 30
0.0000
  0
SEQEND
  8
0
  0
POLYLINE
  8
52
 66
1
 10
0.0000
 20
0.0000
 30
0.0000
 40
0.0500
 41
0.0500
 70
0
  0
VERTEX
  8
52
 10
107.5777
 20
74.8077
 30
0.0000
 42
1.0000
  0
VERTEX
  8
52
 10
107.5423
 20
74.7723
 30
0.0000
  0
SEQEND
  8
0
  0
POLYLINE
  8
22
 66
1
 10
0.0000
 20
0.0000
 30
0.0000
 40
0.2000
 41
0.2000
 70
0
  0
VERTEX
  8
22
 10
108.1600
 20
73.8400
 30
0.0000
  0
VERTEX
  8
22
 10
108.2600
 20
73.8400
 30
0.0000
  0
SEQEND
  8
0
  0
POLYLINE
  8
22
 66
1
 10
0.0000
 20
0.0000
 30
0.0000
 40
0.1000
 41
0.1000
 70
0
  0
VERTEX
  8
22
 10
108.2600
 20
73.7900
 30
0.0000
 42
1.0000
  0
VERTEX
  8
22
 10
108.2600
 20
73.8900
 30
0.0000
  0
SEQEND
  8
0
  0
POLYLINE
  8
22
 66
1
 10
0.0000
 20
0.0000
 30
0.0000
 40
0.1000
 41
0.1000
 70
0
  0
VERTEX
  8
22
 10
108.1600
 20
73.8900
 30
0.0000
 42
1.0000
  0
VERTEX
  8
22
 10
108.1600
 20
73.7900
 30
0.0000
  0
SEQEND
  8
0
  0
POLYLINE
  8
22
 66
1
 10
0.0000
 20
0.0000
 30
0.0000
 40
0.2000
 41
0.2000
 70
0
  0
VERTEX
  8
22
 10
108.2600
 20
73.8400
 30
0.0000
  0
VERTEX
  8
22
 10
108.2600
 20
76.7600
 30
0.0000
  0
SEQEND
  8
0
  0
POLYLINE
  8
22
 66
1
 10
0.0000
 20
0.0000
 30
0.0000
 40
0.1000
 41
0.1000
 70
0
  0
VERTEX
  8
22
 10
108.3100
 20
76.7600
 30
0.0000
 42
1.0000
  0
VERTEX
  8
22
 10
108.2100
 20
76.7600
 30
0.0000
  0
SEQEND
  8
0
  0
POLYLINE
  8
22
 66
1
 10
0.0000
 20
0.0000
 30
0.0000
 40
0.1000
 41
0.1000
 70
0
  0
VERTEX
  8
22
 10
108.2100
 20
73.8400
 30
0.0000
 42
1.0000
  0
VERTEX
  8
22
 10
108.3100
 20
73.8400
 30
0.0000
  0
SEQEND
  8
0
  0
POLYLINE
  8
22
 66
1
 10
0.0000
 20
0.0000
 30
0.0000
 40
0.2000
 41
0.2000
 70
0
  0
VERTEX
  8
22
 10
108.2600
 20
76.7600
 30
0.0000
  0
VERTEX
  8
22
 10
108.1600
 20
76.7600
 30
0.0000
  0
SEQEND
  8
0
  0
POLYLINE
  8
22
 66
1
 10
0.0000
 20
0.0000
 30
0.0000
 40
0.1000
 41
0.1000
 70
0
  0
VERTEX
  8
22
 10
108.1600
 20
76.8100
 30
0.0000
 42
1.0000
  0
VERTEX
  8
22
 10
108.1600
 20
76.7100
 30
0.0000
  0
SEQEND
  8
0
  0
POLYLINE
  8
22
 66
1
 10
0.0000
 20
0.0000
 30
0.0000
 40
0.1000
 41
0.1000
 70
0
  0
VERTEX
  8
22
 10
108.2600
 20
76.7100
 30
0.0000
 42
1.0000
  0
VERTEX
  8
22
 10
108.2600
 20
76.8100
 30
0.0000
  0
SEQEND
  8
0
  0
POLYLINE
  8
22
 66
1
 10
0.0000
 20
0.0000
 30
0.0000
 40
0.2000
 41
0.2000
 70
0
  0
VERTEX
  8
22
 10
108.1600
 20
76.7600
 30
0.0000
  0
VERTEX
  8
22
 10
108.1600
 20
73.8400
 30
0.0000
  0
SEQEND
  8
0
  0
POLYLINE
  8
22
 66
1
 10
0.0000
 20
0.0000
 30
0.0000
 40
0.1000
 41
0.1000
 70
0
  0
VERTEX
  8
22
 10
108.1100
 20
73.8400
 30
0.0000
 42
1.0000
  0
VERTEX
  8
22
 10
108.2100
 20
73.8400
 30
0.0000
  0
SEQEND
  8
0
  0
POLYLINE
  8
22
 66
1
 10
0.0000
 20
0.0000
 30
0.0000
 40
0.1000
 41
0.1000
 70
0
  0
VERTEX
  8
22
 10
108.2100
 20
76.7600
 30
0.0000
 42
1.0000
  0
VERTEX
  8
22
 10
108.1100
 20
76.7600
 30
0.0000
  0
SEQEND
  8
0
  0
POLYLINE
  8
22
 66
1
 10
0.0000
 20
0.0000
 30
0.0000
 40
0.2000
 41
0.2000
 70
0
  0
VERTEX
  8
22
 10
106.5100
 20
73.8000
 30
0.0000
  0
VERTEX
  8
22
 10
107.8100
 20
73.8000
 30
0.0000
  0
SEQEND
  8
0
  0
POLYLINE
  8
22
 66
1
 10
0.0000
 20
0.0000
 30
0.0000
 40
0.1000
 41
0.1000
 70
0
  0
VERTEX
  8
22
 10
107.8100
 20
73.7500
 30
0.0000
 42
1.0000
  0
VERTEX
  8
22
 10
107.8100
 20
73.8500
 30
0.0000
  0
SEQEND
  8
0
  0
POLYLINE
  8
22
 66
1
 10
0.0000
 20
0.0000
 30
0.0000
 40
0.1000
 41
0.1000
 70
0
  0
VERTEX
  8
22
 10
106.5100
 20
73.8500
 30
0.0000
 42
1.0000
  0
VERTEX
  8
22
 10
106.5100
 20
73.7500
 30
0.0000
  0
SEQEND
  8
0
  0
INSERT
  8
16
  2
RECT
 10
107.1600
 20
74.3500
 30
0.0000
 41
1.3000
 42
0.6000
 43
1.0000
 50
0.0000
  0
INSERT
  8
16
  2
RECT
 10
107.1600
 20
76.2500
 30
0.0000
 41
1.3000
 42
0.6000
 43
1.0000
 50
0.0000
  0
INSERT
  8
16
  2
RECT
 10
109.2600
 20
75.3000
 30
0.0000
 41
1.3000
 42
0.6000
 43
1.0000
 50
0.0000
  0
POLYLINE
  8
26
 66
1
 10
0.0000
 20
0.0000
 30
0.0000
 40
0.0508
 41
0.0508
 70
0
  0
VERTEX
  8
26
 10
108.4223
 20
73.0358
 30
0.0000
  0
VERTEX
  8
26
 10
108.4223
 20
73.2842
 30
0.0000
  0
SEQEND
  8
0
  0
POLYLINE
  8
26
 66
1
 10
0.0000
 20
0.0000
 30
0.0000
 40
0.0254
 41
0.0254
 70
0
  0
VERTEX
  8
26
 10
108.4350
 20
73.2842
 30
0.0000
 42
1.0000
  0
VERTEX
  8
26
 10
108.4096
 20
73.2842
 30
0.0000
  0
SEQEND
  8
0
  0
POLYLINE
  8
26
 66
1
 10
0.0000
 20
0.0000
 30
0.0000
 40
0.0254
 41
0.0254
 70
0
  0
VERTEX
  8
26
 10
108.4096
 20
73.0358
 30
0.0000
 42
1.0000
  0
VERTEX
  8
26
 10
108.4350
 20
73.0358
 30
0.0000
  0
SEQEND
  8
0
  0
POLYLINE
  8
26
 66
1
 10
0.0000
 20
0.0000
 30
0.0000
 40
0.0508
 41
0.0508
 70
0
  0
VERTEX
  8
26
 10
108.4223
 20
73.2842
 30
0.0000
 42
1.0000
  0
VERTEX
  8
26
 10
108.1119
 20
73.2842
 30
0.0000
  0
SEQEND
  8
0
  0
POLYLINE
  8
26
 66
1
 10
0.0000
 20
0.0000
 30
0.0000
 40
0.0254
 41
0.0254
 70
0
  0
VERTEX
  8
26
 10
108.4096
 20
73.2842
 30
0.0000
 42
1.0000
  0
VERTEX
  8
26
 10
108.4350
 20
73.2842
 30
0.0000
  0
SEQEND
  8
0
  0
POLYLINE
  8
26
 66
1
 10
0.0000
 20
0.0000
 30
0.0000
 40
0.0254
 41
0.0254
 70
0
  0
VERTEX
  8
26
 10
108.0992
 20
73.2842
 30
0.0000
 42
1.0000
  0
VERTEX
  8
26
 10
108.1246
 20
73.2842
 30
0.0000
  0
SEQEND
  8
0
  0
POLYLINE
  8
26
 66
1
 10
0.0000
 20
0.0000
 30
0.0000
 40
0.0508
 41
0.0508
 70
0
  0
VERTEX
  8
26
 10
108.1119
 20
73.2842
 30
0.0000
  0
VERTEX
  8
26
 10
108.1119
 20
73.0358
 30
0.0000
  0
SEQEND
  8
0
  0
POLYLINE
  8
26
 66
1
 10
0.0000
 20
0.0000
 30
0.0000
 40
0.0254
 41
0.0254
 70
0
  0
VERTEX
  8
26
 10
108.0992
 20
73.0358
 30
0.0000
 42
1.0000
  0
VERTEX
  8
26
 10
108.1246
 20
73.0358
 30
0.0000
  0
SEQEND
  8
0
  0
POLYLINE
  8
26
 66
1
 10
0.0000
 20
0.0000
 30
0.0000
 40
0.0254
 41
0.0254
 70
0
  0
VERTEX
  8
26
 10
108.1246
 20
73.2842
 30
0.0000
 42
1.0000
  0
VERTEX
  8
26
 10
108.0992
 20
73.2842
 30
0.0000
  0
SEQEND
  8
0
  0
POLYLINE
  8
26
 66
1
 10
0.0000
 20
0.0000
 30
0.0000
 40
0.0508
 41
0.0508
 70
0
  0
VERTEX
  8
26
 10
108.1119
 20
73.0358
 30
0.0000
 42
1.0000
  0
VERTEX
  8
26
 10
108.4223
 20
73.0358
 30
0.0000
  0
SEQEND
  8
0
  0
POLYLINE
  8
26
 66
1
 10
0.0000
 20
0.0000
 30
0.0000
 40
0.0254
 41
0.0254
 70
0
  0
VERTEX
  8
26
 10
108.1246
 20
73.0358
 30
0.0000
 42
1.0000
  0
VERTEX
  8
26
 10
108.0992
 20
73.0358
 30
0.0000
  0
SEQEND
  8
0
  0
POLYLINE
  8
26
 66
1
 10
0.0000
 20
0.0000
 30
0.0000
 40
0.0254
 41
0.0254
 70
0
  0
VERTEX
  8
26
 10
108.4350
 20
73.0358
 30
0.0000
 42
1.0000
  0
VERTEX
  8
26
 10
108.4096
 20
73.0358
 30
0.0000
  0
SEQEND
  8
0
  0
POLYLINE
  8
26
 66
1
 10
0.0000
 20
0.0000
 30
0.0000
 40
0.0508
 41
0.0508
 70
0
  0
VERTEX
  8
26
 10
108.1740
 20
73.0048
 30
0.0000
  0
VERTEX
  8
26
 10
108.0498
 20
72.8806
 30
0.0000
  0
SEQEND
  8
0
  0
POLYLINE
  8
26
 66
1
 10
0.0000
 20
0.0000
 30
0.0000
 40
0.0254
 41
0.0254
 70
0
  0
VERTEX
  8
26
 10
108.0408
 20
72.8896
 30
0.0000
 42
1.0000
  0
VERTEX
  8
26
 10
108.0588
 20
72.8716
 30
0.0000
  0
SEQEND
  8
0
  0
POLYLINE
  8
26
 66
1
 10
0.0000
 20
0.0000
 30
0.0000
 40
0.0254
 41
0.0254
 70
0
  0
VERTEX
  8
26
 10
108.1830
 20
72.9958
 30
0.0000
 42
1.0000
  0
VERTEX
  8
26
 10
108.1650
 20
73.0138
 30
0.0000
  0
SEQEND
  8
0
  0
POLYLINE
  8
26
 66
1
 10
0.0000
 20
0.0000
 30
0.0000
 40
0.0508
 41
0.0508
 70
0
  0
VERTEX
  8
26
 10
107.7174
 20
73.4394
 30
0.0000
 42
0.4142
  0
VERTEX
  8
26
 10
107.5777
 20
73.2997
 30
0.0000
  0
SEQEND
  8
0
  0
POLYLINE
  8
26
 66
1
 10
0.0000
 20
0.0000
 30
0.0000
 40
0.0254
 41
0.0254
 70
0
  0
VERTEX
  8
26
 10
107.7174
 20
73.4267
 30
0.0000
 42
1.0000
  0
VERTEX
  8
26
 10
107.7174
 20
73.4521
 30
0.0000
  0
SEQEND
  8
0
  0
POLYLINE
  8
26
 66
1
 10
0.0000
 20
0.0000
 30
0.0000
 40
0.0254
 41
0.0254
 70
0
  0
VERTEX
  8
26
 10
107.5650
 20
73.2997
 30
0.0000
 42
1.0000
  0
VERTEX
  8
26
 10
107.5904
 20
73.2997
 30
0.0000
  0
SEQEND
  8
0
  0
POLYLINE
  8
26
 66
1
 10
0.0000
 20
0.0000
 30
0.0000
 40
0.0508
 41
0.0508
 70
0
  0
VERTEX
  8
26
 10
107.8881
 20
73.3152
 30
0.0000
 42
0.3252
  0
VERTEX
  8
26
 10
107.7174
 20
73.4394
 30
0.0000
  0
SEQEND
  8
0
  0
POLYLINE
  8
26
 66
1
 10
0.0000
 20
0.0000
 30
0.0000
 40
0.0254
 41
0.0254
 70
0
  0
VERTEX
  8
26
 10
107.8760
 20
73.3113
 30
0.0000
 42
1.0000
  0
VERTEX
  8
26
 10
107.9002
 20
73.3191
 30
0.0000
  0
SEQEND
  8
0
  0
POLYLINE
  8
26
 66
1
 10
0.0000
 20
0.0000
 30
0.0000
 40
0.0254
 41
0.0254
 70
0
  0
VERTEX
  8
26
 10
107.7174
 20
73.4521
 30
0.0000
 42
1.0000
  0
VERTEX
  8
26
 10
107.7174
 20
73.4267
 30
0.0000
  0
SEQEND
  8
0
  0
POLYLINE
  8
26
 66
1
 10
0.0000
 20
0.0000
 30
0.0000
 40
0.0508
 41
0.0508
 70
0
  0
VERTEX
  8
26
 10
107.5777
 20
73.2997
 30
0.0000
 42
0.2053
  0
VERTEX
  8
26
 10
107.6242
 20
73.1910
 30
0.0000
  0
SEQEND
  8
0
  0
POLYLINE
  8
26
 66
1
 10
0.0000
 20
0.0000
 30
0.0000
 40
0.0254
 41
0.0254
 70
0
  0
VERTEX
  8
26
 10
107.5904
 20
73.2997
 30
0.0000
 42
1.0000
  0
VERTEX
  8
26
 10
107.5650
 20
73.2997
 30
0.0000
  0
SEQEND
  8
0
  0
POLYLINE
  8
26
 66
1
 10
0.0000
 20
0.0000
 30
0.0000
 40
0.0254
 41
0.0254
 70
0
  0
VERTEX
  8
26
 10
107.6155
 20
73.1818
 30
0.0000
 42
1.0000
  0
VERTEX
  8
26
 10
107.6330
 20
73.2002
 30
0.0000
  0
SEQEND
  8
0
  0
POLYLINE
  8
26
 66
1
 10
0.0000
 20
0.0000
 30
0.0000
 40
0.0508
 41
0.0508
 70
0
  0
VERTEX
  8
26
 10
107.6242
 20
73.1910
 30
0.0000
  0
VERTEX
  8
26
 10
107.8881
 20
72.8806
 30
0.0000
  0
SEQEND
  8
0
  0
POLYLINE
  8
26
 66
1
 10
0.0000
 20
0.0000
 30
0.0000
 40
0.0254
 41
0.0254
 70
0
  0
VERTEX
  8
26
 10
107.8784
 20
72.8724
 30
0.0000
 42
1.0000
  0
VERTEX
  8
26
 10
107.8978
 20
72.8888
 30
0.0000
  0
SEQEND
  8
0
  0
POLYLINE
  8
26
 66
1
 10
0.0000
 20
0.0000
 30
0.0000
 40
0.0254
 41
0.0254
 70
0
  0
VERTEX
  8
26
 10
107.6339
 20
73.1993
 30
0.0000
 42
1.0000
  0
VERTEX
  8
26
 10
107.6146
 20
73.1828
 30
0.0000
  0
SEQEND
  8
0
  0
POLYLINE
  8
26
 66
1
 10
0.0000
 20
0.0000
 30
0.0000
 40
0.0508
 41
0.0508
 70
0
  0
VERTEX
  8
26
 10
107.8881
 20
72.8806
 30
0.0000
  0
VERTEX
  8
26
 10
107.5777
 20
72.8806
 30
0.0000
  0
SEQEND
  8
0
  0
POLYLINE
  8
26
 66
1
 10
0.0000
 20
0.0000
 30
0.0000
 40
0.0254
 41
0.0254
 70
0
  0
VERTEX
  8
26
 10
107.5777
 20
72.8933
 30
0.0000
 42
1.0000
  0
VERTEX
  8
26
 10
107.5777
 20
72.8679
 30
0.0000
  0
SEQEND
  8
0
  0
POLYLINE
  8
26
 66
1
 10
0.0000
 20
0.0000
 30
0.0000
 40
0.0254
 41
0.0254
 70
0
  0
VERTEX
  8
26
 10
107.8881
 20
72.8679
 30
0.0000
 42
1.0000
  0
VERTEX
  8
26
 10
107.8881
 20
72.8933
 30
0.0000
  0
SEQEND
  8
0
  0
POINT
  8
24
 10
103.5900
 20
75.8400
 30
0.0000
  0
POLYLINE
  8
52
 66
1
 10
0.0000
 20
0.0000
 30
0.0000
 40
0.1524
 41
0.1524
 70
0
  0
VERTEX
  8
52
 10
104.2504
 20
76.9624
 30
0.0000
  0
VERTEX
  8
52
 10
102.9296
 20
76.9624
 30
0.0000
  0
SEQEND
  8
0
  0
POLYLINE
  8
52
 66
1
 10
0.0000
 20
0.0000
 30
0.0000
 40
0.0762
 41
0.0762
 70
0
  0
VERTEX
  8
52
 10
102.9296
 20
77.0005
 30
0.0000
 42
1.0000
  0
VERTEX
  8
52
 10
102.9296
 20
76.9243
 30
0.0000
  0
SEQEND
  8
0
  0
POLYLINE
  8
52
 66
1
 10
0.0000
 20
0.0000
 30
0.0000
 40
0.0762
 41
0.0762
 70
0
  0
VERTEX
  8
52
 10
104.2504
 20
76.9243
 30
0.0000
 42
1.0000
  0
VERTEX
  8
52
 10
104.2504
 20
77.0005
 30
0.0000
  0
SEQEND
  8
0
  0
POLYLINE
  8
52
 66
1
 10
0.0000
 20
0.0000
 30
0.0000
 40
0.1524
 41
0.1524
 70
0
  0
VERTEX
  8
52
 10
102.9296
 20
76.9624
 30
0.0000
  0
VERTEX
  8
52
 10
102.9296
 20
74.7176
 30
0.0000
  0
SEQEND
  8
0
  0
POLYLINE
  8
52
 66
1
 10
0.0000
 20
0.0000
 30
0.0000
 40
0.0762
 41
0.0762
 70
0
  0
VERTEX
  8
52
 10
102.8915
 20
74.7176
 30
0.0000
 42
1.0000
  0
VERTEX
  8
52
 10
102.9677
 20
74.7176
 30
0.0000
  0
SEQEND
  8
0
  0
POLYLINE
  8
52
 66
1
 10
0.0000
 20
0.0000
 30
0.0000
 40
0.0762
 41
0.0762
 70
0
  0
VERTEX
  8
52
 10
102.9677
 20
76.9624
 30
0.0000
 42
1.0000
  0
VERTEX
  8
52
 10
102.8915
 20
76.9624
 30
0.0000
  0
SEQEND
  8
0
  0
POLYLINE
  8
52
 66
1
 10
0.0000
 20
0.0000
 30
0.0000
 40
0.1524
 41
0.1524
 70
0
  0
VERTEX
  8
52
 10
102.9296
 20
74.7176
 30
0.0000
  0
VERTEX
  8
52
 10
104.2504
 20
74.7176
 30
0.0000
  0
SEQEND
  8
0
  0
POLYLINE
  8
52
 66
1
 10
0.0000
 20
0.0000
 30
0.0000
 40
0.0762
 41
0.0762
 70
0
  0
VERTEX
  8
52
 10
104.2504
 20
74.6795
 30
0.0000
 42
1.0000
  0
VERTEX
  8
52
 10
104.2504
 20
74.7557
 30
0.0000
  0
SEQEND
  8
0
  0
POLYLINE
  8
52
 66
1
 10
0.0000
 20
0.0000
 30
0.0000
 40
0.0762
 41
0.0762
 70
0
  0
VERTEX
  8
52
 10
102.9296
 20
74.7557
 30
0.0000
 42
1.0000
  0
VERTEX
  8
52
 10
102.9296
 20
74.6795
 30
0.0000
  0
SEQEND
  8
0
  0
POLYLINE
  8
52
 66
1
 10
0.0000
 20
0.0000
 30
0.0000
 40
0.1524
 41
0.1524
 70
0
  0
VERTEX
  8
52
 10
104.2504
 20
74.7176
 30
0.0000
  0
VERTEX
  8
52
 10
104.2504
 20
76.9624
 30
0.0000
  0
SEQEND
  8
0
  0
POLYLINE
  8
52
 66
1
 10
0.0000
 20
0.0000
 30
0.0000
 40
0.0762
 41
0.0762
 70
0
  0
VERTEX
  8
52
 10
104.2885
 20
76.9624
 30
0.0000
 42
1.0000
  0
VERTEX
  8
52
 10
104.2123
 20
76.9624
 30
0.0000
  0
SEQEND
  8
0
  0
POLYLINE
  8
52
 66
1
 10
0.0000
 20
0.0000
 30
0.0000
 40
0.0762
 41
0.0762
 70
0
  0
VERTEX
  8
52
 10
104.2123
 20
74.7176
 30
0.0000
 42
1.0000
  0
VERTEX
  8
52
 10
104.2885
 20
74.7176
 30
0.0000
  0
SEQEND
  8
0
  0
POLYLINE
  8
22
 66
1
 10
0.0000
 20
0.0000
 30
0.0000
 40
0.2032
 41
0.2032
 70
0
  0
VERTEX
  8
22
 10
104.2900
 20
75.0400
 30
0.0000
  0
VERTEX
  8
22
 10
104.2900
 20
74.7400
 30
0.0000
  0
SEQEND
  8
0
  0
POLYLINE
  8
22
 66
1
 10
0.0000
 20
0.0000
 30
0.0000
 40
0.1016
 41
0.1016
 70
0
  0
VERTEX
  8
22
 10
104.2392
 20
74.7400
 30
0.0000
 42
1.0000
  0
VERTEX
  8
22
 10
104.3408
 20
74.7400
 30
0.0000
  0
SEQEND
  8
0
  0
POLYLINE
  8
22
 66
1
 10
0.0000
 20
0.0000
 30
0.0000
 40
0.1016
 41
0.1016
 70
0
  0
VERTEX
  8
22
 10
104.3408
 20
75.0400
 30
0.0000
 42
1.0000
  0
VERTEX
  8
22
 10
104.2392
 20
75.0400
 30
0.0000
  0
SEQEND
  8
0
  0
POLYLINE
  8
22
 66
1
 10
0.0000
 20
0.0000
 30
0.0000
 40
0.2032
 41
0.2032
 70
0
  0
VERTEX
  8
22
 10
104.2900
 20
74.7400
 30
0.0000
  0
VERTEX
  8
22
 10
103.4900
 20
74.7400
 30
0.0000
  0
SEQEND
  8
0
  0
POLYLINE
  8
22
 66
1
 10
0.0000
 20
0.0000
 30
0.0000
 40
0.1016
 41
0.1016
 70
0
  0
VERTEX
  8
22
 10
103.4900
 20
74.7908
 30
0.0000
 42
1.0000
  0
VERTEX
  8
22
 10
103.4900
 20
74.6892
 30
0.0000
  0
SEQEND
  8
0
  0
POLYLINE
  8
22
 66
1
 10
0.0000
 20
0.0000
 30
0.0000
 40
0.1016
 41
0.1016
 70
0
  0
VERTEX
  8
22
 10
104.2900
 20
74.6892
 30
0.0000
 42
1.0000
  0
VERTEX
  8
22
 10
104.2900
 20
74.7908
 30
0.0000
  0
SEQEND
  8
0
  0
POLYLINE
  8
22
 66
1
 10
0.0000
 20
0.0000
 30
0.0000
 40
0.2032
 41
0.2032
 70
0
  0
VERTEX
  8
22
 10
104.2900
 20
76.6400
 30
0.0000
  0
VERTEX
  8
22
 10
104.2900
 20
76.9400
 30
0.0000
  0
SEQEND
  8
0
  0
POLYLINE
  8
22
 66
1
 10
0.0000
 20
0.0000
 30
0.0000
 40
0.1016
 41
0.1016
 70
0
  0
VERTEX
  8
22
 10
104.3408
 20
76.9400
 30
0.0000
 42
1.0000
  0
VERTEX
  8
22
 10
104.2392
 20
76.9400
 30
0.0000
  0
SEQEND
  8
0
  0
POLYLINE
  8
22
 66
1
 10
0.0000
 20
0.0000
 30
0.0000
 40
0.1016
 41
0.1016
 70
0
  0
VERTEX
  8
22
 10
104.2392
 20
76.6400
 30
0.0000
 42
1.0000
  0
VERTEX
  8
22
 10
104.3408
 20
76.6400
 30
0.0000
  0
SEQEND
  8
0
  0
POLYLINE
  8
22
 66
1
 10
0.0000
 20
0.0000
 30
0.0000
 40
0.2032
 41
0.2032
 70
0
  0
VERTEX
  8
22
 10
104.2900
 20
76.9400
 30
0.0000
  0
VERTEX
  8
22
 10
103.4900
 20
76.9400
 30
0.0000
  0
SEQEND
  8
0
  0
POLYLINE
  8
22
 66
1
 10
0.0000
 20
0.0000
 30
0.0000
 40
0.1016
 41
0.1016
 70
0
  0
VERTEX
  8
22
 10
103.4900
 20
76.9908
 30
0.0000
 42
1.0000
  0
VERTEX
  8
22
 10
103.4900
 20
76.8892
 30
0.0000
  0
SEQEND
  8
0
  0
POLYLINE
  8
22
 66
1
 10
0.0000
 20
0.0000
 30
0.0000
 40
0.1016
 41
0.1016
 70
0
  0
VERTEX
  8
22
 10
104.2900
 20
76.8892
 30
0.0000
 42
1.0000
  0
VERTEX
  8
22
 10
104.2900
 20
76.9908
 30
0.0000
  0
SEQEND
  8
0
  0
INSERT
  8
16
  2
RECT
 10
102.6650
 20
75.1900
 30
0.0000
 41
0.7000
 42
0.7000
 43
1.0000
 50
90.0000
  0
INSERT
  8
16
  2
RECT
 10
102.6650
 20
76.4900
 30
0.0000
 41
0.7000
 42
0.7000
 43
1.0000
 50
90.0000
  0
INSERT
  8
16
  2
RECT
 10
104.5150
 20
75.8400
 30
0.0000
 41
0.7000
 42
0.7000
 43
1.0000
 50
90.0000
  0
POLYLINE
  8
26
 66
1
 10
0.0000
 20
0.0000
 30
0.0000
 40
0.0254
 41
0.0254
 70
0
  0
VERTEX
  8
26
 10
105.2978
 20
77.0341
 30
0.0000
  0
VERTEX
  8
26
 10
105.2978
 20
77.2035
 30
0.0000
  0
SEQEND
  8
0
  0
POLYLINE
  8
26
 66
1
 10
0.0000
 20
0.0000
 30
0.0000
 40
0.0127
 41
0.0127
 70
0
  0
VERTEX
  8
26
 10
105.3042
 20
77.2035
 30
0.0000
 42
1.0000
  0
VERTEX
  8
26
 10
105.2915
 20
77.2035
 30
0.0000
  0
SEQEND
  8
0
  0
POLYLINE
  8
26
 66
1
 10
0.0000
 20
0.0000
 30
0.0000
 40
0.0127
 41
0.0127
 70
0
  0
VERTEX
  8
26
 10
105.2915
 20
77.0341
 30
0.0000
 42
1.0000
  0
VERTEX
  8
26
 10
105.3042
 20
77.0341
 30
0.0000
  0
SEQEND
  8
0
  0
POLYLINE
  8
26
 66
1
 10
0.0000
 20
0.0000
 30
0.0000
 40
0.0254
 41
0.0254
 70
0
  0
VERTEX
  8
26
 10
105.2978
 20
77.2035
 30
0.0000
 42
1.0000
  0
VERTEX
  8
26
 10
105.0861
 20
77.2035
 30
0.0000
  0
SEQEND
  8
0
  0
POLYLINE
  8
26
 66
1
 10
0.0000
 20
0.0000
 30
0.0000
 40
0.0127
 41
0.0127
 70
0
  0
VERTEX
  8
26
 10
105.2915
 20
77.2035
 30
0.0000
 42
1.0000
  0
VERTEX
  8
26
 10
105.3042
 20
77.2035
 30
0.0000
  0
SEQEND
  8
0
  0
POLYLINE
  8
26
 66
1
 10
0.0000
 20
0.0000
 30
0.0000
 40
0.0127
 41
0.0127
 70
0
  0
VERTEX
  8
26
 10
105.0798
 20
77.2035
 30
0.0000
 42
1.0000
  0
VERTEX
  8
26
 10
105.0925
 20
77.2035
 30
0.0000
  0
SEQEND
  8
0
  0
POLYLINE
  8
26
 66
1
 10
0.0000
 20
0.0000
 30
0.0000
 40
0.0254
 41
0.0254
 70
0
  0
VERTEX
  8
26
 10
105.0861
 20
77.2035
 30
0.0000
  0
VERTEX
  8
26
 10
105.0861
 20
77.0341
 30
0.0000
  0
SEQEND
  8
0
  0
POLYLINE
  8
26
 66
1
 10
0.0000
 20
0.0000
 30
0.0000
 40
0.0127
 41
0.0127
 70
0
  0
VERTEX
  8
26
 10
105.0798
 20
77.0341
 30
0.0000
 42
1.0000
  0
VERTEX
  8
26
 10
105.0925
 20
77.0341
 30
0.0000
  0
SEQEND
  8
0
  0
POLYLINE
  8
26
 66
1
 10
0.0000
 20
0.0000
 30
0.0000
 40
0.0127
 41
0.0127
 70
0
  0
VERTEX
  8
26
 10
105.0925
 20
77.2035
 30
0.0000
 42
1.0000
  0
VERTEX
  8
26
 10
105.0798
 20
77.2035
 30
0.0000
  0
SEQEND
  8
0
  0
POLYLINE
  8
26
 66
1
 10
0.0000
 20
0.0000
 30
0.0000
 40
0.0254
 41
0.0254
 70
0
  0
VERTEX
  8
26
 10
105.0861
 20
77.0341
 30
0.0000
 42
1.0000
  0
VERTEX
  8
26
 10
105.2978
 20
77.0341
 30
0.0000
  0
SEQEND
  8
0
  0
POLYLINE
  8
26
 66
1
 10
0.0000
 20
0.0000
 30
0.0000
 40
0.0127
 41
0.0127
 70
0
  0
VERTEX
  8
26
 10
105.0925
 20
77.0341
 30
0.0000
 42
1.0000
  0
VERTEX
  8
26
 10
105.0798
 20
77.0341
 30
0.0000
  0
SEQEND
  8
0
  0
POLYLINE
  8
26
 66
1
 10
0.0000
 20
0.0000
 30
0.0000
 40
0.0127
 41
0.0127
 70
0
  0
VERTEX
  8
26
 10
105.3042
 20
77.0341
 30
0.0000
 42
1.0000
  0
VERTEX
  8
26
 10
105.2915
 20
77.0341
 30
0.0000
  0
SEQEND
  8
0
  0
POLYLINE
  8
26
 66
1
 10
0.0000
 20
0.0000
 30
0.0000
 40
0.0254
 41
0.0254
 70
0
  0
VERTEX
  8
26
 10
105.1285
 20
77.0130
 30
0.0000
  0
VERTEX
  8
26
 10
105.0438
 20
76.9283
 30
0.0000
  0
SEQEND
  8
0
  0
POLYLINE
  8
26
 66
1
 10
0.0000
 20
0.0000
 30
0.0000
 40
0.0127
 41
0.0127
 70
0
  0
VERTEX
  8
26
 10
105.0393
 20
76.9328
 30
0.0000
 42
1.0000
  0
VERTEX
  8
26
 10
105.0483
 20
76.9238
 30
0.0000
  0
SEQEND
  8
0
  0
POLYLINE
  8
26
 66
1
 10
0.0000
 20
0.0000
 30
0.0000
 40
0.0127
 41
0.0127
 70
0
  0
VERTEX
  8
26
 10
105.1330
 20
77.0085
 30
0.0000
 42
1.0000
  0
VERTEX
  8
26
 10
105.1240
 20
77.0175
 30
0.0000
  0
SEQEND
  8
0
  0
POLYLINE
  8
26
 66
1
 10
0.0000
 20
0.0000
 30
0.0000
 40
0.0254
 41
0.0254
 70
0
  0
VERTEX
  8
26
 10
104.9389
 20
76.9283
 30
0.0000
  0
VERTEX
  8
26
 10
104.8330
 20
76.9283
 30
0.0000
  0
SEQEND
  8
0
  0
POLYLINE
  8
26
 66
1
 10
0.0000
 20
0.0000
 30
0.0000
 40
0.0127
 41
0.0127
 70
0
  0
VERTEX
  8
26
 10
104.8330
 20
76.9347
 30
0.0000
 42
1.0000
  0
VERTEX
  8
26
 10
104.8330
 20
76.9220
 30
0.0000
  0
SEQEND
  8
0
  0
POLYLINE
  8
26
 66
1
 10
0.0000
 20
0.0000
 30
0.0000
 40
0.0127
 41
0.0127
 70
0
  0
VERTEX
  8
26
 10
104.9389
 20
76.9220
 30
0.0000
 42
1.0000
  0
VERTEX
  8
26
 10
104.9389
 20
76.9347
 30
0.0000
  0
SEQEND
  8
0
  0
POLYLINE
  8
26
 66
1
 10
0.0000
 20
0.0000
 30
0.0000
 40
0.0254
 41
0.0254
 70
0
  0
VERTEX
  8
26
 10
104.8330
 20
77.1400
 30
0.0000
 42
1.0000
  0
VERTEX
  8
26
 10
104.8330
 20
76.9283
 30
0.0000
  0
SEQEND
  8
0
  0
POLYLINE
  8
26
 66
1
 10
0.0000
 20
0.0000
 30
0.0000
 40
0.0127
 41
0.0127
 70
0
  0
VERTEX
  8
26
 10
104.8330
 20
77.1336
 30
0.0000
 42
1.0000
  0
VERTEX
  8
26
 10
104.8330
 20
77.1463
 30
0.0000
  0
SEQEND
  8
0
  0
POLYLINE
  8
26
 66
1
 10
0.0000
 20
0.0000
 30
0.0000
 40
0.0127
 41
0.0127
 70
0
  0
VERTEX
  8
26
 10
104.8330
 20
76.9220
 30
0.0000
 42
1.0000
  0
VERTEX
  8
26
 10
104.8330
 20
76.9347
 30
0.0000
  0
SEQEND
  8
0
  0
POLYLINE
  8
26
 66
1
 10
0.0000
 20
0.0000
 30
0.0000
 40
0.0254
 41
0.0254
 70
0
  0
VERTEX
  8
26
 10
104.9389
 20
77.3093
 30
0.0000
  0
VERTEX
  8
26
 10
104.8119
 20
77.3093
 30
0.0000
  0
SEQEND
  8
0
  0
POLYLINE
  8
26
 66
1
 10
0.0000
 20
0.0000
 30
0.0000
 40
0.0127
 41
0.0127
 70
0
  0
VERTEX
  8
26
 10
104.8119
 20
77.3157
 30
0.0000
 42
1.0000
  0
VERTEX
  8
26
 10
104.8119
 20
77.3030
 30
0.0000
  0
SEQEND
  8
0
  0
POLYLINE
  8
26
 66
1
 10
0.0000
 20
0.0000
 30
0.0000
 40
0.0127
 41
0.0127
 70
0
  0
VERTEX
  8
26
 10
104.9389
 20
77.3030
 30
0.0000
 42
1.0000
  0
VERTEX
  8
26
 10
104.9389
 20
77.3157
 30
0.0000
  0
SEQEND
  8
0
  0
POLYLINE
  8
26
 66
1
 10
0.0000
 20
0.0000
 30
0.0000
 40
0.0254
 41
0.0254
 70
0
  0
VERTEX
  8
26
 10
104.8119
 20
77.3093
 30
0.0000
 42
1.0000
  0
VERTEX
  8
26
 10
104.8119
 20
77.1400
 30
0.0000
  0
SEQEND
  8
0
  0
POLYLINE
  8
26
 66
1
 10
0.0000
 20
0.0000
 30
0.0000
 40
0.0127
 41
0.0127
 70
0
  0
VERTEX
  8
26
 10
104.8119
 20
77.3030
 30
0.0000
 42
1.0000
  0
VERTEX
  8
26
 10
104.8119
 20
77.3157
 30
0.0000
  0
SEQEND
  8
0
  0
POLYLINE
  8
26
 66
1
 10
0.0000
 20
0.0000
 30
0.0000
 40
0.0127
 41
0.0127
 70
0
  0
VERTEX
  8
26
 10
104.8119
 20
77.1336
 30
0.0000
 42
1.0000
  0
VERTEX
  8
26
 10
104.8119
 20
77.1463
 30
0.0000
  0
SEQEND
  8
0
  0
POLYLINE
  8
26
 66
1
 10
0.0000
 20
0.0000
 30
0.0000
 40
0.0254
 41
0.0254
 70
0
  0
VERTEX
  8
26
 10
104.8119
 20
77.1400
 30
0.0000
  0
VERTEX
  8
26
 10
104.8965
 20
77.1400
 30
0.0000
  0
SEQEND
  8
0
  0
POLYLINE
  8
26
 66
1
 10
0.0000
 20
0.0000
 30
0.0000
 40
0.0127
 41
0.0127
 70
0
  0
VERTEX
  8
26
 10
104.8965
 20
77.1336
 30
0.0000
 42
1.0000
  0
VERTEX
  8
26
 10
104.8965
 20
77.1463
 30
0.0000
  0
SEQEND
  8
0
  0
POLYLINE
  8
26
 66
1
 10
0.0000
 20
0.0000
 30
0.0000
 40
0.0127
 41
0.0127
 70
0
  0
VERTEX
  8
26
 10
104.8119
 20
77.1463
 30
0.0000
 42
1.0000
  0
VERTEX
  8
26
 10
104.8119
 20
77.1336
 30
0.0000
  0
SEQEND
  8
0
  0
POINT
  8
23
 10
116.4300
 20
80.5600
 30
0.0000
  0
POLYLINE
  8
39
 66
1
 10
0.0000
 20
0.0000
 30
0.0000
 40
0.0508
 41
0.0508
 70
0
  0
VERTEX
  8
39
 10
115.7300
 20
78.9600
 30
0.0000
  0
VERTEX
  8
39
 10
115.7300
 20
82.1600
 30
0.0000
  0
SEQEND
  8
0
  0
POLYLINE
  8
39
 66
1
 10
0.0000
 20
0.0000
 30
0.0000
 40
0.0254
 41
0.0254
 70
0
  0
VERTEX
  8
39
 10
115.7427
 20
82.1600
 30
0.0000
 42
1.0000
  0
VERTEX
  8
39
 10
115.7173
 20
82.1600
 30
0.0000
  0
SEQEND
  8
0
  0
POLYLINE
  8
39
 66
1
 10
0.0000
 20
0.0000
 30
0.0000
 40
0.0254
 41
0.0254
 70
0
  0
VERTEX
  8
39
 10
115.7173
 20
78.9600
 30
0.0000
 42
1.0000
  0
VERTEX
  8
39
 10
115.7427
 20
78.9600
 30
0.0000
  0
SEQEND
  8
0
  0
POLYLINE
  8
39
 66
1
 10
0.0000
 20
0.0000
 30
0.0000
 40
0.0508
 41
0.0508
 70
0
  0
VERTEX
  8
39
 10
115.7300
 20
82.1600
 30
0.0000
  0
VERTEX
  8
39
 10
117.1300
 20
82.1600
 30
0.0000
  0
SEQEND
  8
0
  0
POLYLINE
  8
39
 66
1
 10
0.0000
 20
0.0000
 30
0.0000
 40
0.0254
 41
0.0254
 70
0
  0
VERTEX
  8
39
 10
117.1300
 20
82.1473
 30
0.0000
 42
1.0000
  0
VERTEX
  8
39
 10
117.1300
 20
82.1727
 30
0.0000
  0
SEQEND
  8
0
  0
POLYLINE
  8
39
 66
1
 10
0.0000
 20
0.0000
 30
0.0000
 40
0.0254
 41
0.0254
 70
0
  0
VERTEX
  8
39
 10
115.7300
 20
82.1727
 30
0.0000
 42
1.0000
  0
VERTEX
  8
39
 10
115.7300
 20
82.1473
 30
0.0000
  0
SEQEND
  8
0
  0
POLYLINE
  8
39
 66
1
 10
0.0000
 20
0.0000
 30
0.0000
 40
0.0508
 41
0.0508
 70
0
  0
VERTEX
  8
39
 10
117.1300
 20
82.1600
 30
0.0000
  0
VERTEX
  8
39
 10
117.1300
 20
78.9600
 30
0.0000
  0
SEQEND
  8
0
  0
POLYLINE
  8
39
 66
1
 10
0.0000
 20
0.0000
 30
0.0000
 40
0.0254
 41
0.0254
 70
0
  0
VERTEX
  8
39
 10
117.1173
 20
78.9600
 30
0.0000
 42
1.0000
  0
VERTEX
  8
39
 10
117.1427
 20
78.9600
 30
0.0000
  0
SEQEND
  8
0
  0
POLYLINE
  8
39
 66
1
 10
0.0000
 20
0.0000
 30
0.0000
 40
0.0254
 41
0.0254
 70
0
  0
VERTEX
  8
39
 10
117.1427
 20
82.1600
 30
0.0000
 42
1.0000
  0
VERTEX
  8
39
 10
117.1173
 20
82.1600
 30
0.0000
  0
SEQEND
  8
0
  0
POLYLINE
  8
39
 66
1
 10
0.0000
 20
0.0000
 30
0.0000
 40
0.0508
 41
0.0508
 70
0
  0
VERTEX
  8
39
 10
117.1300
 20
78.9600
 30
0.0000
  0
VERTEX
  8
39
 10
115.7300
 20
78.9600
 30
0.0000
  0
SEQEND
  8
0
  0
POLYLINE
  8
39
 66
1
 10
0.0000
 20
0.0000
 30
0.0000
 40
0.0254
 41
0.0254
 70
0
  0
VERTEX
  8
39
 10
115.7300
 20
78.9727
 30
0.0000
 42
1.0000
  0
VERTEX
  8
39
 10
115.7300
 20
78.9473
 30
0.0000
  0
SEQEND
  8
0
  0
POLYLINE
  8
39
 66
1
 10
0.0000
 20
0.0000
 30
0.0000
 40
0.0254
 41
0.0254
 70
0
  0
VERTEX
  8
39
 10
117.1300
 20
78.9473
 30
0.0000
 42
1.0000
  0
VERTEX
  8
39
 10
117.1300
 20
78.9727
 30
0.0000
  0
SEQEND
  8
0
  0
POLYLINE
  8
51
 66
1
 10
0.0000
 20
0.0000
 30
0.0000
 40
0.1016
 41
0.1016
 70
0
  0
VERTEX
  8
51
 10
115.9980
 20
80.2040
 30
0.0000
  0
VERTEX
  8
51
 10
115.9980
 20
80.9160
 30
0.0000
  0
SEQEND
  8
0
  0
POLYLINE
  8
51
 66
1
 10
0.0000
 20
0.0000
 30
0.0000
 40
0.0508
 41
0.0508
 70
0
  0
VERTEX
  8
51
 10
116.0234
 20
80.9160
 30
0.0000
 42
1.0000
  0
VERTEX
  8
51
 10
115.9726
 20
80.9160
 30
0.0000
  0
SEQEND
  8
0
  0
POLYLINE
  8
51
 66
1
 10
0.0000
 20
0.0000
 30
0.0000
 40
0.0508
 41
0.0508
 70
0
  0
VERTEX
  8
51
 10
115.9726
 20
80.2040
 30
0.0000
 42
1.0000
  0
VERTEX
  8
51
 10
116.0234
 20
80.2040
 30
0.0000
  0
SEQEND
  8
0
  0
POLYLINE
  8
51
 66
1
 10
0.0000
 20
0.0000
 30
0.0000
 40
0.1016
 41
0.1016
 70
0
  0
VERTEX
  8
51
 10
116.8490
 20
80.2040
 30
0.0000
  0
VERTEX
  8
51
 10
116.8490
 20
80.9160
 30
0.0000
  0
SEQEND
  8
0
  0
POLYLINE
  8
51
 66
1
 10
0.0000
 20
0.0000
 30
0.0000
 40
0.0508
 41
0.0508
 70
0
  0
VERTEX
  8
51
 10
116.8744
 20
80.9160
 30
0.0000
 42
1.0000
  0
VERTEX
  8
51
 10
116.8236
 20
80.9160
 30
0.0000
  0
SEQEND
  8
0
  0
POLYLINE
  8
51
 66
1
 10
0.0000
 20
0.0000
 30
0.0000
 40
0.0508
 41
0.0508
 70
0
  0
VERTEX
  8
51
 10
116.8236
 20
80.2040
 30
0.0000
 42
1.0000
  0
VERTEX
  8
51
 10
116.8744
 20
80.2040
 30
0.0000
  0
SEQEND
  8
0
  0
INSERT
  8
51
  2
RECT
 10
116.4249
 20
79.9719
 30
0.0000
 41
0.5001
 42
0.9500
 43
1.0000
 50
90.0000
  0
INSERT
  8
51
  2
RECT
 10
116.4249
 20
81.1403
 30
0.0000
 41
0.5001
 42
0.9500
 43
1.0000
 50
90.0000
  0
INSERT
  8
1
  2
RECT
 10
116.4300
 20
79.7100
 30
0.0000
 41
1.1000
 42
1.0000
 43
1.0000
 50
90.0000
  0
INSERT
  8
1
  2
RECT
 10
116.4300
 20
81.4100
 30
0.0000
 41
1.1000
 42
1.0000
 43
1.0000
 50
90.0000
  0
POLYLINE
  8
25
 66
1
 10
0.0000
 20
0.0000
 30
0.0000
 40
0.0508
 41
0.0508
 70
0
  0
VERTEX
  8
25
 10
115.9823
 20
78.2438
 30
0.0000
  0
VERTEX
  8
25
 10
115.9823
 20
78.8026
 30
0.0000
  0
SEQEND
  8
0
  0
POLYLINE
  8
25
 66
1
 10
0.0000
 20
0.0000
 30
0.0000
 40
0.0254
 41
0.0254
 70
0
  0
VERTEX
  8
25
 10
115.9950
 20
78.8026
 30
0.0000
 42
1.0000
  0
VERTEX
  8
25
 10
115.9696
 20
78.8026
 30
0.0000
  0
SEQEND
  8
0
  0
POLYLINE
  8
25
 66
1
 10
0.0000
 20
0.0000
 30
0.0000
 40
0.0254
 41
0.0254
 70
0
  0
VERTEX
  8
25
 10
115.9696
 20
78.2438
 30
0.0000
 42
1.0000
  0
VERTEX
  8
25
 10
115.9950
 20
78.2438
 30
0.0000
  0
SEQEND
  8
0
  0
POLYLINE
  8
25
 66
1
 10
0.0000
 20
0.0000
 30
0.0000
 40
0.0508
 41
0.0508
 70
0
  0
VERTEX
  8
25
 10
115.9823
 20
78.8026
 30
0.0000
  0
VERTEX
  8
25
 10
116.1375
 20
78.8026
 30
0.0000
  0
SEQEND
  8
0
  0
POLYLINE
  8
25
 66
1
 10
0.0000
 20
0.0000
 30
0.0000
 40
0.0254
 41
0.0254
 70
0
  0
VERTEX
  8
25
 10
116.1375
 20
78.7899
 30
0.0000
 42
1.0000
  0
VERTEX
  8
25
 10
116.1375
 20
78.8153
 30
0.0000
  0
SEQEND
  8
0
  0
POLYLINE
  8
25
 66
1
 10
0.0000
 20
0.0000
 30
0.0000
 40
0.0254
 41
0.0254
 70
0
  0
VERTEX
  8
25
 10
115.9823
 20
78.8153
 30
0.0000
 42
1.0000
  0
VERTEX
  8
25
 10
115.9823
 20
78.7899
 30
0.0000
  0
SEQEND
  8
0
  0
POLYLINE
  8
25
 66
1
 10
0.0000
 20
0.0000
 30
0.0000
 40
0.0508
 41
0.0508
 70
0
  0
VERTEX
  8
25
 10
116.1375
 20
78.4922
 30
0.0000
 42
1.0000
  0
VERTEX
  8
25
 10
116.1375
 20
78.8026
 30
0.0000
  0
SEQEND
  8
0
  0
POLYLINE
  8
25
 66
1
 10
0.0000
 20
0.0000
 30
0.0000
 40
0.0254
 41
0.0254
 70
0
  0
VERTEX
  8
25
 10
116.1375
 20
78.5049
 30
0.0000
 42
1.0000
  0
VERTEX
  8
25
 10
116.1375
 20
78.4795
 30
0.0000
  0
SEQEND
  8
0
  0
POLYLINE
  8
25
 66
1
 10
0.0000
 20
0.0000
 30
0.0000
 40
0.0254
 41
0.0254
 70
0
  0
VERTEX
  8
25
 10
116.1375
 20
78.8153
 30
0.0000
 42
1.0000
  0
VERTEX
  8
25
 10
116.1375
 20
78.7899
 30
0.0000
  0
SEQEND
  8
0
  0
POLYLINE
  8
25
 66
1
 10
0.0000
 20
0.0000
 30
0.0000
 40
0.0508
 41
0.0508
 70
0
  0
VERTEX
  8
25
 10
116.1375
 20
78.4922
 30
0.0000
  0
VERTEX
  8
25
 10
115.9823
 20
78.4922
 30
0.0000
  0
SEQEND
  8
0
  0
POLYLINE
  8
25
 66
1
 10
0.0000
 20
0.0000
 30
0.0000
 40
0.0254
 41
0.0254
 70
0
  0
VERTEX
  8
25
 10
115.9823
 20
78.5049
 30
0.0000
 42
1.0000
  0
VERTEX
  8
25
 10
115.9823
 20
78.4795
 30
0.0000
  0
SEQEND
  8
0
  0
POLYLINE
  8
25
 66
1
 10
0.0000
 20
0.0000
 30
0.0000
 40
0.0254
 41
0.0254
 70
0
  0
VERTEX
  8
25
 10
116.1375
 20
78.4795
 30
0.0000
 42
1.0000
  0
VERTEX
  8
25
 10
116.1375
 20
78.5049
 30
0.0000
  0
SEQEND
  8
0
  0
POLYLINE
  8
25
 66
1
 10
0.0000
 20
0.0000
 30
0.0000
 40
0.0508
 41
0.0508
 70
0
  0
VERTEX
  8
25
 10
116.2927
 20
78.2438
 30
0.0000
  0
VERTEX
  8
25
 10
116.1685
 20
78.4922
 30
0.0000
  0
SEQEND
  8
0
  0
POLYLINE
  8
25
 66
1
 10
0.0000
 20
0.0000
 30
0.0000
 40
0.0254
 41
0.0254
 70
0
  0
VERTEX
  8
25
 10
116.1799
 20
78.4978
 30
0.0000
 42
1.0000
  0
VERTEX
  8
25
 10
116.1572
 20
78.4865
 30
0.0000
  0
SEQEND
  8
0
  0
POLYLINE
  8
25
 66
1
 10
0.0000
 20
0.0000
 30
0.0000
 40
0.0254
 41
0.0254
 70
0
  0
VERTEX
  8
25
 10
116.2813
 20
78.2381
 30
0.0000
 42
1.0000
  0
VERTEX
  8
25
 10
116.3041
 20
78.2495
 30
0.0000
  0
SEQEND
  8
0
  0
POLYLINE
  8
25
 66
1
 10
0.0000
 20
0.0000
 30
0.0000
 40
0.0508
 41
0.0508
 70
0
  0
VERTEX
  8
25
 10
116.5273
 20
78.6784
 30
0.0000
  0
VERTEX
  8
25
 10
116.6825
 20
78.8026
 30
0.0000
  0
SEQEND
  8
0
  0
POLYLINE
  8
25
 66
1
 10
0.0000
 20
0.0000
 30
0.0000
 40
0.0254
 41
0.0254
 70
0
  0
VERTEX
  8
25
 10
116.6904
 20
78.7927
 30
0.0000
 42
1.0000
  0
VERTEX
  8
25
 10
116.6746
 20
78.8125
 30
0.0000
  0
SEQEND
  8
0
  0
POLYLINE
  8
25
 66
1
 10
0.0000
 20
0.0000
 30
0.0000
 40
0.0254
 41
0.0254
 70
0
  0
VERTEX
  8
25
 10
116.5194
 20
78.6883
 30
0.0000
 42
1.0000
  0
VERTEX
  8
25
 10
116.5352
 20
78.6685
 30
0.0000
  0
SEQEND
  8
0
  0
POLYLINE
  8
25
 66
1
 10
0.0000
 20
0.0000
 30
0.0000
 40
0.0508
 41
0.0508
 70
0
  0
VERTEX
  8
25
 10
116.6825
 20
78.8026
 30
0.0000
  0
VERTEX
  8
25
 10
116.6825
 20
78.2438
 30
0.0000
  0
SEQEND
  8
0
  0
POLYLINE
  8
25
 66
1
 10
0.0000
 20
0.0000
 30
0.0000
 40
0.0254
 41
0.0254
 70
0
  0
VERTEX
  8
25
 10
116.6698
 20
78.2438
 30
0.0000
 42
1.0000
  0
VERTEX
  8
25
 10
116.6952
 20
78.2438
 30
0.0000
  0
SEQEND
  8
0
  0
POLYLINE
  8
25
 66
1
 10
0.0000
 20
0.0000
 30
0.0000
 40
0.0254
 41
0.0254
 70
0
  0
VERTEX
  8
25
 10
116.6952
 20
78.8026
 30
0.0000
 42
1.0000
  0
VERTEX
  8
25
 10
116.6698
 20
78.8026
 30
0.0000
  0
SEQEND
  8
0
  0
POLYLINE
  8
25
 66
1
 10
0.0000
 20
0.0000
 30
0.0000
 40
0.0508
 41
0.0508
 70
0
  0
VERTEX
  8
25
 10
116.5273
 20
78.2438
 30
0.0000
  0
VERTEX
  8
25
 10
116.8377
 20
78.2438
 30
0.0000
  0
SEQEND
  8
0
  0
POLYLINE
  8
25
 66
1
 10
0.0000
 20
0.0000
 30
0.0000
 40
0.0254
 41
0.0254
 70
0
  0
VERTEX
  8
25
 10
116.8377
 20
78.2311
 30
0.0000
 42
1.0000
  0
VERTEX
  8
25
 10
116.8377
 20
78.2565
 30
0.0000
  0
SEQEND
  8
0
  0
POLYLINE
  8
25
 66
1
 10
0.0000
 20
0.0000
 30
0.0000
 40
0.0254
 41
0.0254
 70
0
  0
VERTEX
  8
25
 10
116.5273
 20
78.2565
 30
0.0000
 42
1.0000
  0
VERTEX
  8
25
 10
116.5273
 20
78.2311
 30
0.0000
  0
SEQEND
  8
0
  0
POINT
  8
23
 10
112.9100
 20
80.9200
 30
0.0000
  0
POLYLINE
  8
39
 66
1
 10
0.0000
 20
0.0000
 30
0.0000
 40
0.0508
 41
0.0508
 70
0
  0
VERTEX
  8
39
 10
111.3100
 20
81.6200
 30
0.0000
  0
VERTEX
  8
39
 10
114.5100
 20
81.6200
 30
0.0000
  0
SEQEND
  8
0
  0
POLYLINE
  8
39
 66
1
 10
0.0000
 20
0.0000
 30
0.0000
 40
0.0254
 41
0.0254
 70
0
  0
VERTEX
  8
39
 10
114.5100
 20
81.6073
 30
0.0000
 42
1.0000
  0
VERTEX
  8
39
 10
114.5100
 20
81.6327
 30
0.0000
  0
SEQEND
  8
0
  0
POLYLINE
  8
39
 66
1
 10
0.0000
 20
0.0000
 30
0.0000
 40
0.0254
 41
0.0254
 70
0
  0
VERTEX
  8
39
 10
111.3100
 20
81.6327
 30
0.0000
 42
1.0000
  0
VERTEX
  8
39
 10
111.3100
 20
81.6073
 30
0.0000
  0
SEQEND
  8
0
  0
POLYLINE
  8
39
 66
1
 10
0.0000
 20
0.0000
 30
0.0000
 40
0.0508
 41
0.0508
 70
0
  0
VERTEX
  8
39
 10
114.5100
 20
81.6200
 30
0.0000
  0
VERTEX
  8
39
 10
114.5100
 20
80.2200
 30
0.0000
  0
SEQEND
  8
0
  0
POLYLINE
  8
39
 66
1
 10
0.0000
 20
0.0000
 30
0.0000
 40
0.0254
 41
0.0254
 70
0
  0
VERTEX
  8
39
 10
114.4973
 20
80.2200
 30
0.0000
 42
1.0000
  0
VERTEX
  8
39
 10
114.5227
 20
80.2200
 30
0.0000
  0
SEQEND
  8
0
  0
POLYLINE
  8
39
 66
1
 10
0.0000
 20
0.0000
 30
0.0000
 40
0.0254
 41
0.0254
 70
0
  0
VERTEX
  8
39
 10
114.5227
 20
81.6200
 30
0.0000
 42
1.0000
  0
VERTEX
  8
39
 10
114.4973
 20
81.6200
 30
0.0000
  0
SEQEND
  8
0
  0
POLYLINE
  8
39
 66
1
 10
0.0000
 20
0.0000
 30
0.0000
 40
0.0508
 41
0.0508
 70
0
  0
VERTEX
  8
39
 10
114.5100
 20
80.2200
 30
0.0000
  0
VERTEX
  8
39
 10
111.3100
 20
80.2200
 30
0.0000
  0
SEQEND
  8
0
  0
POLYLINE
  8
39
 66
1
 10
0.0000
 20
0.0000
 30
0.0000
 40
0.0254
 41
0.0254
 70
0
  0
VERTEX
  8
39
 10
111.3100
 20
80.2327
 30
0.0000
 42
1.0000
  0
VERTEX
  8
39
 10
111.3100
 20
80.2073
 30
0.0000
  0
SEQEND
  8
0
  0
POLYLINE
  8
39
 66
1
 10
0.0000
 20
0.0000
 30
0.0000
 40
0.0254
 41
0.0254
 70
0
  0
VERTEX
  8
39
 10
114.5100
 20
80.2073
 30
0.0000
 42
1.0000
  0
VERTEX
  8
39
 10
114.5100
 20
80.2327
 30
0.0000
  0
SEQEND
  8
0
  0
POLYLINE
  8
39
 66
1
 10
0.0000
 20
0.0000
 30
0.0000
 40
0.0508
 41
0.0508
 70
0
  0
VERTEX
  8
39
 10
111.3100
 20
80.2200
 30
0.0000
  0
VERTEX
  8
39
 10
111.3100
 20
81.6200
 30
0.0000
  0
SEQEND
  8
0
  0
POLYLINE
  8
39
 66
1
 10
0.0000
 20
0.0000
 30
0.0000
 40
0.0254
 41
0.0254
 70
0
  0
VERTEX
  8
39
 10
111.3227
 20
81.6200
 30
0.0000
 42
1.0000
  0
VERTEX
  8
39
 10
111.2973
 20
81.6200
 30
0.0000
  0
SEQEND
  8
0
  0
POLYLINE
  8
39
 66
1
 10
0.0000
 20
0.0000
 30
0.0000
 40
0.0254
 41
0.0254
 70
0
  0
VERTEX
  8
39
 10
111.2973
 20
80.2200
 30
0.0000
 42
1.0000
  0
VERTEX
  8
39
 10
111.3227
 20
80.2200
 30
0.0000
  0
SEQEND
  8
0
  0
POLYLINE
  8
51
 66
1
 10
0.0000
 20
0.0000
 30
0.0000
 40
0.1016
 41
0.1016
 70
0
  0
VERTEX
  8
51
 10
112.5540
 20
81.3520
 30
0.0000
  0
VERTEX
  8
51
 10
113.2660
 20
81.3520
 30
0.0000
  0
SEQEND
  8
0
  0
POLYLINE
  8
51
 66
1
 10
0.0000
 20
0.0000
 30
0.0000
 40
0.0508
 41
0.0508
 70
0
  0
VERTEX
  8
51
 10
113.2660
 20
81.3266
 30
0.0000
 42
1.0000
  0
VERTEX
  8
51
 10
113.2660
 20
81.3774
 30
0.0000
  0
SEQEND
  8
0
  0
POLYLINE
  8
51
 66
1
 10
0.0000
 20
0.0000
 30
0.0000
 40
0.0508
 41
0.0508
 70
0
  0
VERTEX
  8
51
 10
112.5540
 20
81.3774
 30
0.0000
 42
1.0000
  0
VERTEX
  8
51
 10
112.5540
 20
81.3266
 30
0.0000
  0
SEQEND
  8
0
  0
POLYLINE
  8
51
 66
1
 10
0.0000
 20
0.0000
 30
0.0000
 40
0.1016
 41
0.1016
 70
0
  0
VERTEX
  8
51
 10
112.5540
 20
80.5010
 30
0.0000
  0
VERTEX
  8
51
 10
113.2660
 20
80.5010
 30
0.0000
  0
SEQEND
  8
0
  0
POLYLINE
  8
51
 66
1
 10
0.0000
 20
0.0000
 30
0.0000
 40
0.0508
 41
0.0508
 70
0
  0
VERTEX
  8
51
 10
113.2660
 20
80.4756
 30
0.0000
 42
1.0000
  0
VERTEX
  8
51
 10
113.2660
 20
80.5264
 30
0.0000
  0
SEQEND
  8
0
  0
POLYLINE
  8
51
 66
1
 10
0.0000
 20
0.0000
 30
0.0000
 40
0.0508
 41
0.0508
 70
0
  0
VERTEX
  8
51
 10
112.5540
 20
80.5264
 30
0.0000
 42
1.0000
  0
VERTEX
  8
51
 10
112.5540
 20
80.4756
 30
0.0000
  0
SEQEND
  8
0
  0
INSERT
  8
51
  2
RECT
 10
112.3218
 20
80.9251
 30
0.0000
 41
0.5001
 42
0.9500
 43
1.0000
 50
0.0000
  0
INSERT
  8
51
  2
RECT
 10
113.4903
 20
80.9251
 30
0.0000
 41
0.5001
 42
0.9500
 43
1.0000
 50
0.0000
  0
INSERT
  8
1
  2
RECT
 10
112.0600
 20
80.9200
 30
0.0000
 41
1.1000
 42
1.0000
 43
1.0000
 50
0.0000
  0
INSERT
  8
1
  2
RECT
 10
113.7600
 20
80.9200
 30
0.0000
 41
1.1000
 42
1.0000
 43
1.0000
 50
0.0000
  0
POLYLINE
  8
25
 66
1
 10
0.0000
 20
0.0000
 30
0.0000
 40
0.0508
 41
0.0508
 70
0
  0
VERTEX
  8
25
 10
112.8853
 20
81.8983
 30
0.0000
  0
VERTEX
  8
25
 10
112.8853
 20
82.4571
 30
0.0000
  0
SEQEND
  8
0
  0
POLYLINE
  8
25
 66
1
 10
0.0000
 20
0.0000
 30
0.0000
 40
0.0254
 41
0.0254
 70
0
  0
VERTEX
  8
25
 10
112.8980
 20
82.4571
 30
0.0000
 42
1.0000
  0
VERTEX
  8
25
 10
112.8726
 20
82.4571
 30
0.0000
  0
SEQEND
  8
0
  0
POLYLINE
  8
25
 66
1
 10
0.0000
 20
0.0000
 30
0.0000
 40
0.0254
 41
0.0254
 70
0
  0
VERTEX
  8
25
 10
112.8726
 20
81.8983
 30
0.0000
 42
1.0000
  0
VERTEX
  8
25
 10
112.8980
 20
81.8983
 30
0.0000
  0
SEQEND
  8
0
  0
POLYLINE
  8
25
 66
1
 10
0.0000
 20
0.0000
 30
0.0000
 40
0.0508
 41
0.0508
 70
0
  0
VERTEX
  8
25
 10
112.8853
 20
82.4571
 30
0.0000
  0
VERTEX
  8
25
 10
113.0405
 20
82.4571
 30
0.0000
  0
SEQEND
  8
0
  0
POLYLINE
  8
25
 66
1
 10
0.0000
 20
0.0000
 30
0.0000
 40
0.0254
 41
0.0254
 70
0
  0
VERTEX
  8
25
 10
113.0405
 20
82.4444
 30
0.0000
 42
1.0000
  0
VERTEX
  8
25
 10
113.0405
 20
82.4698
 30
0.0000
  0
SEQEND
  8
0
  0
POLYLINE
  8
25
 66
1
 10
0.0000
 20
0.0000
 30
0.0000
 40
0.0254
 41
0.0254
 70
0
  0
VERTEX
  8
25
 10
112.8853
 20
82.4698
 30
0.0000
 42
1.0000
  0
VERTEX
  8
25
 10
112.8853
 20
82.4444
 30
0.0000
  0
SEQEND
  8
0
  0
POLYLINE
  8
25
 66
1
 10
0.0000
 20
0.0000
 30
0.0000
 40
0.0508
 41
0.0508
 70
0
  0
VERTEX
  8
25
 10
113.0405
 20
82.1467
 30
0.0000
 42
1.0000
  0
VERTEX
  8
25
 10
113.0405
 20
82.4571
 30
0.0000
  0
SEQEND
  8
0
  0
POLYLINE
  8
25
 66
1
 10
0.0000
 20
0.0000
 30
0.0000
 40
0.0254
 41
0.0254
 70
0
  0
VERTEX
  8
25
 10
113.0405
 20
82.1594
 30
0.0000
 42
1.0000
  0
VERTEX
  8
25
 10
113.0405
 20
82.1340
 30
0.0000
  0
SEQEND
  8
0
  0
POLYLINE
  8
25
 66
1
 10
0.0000
 20
0.0000
 30
0.0000
 40
0.0254
 41
0.0254
 70
0
  0
VERTEX
  8
25
 10
113.0405
 20
82.4698
 30
0.0000
 42
1.0000
  0
VERTEX
  8
25
 10
113.0405
 20
82.4444
 30
0.0000
  0
SEQEND
  8
0
  0
POLYLINE
  8
25
 66
1
 10
0.0000
 20
0.0000
 30
0.0000
 40
0.0508
 41
0.0508
 70
0
  0
VERTEX
  8
25
 10
113.0405
 20
82.1467
 30
0.0000
  0
VERTEX
  8
25
 10
112.8853
 20
82.1467
 30
0.0000
  0
SEQEND
  8
0
  0
POLYLINE
  8
25
 66
1
 10
0.0000
 20
0.0000
 30
0.0000
 40
0.0254
 41
0.0254
 70
0
  0
VERTEX
  8
25
 10
112.8853
 20
82.1594
 30
0.0000
 42
1.0000
  0
VERTEX
  8
25
 10
112.8853
 20
82.1340
 30
0.0000
  0
SEQEND
  8
0
  0
POLYLINE
  8
25
 66
1
 10
0.0000
 20
0.0000
 30
0.0000
 40
0.0254
 41
0.0254
 70
0
  0
VERTEX
  8
25
 10
113.0405
 20
82.1340
 30
0.0000
 42
1.0000
  0
VERTEX
  8
25
 10
113.0405
 20
82.1594
 30
0.0000
  0
SEQEND
  8
0
  0
POLYLINE
  8
25
 66
1
 10
0.0000
 20
0.0000
 30
0.0000
 40
0.0508
 41
0.0508
 70
0
  0
VERTEX
  8
25
 10
113.1958
 20
81.8983
 30
0.0000
  0
VERTEX
  8
25
 10
113.0716
 20
82.1467
 30
0.0000
  0
SEQEND
  8
0
  0
POLYLINE
  8
25
 66
1
 10
0.0000
 20
0.0000
 30
0.0000
 40
0.0254
 41
0.0254
 70
0
  0
VERTEX
  8
25
 10
113.0829
 20
82.1524
 30
0.0000
 42
1.0000
  0
VERTEX
  8
25
 10
113.0602
 20
82.1410
 30
0.0000
  0
SEQEND
  8
0
  0
POLYLINE
  8
25
 66
1
 10
0.0000
 20
0.0000
 30
0.0000
 40
0.0254
 41
0.0254
 70
0
  0
VERTEX
  8
25
 10
113.1844
 20
81.8926
 30
0.0000
 42
1.0000
  0
VERTEX
  8
25
 10
113.2071
 20
81.9040
 30
0.0000
  0
SEQEND
  8
0
  0
POLYLINE
  8
25
 66
1
 10
0.0000
 20
0.0000
 30
0.0000
 40
0.0508
 41
0.0508
 70
0
  0
VERTEX
  8
25
 10
113.7408
 20
82.3174
 30
0.0000
 42
0.4142
  0
VERTEX
  8
25
 10
113.6011
 20
82.4571
 30
0.0000
  0
SEQEND
  8
0
  0
POLYLINE
  8
25
 66
1
 10
0.0000
 20
0.0000
 30
0.0000
 40
0.0254
 41
0.0254
 70
0
  0
VERTEX
  8
25
 10
113.7281
 20
82.3174
 30
0.0000
 42
1.0000
  0
VERTEX
  8
25
 10
113.7535
 20
82.3174
 30
0.0000
  0
SEQEND
  8
0
  0
POLYLINE
  8
25
 66
1
 10
0.0000
 20
0.0000
 30
0.0000
 40
0.0254
 41
0.0254
 70
0
  0
VERTEX
  8
25
 10
113.6011
 20
82.4698
 30
0.0000
 42
1.0000
  0
VERTEX
  8
25
 10
113.6011
 20
82.4444
 30
0.0000
  0
SEQEND
  8
0
  0
POLYLINE
  8
25
 66
1
 10
0.0000
 20
0.0000
 30
0.0000
 40
0.0508
 41
0.0508
 70
0
  0
VERTEX
  8
25
 10
113.6011
 20
82.4571
 30
0.0000
 42
0.3252
  0
VERTEX
  8
25
 10
113.4303
 20
82.3329
 30
0.0000
  0
SEQEND
  8
0
  0
POLYLINE
  8
25
 66
1
 10
0.0000
 20
0.0000
 30
0.0000
 40
0.0254
 41
0.0254
 70
0
  0
VERTEX
  8
25
 10
113.6011
 20
82.4444
 30
0.0000
 42
1.0000
  0
VERTEX
  8
25
 10
113.6011
 20
82.4698
 30
0.0000
  0
SEQEND
  8
0
  0
POLYLINE
  8
25
 66
1
 10
0.0000
 20
0.0000
 30
0.0000
 40
0.0254
 41
0.0254
 70
0
  0
VERTEX
  8
25
 10
113.4183
 20
82.3369
 30
0.0000
 42
1.0000
  0
VERTEX
  8
25
 10
113.4424
 20
82.3290
 30
0.0000
  0
SEQEND
  8
0
  0
POLYLINE
  8
25
 66
1
 10
0.0000
 20
0.0000
 30
0.0000
 40
0.0508
 41
0.0508
 70
0
  0
VERTEX
  8
25
 10
113.6942
 20
82.2088
 30
0.0000
 42
0.2053
  0
VERTEX
  8
25
 10
113.7408
 20
82.3174
 30
0.0000
  0
SEQEND
  8
0
  0
POLYLINE
  8
25
 66
1
 10
0.0000
 20
0.0000
 30
0.0000
 40
0.0254
 41
0.0254
 70
0
  0
VERTEX
  8
25
 10
113.6855
 20
82.2180
 30
0.0000
 42
1.0000
  0
VERTEX
  8
25
 10
113.7030
 20
82.1996
 30
0.0000
  0
SEQEND
  8
0
  0
POLYLINE
  8
25
 66
1
 10
0.0000
 20
0.0000
 30
0.0000
 40
0.0254
 41
0.0254
 70
0
  0
VERTEX
  8
25
 10
113.7535
 20
82.3174
 30
0.0000
 42
1.0000
  0
VERTEX
  8
25
 10
113.7281
 20
82.3174
 30
0.0000
  0
SEQEND
  8
0
  0
POLYLINE
  8
25
 66
1
 10
0.0000
 20
0.0000
 30
0.0000
 40
0.0508
 41
0.0508
 70
0
  0
VERTEX
  8
25
 10
113.6942
 20
82.2088
 30
0.0000
  0
VERTEX
  8
25
 10
113.4303
 20
81.8983
 30
0.0000
  0
SEQEND
  8
0
  0
POLYLINE
  8
25
 66
1
 10
0.0000
 20
0.0000
 30
0.0000
 40
0.0254
 41
0.0254
 70
0
  0
VERTEX
  8
25
 10
113.4207
 20
81.9065
 30
0.0000
 42
1.0000
  0
VERTEX
  8
25
 10
113.4400
 20
81.8901
 30
0.0000
  0
SEQEND
  8
0
  0
POLYLINE
  8
25
 66
1
 10
0.0000
 20
0.0000
 30
0.0000
 40
0.0254
 41
0.0254
 70
0
  0
VERTEX
  8
25
 10
113.7039
 20
82.2005
 30
0.0000
 42
1.0000
  0
VERTEX
  8
25
 10
113.6845
 20
82.2170
 30
0.0000
  0
SEQEND
  8
0
  0
POLYLINE
  8
25
 66
1
 10
0.0000
 20
0.0000
 30
0.0000
 40
0.0508
 41
0.0508
 70
0
  0
VERTEX
  8
25
 10
113.4303
 20
81.8983
 30
0.0000
  0
VERTEX
  8
25
 10
113.7408
 20
81.8983
 30
0.0000
  0
SEQEND
  8
0
  0
POLYLINE
  8
25
 66
1
 10
0.0000
 20
0.0000
 30
0.0000
 40
0.0254
 41
0.0254
 70
0
  0
VERTEX
  8
25
 10
113.7408
 20
81.8856
 30
0.0000
 42
1.0000
  0
VERTEX
  8
25
 10
113.7408
 20
81.9110
 30
0.0000
  0
SEQEND
  8
0
  0
POLYLINE
  8
25
 66
1
 10
0.0000
 20
0.0000
 30
0.0000
 40
0.0254
 41
0.0254
 70
0
  0
VERTEX
  8
25
 10
113.4303
 20
81.9110
 30
0.0000
 42
1.0000
  0
VERTEX
  8
25
 10
113.4303
 20
81.8856
 30
0.0000
  0
SEQEND
  8
0
  0
POINT
  8
23
 10
113.7400
 20
84.2550
 30
0.0000
  0
INSERT
  8
1
  2
RECT
 10
113.7400
 20
84.2550
 30
0.0000
 41
1.0000
 42
1.0000
 43
1.0000
 50
0.0000
  0
POLYLINE
  8
25
 66
1
 10
0.0000
 20
0.0000
 30
0.0000
 40
0.1016
 41
0.1016
 70
0
  0
VERTEX
  8
25
 10
111.5507
 20
86.9957
 30
0.0000
  0
VERTEX
  8
25
 10
111.5507
 20
88.1641
 30
0.0000
  0
SEQEND
  8
0
  0
POLYLINE
  8
25
 66
1
 10
0.0000
 20
0.0000
 30
0.0000
 40
0.0508
 41
0.0508
 70
0
  0
VERTEX
  8
25
 10
111.5761
 20
88.1641
 30
0.0000
 42
1.0000
  0
VERTEX
  8
25
 10
111.5253
 20
88.1641
 30
0.0000
  0
SEQEND
  8
0
  0
POLYLINE
  8
25
 66
1
 10
0.0000
 20
0.0000
 30
0.0000
 40
0.0508
 41
0.0508
 70
0
  0
VERTEX
  8
25
 10
111.5253
 20
86.9957
 30
0.0000
 42
1.0000
  0
VERTEX
  8
25
 10
111.5761
 20
86.9957
 30
0.0000
  0
SEQEND
  8
0
  0
POLYLINE
  8
25
 66
1
 10
0.0000
 20
0.0000
 30
0.0000
 40
0.1016
 41
0.1016
 70
0
  0
VERTEX
  8
25
 10
111.5507
 20
88.1641
 30
0.0000
  0
VERTEX
  8
25
 10
111.8753
 20
88.1641
 30
0.0000
  0
SEQEND
  8
0
  0
POLYLINE
  8
25
 66
1
 10
0.0000
 20
0.0000
 30
0.0000
 40
0.0508
 41
0.0508
 70
0
  0
VERTEX
  8
25
 10
111.8753
 20
88.1387
 30
0.0000
 42
1.0000
  0
VERTEX
  8
25
 10
111.8753
 20
88.1895
 30
0.0000
  0
SEQEND
  8
0
  0
POLYLINE
  8
25
 66
1
 10
0.0000
 20
0.0000
 30
0.0000
 40
0.0508
 41
0.0508
 70
0
  0
VERTEX
  8
25
 10
111.5507
 20
88.1895
 30
0.0000
 42
1.0000
  0
VERTEX
  8
25
 10
111.5507
 20
88.1387
 30
0.0000
  0
SEQEND
  8
0
  0
POLYLINE
  8
25
 66
1
 10
0.0000
 20
0.0000
 30
0.0000
 40
0.1016
 41
0.1016
 70
0
  0
VERTEX
  8
25
 10
111.8753
 20
87.5150
 30
0.0000
 42
1.0000
  0
VERTEX
  8
25
 10
111.8753
 20
88.1641
 30
0.0000
  0
SEQEND
  8
0
  0
POLYLINE
  8
25
 66
1
 10
0.0000
 20
0.0000
 30
0.0000
 40
0.0508
 41
0.0508
 70
0
  0
VERTEX
  8
25
 10
111.8753
 20
87.5404
 30
0.0000
 42
1.0000
  0
VERTEX
  8
25
 10
111.8753
 20
87.4896
 30
0.0000
  0
SEQEND
  8
0
  0
POLYLINE
  8
25
 66
1
 10
0.0000
 20
0.0000
 30
0.0000
 40
0.0508
 41
0.0508
 70
0
  0
VERTEX
  8
25
 10
111.8753
 20
88.1895
 30
0.0000
 42
1.0000
  0
VERTEX
  8
25
 10
111.8753
 20
88.1387
 30
0.0000
  0
SEQEND
  8
0
  0
POLYLINE
  8
25
 66
1
 10
0.0000
 20
0.0000
 30
0.0000
 40
0.1016
 41
0.1016
 70
0
  0
VERTEX
  8
25
 10
111.8753
 20
87.5150
 30
0.0000
  0
VERTEX
  8
25
 10
111.5507
 20
87.5150
 30
0.0000
  0
SEQEND
  8
0
  0
POLYLINE
  8
25
 66
1
 10
0.0000
 20
0.0000
 30
0.0000
 40
0.0508
 41
0.0508
 70
0
  0
VERTEX
  8
25
 10
111.5507
 20
87.5404
 30
0.0000
 42
1.0000
  0
VERTEX
  8
25
 10
111.5507
 20
87.4896
 30
0.0000
  0
SEQEND
  8
0
  0
POLYLINE
  8
25
 66
1
 10
0.0000
 20
0.0000
 30
0.0000
 40
0.0508
 41
0.0508
 70
0
  0
VERTEX
  8
25
 10
111.8753
 20
87.4896
 30
0.0000
 42
1.0000
  0
VERTEX
  8
25
 10
111.8753
 20
87.5404
 30
0.0000
  0
SEQEND
  8
0
  0
POLYLINE
  8
25
 66
1
 10
0.0000
 20
0.0000
 30
0.0000
 40
0.1016
 41
0.1016
 70
0
  0
VERTEX
  8
25
 10
112.1998
 20
86.9957
 30
0.0000
  0
VERTEX
  8
25
 10
111.9402
 20
87.5150
 30
0.0000
  0
SEQEND
  8
0
  0
POLYLINE
  8
25
 66
1
 10
0.0000
 20
0.0000
 30
0.0000
 40
0.0508
 41
0.0508
 70
0
  0
VERTEX
  8
25
 10
111.9629
 20
87.5263
 30
0.0000
 42
1.0000
  0
VERTEX
  8
25
 10
111.9174
 20
87.5036
 30
0.0000
  0
SEQEND
  8
0
  0
POLYLINE
  8
25
 66
1
 10
0.0000
 20
0.0000
 30
0.0000
 40
0.0508
 41
0.0508
 70
0
  0
VERTEX
  8
25
 10
112.1771
 20
86.9843
 30
0.0000
 42
1.0000
  0
VERTEX
  8
25
 10
112.2225
 20
87.0071
 30
0.0000
  0
SEQEND
  8
0
  0
POLYLINE
  8
25
 66
1
 10
0.0000
 20
0.0000
 30
0.0000
 40
0.1016
 41
0.1016
 70
0
  0
VERTEX
  8
25
 10
112.6863
 20
87.3203
 30
0.0000
  0
VERTEX
  8
25
 10
112.6863
 20
87.8395
 30
0.0000
  0
SEQEND
  8
0
  0
POLYLINE
  8
25
 66
1
 10
0.0000
 20
0.0000
 30
0.0000
 40
0.0508
 41
0.0508
 70
0
  0
VERTEX
  8
25
 10
112.7117
 20
87.8395
 30
0.0000
 42
1.0000
  0
VERTEX
  8
25
 10
112.6609
 20
87.8395
 30
0.0000
  0
SEQEND
  8
0
  0
POLYLINE
  8
25
 66
1
 10
0.0000
 20
0.0000
 30
0.0000
 40
0.0508
 41
0.0508
 70
0
  0
VERTEX
  8
25
 10
112.6609
 20
87.3203
 30
0.0000
 42
1.0000
  0
VERTEX
  8
25
 10
112.7117
 20
87.3203
 30
0.0000
  0
SEQEND
  8
0
  0
POLYLINE
  8
25
 66
1
 10
0.0000
 20
0.0000
 30
0.0000
 40
0.1016
 41
0.1016
 70
0
  0
VERTEX
  8
25
 10
113.3354
 20
87.8395
 30
0.0000
 42
1.0000
  0
VERTEX
  8
25
 10
112.6863
 20
87.8395
 30
0.0000
  0
SEQEND
  8
0
  0
POLYLINE
  8
25
 66
1
 10
0.0000
 20
0.0000
 30
0.0000
 40
0.0508
 41
0.0508
 70
0
  0
VERTEX
  8
25
 10
113.3100
 20
87.8395
 30
0.0000
 42
1.0000
  0
VERTEX
  8
25
 10
113.3608
 20
87.8395
 30
0.0000
  0
SEQEND
  8
0
  0
POLYLINE
  8
25
 66
1
 10
0.0000
 20
0.0000
 30
0.0000
 40
0.0508
 41
0.0508
 70
0
  0
VERTEX
  8
25
 10
112.6609
 20
87.8395
 30
0.0000
 42
1.0000
  0
VERTEX
  8
25
 10
112.7117
 20
87.8395
 30
0.0000
  0
SEQEND
  8
0
  0
POLYLINE
  8
25
 66
1
 10
0.0000
 20
0.0000
 30
0.0000
 40
0.1016
 41
0.1016
 70
0
  0
VERTEX
  8
25
 10
113.3354
 20
87.8395
 30
0.0000
  0
VERTEX
  8
25
 10
113.3354
 20
87.3203
 30
0.0000
  0
SEQEND
  8
0
  0
POLYLINE
  8
25
 66
1
 10
0.0000
 20
0.0000
 30
0.0000
 40
0.0508
 41
0.0508
 70
0
  0
VERTEX
  8
25
 10
113.3100
 20
87.3203
 30
0.0000
 42
1.0000
  0
VERTEX
  8
25
 10
113.3608
 20
87.3203
 30
0.0000
  0
SEQEND
  8
0
  0
POLYLINE
  8
25
 66
1
 10
0.0000
 20
0.0000
 30
0.0000
 40
0.0508
 41
0.0508
 70
0
  0
VERTEX
  8
25
 10
113.3608
 20
87.8395
 30
0.0000
 42
1.0000
  0
VERTEX
  8
25
 10
113.3100
 20
87.8395
 30
0.0000
  0
SEQEND
  8
0
  0
POLYLINE
  8
25
 66
1
 10
0.0000
 20
0.0000
 30
0.0000
 40
0.1016
 41
0.1016
 70
0
  0
VERTEX
  8
25
 10
112.6863
 20
87.3203
 30
0.0000
 42
1.0000
  0
VERTEX
  8
25
 10
113.3354
 20
87.3203
 30
0.0000
  0
SEQEND
  8
0
  0
POLYLINE
  8
25
 66
1
 10
0.0000
 20
0.0000
 30
0.0000
 40
0.0508
 41
0.0508
 70
0
  0
VERTEX
  8
25
 10
112.7117
 20
87.3203
 30
0.0000
 42
1.0000
  0
VERTEX
  8
25
 10
112.6609
 20
87.3203
 30
0.0000
  0
SEQEND
  8
0
  0
POLYLINE
  8
25
 66
1
 10
0.0000
 20
0.0000
 30
0.0000
 40
0.0508
 41
0.0508
 70
0
  0
VERTEX
  8
25
 10
113.3608
 20
87.3203
 30
0.0000
 42
1.0000
  0
VERTEX
  8
25
 10
113.3100
 20
87.3203
 30
0.0000
  0
SEQEND
  8
0
  0
POLYLINE
  8
25
 66
1
 10
0.0000
 20
0.0000
 30
0.0000
 40
0.1016
 41
0.1016
 70
0
  0
VERTEX
  8
25
 10
114.1021
 20
88.1641
 30
0.0000
  0
VERTEX
  8
25
 10
114.1021
 20
87.2553
 30
0.0000
  0
SEQEND
  8
0
  0
POLYLINE
  8
25
 66
1
 10
0.0000
 20
0.0000
 30
0.0000
 40
0.0508
 41
0.0508
 70
0
  0
VERTEX
  8
25
 10
114.0767
 20
87.2553
 30
0.0000
 42
1.0000
  0
VERTEX
  8
25
 10
114.1275
 20
87.2553
 30
0.0000
  0
SEQEND
  8
0
  0
POLYLINE
  8
25
 66
1
 10
0.0000
 20
0.0000
 30
0.0000
 40
0.0508
 41
0.0508
 70
0
  0
VERTEX
  8
25
 10
114.1275
 20
88.1641
 30
0.0000
 42
1.0000
  0
VERTEX
  8
25
 10
114.0767
 20
88.1641
 30
0.0000
  0
SEQEND
  8
0
  0
POLYLINE
  8
25
 66
1
 10
0.0000
 20
0.0000
 30
0.0000
 40
0.1016
 41
0.1016
 70
0
  0
VERTEX
  8
25
 10
113.8424
 20
86.9957
 30
0.0000
 42
0.4142
  0
VERTEX
  8
25
 10
114.1021
 20
87.2553
 30
0.0000
  0
SEQEND
  8
0
  0
POLYLINE
  8
25
 66
1
 10
0.0000
 20
0.0000
 30
0.0000
 40
0.0508
 41
0.0508
 70
0
  0
VERTEX
  8
25
 10
113.8424
 20
87.0211
 30
0.0000
 42
1.0000
  0
VERTEX
  8
25
 10
113.8424
 20
86.9703
 30
0.0000
  0
SEQEND
  8
0
  0
POLYLINE
  8
25
 66
1
 10
0.0000
 20
0.0000
 30
0.0000
 40
0.0508
 41
0.0508
 70
0
  0
VERTEX
  8
25
 10
114.1275
 20
87.2553
 30
0.0000
 42
1.0000
  0
VERTEX
  8
25
 10
114.0767
 20
87.2553
 30
0.0000
  0
SEQEND
  8
0
  0
POLYLINE
  8
25
 66
1
 10
0.0000
 20
0.0000
 30
0.0000
 40
0.1016
 41
0.1016
 70
0
  0
VERTEX
  8
25
 10
113.8424
 20
86.9957
 30
0.0000
  0
VERTEX
  8
25
 10
113.7126
 20
86.9957
 30
0.0000
  0
SEQEND
  8
0
  0
POLYLINE
  8
25
 66
1
 10
0.0000
 20
0.0000
 30
0.0000
 40
0.0508
 41
0.0508
 70
0
  0
VERTEX
  8
25
 10
113.7126
 20
87.0211
 30
0.0000
 42
1.0000
  0
VERTEX
  8
25
 10
113.7126
 20
86.9703
 30
0.0000
  0
SEQEND
  8
0
  0
POLYLINE
  8
25
 66
1
 10
0.0000
 20
0.0000
 30
0.0000
 40
0.0508
 41
0.0508
 70
0
  0
VERTEX
  8
25
 10
113.8424
 20
86.9703
 30
0.0000
 42
1.0000
  0
VERTEX
  8
25
 10
113.8424
 20
87.0211
 30
0.0000
  0
SEQEND
  8
0
  0
POLYLINE
  8
25
 66
1
 10
0.0000
 20
0.0000
 30
0.0000
 40
0.1016
 41
0.1016
 70
0
  0
VERTEX
  8
25
 10
114.6294
 20
87.3203
 30
0.0000
  0
VERTEX
  8
25
 10
114.6294
 20
87.8395
 30
0.0000
  0
SEQEND
  8
0
  0
POLYLINE
  8
25
 66
1
 10
0.0000
 20
0.0000
 30
0.0000
 40
0.0508
 41
0.0508
 70
0
  0
VERTEX
  8
25
 10
114.6548
 20
87.8395
 30
0.0000
 42
1.0000
  0
VERTEX
  8
25
 10
114.6040
 20
87.8395
 30
0.0000
  0
SEQEND
  8
0
  0
POLYLINE
  8
25
 66
1
 10
0.0000
 20
0.0000
 30
0.0000
 40
0.0508
 41
0.0508
 70
0
  0
VERTEX
  8
25
 10
114.6040
 20
87.3203
 30
0.0000
 42
1.0000
  0
VERTEX
  8
25
 10
114.6548
 20
87.3203
 30
0.0000
  0
SEQEND
  8
0
  0
POLYLINE
  8
25
 66
1
 10
0.0000
 20
0.0000
 30
0.0000
 40
0.1016
 41
0.1016
 70
0
  0
VERTEX
  8
25
 10
115.2785
 20
87.8395
 30
0.0000
 42
1.0000
  0
VERTEX
  8
25
 10
114.6294
 20
87.8395
 30
0.0000
  0
SEQEND
  8
0
  0
POLYLINE
  8
25
 66
1
 10
0.0000
 20
0.0000
 30
0.0000
 40
0.0508
 41
0.0508
 70
0
  0
VERTEX
  8
25
 10
115.2531
 20
87.8395
 30
0.0000
 42
1.0000
  0
VERTEX
  8
25
 10
115.3039
 20
87.8395
 30
0.0000
  0
SEQEND
  8
0
  0
POLYLINE
  8
25
 66
1
 10
0.0000
 20
0.0000
 30
0.0000
 40
0.0508
 41
0.0508
 70
0
  0
VERTEX
  8
25
 10
114.6040
 20
87.8395
 30
0.0000
 42
1.0000
  0
VERTEX
  8
25
 10
114.6548
 20
87.8395
 30
0.0000
  0
SEQEND
  8
0
  0
POLYLINE
  8
25
 66
1
 10
0.0000
 20
0.0000
 30
0.0000
 40
0.1016
 41
0.1016
 70
0
  0
VERTEX
  8
25
 10
115.2785
 20
87.8395
 30
0.0000
  0
VERTEX
  8
25
 10
115.2785
 20
87.3203
 30
0.0000
  0
SEQEND
  8
0
  0
POLYLINE
  8
25
 66
1
 10
0.0000
 20
0.0000
 30
0.0000
 40
0.0508
 41
0.0508
 70
0
  0
VERTEX
  8
25
 10
115.2531
 20
87.3203
 30
0.0000
 42
1.0000
  0
VERTEX
  8
25
 10
115.3039
 20
87.3203
 30
0.0000
  0
SEQEND
  8
0
  0
POLYLINE
  8
25
 66
1
 10
0.0000
 20
0.0000
 30
0.0000
 40
0.0508
 41
0.0508
 70
0
  0
VERTEX
  8
25
 10
115.3039
 20
87.8395
 30
0.0000
 42
1.0000
  0
VERTEX
  8
25
 10
115.2531
 20
87.8395
 30
0.0000
  0
SEQEND
  8
0
  0
POLYLINE
  8
25
 66
1
 10
0.0000
 20
0.0000
 30
0.0000
 40
0.1016
 41
0.1016
 70
0
  0
VERTEX
  8
25
 10
114.6294
 20
87.3203
 30
0.0000
 42
1.0000
  0
VERTEX
  8
25
 10
115.2785
 20
87.3203
 30
0.0000
  0
SEQEND
  8
0
  0
POLYLINE
  8
25
 66
1
 10
0.0000
 20
0.0000
 30
0.0000
 40
0.0508
 41
0.0508
 70
0
  0
VERTEX
  8
25
 10
114.6548
 20
87.3203
 30
0.0000
 42
1.0000
  0
VERTEX
  8
25
 10
114.6040
 20
87.3203
 30
0.0000
  0
SEQEND
  8
0
  0
POLYLINE
  8
25
 66
1
 10
0.0000
 20
0.0000
 30
0.0000
 40
0.0508
 41
0.0508
 70
0
  0
VERTEX
  8
25
 10
115.3039
 20
87.3203
 30
0.0000
 42
1.0000
  0
VERTEX
  8
25
 10
115.2531
 20
87.3203
 30
0.0000
  0
SEQEND
  8
0
  0
POINT
  8
23
 10
112.4600
 20
90.0000
 30
0.0000
  0
POLYLINE
  8
51
 66
1
 10
0.0000
 20
0.0000
 30
0.0000
 40
0.0500
 41
0.0500
 70
0
  0
VERTEX
  8
51
 10
114.5600
 20
88.2000
 30
0.0000
  0
VERTEX
  8
51
 10
110.3600
 20
88.2000
 30
0.0000
  0
SEQEND
  8
0
  0
POLYLINE
  8
51
 66
1
 10
0.0000
 20
0.0000
 30
0.0000
 40
0.0250
 41
0.0250
 70
0
  0
VERTEX
  8
51
 10
110.3600
 20
88.2125
 30
0.0000
 42
1.0000
  0
VERTEX
  8
51
 10
110.3600
 20
88.1875
 30
0.0000
  0
SEQEND
  8
0
  0
POLYLINE
  8
51
 66
1
 10
0.0000
 20
0.0000
 30
0.0000
 40
0.0250
 41
0.0250
 70
0
  0
VERTEX
  8
51
 10
114.5600
 20
88.1875
 30
0.0000
 42
1.0000
  0
VERTEX
  8
51
 10
114.5600
 20
88.2125
 30
0.0000
  0
SEQEND
  8
0
  0
POLYLINE
  8
51
 66
1
 10
0.0000
 20
0.0000
 30
0.0000
 40
0.0500
 41
0.0500
 70
0
  0
VERTEX
  8
51
 10
110.3600
 20
88.2000
 30
0.0000
  0
VERTEX
  8
51
 10
110.3600
 20
91.8000
 30
0.0000
  0
SEQEND
  8
0
  0
POLYLINE
  8
51
 66
1
 10
0.0000
 20
0.0000
 30
0.0000
 40
0.0250
 41
0.0250
 70
0
  0
VERTEX
  8
51
 10
110.3725
 20
91.8000
 30
0.0000
 42
1.0000
  0
VERTEX
  8
51
 10
110.3475
 20
91.8000
 30
0.0000
  0
SEQEND
  8
0
  0
POLYLINE
  8
51
 66
1
 10
0.0000
 20
0.0000
 30
0.0000
 40
0.0250
 41
0.0250
 70
0
  0
VERTEX
  8
51
 10
110.3475
 20
88.2000
 30
0.0000
 42
1.0000
  0
VERTEX
  8
51
 10
110.3725
 20
88.2000
 30
0.0000
  0
SEQEND
  8
0
  0
POLYLINE
  8
51
 66
1
 10
0.0000
 20
0.0000
 30
0.0000
 40
0.0500
 41
0.0500
 70
0
  0
VERTEX
  8
51
 10
110.3600
 20
91.8000
 30
0.0000
  0
VERTEX
  8
51
 10
114.5600
 20
91.8000
 30
0.0000
  0
SEQEND
  8
0
  0
POLYLINE
  8
51
 66
1
 10
0.0000
 20
0.0000
 30
0.0000
 40
0.0250
 41
0.0250
 70
0
  0
VERTEX
  8
51
 10
114.5600
 20
91.7875
 30
0.0000
 42
1.0000
  0
VERTEX
  8
51
 10
114.5600
 20
91.8125
 30
0.0000
  0
SEQEND
  8
0
  0
POLYLINE
  8
51
 66
1
 10
0.0000
 20
0.0000
 30
0.0000
 40
0.0250
 41
0.0250
 70
0
  0
VERTEX
  8
51
 10
110.3600
 20
91.8125
 30
0.0000
 42
1.0000
  0
VERTEX
  8
51
 10
110.3600
 20
91.7875
 30
0.0000
  0
SEQEND
  8
0
  0
POLYLINE
  8
51
 66
1
 10
0.0000
 20
0.0000
 30
0.0000
 40
0.0500
 41
0.0500
 70
0
  0
VERTEX
  8
51
 10
114.5600
 20
91.8000
 30
0.0000
  0
VERTEX
  8
51
 10
114.5600
 20
88.2000
 30
0.0000
  0
SEQEND
  8
0
  0
POLYLINE
  8
51
 66
1
 10
0.0000
 20
0.0000
 30
0.0000
 40
0.0250
 41
0.0250
 70
0
  0
VERTEX
  8
51
 10
114.5475
 20
88.2000
 30
0.0000
 42
1.0000
  0
VERTEX
  8
51
 10
114.5725
 20
88.2000
 30
0.0000
  0
SEQEND
  8
0
  0
POLYLINE
  8
51
 66
1
 10
0.0000
 20
0.0000
 30
0.0000
 40
0.0250
 41
0.0250
 70
0
  0
VERTEX
  8
51
 10
114.5725
 20
91.8000
 30
0.0000
 42
1.0000
  0
VERTEX
  8
51
 10
114.5475
 20
91.8000
 30
0.0000
  0
SEQEND
  8
0
  0
POLYLINE
  8
51
 66
1
 10
0.0000
 20
0.0000
 30
0.0000
 40
0.1000
 41
0.1000
 70
0
  0
VERTEX
  8
51
 10
113.2600
 20
88.5200
 30
0.0000
  0
VERTEX
  8
51
 10
111.6600
 20
88.5200
 30
0.0000
  0
SEQEND
  8
0
  0
POLYLINE
  8
51
 66
1
 10
0.0000
 20
0.0000
 30
0.0000
 40
0.0500
 41
0.0500
 70
0
  0
VERTEX
  8
51
 10
111.6600
 20
88.5450
 30
0.0000
 42
1.0000
  0
VERTEX
  8
51
 10
111.6600
 20
88.4950
 30
0.0000
  0
SEQEND
  8
0
  0
POLYLINE
  8
51
 66
1
 10
0.0000
 20
0.0000
 30
0.0000
 40
0.0500
 41
0.0500
 70
0
  0
VERTEX
  8
51
 10
113.2600
 20
88.4950
 30
0.0000
 42
1.0000
  0
VERTEX
  8
51
 10
113.2600
 20
88.5450
 30
0.0000
  0
SEQEND
  8
0
  0
POLYLINE
  8
51
 66
1
 10
0.0000
 20
0.0000
 30
0.0000
 40
0.1000
 41
0.1000
 70
0
  0
VERTEX
  8
51
 10
111.6600
 20
88.5200
 30
0.0000
  0
VERTEX
  8
51
 10
111.6600
 20
91.4800
 30
0.0000
  0
SEQEND
  8
0
  0
POLYLINE
  8
51
 66
1
 10
0.0000
 20
0.0000
 30
0.0000
 40
0.0500
 41
0.0500
 70
0
  0
VERTEX
  8
51
 10
111.6850
 20
91.4800
 30
0.0000
 42
1.0000
  0
VERTEX
  8
51
 10
111.6350
 20
91.4800
 30
0.0000
  0
SEQEND
  8
0
  0
POLYLINE
  8
51
 66
1
 10
0.0000
 20
0.0000
 30
0.0000
 40
0.0500
 41
0.0500
 70
0
  0
VERTEX
  8
51
 10
111.6350
 20
88.5200
 30
0.0000
 42
1.0000
  0
VERTEX
  8
51
 10
111.6850
 20
88.5200
 30
0.0000
  0
SEQEND
  8
0
  0
POLYLINE
  8
51
 66
1
 10
0.0000
 20
0.0000
 30
0.0000
 40
0.1000
 41
0.1000
 70
0
  0
VERTEX
  8
51
 10
111.6600
 20
91.4800
 30
0.0000
  0
VERTEX
  8
51
 10
113.2600
 20
91.4800
 30
0.0000
  0
SEQEND
  8
0
  0
POLYLINE
  8
51
 66
1
 10
0.0000
 20
0.0000
 30
0.0000
 40
0.0500
 41
0.0500
 70
0
  0
VERTEX
  8
51
 10
113.2600
 20
91.4550
 30
0.0000
 42
1.0000
  0
VERTEX
  8
51
 10
113.2600
 20
91.5050
 30
0.0000
  0
SEQEND
  8
0
  0
POLYLINE
  8
51
 66
1
 10
0.0000
 20
0.0000
 30
0.0000
 40
0.0500
 41
0.0500
 70
0
  0
VERTEX
  8
51
 10
111.6600
 20
91.5050
 30
0.0000
 42
1.0000
  0
VERTEX
  8
51
 10
111.6600
 20
91.4550
 30
0.0000
  0
SEQEND
  8
0
  0
POLYLINE
  8
51
 66
1
 10
0.0000
 20
0.0000
 30
0.0000
 40
0.1000
 41
0.1000
 70
0
  0
VERTEX
  8
51
 10
113.2600
 20
91.4800
 30
0.0000
  0
VERTEX
  8
51
 10
113.2600
 20
88.5200
 30
0.0000
  0
SEQEND
  8
0
  0
POLYLINE
  8
51
 66
1
 10
0.0000
 20
0.0000
 30
0.0000
 40
0.0500
 41
0.0500
 70
0
  0
VERTEX
  8
51
 10
113.2350
 20
88.5200
 30
0.0000
 42
1.0000
  0
VERTEX
  8
51
 10
113.2850
 20
88.5200
 30
0.0000
  0
SEQEND
  8
0
  0
POLYLINE
  8
51
 66
1
 10
0.0000
 20
0.0000
 30
0.0000
 40
0.0500
 41
0.0500
 70
0
  0
VERTEX
  8
51
 10
113.2850
 20
91.4800
 30
0.0000
 42
1.0000
  0
VERTEX
  8
51
 10
113.2350
 20
91.4800
 30
0.0000
  0
SEQEND
  8
0
  0
POLYLINE
  8
51
 66
1
 10
0.0000
 20
0.0000
 30
0.0000
 40
0.1000
 41
0.1000
 70
0
  0
VERTEX
  8
51
 10
113.2600
 20
89.4700
 30
0.0000
  0
VERTEX
  8
51
 10
112.3100
 20
88.5200
 30
0.0000
  0
SEQEND
  8
0
  0
POLYLINE
  8
51
 66
1
 10
0.0000
 20
0.0000
 30
0.0000
 40
0.0500
 41
0.0500
 70
0
  0
VERTEX
  8
51
 10
112.2923
 20
88.5377
 30
0.0000
 42
1.0000
  0
VERTEX
  8
51
 10
112.3277
 20
88.5023
 30
0.0000
  0
SEQEND
  8
0
  0
POLYLINE
  8
51
 66
1
 10
0.0000
 20
0.0000
 30
0.0000
 40
0.0500
 41
0.0500
 70
0
  0
VERTEX
  8
51
 10
113.2777
 20
89.4523
 30
0.0000
 42
1.0000
  0
VERTEX
  8
51
 10
113.2423
 20
89.4877
 30
0.0000
  0
SEQEND
  8
0
  0
POLYLINE
  8
21
 66
1
 10
0.0000
 20
0.0000
 30
0.0000
 40
0.2000
 41
0.2000
 70
0
  0
VERTEX
  8
21
 10
112.7600
 20
88.5200
 30
0.0000
  0
VERTEX
  8
21
 10
112.1600
 20
88.5200
 30
0.0000
  0
SEQEND
  8
0
  0
POLYLINE
  8
21
 66
1
 10
0.0000
 20
0.0000
 30
0.0000
 40
0.1000
 41
0.1000
 70
0
  0
VERTEX
  8
21
 10
112.1600
 20
88.5700
 30
0.0000
 42
1.0000
  0
VERTEX
  8
21
 10
112.1600
 20
88.4700
 30
0.0000
  0
SEQEND
  8
0
  0
POLYLINE
  8
21
 66
1
 10
0.0000
 20
0.0000
 30
0.0000
 40
0.1000
 41
0.1000
 70
0
  0
VERTEX
  8
21
 10
112.7600
 20
88.4700
 30
0.0000
 42
1.0000
  0
VERTEX
  8
21
 10
112.7600
 20
88.5700
 30
0.0000
  0
SEQEND
  8
0
  0
POLYLINE
  8
21
 66
1
 10
0.0000
 20
0.0000
 30
0.0000
 40
0.2000
 41
0.2000
 70
0
  0
VERTEX
  8
21
 10
112.1600
 20
88.5200
 30
0.0000
  0
VERTEX
  8
21
 10
112.1600
 20
91.4800
 30
0.0000
  0
SEQEND
  8
0
  0
POLYLINE
  8
21
 66
1
 10
0.0000
 20
0.0000
 30
0.0000
 40
0.1000
 41
0.1000
 70
0
  0
VERTEX
  8
21
 10
112.2100
 20
91.4800
 30
0.0000
 42
1.0000
  0
VERTEX
  8
21
 10
112.1100
 20
91.4800
 30
0.0000
  0
SEQEND
  8
0
  0
POLYLINE
  8
21
 66
1
 10
0.0000
 20
0.0000
 30
0.0000
 40
0.1000
 41
0.1000
 70
0
  0
VERTEX
  8
21
 10
112.1100
 20
88.5200
 30
0.0000
 42
1.0000
  0
VERTEX
  8
21
 10
112.2100
 20
88.5200
 30
0.0000
  0
SEQEND
  8
0
  0
POLYLINE
  8
21
 66
1
 10
0.0000
 20
0.0000
 30
0.0000
 40
0.2000
 41
0.2000
 70
0
  0
VERTEX
  8
21
 10
112.1600
 20
91.4800
 30
0.0000
  0
VERTEX
  8
21
 10
112.7600
 20
91.4800
 30
0.0000
  0
SEQEND
  8
0
  0
POLYLINE
  8
21
 66
1
 10
0.0000
 20
0.0000
 30
0.0000
 40
0.1000
 41
0.1000
 70
0
  0
VERTEX
  8
21
 10
112.7600
 20
91.4300
 30
0.0000
 42
1.0000
  0
VERTEX
  8
21
 10
112.7600
 20
91.5300
 30
0.0000
  0
SEQEND
  8
0
  0
POLYLINE
  8
21
 66
1
 10
0.0000
 20
0.0000
 30
0.0000
 40
0.1000
 41
0.1000
 70
0
  0
VERTEX
  8
21
 10
112.1600
 20
91.5300
 30
0.0000
 42
1.0000
  0
VERTEX
  8
21
 10
112.1600
 20
91.4300
 30
0.0000
  0
SEQEND
  8
0
  0
POLYLINE
  8
21
 66
1
 10
0.0000
 20
0.0000
 30
0.0000
 40
0.2000
 41
0.2000
 70
0
  0
VERTEX
  8
21
 10
112.7600
 20
91.4800
 30
0.0000
  0
VERTEX
  8
21
 10
112.7600
 20
88.5200
 30
0.0000
  0
SEQEND
  8
0
  0
POLYLINE
  8
21
 66
1
 10
0.0000
 20
0.0000
 30
0.0000
 40
0.1000
 41
0.1000
 70
0
  0
VERTEX
  8
21
 10
112.7100
 20
88.5200
 30
0.0000
 42
1.0000
  0
VERTEX
  8
21
 10
112.8100
 20
88.5200
 30
0.0000
  0
SEQEND
  8
0
  0
POLYLINE
  8
21
 66
1
 10
0.0000
 20
0.0000
 30
0.0000
 40
0.1000
 41
0.1000
 70
0
  0
VERTEX
  8
21
 10
112.8100
 20
91.4800
 30
0.0000
 42
1.0000
  0
VERTEX
  8
21
 10
112.7100
 20
91.4800
 30
0.0000
  0
SEQEND
  8
0
  0
POLYLINE
  8
21
 66
1
 10
0.0000
 20
0.0000
 30
0.0000
 40
0.2000
 41
0.2000
 70
0
  0
VERTEX
  8
21
 10
114.3100
 20
88.5000
 30
0.0000
  0
VERTEX
  8
21
 10
113.1100
 20
88.5000
 30
0.0000
  0
SEQEND
  8
0
  0
POLYLINE
  8
21
 66
1
 10
0.0000
 20
0.0000
 30
0.0000
 40
0.1000
 41
0.1000
 70
0
  0
VERTEX
  8
21
 10
113.1100
 20
88.5500
 30
0.0000
 42
1.0000
  0
VERTEX
  8
21
 10
113.1100
 20
88.4500
 30
0.0000
  0
SEQEND
  8
0
  0
POLYLINE
  8
21
 66
1
 10
0.0000
 20
0.0000
 30
0.0000
 40
0.1000
 41
0.1000
 70
0
  0
VERTEX
  8
21
 10
114.3100
 20
88.4500
 30
0.0000
 42
1.0000
  0
VERTEX
  8
21
 10
114.3100
 20
88.5500
 30
0.0000
  0
SEQEND
  8
0
  0
INSERT
  8
1
  2
RECT
 10
113.7100
 20
89.0500
 30
0.0000
 41
1.2000
 42
0.6000
 43
1.0000
 50
180.0000
  0
INSERT
  8
1
  2
RECT
 10
113.7100
 20
90.0000
 30
0.0000
 41
1.2000
 42
0.6000
 43
1.0000
 50
180.0000
  0
INSERT
  8
1
  2
RECT
 10
113.7100
 20
90.9500
 30
0.0000
 41
1.2000
 42
0.6000
 43
1.0000
 50
180.0000
  0
INSERT
  8
1
  2
RECT
 10
111.2100
 20
90.9500
 30
0.0000
 41
1.2000
 42
0.6000
 43
1.0000
 50
180.0000
  0
INSERT
  8
1
  2
RECT
 10
111.2100
 20
89.0500
 30
0.0000
 41
1.2000
 42
0.6000
 43
1.0000
 50
180.0000
  0
POLYLINE
  8
25
 66
1
 10
0.0000
 20
0.0000
 30
0.0000
 40
0.0508
 41
0.0508
 70
0
  0
VERTEX
  8
25
 10
110.5413
 20
90.2794
 30
0.0000
  0
VERTEX
  8
25
 10
110.5413
 20
89.8758
 30
0.0000
  0
SEQEND
  8
0
  0
POLYLINE
  8
25
 66
1
 10
0.0000
 20
0.0000
 30
0.0000
 40
0.0254
 41
0.0254
 70
0
  0
VERTEX
  8
25
 10
110.5286
 20
89.8758
 30
0.0000
 42
1.0000
  0
VERTEX
  8
25
 10
110.5540
 20
89.8758
 30
0.0000
  0
SEQEND
  8
0
  0
POLYLINE
  8
25
 66
1
 10
0.0000
 20
0.0000
 30
0.0000
 40
0.0254
 41
0.0254
 70
0
  0
VERTEX
  8
25
 10
110.5540
 20
90.2794
 30
0.0000
 42
1.0000
  0
VERTEX
  8
25
 10
110.5286
 20
90.2794
 30
0.0000
  0
SEQEND
  8
0
  0
POLYLINE
  8
25
 66
1
 10
0.0000
 20
0.0000
 30
0.0000
 40
0.0508
 41
0.0508
 70
0
  0
VERTEX
  8
25
 10
110.5413
 20
89.8758
 30
0.0000
 42
1.0000
  0
VERTEX
  8
25
 10
110.8518
 20
89.8758
 30
0.0000
  0
SEQEND
  8
0
  0
POLYLINE
  8
25
 66
1
 10
0.0000
 20
0.0000
 30
0.0000
 40
0.0254
 41
0.0254
 70
0
  0
VERTEX
  8
25
 10
110.5540
 20
89.8758
 30
0.0000
 42
1.0000
  0
VERTEX
  8
25
 10
110.5286
 20
89.8758
 30
0.0000
  0
SEQEND
  8
0
  0
POLYLINE
  8
25
 66
1
 10
0.0000
 20
0.0000
 30
0.0000
 40
0.0254
 41
0.0254
 70
0
  0
VERTEX
  8
25
 10
110.8645
 20
89.8758
 30
0.0000
 42
1.0000
  0
VERTEX
  8
25
 10
110.8391
 20
89.8758
 30
0.0000
  0
SEQEND
  8
0
  0
POLYLINE
  8
25
 66
1
 10
0.0000
 20
0.0000
 30
0.0000
 40
0.0508
 41
0.0508
 70
0
  0
VERTEX
  8
25
 10
110.8518
 20
89.8758
 30
0.0000
  0
VERTEX
  8
25
 10
110.8518
 20
90.2794
 30
0.0000
  0
SEQEND
  8
0
  0
POLYLINE
  8
25
 66
1
 10
0.0000
 20
0.0000
 30
0.0000
 40
0.0254
 41
0.0254
 70
0
  0
VERTEX
  8
25
 10
110.8645
 20
90.2794
 30
0.0000
 42
1.0000
  0
VERTEX
  8
25
 10
110.8391
 20
90.2794
 30
0.0000
  0
SEQEND
  8
0
  0
POLYLINE
  8
25
 66
1
 10
0.0000
 20
0.0000
 30
0.0000
 40
0.0254
 41
0.0254
 70
0
  0
VERTEX
  8
25
 10
110.8391
 20
89.8758
 30
0.0000
 42
1.0000
  0
VERTEX
  8
25
 10
110.8645
 20
89.8758
 30
0.0000
  0
SEQEND
  8
0
  0
POLYLINE
  8
25
 66
1
 10
0.0000
 20
0.0000
 30
0.0000
 40
0.0508
 41
0.0508
 70
0
  0
VERTEX
  8
25
 10
111.1082
 20
90.2173
 30
0.0000
  0
VERTEX
  8
25
 10
111.1082
 20
90.2794
 30
0.0000
  0
SEQEND
  8
0
  0
POLYLINE
  8
25
 66
1
 10
0.0000
 20
0.0000
 30
0.0000
 40
0.0254
 41
0.0254
 70
0
  0
VERTEX
  8
25
 10
111.1209
 20
90.2794
 30
0.0000
 42
1.0000
  0
VERTEX
  8
25
 10
111.0955
 20
90.2794
 30
0.0000
  0
SEQEND
  8
0
  0
POLYLINE
  8
25
 66
1
 10
0.0000
 20
0.0000
 30
0.0000
 40
0.0254
 41
0.0254
 70
0
  0
VERTEX
  8
25
 10
111.0955
 20
90.2173
 30
0.0000
 42
1.0000
  0
VERTEX
  8
25
 10
111.1209
 20
90.2173
 30
0.0000
  0
SEQEND
  8
0
  0
POLYLINE
  8
25
 66
1
 10
0.0000
 20
0.0000
 30
0.0000
 40
0.0508
 41
0.0508
 70
0
  0
VERTEX
  8
25
 10
111.1082
 20
90.2794
 30
0.0000
  0
VERTEX
  8
25
 10
111.4187
 20
90.2794
 30
0.0000
  0
SEQEND
  8
0
  0
POLYLINE
  8
25
 66
1
 10
0.0000
 20
0.0000
 30
0.0000
 40
0.0254
 41
0.0254
 70
0
  0
VERTEX
  8
25
 10
111.4187
 20
90.2667
 30
0.0000
 42
1.0000
  0
VERTEX
  8
25
 10
111.4187
 20
90.2921
 30
0.0000
  0
SEQEND
  8
0
  0
POLYLINE
  8
25
 66
1
 10
0.0000
 20
0.0000
 30
0.0000
 40
0.0254
 41
0.0254
 70
0
  0
VERTEX
  8
25
 10
111.1082
 20
90.2921
 30
0.0000
 42
1.0000
  0
VERTEX
  8
25
 10
111.1082
 20
90.2667
 30
0.0000
  0
SEQEND
  8
0
  0
POLYLINE
  8
25
 66
1
 10
0.0000
 20
0.0000
 30
0.0000
 40
0.0508
 41
0.0508
 70
0
  0
VERTEX
  8
25
 10
111.4187
 20
90.2794
 30
0.0000
  0
VERTEX
  8
25
 10
111.2635
 20
89.7206
 30
0.0000
  0
SEQEND
  8
0
  0
POLYLINE
  8
25
 66
1
 10
0.0000
 20
0.0000
 30
0.0000
 40
0.0254
 41
0.0254
 70
0
  0
VERTEX
  8
25
 10
111.2512
 20
89.7240
 30
0.0000
 42
1.0000
  0
VERTEX
  8
25
 10
111.2757
 20
89.7172
 30
0.0000
  0
SEQEND
  8
0
  0
POLYLINE
  8
25
 66
1
 10
0.0000
 20
0.0000
 30
0.0000
 40
0.0254
 41
0.0254
 70
0
  0
VERTEX
  8
25
 10
111.4309
 20
90.2760
 30
0.0000
 42
1.0000
  0
VERTEX
  8
25
 10
111.4064
 20
90.2828
 30
0.0000
  0
SEQEND
  8
0
  0
POINT
  8
23
 10
112.3100
 20
71.3000
 30
0.0000
  0
INSERT
  8
1
  2
PIE
 10
112.3100
 20
71.3000
 30
0.0000
 41
1.2700
 42
1.2700
 43
1.0000
 50
0.0000
  0
POLYLINE
  8
25
 66
1
 10
0.0000
 20
0.0000
 30
0.0000
 40
0.0508
 41
0.0508
 70
0
  0
VERTEX
  8
25
 10
111.7004
 20
72.9002
 30
0.0000
  0
VERTEX
  8
25
 10
111.7004
 20
72.4966
 30
0.0000
  0
SEQEND
  8
0
  0
POLYLINE
  8
25
 66
1
 10
0.0000
 20
0.0000
 30
0.0000
 40
0.0254
 41
0.0254
 70
0
  0
VERTEX
  8
25
 10
111.6877
 20
72.4966
 30
0.0000
 42
1.0000
  0
VERTEX
  8
25
 10
111.7131
 20
72.4966
 30
0.0000
  0
SEQEND
  8
0
  0
POLYLINE
  8
25
 66
1
 10
0.0000
 20
0.0000
 30
0.0000
 40
0.0254
 41
0.0254
 70
0
  0
VERTEX
  8
25
 10
111.7131
 20
72.9002
 30
0.0000
 42
1.0000
  0
VERTEX
  8
25
 10
111.6877
 20
72.9002
 30
0.0000
  0
SEQEND
  8
0
  0
POLYLINE
  8
25
 66
1
 10
0.0000
 20
0.0000
 30
0.0000
 40
0.0508
 41
0.0508
 70
0
  0
VERTEX
  8
25
 10
111.7004
 20
72.4966
 30
0.0000
 42
1.0000
  0
VERTEX
  8
25
 10
112.0108
 20
72.4966
 30
0.0000
  0
SEQEND
  8
0
  0
POLYLINE
  8
25
 66
1
 10
0.0000
 20
0.0000
 30
0.0000
 40
0.0254
 41
0.0254
 70
0
  0
VERTEX
  8
25
 10
111.7131
 20
72.4966
 30
0.0000
 42
1.0000
  0
VERTEX
  8
25
 10
111.6877
 20
72.4966
 30
0.0000
  0
SEQEND
  8
0
  0
POLYLINE
  8
25
 66
1
 10
0.0000
 20
0.0000
 30
0.0000
 40
0.0254
 41
0.0254
 70
0
  0
VERTEX
  8
25
 10
112.0235
 20
72.4966
 30
0.0000
 42
1.0000
  0
VERTEX
  8
25
 10
111.9981
 20
72.4966
 30
0.0000
  0
SEQEND
  8
0
  0
POLYLINE
  8
25
 66
1
 10
0.0000
 20
0.0000
 30
0.0000
 40
0.0508
 41
0.0508
 70
0
  0
VERTEX
  8
25
 10
112.0108
 20
72.4966
 30
0.0000
  0
VERTEX
  8
25
 10
112.0108
 20
72.9002
 30
0.0000
  0
SEQEND
  8
0
  0
POLYLINE
  8
25
 66
1
 10
0.0000
 20
0.0000
 30
0.0000
 40
0.0254
 41
0.0254
 70
0
  0
VERTEX
  8
25
 10
112.0235
 20
72.9002
 30
0.0000
 42
1.0000
  0
VERTEX
  8
25
 10
111.9981
 20
72.9002
 30
0.0000
  0
SEQEND
  8
0
  0
POLYLINE
  8
25
 66
1
 10
0.0000
 20
0.0000
 30
0.0000
 40
0.0254
 41
0.0254
 70
0
  0
VERTEX
  8
25
 10
111.9981
 20
72.4966
 30
0.0000
 42
1.0000
  0
VERTEX
  8
25
 10
112.0235
 20
72.4966
 30
0.0000
  0
SEQEND
  8
0
  0
POLYLINE
  8
25
 66
1
 10
0.0000
 20
0.0000
 30
0.0000
 40
0.0508
 41
0.0508
 70
0
  0
VERTEX
  8
25
 10
112.4353
 20
72.3414
 30
0.0000
 42
0.4142
  0
VERTEX
  8
25
 10
112.5595
 20
72.4656
 30
0.0000
  0
SEQEND
  8
0
  0
POLYLINE
  8
25
 66
1
 10
0.0000
 20
0.0000
 30
0.0000
 40
0.0254
 41
0.0254
 70
0
  0
VERTEX
  8
25
 10
112.4353
 20
72.3541
 30
0.0000
 42
1.0000
  0
VERTEX
  8
25
 10
112.4353
 20
72.3287
 30
0.0000
  0
SEQEND
  8
0
  0
POLYLINE
  8
25
 66
1
 10
0.0000
 20
0.0000
 30
0.0000
 40
0.0254
 41
0.0254
 70
0
  0
VERTEX
  8
25
 10
112.5722
 20
72.4656
 30
0.0000
 42
1.0000
  0
VERTEX
  8
25
 10
112.5468
 20
72.4656
 30
0.0000
  0
SEQEND
  8
0
  0
POLYLINE
  8
25
 66
1
 10
0.0000
 20
0.0000
 30
0.0000
 40
0.0508
 41
0.0508
 70
0
  0
VERTEX
  8
25
 10
112.2490
 20
72.4190
 30
0.0000
 42
0.2000
  0
VERTEX
  8
25
 10
112.4353
 20
72.3414
 30
0.0000
  0
SEQEND
  8
0
  0
POLYLINE
  8
25
 66
1
 10
0.0000
 20
0.0000
 30
0.0000
 40
0.0254
 41
0.0254
 70
0
  0
VERTEX
  8
25
 10
112.2581
 20
72.4280
 30
0.0000
 42
1.0000
  0
VERTEX
  8
25
 10
112.2400
 20
72.4101
 30
0.0000
  0
SEQEND
  8
0
  0
POLYLINE
  8
25
 66
1
 10
0.0000
 20
0.0000
 30
0.0000
 40
0.0254
 41
0.0254
 70
0
  0
VERTEX
  8
25
 10
112.4353
 20
72.3287
 30
0.0000
 42
1.0000
  0
VERTEX
  8
25
 10
112.4353
 20
72.3541
 30
0.0000
  0
SEQEND
  8
0
  0
POLYLINE
  8
25
 66
1
 10
0.0000
 20
0.0000
 30
0.0000
 40
0.0508
 41
0.0508
 70
0
  0
VERTEX
  8
25
 10
112.3887
 20
72.9002
 30
0.0000
 42
0.4142
  0
VERTEX
  8
25
 10
112.2646
 20
72.7760
 30
0.0000
  0
SEQEND
  8
0
  0
POLYLINE
  8
25
 66
1
 10
0.0000
 20
0.0000
 30
0.0000
 40
0.0254
 41
0.0254
 70
0
  0
VERTEX
  8
25
 10
112.3887
 20
72.8875
 30
0.0000
 42
1.0000
  0
VERTEX
  8
25
 10
112.3887
 20
72.9129
 30
0.0000
  0
SEQEND
  8
0
  0
POLYLINE
  8
25
 66
1
 10
0.0000
 20
0.0000
 30
0.0000
 40
0.0254
 41
0.0254
 70
0
  0
VERTEX
  8
25
 10
112.2519
 20
72.7760
 30
0.0000
 42
1.0000
  0
VERTEX
  8
25
 10
112.2773
 20
72.7760
 30
0.0000
  0
SEQEND
  8
0
  0
POLYLINE
  8
25
 66
1
 10
0.0000
 20
0.0000
 30
0.0000
 40
0.0508
 41
0.0508
 70
0
  0
VERTEX
  8
25
 10
112.5284
 20
72.8536
 30
0.0000
 42
0.1623
  0
VERTEX
  8
25
 10
112.3887
 20
72.9002
 30
0.0000
  0
SEQEND
  8
0
  0
POLYLINE
  8
25
 66
1
 10
0.0000
 20
0.0000
 30
0.0000
 40
0.0254
 41
0.0254
 70
0
  0
VERTEX
  8
25
 10
112.5208
 20
72.8435
 30
0.0000
 42
1.0000
  0
VERTEX
  8
25
 10
112.5361
 20
72.8638
 30
0.0000
  0
SEQEND
  8
0
  0
POLYLINE
  8
25
 66
1
 10
0.0000
 20
0.0000
 30
0.0000
 40
0.0254
 41
0.0254
 70
0
  0
VERTEX
  8
25
 10
112.3887
 20
72.9129
 30
0.0000
 42
1.0000
  0
VERTEX
  8
25
 10
112.3887
 20
72.8875
 30
0.0000
  0
SEQEND
  8
0
  0
POLYLINE
  8
25
 66
1
 10
0.0000
 20
0.0000
 30
0.0000
 40
0.0508
 41
0.0508
 70
0
  0
VERTEX
  8
25
 10
112.2646
 20
72.7760
 30
0.0000
 42
0.2656
  0
VERTEX
  8
25
 10
112.3266
 20
72.6674
 30
0.0000
  0
SEQEND
  8
0
  0
POLYLINE
  8
25
 66
1
 10
0.0000
 20
0.0000
 30
0.0000
 40
0.0254
 41
0.0254
 70
0
  0
VERTEX
  8
25
 10
112.2773
 20
72.7760
 30
0.0000
 42
1.0000
  0
VERTEX
  8
25
 10
112.2519
 20
72.7760
 30
0.0000
  0
SEQEND
  8
0
  0
POLYLINE
  8
25
 66
1
 10
0.0000
 20
0.0000
 30
0.0000
 40
0.0254
 41
0.0254
 70
0
  0
VERTEX
  8
25
 10
112.3202
 20
72.6564
 30
0.0000
 42
1.0000
  0
VERTEX
  8
25
 10
112.3331
 20
72.6783
 30
0.0000
  0
SEQEND
  8
0
  0
POLYLINE
  8
25
 66
1
 10
0.0000
 20
0.0000
 30
0.0000
 40
0.0508
 41
0.0508
 70
0
  0
VERTEX
  8
25
 10
112.5595
 20
72.4656
 30
0.0000
 42
0.2656
  0
VERTEX
  8
25
 10
112.4974
 20
72.5742
 30
0.0000
  0
SEQEND
  8
0
  0
POLYLINE
  8
25
 66
1
 10
0.0000
 20
0.0000
 30
0.0000
 40
0.0254
 41
0.0254
 70
0
  0
VERTEX
  8
25
 10
112.5468
 20
72.4656
 30
0.0000
 42
1.0000
  0
VERTEX
  8
25
 10
112.5722
 20
72.4656
 30
0.0000
  0
SEQEND
  8
0
  0
POLYLINE
  8
25
 66
1
 10
0.0000
 20
0.0000
 30
0.0000
 40
0.0254
 41
0.0254
 70
0
  0
VERTEX
  8
25
 10
112.5038
 20
72.5852
 30
0.0000
 42
1.0000
  0
VERTEX
  8
25
 10
112.4909
 20
72.5633
 30
0.0000
  0
SEQEND
  8
0
  0
POLYLINE
  8
25
 66
1
 10
0.0000
 20
0.0000
 30
0.0000
 40
0.0508
 41
0.0508
 70
0
  0
VERTEX
  8
25
 10
112.4974
 20
72.5742
 30
0.0000
  0
VERTEX
  8
25
 10
112.3266
 20
72.6674
 30
0.0000
  0
SEQEND
  8
0
  0
POLYLINE
  8
25
 66
1
 10
0.0000
 20
0.0000
 30
0.0000
 40
0.0254
 41
0.0254
 70
0
  0
VERTEX
  8
25
 10
112.3327
 20
72.6785
 30
0.0000
 42
1.0000
  0
VERTEX
  8
25
 10
112.3206
 20
72.6562
 30
0.0000
  0
SEQEND
  8
0
  0
POLYLINE
  8
25
 66
1
 10
0.0000
 20
0.0000
 30
0.0000
 40
0.0254
 41
0.0254
 70
0
  0
VERTEX
  8
25
 10
112.4913
 20
72.5631
 30
0.0000
 42
1.0000
  0
VERTEX
  8
25
 10
112.5035
 20
72.5854
 30
0.0000
  0
SEQEND
  8
0
  0
POLYLINE
  8
25
 66
1
 10
0.0000
 20
0.0000
 30
0.0000
 40
0.0508
 41
0.0508
 70
0
  0
VERTEX
  8
25
 10
112.8060
 20
72.6518
 30
0.0000
  0
VERTEX
  8
25
 10
112.9612
 20
72.6518
 30
0.0000
  0
SEQEND
  8
0
  0
POLYLINE
  8
25
 66
1
 10
0.0000
 20
0.0000
 30
0.0000
 40
0.0254
 41
0.0254
 70
0
  0
VERTEX
  8
25
 10
112.9612
 20
72.6391
 30
0.0000
 42
1.0000
  0
VERTEX
  8
25
 10
112.9612
 20
72.6645
 30
0.0000
  0
SEQEND
  8
0
  0
POLYLINE
  8
25
 66
1
 10
0.0000
 20
0.0000
 30
0.0000
 40
0.0254
 41
0.0254
 70
0
  0
VERTEX
  8
25
 10
112.8060
 20
72.6645
 30
0.0000
 42
1.0000
  0
VERTEX
  8
25
 10
112.8060
 20
72.6391
 30
0.0000
  0
SEQEND
  8
0
  0
POLYLINE
  8
25
 66
1
 10
0.0000
 20
0.0000
 30
0.0000
 40
0.0508
 41
0.0508
 70
0
  0
VERTEX
  8
25
 10
112.9612
 20
72.3414
 30
0.0000
 42
1.0000
  0
VERTEX
  8
25
 10
112.9612
 20
72.6518
 30
0.0000
  0
SEQEND
  8
0
  0
POLYLINE
  8
25
 66
1
 10
0.0000
 20
0.0000
 30
0.0000
 40
0.0254
 41
0.0254
 70
0
  0
VERTEX
  8
25
 10
112.9612
 20
72.3541
 30
0.0000
 42
1.0000
  0
VERTEX
  8
25
 10
112.9612
 20
72.3287
 30
0.0000
  0
SEQEND
  8
0
  0
POLYLINE
  8
25
 66
1
 10
0.0000
 20
0.0000
 30
0.0000
 40
0.0254
 41
0.0254
 70
0
  0
VERTEX
  8
25
 10
112.9612
 20
72.6645
 30
0.0000
 42
1.0000
  0
VERTEX
  8
25
 10
112.9612
 20
72.6391
 30
0.0000
  0
SEQEND
  8
0
  0
POLYLINE
  8
25
 66
1
 10
0.0000
 20
0.0000
 30
0.0000
 40
0.0508
 41
0.0508
 70
0
  0
VERTEX
  8
25
 10
112.9612
 20
72.3414
 30
0.0000
  0
VERTEX
  8
25
 10
112.8060
 20
72.3414
 30
0.0000
  0
SEQEND
  8
0
  0
POLYLINE
  8
25
 66
1
 10
0.0000
 20
0.0000
 30
0.0000
 40
0.0254
 41
0.0254
 70
0
  0
VERTEX
  8
25
 10
112.8060
 20
72.3541
 30
0.0000
 42
1.0000
  0
VERTEX
  8
25
 10
112.8060
 20
72.3287
 30
0.0000
  0
SEQEND
  8
0
  0
POLYLINE
  8
25
 66
1
 10
0.0000
 20
0.0000
 30
0.0000
 40
0.0254
 41
0.0254
 70
0
  0
VERTEX
  8
25
 10
112.9612
 20
72.3287
 30
0.0000
 42
1.0000
  0
VERTEX
  8
25
 10
112.9612
 20
72.3541
 30
0.0000
  0
SEQEND
  8
0
  0
POLYLINE
  8
25
 66
1
 10
0.0000
 20
0.0000
 30
0.0000
 40
0.0508
 41
0.0508
 70
0
  0
VERTEX
  8
25
 10
112.8060
 20
72.3414
 30
0.0000
  0
VERTEX
  8
25
 10
112.8060
 20
72.9002
 30
0.0000
  0
SEQEND
  8
0
  0
POLYLINE
  8
25
 66
1
 10
0.0000
 20
0.0000
 30
0.0000
 40
0.0254
 41
0.0254
 70
0
  0
VERTEX
  8
25
 10
112.8187
 20
72.9002
 30
0.0000
 42
1.0000
  0
VERTEX
  8
25
 10
112.7933
 20
72.9002
 30
0.0000
  0
SEQEND
  8
0
  0
POLYLINE
  8
25
 66
1
 10
0.0000
 20
0.0000
 30
0.0000
 40
0.0254
 41
0.0254
 70
0
  0
VERTEX
  8
25
 10
112.7933
 20
72.3414
 30
0.0000
 42
1.0000
  0
VERTEX
  8
25
 10
112.8187
 20
72.3414
 30
0.0000
  0
SEQEND
  8
0
  0
POLYLINE
  8
25
 66
1
 10
0.0000
 20
0.0000
 30
0.0000
 40
0.0508
 41
0.0508
 70
0
  0
VERTEX
  8
25
 10
112.8060
 20
72.9002
 30
0.0000
  0
VERTEX
  8
25
 10
112.9612
 20
72.9002
 30
0.0000
  0
SEQEND
  8
0
  0
POLYLINE
  8
25
 66
1
 10
0.0000
 20
0.0000
 30
0.0000
 40
0.0254
 41
0.0254
 70
0
  0
VERTEX
  8
25
 10
112.9612
 20
72.8875
 30
0.0000
 42
1.0000
  0
VERTEX
  8
25
 10
112.9612
 20
72.9129
 30
0.0000
  0
SEQEND
  8
0
  0
POLYLINE
  8
25
 66
1
 10
0.0000
 20
0.0000
 30
0.0000
 40
0.0254
 41
0.0254
 70
0
  0
VERTEX
  8
25
 10
112.8060
 20
72.9129
 30
0.0000
 42
1.0000
  0
VERTEX
  8
25
 10
112.8060
 20
72.8875
 30
0.0000
  0
SEQEND
  8
0
  0
POLYLINE
  8
25
 66
1
 10
0.0000
 20
0.0000
 30
0.0000
 40
0.0508
 41
0.0508
 70
0
  0
VERTEX
  8
25
 10
112.9612
 20
72.6518
 30
0.0000
 42
1.0000
  0
VERTEX
  8
25
 10
112.9612
 20
72.9002
 30
0.0000
  0
SEQEND
  8
0
  0
POLYLINE
  8
25
 66
1
 10
0.0000
 20
0.0000
 30
0.0000
 40
0.0254
 41
0.0254
 70
0
  0
VERTEX
  8
25
 10
112.9612
 20
72.6645
 30
0.0000
 42
1.0000
  0
VERTEX
  8
25
 10
112.9612
 20
72.6391
 30
0.0000
  0
SEQEND
  8
0
  0
POLYLINE
  8
25
 66
1
 10
0.0000
 20
0.0000
 30
0.0000
 40
0.0254
 41
0.0254
 70
0
  0
VERTEX
  8
25
 10
112.9612
 20
72.9129
 30
0.0000
 42
1.0000
  0
VERTEX
  8
25
 10
112.9612
 20
72.8875
 30
0.0000
  0
SEQEND
  8
0
  0
POLYLINE
  8
25
 66
1
 10
0.0000
 20
0.0000
 30
0.0000
 40
0.0508
 41
0.0508
 70
0
  0
VERTEX
  8
25
 10
113.3336
 20
72.5587
 30
0.0000
  0
VERTEX
  8
25
 10
113.7061
 20
72.5587
 30
0.0000
  0
SEQEND
  8
0
  0
POLYLINE
  8
25
 66
1
 10
0.0000
 20
0.0000
 30
0.0000
 40
0.0254
 41
0.0254
 70
0
  0
VERTEX
  8
25
 10
113.7061
 20
72.5460
 30
0.0000
 42
1.0000
  0
VERTEX
  8
25
 10
113.7061
 20
72.5714
 30
0.0000
  0
SEQEND
  8
0
  0
POLYLINE
  8
25
 66
1
 10
0.0000
 20
0.0000
 30
0.0000
 40
0.0254
 41
0.0254
 70
0
  0
VERTEX
  8
25
 10
113.3336
 20
72.5714
 30
0.0000
 42
1.0000
  0
VERTEX
  8
25
 10
113.3336
 20
72.5460
 30
0.0000
  0
SEQEND
  8
0
  0
POLYLINE
  8
25
 66
1
 10
0.0000
 20
0.0000
 30
0.0000
 40
0.0508
 41
0.0508
 70
0
  0
VERTEX
  8
25
 10
113.5198
 20
72.3724
 30
0.0000
  0
VERTEX
  8
25
 10
113.5198
 20
72.7450
 30
0.0000
  0
SEQEND
  8
0
  0
POLYLINE
  8
25
 66
1
 10
0.0000
 20
0.0000
 30
0.0000
 40
0.0254
 41
0.0254
 70
0
  0
VERTEX
  8
25
 10
113.5325
 20
72.7450
 30
0.0000
 42
1.0000
  0
VERTEX
  8
25
 10
113.5071
 20
72.7450
 30
0.0000
  0
SEQEND
  8
0
  0
POLYLINE
  8
25
 66
1
 10
0.0000
 20
0.0000
 30
0.0000
 40
0.0254
 41
0.0254
 70
0
  0
VERTEX
  8
25
 10
113.5071
 20
72.3724
 30
0.0000
 42
1.0000
  0
VERTEX
  8
25
 10
113.5325
 20
72.3724
 30
0.0000
  0
SEQEND
  8
0
  0
POINT
  8
23
 10
115.3100
 20
71.3000
 30
0.0000
  0
INSERT
  8
1
  2
PIE
 10
115.3100
 20
71.3000
 30
0.0000
 41
1.2700
 42
1.2700
 43
1.0000
 50
0.0000
  0
POLYLINE
  8
25
 66
1
 10
0.0000
 20
0.0000
 30
0.0000
 40
0.0508
 41
0.0508
 70
0
  0
VERTEX
  8
25
 10
114.7004
 20
72.9002
 30
0.0000
  0
VERTEX
  8
25
 10
114.7004
 20
72.4966
 30
0.0000
  0
SEQEND
  8
0
  0
POLYLINE
  8
25
 66
1
 10
0.0000
 20
0.0000
 30
0.0000
 40
0.0254
 41
0.0254
 70
0
  0
VERTEX
  8
25
 10
114.6877
 20
72.4966
 30
0.0000
 42
1.0000
  0
VERTEX
  8
25
 10
114.7131
 20
72.4966
 30
0.0000
  0
SEQEND
  8
0
  0
POLYLINE
  8
25
 66
1
 10
0.0000
 20
0.0000
 30
0.0000
 40
0.0254
 41
0.0254
 70
0
  0
VERTEX
  8
25
 10
114.7131
 20
72.9002
 30
0.0000
 42
1.0000
  0
VERTEX
  8
25
 10
114.6877
 20
72.9002
 30
0.0000
  0
SEQEND
  8
0
  0
POLYLINE
  8
25
 66
1
 10
0.0000
 20
0.0000
 30
0.0000
 40
0.0508
 41
0.0508
 70
0
  0
VERTEX
  8
25
 10
114.7004
 20
72.4966
 30
0.0000
 42
1.0000
  0
VERTEX
  8
25
 10
115.0108
 20
72.4966
 30
0.0000
  0
SEQEND
  8
0
  0
POLYLINE
  8
25
 66
1
 10
0.0000
 20
0.0000
 30
0.0000
 40
0.0254
 41
0.0254
 70
0
  0
VERTEX
  8
25
 10
114.7131
 20
72.4966
 30
0.0000
 42
1.0000
  0
VERTEX
  8
25
 10
114.6877
 20
72.4966
 30
0.0000
  0
SEQEND
  8
0
  0
POLYLINE
  8
25
 66
1
 10
0.0000
 20
0.0000
 30
0.0000
 40
0.0254
 41
0.0254
 70
0
  0
VERTEX
  8
25
 10
115.0235
 20
72.4966
 30
0.0000
 42
1.0000
  0
VERTEX
  8
25
 10
114.9981
 20
72.4966
 30
0.0000
  0
SEQEND
  8
0
  0
POLYLINE
  8
25
 66
1
 10
0.0000
 20
0.0000
 30
0.0000
 40
0.0508
 41
0.0508
 70
0
  0
VERTEX
  8
25
 10
115.0108
 20
72.4966
 30
0.0000
  0
VERTEX
  8
25
 10
115.0108
 20
72.9002
 30
0.0000
  0
SEQEND
  8
0
  0
POLYLINE
  8
25
 66
1
 10
0.0000
 20
0.0000
 30
0.0000
 40
0.0254
 41
0.0254
 70
0
  0
VERTEX
  8
25
 10
115.0235
 20
72.9002
 30
0.0000
 42
1.0000
  0
VERTEX
  8
25
 10
114.9981
 20
72.9002
 30
0.0000
  0
SEQEND
  8
0
  0
POLYLINE
  8
25
 66
1
 10
0.0000
 20
0.0000
 30
0.0000
 40
0.0254
 41
0.0254
 70
0
  0
VERTEX
  8
25
 10
114.9981
 20
72.4966
 30
0.0000
 42
1.0000
  0
VERTEX
  8
25
 10
115.0235
 20
72.4966
 30
0.0000
  0
SEQEND
  8
0
  0
POLYLINE
  8
25
 66
1
 10
0.0000
 20
0.0000
 30
0.0000
 40
0.0508
 41
0.0508
 70
0
  0
VERTEX
  8
25
 10
115.4353
 20
72.3414
 30
0.0000
 42
0.4142
  0
VERTEX
  8
25
 10
115.5595
 20
72.4656
 30
0.0000
  0
SEQEND
  8
0
  0
POLYLINE
  8
25
 66
1
 10
0.0000
 20
0.0000
 30
0.0000
 40
0.0254
 41
0.0254
 70
0
  0
VERTEX
  8
25
 10
115.4353
 20
72.3541
 30
0.0000
 42
1.0000
  0
VERTEX
  8
25
 10
115.4353
 20
72.3287
 30
0.0000
  0
SEQEND
  8
0
  0
POLYLINE
  8
25
 66
1
 10
0.0000
 20
0.0000
 30
0.0000
 40
0.0254
 41
0.0254
 70
0
  0
VERTEX
  8
25
 10
115.5722
 20
72.4656
 30
0.0000
 42
1.0000
  0
VERTEX
  8
25
 10
115.5468
 20
72.4656
 30
0.0000
  0
SEQEND
  8
0
  0
POLYLINE
  8
25
 66
1
 10
0.0000
 20
0.0000
 30
0.0000
 40
0.0508
 41
0.0508
 70
0
  0
VERTEX
  8
25
 10
115.2490
 20
72.4190
 30
0.0000
 42
0.2000
  0
VERTEX
  8
25
 10
115.4353
 20
72.3414
 30
0.0000
  0
SEQEND
  8
0
  0
POLYLINE
  8
25
 66
1
 10
0.0000
 20
0.0000
 30
0.0000
 40
0.0254
 41
0.0254
 70
0
  0
VERTEX
  8
25
 10
115.2581
 20
72.4280
 30
0.0000
 42
1.0000
  0
VERTEX
  8
25
 10
115.2400
 20
72.4101
 30
0.0000
  0
SEQEND
  8
0
  0
POLYLINE
  8
25
 66
1
 10
0.0000
 20
0.0000
 30
0.0000
 40
0.0254
 41
0.0254
 70
0
  0
VERTEX
  8
25
 10
115.4353
 20
72.3287
 30
0.0000
 42
1.0000
  0
VERTEX
  8
25
 10
115.4353
 20
72.3541
 30
0.0000
  0
SEQEND
  8
0
  0
POLYLINE
  8
25
 66
1
 10
0.0000
 20
0.0000
 30
0.0000
 40
0.0508
 41
0.0508
 70
0
  0
VERTEX
  8
25
 10
115.3887
 20
72.9002
 30
0.0000
 42
0.4142
  0
VERTEX
  8
25
 10
115.2646
 20
72.7760
 30
0.0000
  0
SEQEND
  8
0
  0
POLYLINE
  8
25
 66
1
 10
0.0000
 20
0.0000
 30
0.0000
 40
0.0254
 41
0.0254
 70
0
  0
VERTEX
  8
25
 10
115.3887
 20
72.8875
 30
0.0000
 42
1.0000
  0
VERTEX
  8
25
 10
115.3887
 20
72.9129
 30
0.0000
  0
SEQEND
  8
0
  0
POLYLINE
  8
25
 66
1
 10
0.0000
 20
0.0000
 30
0.0000
 40
0.0254
 41
0.0254
 70
0
  0
VERTEX
  8
25
 10
115.2519
 20
72.7760
 30
0.0000
 42
1.0000
  0
VERTEX
  8
25
 10
115.2773
 20
72.7760
 30
0.0000
  0
SEQEND
  8
0
  0
POLYLINE
  8
25
 66
1
 10
0.0000
 20
0.0000
 30
0.0000
 40
0.0508
 41
0.0508
 70
0
  0
VERTEX
  8
25
 10
115.5284
 20
72.8536
 30
0.0000
 42
0.1623
  0
VERTEX
  8
25
 10
115.3887
 20
72.9002
 30
0.0000
  0
SEQEND
  8
0
  0
POLYLINE
  8
25
 66
1
 10
0.0000
 20
0.0000
 30
0.0000
 40
0.0254
 41
0.0254
 70
0
  0
VERTEX
  8
25
 10
115.5208
 20
72.8435
 30
0.0000
 42
1.0000
  0
VERTEX
  8
25
 10
115.5361
 20
72.8638
 30
0.0000
  0
SEQEND
  8
0
  0
POLYLINE
  8
25
 66
1
 10
0.0000
 20
0.0000
 30
0.0000
 40
0.0254
 41
0.0254
 70
0
  0
VERTEX
  8
25
 10
115.3887
 20
72.9129
 30
0.0000
 42
1.0000
  0
VERTEX
  8
25
 10
115.3887
 20
72.8875
 30
0.0000
  0
SEQEND
  8
0
  0
POLYLINE
  8
25
 66
1
 10
0.0000
 20
0.0000
 30
0.0000
 40
0.0508
 41
0.0508
 70
0
  0
VERTEX
  8
25
 10
115.2646
 20
72.7760
 30
0.0000
 42
0.2656
  0
VERTEX
  8
25
 10
115.3266
 20
72.6674
 30
0.0000
  0
SEQEND
  8
0
  0
POLYLINE
  8
25
 66
1
 10
0.0000
 20
0.0000
 30
0.0000
 40
0.0254
 41
0.0254
 70
0
  0
VERTEX
  8
25
 10
115.2773
 20
72.7760
 30
0.0000
 42
1.0000
  0
VERTEX
  8
25
 10
115.2519
 20
72.7760
 30
0.0000
  0
SEQEND
  8
0
  0
POLYLINE
  8
25
 66
1
 10
0.0000
 20
0.0000
 30
0.0000
 40
0.0254
 41
0.0254
 70
0
  0
VERTEX
  8
25
 10
115.3202
 20
72.6564
 30
0.0000
 42
1.0000
  0
VERTEX
  8
25
 10
115.3331
 20
72.6783
 30
0.0000
  0
SEQEND
  8
0
  0
POLYLINE
  8
25
 66
1
 10
0.0000
 20
0.0000
 30
0.0000
 40
0.0508
 41
0.0508
 70
0
  0
VERTEX
  8
25
 10
115.5595
 20
72.4656
 30
0.0000
 42
0.2656
  0
VERTEX
  8
25
 10
115.4974
 20
72.5742
 30
0.0000
  0
SEQEND
  8
0
  0
POLYLINE
  8
25
 66
1
 10
0.0000
 20
0.0000
 30
0.0000
 40
0.0254
 41
0.0254
 70
0
  0
VERTEX
  8
25
 10
115.5468
 20
72.4656
 30
0.0000
 42
1.0000
  0
VERTEX
  8
25
 10
115.5722
 20
72.4656
 30
0.0000
  0
SEQEND
  8
0
  0
POLYLINE
  8
25
 66
1
 10
0.0000
 20
0.0000
 30
0.0000
 40
0.0254
 41
0.0254
 70
0
  0
VERTEX
  8
25
 10
115.5038
 20
72.5852
 30
0.0000
 42
1.0000
  0
VERTEX
  8
25
 10
115.4909
 20
72.5633
 30
0.0000
  0
SEQEND
  8
0
  0
POLYLINE
  8
25
 66
1
 10
0.0000
 20
0.0000
 30
0.0000
 40
0.0508
 41
0.0508
 70
0
  0
VERTEX
  8
25
 10
115.4974
 20
72.5742
 30
0.0000
  0
VERTEX
  8
25
 10
115.3266
 20
72.6674
 30
0.0000
  0
SEQEND
  8
0
  0
POLYLINE
  8
25
 66
1
 10
0.0000
 20
0.0000
 30
0.0000
 40
0.0254
 41
0.0254
 70
0
  0
VERTEX
  8
25
 10
115.3327
 20
72.6785
 30
0.0000
 42
1.0000
  0
VERTEX
  8
25
 10
115.3206
 20
72.6562
 30
0.0000
  0
SEQEND
  8
0
  0
POLYLINE
  8
25
 66
1
 10
0.0000
 20
0.0000
 30
0.0000
 40
0.0254
 41
0.0254
 70
0
  0
VERTEX
  8
25
 10
115.4913
 20
72.5631
 30
0.0000
 42
1.0000
  0
VERTEX
  8
25
 10
115.5035
 20
72.5854
 30
0.0000
  0
SEQEND
  8
0
  0
POLYLINE
  8
25
 66
1
 10
0.0000
 20
0.0000
 30
0.0000
 40
0.0508
 41
0.0508
 70
0
  0
VERTEX
  8
25
 10
115.8060
 20
72.6518
 30
0.0000
  0
VERTEX
  8
25
 10
115.9612
 20
72.6518
 30
0.0000
  0
SEQEND
  8
0
  0
POLYLINE
  8
25
 66
1
 10
0.0000
 20
0.0000
 30
0.0000
 40
0.0254
 41
0.0254
 70
0
  0
VERTEX
  8
25
 10
115.9612
 20
72.6391
 30
0.0000
 42
1.0000
  0
VERTEX
  8
25
 10
115.9612
 20
72.6645
 30
0.0000
  0
SEQEND
  8
0
  0
POLYLINE
  8
25
 66
1
 10
0.0000
 20
0.0000
 30
0.0000
 40
0.0254
 41
0.0254
 70
0
  0
VERTEX
  8
25
 10
115.8060
 20
72.6645
 30
0.0000
 42
1.0000
  0
VERTEX
  8
25
 10
115.8060
 20
72.6391
 30
0.0000
  0
SEQEND
  8
0
  0
POLYLINE
  8
25
 66
1
 10
0.0000
 20
0.0000
 30
0.0000
 40
0.0508
 41
0.0508
 70
0
  0
VERTEX
  8
25
 10
115.9612
 20
72.3414
 30
0.0000
 42
1.0000
  0
VERTEX
  8
25
 10
115.9612
 20
72.6518
 30
0.0000
  0
SEQEND
  8
0
  0
POLYLINE
  8
25
 66
1
 10
0.0000
 20
0.0000
 30
0.0000
 40
0.0254
 41
0.0254
 70
0
  0
VERTEX
  8
25
 10
115.9612
 20
72.3541
 30
0.0000
 42
1.0000
  0
VERTEX
  8
25
 10
115.9612
 20
72.3287
 30
0.0000
  0
SEQEND
  8
0
  0
POLYLINE
  8
25
 66
1
 10
0.0000
 20
0.0000
 30
0.0000
 40
0.0254
 41
0.0254
 70
0
  0
VERTEX
  8
25
 10
115.9612
 20
72.6645
 30
0.0000
 42
1.0000
  0
VERTEX
  8
25
 10
115.9612
 20
72.6391
 30
0.0000
  0
SEQEND
  8
0
  0
POLYLINE
  8
25
 66
1
 10
0.0000
 20
0.0000
 30
0.0000
 40
0.0508
 41
0.0508
 70
0
  0
VERTEX
  8
25
 10
115.9612
 20
72.3414
 30
0.0000
  0
VERTEX
  8
25
 10
115.8060
 20
72.3414
 30
0.0000
  0
SEQEND
  8
0
  0
POLYLINE
  8
25
 66
1
 10
0.0000
 20
0.0000
 30
0.0000
 40
0.0254
 41
0.0254
 70
0
  0
VERTEX
  8
25
 10
115.8060
 20
72.3541
 30
0.0000
 42
1.0000
  0
VERTEX
  8
25
 10
115.8060
 20
72.3287
 30
0.0000
  0
SEQEND
  8
0
  0
POLYLINE
  8
25
 66
1
 10
0.0000
 20
0.0000
 30
0.0000
 40
0.0254
 41
0.0254
 70
0
  0
VERTEX
  8
25
 10
115.9612
 20
72.3287
 30
0.0000
 42
1.0000
  0
VERTEX
  8
25
 10
115.9612
 20
72.3541
 30
0.0000
  0
SEQEND
  8
0
  0
POLYLINE
  8
25
 66
1
 10
0.0000
 20
0.0000
 30
0.0000
 40
0.0508
 41
0.0508
 70
0
  0
VERTEX
  8
25
 10
115.8060
 20
72.3414
 30
0.0000
  0
VERTEX
  8
25
 10
115.8060
 20
72.9002
 30
0.0000
  0
SEQEND
  8
0
  0
POLYLINE
  8
25
 66
1
 10
0.0000
 20
0.0000
 30
0.0000
 40
0.0254
 41
0.0254
 70
0
  0
VERTEX
  8
25
 10
115.8187
 20
72.9002
 30
0.0000
 42
1.0000
  0
VERTEX
  8
25
 10
115.7933
 20
72.9002
 30
0.0000
  0
SEQEND
  8
0
  0
POLYLINE
  8
25
 66
1
 10
0.0000
 20
0.0000
 30
0.0000
 40
0.0254
 41
0.0254
 70
0
  0
VERTEX
  8
25
 10
115.7933
 20
72.3414
 30
0.0000
 42
1.0000
  0
VERTEX
  8
25
 10
115.8187
 20
72.3414
 30
0.0000
  0
SEQEND
  8
0
  0
POLYLINE
  8
25
 66
1
 10
0.0000
 20
0.0000
 30
0.0000
 40
0.0508
 41
0.0508
 70
0
  0
VERTEX
  8
25
 10
115.8060
 20
72.9002
 30
0.0000
  0
VERTEX
  8
25
 10
115.9612
 20
72.9002
 30
0.0000
  0
SEQEND
  8
0
  0
POLYLINE
  8
25
 66
1
 10
0.0000
 20
0.0000
 30
0.0000
 40
0.0254
 41
0.0254
 70
0
  0
VERTEX
  8
25
 10
115.9612
 20
72.8875
 30
0.0000
 42
1.0000
  0
VERTEX
  8
25
 10
115.9612
 20
72.9129
 30
0.0000
  0
SEQEND
  8
0
  0
POLYLINE
  8
25
 66
1
 10
0.0000
 20
0.0000
 30
0.0000
 40
0.0254
 41
0.0254
 70
0
  0
VERTEX
  8
25
 10
115.8060
 20
72.9129
 30
0.0000
 42
1.0000
  0
VERTEX
  8
25
 10
115.8060
 20
72.8875
 30
0.0000
  0
SEQEND
  8
0
  0
POLYLINE
  8
25
 66
1
 10
0.0000
 20
0.0000
 30
0.0000
 40
0.0508
 41
0.0508
 70
0
  0
VERTEX
  8
25
 10
115.9612
 20
72.6518
 30
0.0000
 42
1.0000
  0
VERTEX
  8
25
 10
115.9612
 20
72.9002
 30
0.0000
  0
SEQEND
  8
0
  0
POLYLINE
  8
25
 66
1
 10
0.0000
 20
0.0000
 30
0.0000
 40
0.0254
 41
0.0254
 70
0
  0
VERTEX
  8
25
 10
115.9612
 20
72.6645
 30
0.0000
 42
1.0000
  0
VERTEX
  8
25
 10
115.9612
 20
72.6391
 30
0.0000
  0
SEQEND
  8
0
  0
POLYLINE
  8
25
 66
1
 10
0.0000
 20
0.0000
 30
0.0000
 40
0.0254
 41
0.0254
 70
0
  0
VERTEX
  8
25
 10
115.9612
 20
72.9129
 30
0.0000
 42
1.0000
  0
VERTEX
  8
25
 10
115.9612
 20
72.8875
 30
0.0000
  0
SEQEND
  8
0
  0
POLYLINE
  8
25
 66
1
 10
0.0000
 20
0.0000
 30
0.0000
 40
0.0508
 41
0.0508
 70
0
  0
VERTEX
  8
25
 10
116.3336
 20
72.5587
 30
0.0000
  0
VERTEX
  8
25
 10
116.7061
 20
72.5587
 30
0.0000
  0
SEQEND
  8
0
  0
POLYLINE
  8
25
 66
1
 10
0.0000
 20
0.0000
 30
0.0000
 40
0.0254
 41
0.0254
 70
0
  0
VERTEX
  8
25
 10
116.7061
 20
72.5460
 30
0.0000
 42
1.0000
  0
VERTEX
  8
25
 10
116.7061
 20
72.5714
 30
0.0000
  0
SEQEND
  8
0
  0
POLYLINE
  8
25
 66
1
 10
0.0000
 20
0.0000
 30
0.0000
 40
0.0254
 41
0.0254
 70
0
  0
VERTEX
  8
25
 10
116.3336
 20
72.5714
 30
0.0000
 42
1.0000
  0
VERTEX
  8
25
 10
116.3336
 20
72.5460
 30
0.0000
  0
SEQEND
  8
0
  0
POLYLINE
  8
1
 66
1
 10
0.0000
 20
0.0000
 30
0.0000
 40
0.5080
 41
0.5080
 70
0
  0
VERTEX
  8
1
 10
108.5800
 20
89.0700
 30
0.0000
  0
VERTEX
  8
1
 10
111.1900
 20
89.0700
 30
0.0000
  0
SEQEND
  8
0
  0
POLYLINE
  8
1
 66
1
 10
0.0000
 20
0.0000
 30
0.0000
 40
0.2540
 41
0.2540
 70
0
  0
VERTEX
  8
1
 10
111.1900
 20
88.9430
 30
0.0000
 42
1.0000
  0
VERTEX
  8
1
 10
111.1900
 20
89.1970
 30
0.0000
  0
SEQEND
  8
0
  0
POLYLINE
  8
1
 66
1
 10
0.0000
 20
0.0000
 30
0.0000
 40
0.2540
 41
0.2540
 70
0
  0
VERTEX
  8
1
 10
108.5800
 20
89.1970
 30
0.0000
 42
1.0000
  0
VERTEX
  8
1
 10
108.5800
 20
88.9430
 30
0.0000
  0
SEQEND
  8
0
  0
POLYLINE
  8
1
 66
1
 10
0.0000
 20
0.0000
 30
0.0000
 40
0.5080
 41
0.5080
 70
0
  0
VERTEX
  8
1
 10
111.1900
 20
89.0700
 30
0.0000
  0
VERTEX
  8
1
 10
111.2100
 20
89.0500
 30
0.0000
  0
SEQEND
  8
0
  0
POLYLINE
  8
1
 66
1
 10
0.0000
 20
0.0000
 30
0.0000
 40
0.2540
 41
0.2540
 70
0
  0
VERTEX
  8
1
 10
111.1202
 20
88.9602
 30
0.0000
 42
1.0000
  0
VERTEX
  8
1
 10
111.2998
 20
89.1398
 30
0.0000
  0
SEQEND
  8
0
  0
POLYLINE
  8
1
 66
1
 10
0.0000
 20
0.0000
 30
0.0000
 40
0.2540
 41
0.2540
 70
0
  0
VERTEX
  8
1
 10
111.2798
 20
89.1598
 30
0.0000
 42
1.0000
  0
VERTEX
  8
1
 10
111.1002
 20
88.9802
 30
0.0000
  0
SEQEND
  8
0
  0
POLYLINE
  8
1
 66
1
 10
0.0000
 20
0.0000
 30
0.0000
 40
0.5080
 41
0.5080
 70
0
  0
VERTEX
  8
1
 10
108.5800
 20
89.0700
 30
0.0000
  0
VERTEX
  8
1
 10
105.8100
 20
89.0700
 30
0.0000
  0
SEQEND
  8
0
  0
POLYLINE
  8
1
 66
1
 10
0.0000
 20
0.0000
 30
0.0000
 40
0.2540
 41
0.2540
 70
0
  0
VERTEX
  8
1
 10
105.8100
 20
89.1970
 30
0.0000
 42
1.0000
  0
VERTEX
  8
1
 10
105.8100
 20
88.9430
 30
0.0000
  0
SEQEND
  8
0
  0
POLYLINE
  8
1
 66
1
 10
0.0000
 20
0.0000
 30
0.0000
 40
0.2540
 41
0.2540
 70
0
  0
VERTEX
  8
1
 10
108.5800
 20
88.9430
 30
0.0000
 42
1.0000
  0
VERTEX
  8
1
 10
108.5800
 20
89.1970
 30
0.0000
  0
SEQEND
  8
0
  0
POLYLINE
  8
1
 66
1
 10
0.0000
 20
0.0000
 30
0.0000
 40
0.5080
 41
0.5080
 70
0
  0
VERTEX
  8
1
 10
105.8100
 20
89.0700
 30
0.0000
  0
VERTEX
  8
1
 10
105.7200
 20
89.1600
 30
0.0000
  0
SEQEND
  8
0
  0
POLYLINE
  8
1
 66
1
 10
0.0000
 20
0.0000
 30
0.0000
 40
0.2540
 41
0.2540
 70
0
  0
VERTEX
  8
1
 10
105.8098
 20
89.2498
 30
0.0000
 42
1.0000
  0
VERTEX
  8
1
 10
105.6302
 20
89.0702
 30
0.0000
  0
SEQEND
  8
0
  0
POLYLINE
  8
1
 66
1
 10
0.0000
 20
0.0000
 30
0.0000
 40
0.2540
 41
0.2540
 70
0
  0
VERTEX
  8
1
 10
105.7202
 20
88.9802
 30
0.0000
 42
1.0000
  0
VERTEX
  8
1
 10
105.8998
 20
89.1598
 30
0.0000
  0
SEQEND
  8
0
  0
POLYLINE
  8
1
 66
1
 10
0.0000
 20
0.0000
 30
0.0000
 40
0.5080
 41
0.5080
 70
0
  0
VERTEX
  8
1
 10
104.0300
 20
89.0700
 30
0.0000
  0
VERTEX
  8
1
 10
104.1200
 20
89.1600
 30
0.0000
  0
SEQEND
  8
0
  0
POLYLINE
  8
1
 66
1
 10
0.0000
 20
0.0000
 30
0.0000
 40
0.2540
 41
0.2540
 70
0
  0
VERTEX
  8
1
 10
104.2098
 20
89.0702
 30
0.0000
 42
1.0000
  0
VERTEX
  8
1
 10
104.0302
 20
89.2498
 30
0.0000
  0
SEQEND
  8
0
  0
POLYLINE
  8
1
 66
1
 10
0.0000
 20
0.0000
 30
0.0000
 40
0.2540
 41
0.2540
 70
0
  0
VERTEX
  8
1
 10
103.9402
 20
89.1598
 30
0.0000
 42
1.0000
  0
VERTEX
  8
1
 10
104.1198
 20
88.9802
 30
0.0000
  0
SEQEND
  8
0
  0
POLYLINE
  8
1
 66
1
 10
0.0000
 20
0.0000
 30
0.0000
 40
0.5080
 41
0.5080
 70
0
  0
VERTEX
  8
1
 10
104.1200
 20
89.1600
 30
0.0000
  0
VERTEX
  8
1
 10
105.7200
 20
89.1600
 30
0.0000
  0
SEQEND
  8
0
  0
POLYLINE
  8
1
 66
1
 10
0.0000
 20
0.0000
 30
0.0000
 40
0.2540
 41
0.2540
 70
0
  0
VERTEX
  8
1
 10
105.7200
 20
89.0330
 30
0.0000
 42
1.0000
  0
VERTEX
  8
1
 10
105.7200
 20
89.2870
 30
0.0000
  0
SEQEND
  8
0
  0
POLYLINE
  8
1
 66
1
 10
0.0000
 20
0.0000
 30
0.0000
 40
0.2540
 41
0.2540
 70
0
  0
VERTEX
  8
1
 10
104.1200
 20
89.2870
 30
0.0000
 42
1.0000
  0
VERTEX
  8
1
 10
104.1200
 20
89.0330
 30
0.0000
  0
SEQEND
  8
0
  0
POLYLINE
  8
1
 66
1
 10
0.0000
 20
0.0000
 30
0.0000
 40
0.5080
 41
0.5080
 70
0
  0
VERTEX
  8
1
 10
105.9000
 20
78.9450
 30
0.0000
  0
VERTEX
  8
1
 10
105.8800
 20
78.9250
 30
0.0000
  0
SEQEND
  8
0
  0
POLYLINE
  8
1
 66
1
 10
0.0000
 20
0.0000
 30
0.0000
 40
0.2540
 41
0.2540
 70
0
  0
VERTEX
  8
1
 10
105.7902
 20
79.0148
 30
0.0000
 42
1.0000
  0
VERTEX
  8
1
 10
105.9698
 20
78.8352
 30
0.0000
  0
SEQEND
  8
0
  0
POLYLINE
  8
1
 66
1
 10
0.0000
 20
0.0000
 30
0.0000
 40
0.2540
 41
0.2540
 70
0
  0
VERTEX
  8
1
 10
105.9898
 20
78.8552
 30
0.0000
 42
1.0000
  0
VERTEX
  8
1
 10
105.8102
 20
79.0348
 30
0.0000
  0
SEQEND
  8
0
  0
POLYLINE
  8
1
 66
1
 10
0.0000
 20
0.0000
 30
0.0000
 40
0.5080
 41
0.5080
 70
0
  0
VERTEX
  8
1
 10
105.8800
 20
78.9250
 30
0.0000
  0
VERTEX
  8
1
 10
104.6150
 20
78.9250
 30
0.0000
  0
SEQEND
  8
0
  0
POLYLINE
  8
1
 66
1
 10
0.0000
 20
0.0000
 30
0.0000
 40
0.2540
 41
0.2540
 70
0
  0
VERTEX
  8
1
 10
104.6150
 20
79.0520
 30
0.0000
 42
1.0000
  0
VERTEX
  8
1
 10
104.6150
 20
78.7980
 30
0.0000
  0
SEQEND
  8
0
  0
POLYLINE
  8
1
 66
1
 10
0.0000
 20
0.0000
 30
0.0000
 40
0.2540
 41
0.2540
 70
0
  0
VERTEX
  8
1
 10
105.8800
 20
78.7980
 30
0.0000
 42
1.0000
  0
VERTEX
  8
1
 10
105.8800
 20
79.0520
 30
0.0000
  0
SEQEND
  8
0
  0
POLYLINE
  8
1
 66
1
 10
0.0000
 20
0.0000
 30
0.0000
 40
0.5080
 41
0.5080
 70
0
  0
VERTEX
  8
1
 10
104.6150
 20
78.9250
 30
0.0000
  0
VERTEX
  8
1
 10
103.3500
 20
80.1900
 30
0.0000
  0
SEQEND
  8
0
  0
POLYLINE
  8
1
 66
1
 10
0.0000
 20
0.0000
 30
0.0000
 40
0.2540
 41
0.2540
 70
0
  0
VERTEX
  8
1
 10
103.4398
 20
80.2798
 30
0.0000
 42
1.0000
  0
VERTEX
  8
1
 10
103.2602
 20
80.1002
 30
0.0000
  0
SEQEND
  8
0
  0
POLYLINE
  8
1
 66
1
 10
0.0000
 20
0.0000
 30
0.0000
 40
0.2540
 41
0.2540
 70
0
  0
VERTEX
  8
1
 10
104.5252
 20
78.8352
 30
0.0000
 42
1.0000
  0
VERTEX
  8
1
 10
104.7048
 20
79.0148
 30
0.0000
  0
SEQEND
  8
0
  0
POLYLINE
  8
1
 66
1
 10
0.0000
 20
0.0000
 30
0.0000
 40
0.5080
 41
0.5080
 70
0
  0
VERTEX
  8
1
 10
103.3500
 20
88.3900
 30
0.0000
  0
VERTEX
  8
1
 10
104.0300
 20
89.0700
 30
0.0000
  0
SEQEND
  8
0
  0
POLYLINE
  8
1
 66
1
 10
0.0000
 20
0.0000
 30
0.0000
 40
0.2540
 41
0.2540
 70
0
  0
VERTEX
  8
1
 10
104.1198
 20
88.9802
 30
0.0000
 42
1.0000
  0
VERTEX
  8
1
 10
103.9402
 20
89.1598
 30
0.0000
  0
SEQEND
  8
0
  0
POLYLINE
  8
1
 66
1
 10
0.0000
 20
0.0000
 30
0.0000
 40
0.2540
 41
0.2540
 70
0
  0
VERTEX
  8
1
 10
103.2602
 20
88.4798
 30
0.0000
 42
1.0000
  0
VERTEX
  8
1
 10
103.4398
 20
88.3002
 30
0.0000
  0
SEQEND
  8
0
  0
POLYLINE
  8
1
 66
1
 10
0.0000
 20
0.0000
 30
0.0000
 40
0.5080
 41
0.5080
 70
0
  0
VERTEX
  8
1
 10
103.3500
 20
80.1900
 30
0.0000
  0
VERTEX
  8
1
 10
103.3500
 20
88.3900
 30
0.0000
  0
SEQEND
  8
0
  0
POLYLINE
  8
1
 66
1
 10
0.0000
 20
0.0000
 30
0.0000
 40
0.2540
 41
0.2540
 70
0
  0
VERTEX
  8
1
 10
103.4770
 20
88.3900
 30
0.0000
 42
1.0000
  0
VERTEX
  8
1
 10
103.2230
 20
88.3900
 30
0.0000
  0
SEQEND
  8
0
  0
POLYLINE
  8
1
 66
1
 10
0.0000
 20
0.0000
 30
0.0000
 40
0.2540
 41
0.2540
 70
0
  0
VERTEX
  8
1
 10
103.2230
 20
80.1900
 30
0.0000
 42
1.0000
  0
VERTEX
  8
1
 10
103.4770
 20
80.1900
 30
0.0000
  0
SEQEND
  8
0
  0
POLYLINE
  8
16
 66
1
 10
0.0000
 20
0.0000
 30
0.0000
 40
0.5080
 41
0.5080
 70
0
  0
VERTEX
  8
16
 10
102.5600
 20
83.7300
 30
0.0000
  0
VERTEX
  8
16
 10
102.5600
 20
88.8600
 30
0.0000
  0
SEQEND
  8
0
  0
POLYLINE
  8
16
 66
1
 10
0.0000
 20
0.0000
 30
0.0000
 40
0.2540
 41
0.2540
 70
0
  0
VERTEX
  8
16
 10
102.6870
 20
88.8600
 30
0.0000
 42
1.0000
  0
VERTEX
  8
16
 10
102.4330
 20
88.8600
 30
0.0000
  0
SEQEND
  8
0
  0
POLYLINE
  8
16
 66
1
 10
0.0000
 20
0.0000
 30
0.0000
 40
0.2540
 41
0.2540
 70
0
  0
VERTEX
  8
16
 10
102.4330
 20
83.7300
 30
0.0000
 42
1.0000
  0
VERTEX
  8
16
 10
102.6870
 20
83.7300
 30
0.0000
  0
SEQEND
  8
0
  0
POLYLINE
  8
16
 66
1
 10
0.0000
 20
0.0000
 30
0.0000
 40
0.5080
 41
0.5080
 70
0
  0
VERTEX
  8
16
 10
102.7700
 20
89.0700
 30
0.0000
  0
VERTEX
  8
16
 10
104.0300
 20
89.0700
 30
0.0000
  0
SEQEND
  8
0
  0
POLYLINE
  8
16
 66
1
 10
0.0000
 20
0.0000
 30
0.0000
 40
0.2540
 41
0.2540
 70
0
  0
VERTEX
  8
16
 10
104.0300
 20
88.9430
 30
0.0000
 42
1.0000
  0
VERTEX
  8
16
 10
104.0300
 20
89.1970
 30
0.0000
  0
SEQEND
  8
0
  0
POLYLINE
  8
16
 66
1
 10
0.0000
 20
0.0000
 30
0.0000
 40
0.2540
 41
0.2540
 70
0
  0
VERTEX
  8
16
 10
102.7700
 20
89.1970
 30
0.0000
 42
1.0000
  0
VERTEX
  8
16
 10
102.7700
 20
88.9430
 30
0.0000
  0
SEQEND
  8
0
  0
POLYLINE
  8
16
 66
1
 10
0.0000
 20
0.0000
 30
0.0000
 40
0.5080
 41
0.5080
 70
0
  0
VERTEX
  8
16
 10
102.5600
 20
88.8600
 30
0.0000
  0
VERTEX
  8
16
 10
102.7700
 20
89.0700
 30
0.0000
  0
SEQEND
  8
0
  0
POLYLINE
  8
16
 66
1
 10
0.0000
 20
0.0000
 30
0.0000
 40
0.2540
 41
0.2540
 70
0
  0
VERTEX
  8
16
 10
102.8598
 20
88.9802
 30
0.0000
 42
1.0000
  0
VERTEX
  8
16
 10
102.6802
 20
89.1598
 30
0.0000
  0
SEQEND
  8
0
  0
POLYLINE
  8
16
 66
1
 10
0.0000
 20
0.0000
 30
0.0000
 40
0.2540
 41
0.2540
 70
0
  0
VERTEX
  8
16
 10
102.4702
 20
88.9498
 30
0.0000
 42
1.0000
  0
VERTEX
  8
16
 10
102.6498
 20
88.7702
 30
0.0000
  0
SEQEND
  8
0
  0
POLYLINE
  8
1
 66
1
 10
0.0000
 20
0.0000
 30
0.0000
 40
0.5080
 41
0.5080
 70
0
  0
VERTEX
  8
1
 10
99.8956
 20
71.3000
 30
0.0000
  0
VERTEX
  8
1
 10
101.0400
 20
71.3000
 30
0.0000
  0
SEQEND
  8
0
  0
POLYLINE
  8
1
 66
1
 10
0.0000
 20
0.0000
 30
0.0000
 40
0.2540
 41
0.2540
 70
0
  0
VERTEX
  8
1
 10
101.0400
 20
71.1730
 30
0.0000
 42
1.0000
  0
VERTEX
  8
1
 10
101.0400
 20
71.4270
 30
0.0000
  0
SEQEND
  8
0
  0
POLYLINE
  8
1
 66
1
 10
0.0000
 20
0.0000
 30
0.0000
 40
0.2540
 41
0.2540
 70
0
  0
VERTEX
  8
1
 10
99.8956
 20
71.4270
 30
0.0000
 42
1.0000
  0
VERTEX
  8
1
 10
99.8956
 20
71.1730
 30
0.0000
  0
SEQEND
  8
0
  0
POLYLINE
  8
1
 66
1
 10
0.0000
 20
0.0000
 30
0.0000
 40
0.5080
 41
0.5080
 70
0
  0
VERTEX
  8
1
 10
105.8800
 20
76.1400
 30
0.0000
  0
VERTEX
  8
1
 10
105.8800
 20
78.9250
 30
0.0000
  0
SEQEND
  8
0
  0
POLYLINE
  8
1
 66
1
 10
0.0000
 20
0.0000
 30
0.0000
 40
0.2540
 41
0.2540
 70
0
  0
VERTEX
  8
1
 10
106.0070
 20
78.9250
 30
0.0000
 42
1.0000
  0
VERTEX
  8
1
 10
105.7530
 20
78.9250
 30
0.0000
  0
SEQEND
  8
0
  0
POLYLINE
  8
1
 66
1
 10
0.0000
 20
0.0000
 30
0.0000
 40
0.2540
 41
0.2540
 70
0
  0
VERTEX
  8
1
 10
105.7530
 20
76.1400
 30
0.0000
 42
1.0000
  0
VERTEX
  8
1
 10
106.0070
 20
76.1400
 30
0.0000
  0
SEQEND
  8
0
  0
POLYLINE
  8
1
 66
1
 10
0.0000
 20
0.0000
 30
0.0000
 40
0.5080
 41
0.5080
 70
0
  0
VERTEX
  8
1
 10
101.0400
 20
71.3000
 30
0.0000
  0
VERTEX
  8
1
 10
105.8800
 20
76.1400
 30
0.0000
  0
SEQEND
  8
0
  0
POLYLINE
  8
1
 66
1
 10
0.0000
 20
0.0000
 30
0.0000
 40
0.2540
 41
0.2540
 70
0
  0
VERTEX
  8
1
 10
105.9698
 20
76.0502
 30
0.0000
 42
1.0000
  0
VERTEX
  8
1
 10
105.7902
 20
76.2298
 30
0.0000
  0
SEQEND
  8
0
  0
POLYLINE
  8
1
 66
1
 10
0.0000
 20
0.0000
 30
0.0000
 40
0.2540
 41
0.2540
 70
0
  0
VERTEX
  8
1
 10
100.9502
 20
71.3898
 30
0.0000
 42
1.0000
  0
VERTEX
  8
1
 10
101.1298
 20
71.2102
 30
0.0000
  0
SEQEND
  8
0
  0
INSERT
  8
18
  2
ROUNDV
 10
104.0300
 20
89.0700
 30
0.0000
 41
0.7564
 42
0.7564
 43
1.0000
 50
0.0000
  0
INSERT
  8
18
  2
ROUNDV
 10
104.0300
 20
89.0700
 30
0.0000
 41
0.7564
 42
0.7564
 43
1.0000
 50
0.0000
  0
POLYLINE
  8
1
 66
1
 10
0.0000
 20
0.0000
 30
0.0000
 40
0.0762
 41
0.0762
 70
0
  0
VERTEX
  8
1
 10
98.2622
 20
76.3158
 30
0.0000
  0
VERTEX
  8
1
 10
101.8897
 20
80.6388
 30
0.0000
  0
SEQEND
  8
0
  0
POLYLINE
  8
1
 66
1
 10
0.0000
 20
0.0000
 30
0.0000
 40
0.0381
 41
0.0381
 70
0
  0
VERTEX
  8
1
 10
101.9043
 20
80.6266
 30
0.0000
 42
1.0000
  0
VERTEX
  8
1
 10
101.8751
 20
80.6511
 30
0.0000
  0
SEQEND
  8
0
  0
POLYLINE
  8
1
 66
1
 10
0.0000
 20
0.0000
 30
0.0000
 40
0.0381
 41
0.0381
 70
0
  0
VERTEX
  8
1
 10
98.2476
 20
76.3280
 30
0.0000
 42
1.0000
  0
VERTEX
  8
1
 10
98.2768
 20
76.3035
 30
0.0000
  0
SEQEND
  8
0
  0
POLYLINE
  8
1
 66
1
 10
0.0000
 20
0.0000
 30
0.0000
 40
0.0762
 41
0.0762
 70
0
  0
VERTEX
  8
1
 10
101.8897
 20
80.6388
 30
0.0000
  0
VERTEX
  8
1
 10
103.6613
 20
79.1522
 30
0.0000
  0
SEQEND
  8
0
  0
POLYLINE
  8
1
 66
1
 10
0.0000
 20
0.0000
 30
0.0000
 40
0.0381
 41
0.0381
 70
0
  0
VERTEX
  8
1
 10
103.6491
 20
79.1376
 30
0.0000
 42
1.0000
  0
VERTEX
  8
1
 10
103.6735
 20
79.1668
 30
0.0000
  0
SEQEND
  8
0
  0
POLYLINE
  8
1
 66
1
 10
0.0000
 20
0.0000
 30
0.0000
 40
0.0381
 41
0.0381
 70
0
  0
VERTEX
  8
1
 10
101.9019
 20
80.6534
 30
0.0000
 42
1.0000
  0
VERTEX
  8
1
 10
101.8774
 20
80.6242
 30
0.0000
  0
SEQEND
  8
0
  0
POLYLINE
  8
1
 66
1
 10
0.0000
 20
0.0000
 30
0.0000
 40
0.0762
 41
0.0762
 70
0
  0
VERTEX
  8
1
 10
103.6613
 20
79.1522
 30
0.0000
  0
VERTEX
  8
1
 10
100.0339
 20
74.8292
 30
0.0000
  0
SEQEND
  8
0
  0
POLYLINE
  8
1
 66
1
 10
0.0000
 20
0.0000
 30
0.0000
 40
0.0381
 41
0.0381
 70
0
  0
VERTEX
  8
1
 10
100.0193
 20
74.8415
 30
0.0000
 42
1.0000
  0
VERTEX
  8
1
 10
100.0485
 20
74.8170
 30
0.0000
  0
SEQEND
  8
0
  0
POLYLINE
  8
1
 66
1
 10
0.0000
 20
0.0000
 30
0.0000
 40
0.0381
 41
0.0381
 70
0
  0
VERTEX
  8
1
 10
103.6759
 20
79.1400
 30
0.0000
 42
1.0000
  0
VERTEX
  8
1
 10
103.6467
 20
79.1645
 30
0.0000
  0
SEQEND
  8
0
  0
POLYLINE
  8
1
 66
1
 10
0.0000
 20
0.0000
 30
0.0000
 40
0.0762
 41
0.0762
 70
0
  0
VERTEX
  8
1
 10
100.0339
 20
74.8292
 30
0.0000
  0
VERTEX
  8
1
 10
98.2622
 20
76.3158
 30
0.0000
  0
SEQEND
  8
0
  0
POLYLINE
  8
1
 66
1
 10
0.0000
 20
0.0000
 30
0.0000
 40
0.0381
 41
0.0381
 70
0
  0
VERTEX
  8
1
 10
98.2745
 20
76.3304
 30
0.0000
 42
1.0000
  0
VERTEX
  8
1
 10
98.2500
 20
76.3012
 30
0.0000
  0
SEQEND
  8
0
  0
POLYLINE
  8
1
 66
1
 10
0.0000
 20
0.0000
 30
0.0000
 40
0.0381
 41
0.0381
 70
0
  0
VERTEX
  8
1
 10
100.0216
 20
74.8146
 30
0.0000
 42
1.0000
  0
VERTEX
  8
1
 10
100.0461
 20
74.8438
 30
0.0000
  0
SEQEND
  8
0
  0
POLYLINE
  8
1
 66
1
 10
0.0000
 20
0.0000
 30
0.0000
 40
0.0762
 41
0.0762
 70
0
  0
VERTEX
  8
1
 10
99.8020
 20
77.2563
 30
0.0000
  0
VERTEX
  8
1
 10
99.7759
 20
77.2218
 30
0.0000
  0
SEQEND
  8
0
  0
POLYLINE
  8
1
 66
1
 10
0.0000
 20
0.0000
 30
0.0000
 40
0.0381
 41
0.0381
 70
0
  0
VERTEX
  8
1
 10
99.7607
 20
77.2333
 30
0.0000
 42
1.0000
  0
VERTEX
  8
1
 10
99.7910
 20
77.2103
 30
0.0000
  0
SEQEND
  8
0
  0
POLYLINE
  8
1
 66
1
 10
0.0000
 20
0.0000
 30
0.0000
 40
0.0381
 41
0.0381
 70
0
  0
VERTEX
  8
1
 10
99.8172
 20
77.2447
 30
0.0000
 42
1.0000
  0
VERTEX
  8
1
 10
99.7868
 20
77.2678
 30
0.0000
  0
SEQEND
  8
0
  0
POLYLINE
  8
1
 66
1
 10
0.0000
 20
0.0000
 30
0.0000
 40
0.0762
 41
0.0762
 70
0
  0
VERTEX
  8
1
 10
99.7759
 20
77.2218
 30
0.0000
  0
VERTEX
  8
1
 10
99.7677
 20
77.2110
 30
0.0000
  0
SEQEND
  8
0
  0
POLYLINE
  8
1
 66
1
 10
0.0000
 20
0.0000
 30
0.0000
 40
0.0381
 41
0.0381
 70
0
  0
VERTEX
  8
1
 10
99.7525
 20
77.2226
 30
0.0000
 42
1.0000
  0
VERTEX
  8
1
 10
99.7829
 20
77.1995
 30
0.0000
  0
SEQEND
  8
0
  0
POLYLINE
  8
1
 66
1
 10
0.0000
 20
0.0000
 30
0.0000
 40
0.0381
 41
0.0381
 70
0
  0
VERTEX
  8
1
 10
99.7910
 20
77.2103
 30
0.0000
 42
1.0000
  0
VERTEX
  8
1
 10
99.7607
 20
77.2333
 30
0.0000
  0
SEQEND
  8
0
  0
POLYLINE
  8
1
 66
1
 10
0.0000
 20
0.0000
 30
0.0000
 40
0.0762
 41
0.0762
 70
0
  0
VERTEX
  8
1
 10
99.7677
 20
77.2110
 30
0.0000
  0
VERTEX
  8
1
 10
99.7754
 20
77.1548
 30
0.0000
  0
SEQEND
  8
0
  0
POLYLINE
  8
1
 66
1
 10
0.0000
 20
0.0000
 30
0.0000
 40
0.0381
 41
0.0381
 70
0
  0
VERTEX
  8
1
 10
99.7566
 20
77.1522
 30
0.0000
 42
1.0000
  0
VERTEX
  8
1
 10
99.7943
 20
77.1574
 30
0.0000
  0
SEQEND
  8
0
  0
POLYLINE
  8
1
 66
1
 10
0.0000
 20
0.0000
 30
0.0000
 40
0.0381
 41
0.0381
 70
0
  0
VERTEX
  8
1
 10
99.7866
 20
77.2136
 30
0.0000
 42
1.0000
  0
VERTEX
  8
1
 10
99.7488
 20
77.2084
 30
0.0000
  0
SEQEND
  8
0
  0
POLYLINE
  8
1
 66
1
 10
0.0000
 20
0.0000
 30
0.0000
 40
0.0762
 41
0.0762
 70
0
  0
VERTEX
  8
1
 10
99.7754
 20
77.1548
 30
0.0000
  0
VERTEX
  8
1
 10
99.7843
 20
77.1481
 30
0.0000
  0
SEQEND
  8
0
  0
POLYLINE
  8
1
 66
1
 10
0.0000
 20
0.0000
 30
0.0000
 40
0.0381
 41
0.0381
 70
0
  0
VERTEX
  8
1
 10
99.7727
 20
77.1330
 30
0.0000
 42
1.0000
  0
VERTEX
  8
1
 10
99.7958
 20
77.1633
 30
0.0000
  0
SEQEND
  8
0
  0
POLYLINE
  8
1
 66
1
 10
0.0000
 20
0.0000
 30
0.0000
 40
0.0381
 41
0.0381
 70
0
  0
VERTEX
  8
1
 10
99.7870
 20
77.1700
 30
0.0000
 42
1.0000
  0
VERTEX
  8
1
 10
99.7639
 20
77.1396
 30
0.0000
  0
SEQEND
  8
0
  0
POLYLINE
  8
1
 66
1
 10
0.0000
 20
0.0000
 30
0.0000
 40
0.0762
 41
0.0762
 70
0
  0
VERTEX
  8
1
 10
99.7843
 20
77.1481
 30
0.0000
  0
VERTEX
  8
1
 10
100.4129
 20
76.6714
 30
0.0000
  0
SEQEND
  8
0
  0
POLYLINE
  8
1
 66
1
 10
0.0000
 20
0.0000
 30
0.0000
 40
0.0381
 41
0.0381
 70
0
  0
VERTEX
  8
1
 10
100.4014
 20
76.6563
 30
0.0000
 42
1.0000
  0
VERTEX
  8
1
 10
100.4244
 20
76.6866
 30
0.0000
  0
SEQEND
  8
0
  0
POLYLINE
  8
1
 66
1
 10
0.0000
 20
0.0000
 30
0.0000
 40
0.0381
 41
0.0381
 70
0
  0
VERTEX
  8
1
 10
99.7958
 20
77.1633
 30
0.0000
 42
1.0000
  0
VERTEX
  8
1
 10
99.7727
 20
77.1330
 30
0.0000
  0
SEQEND
  8
0
  0
POLYLINE
  8
1
 66
1
 10
0.0000
 20
0.0000
 30
0.0000
 40
0.0762
 41
0.0762
 70
0
  0
VERTEX
  8
1
 10
100.4129
 20
76.6714
 30
0.0000
  0
VERTEX
  8
1
 10
100.4129
 20
76.6714
 30
0.0000
  0
SEQEND
  8
0
  0
POLYLINE
  8
1
 66
1
 10
0.0000
 20
0.0000
 30
0.0000
 40
0.0381
 41
0.0381
 70
0
  0
VERTEX
  8
1
 10
100.3938
 20
76.6714
 30
0.0000
 42
1.0000
  0
VERTEX
  8
1
 10
100.4319
 20
76.6714
 30
0.0000
  0
SEQEND
  8
0
  0
POLYLINE
  8
1
 66
1
 10
0.0000
 20
0.0000
 30
0.0000
 40
0.0381
 41
0.0381
 70
0
  0
VERTEX
  8
1
 10
100.4319
 20
76.6714
 30
0.0000
 42
1.0000
  0
VERTEX
  8
1
 10
100.3938
 20
76.6714
 30
0.0000
  0
SEQEND
  8
0
  0
POLYLINE
  8
1
 66
1
 10
0.0000
 20
0.0000
 30
0.0000
 40
0.0762
 41
0.0762
 70
0
  0
VERTEX
  8
1
 10
100.4129
 20
76.6714
 30
0.0000
  0
VERTEX
  8
1
 10
100.4537
 20
76.6405
 30
0.0000
  0
SEQEND
  8
0
  0
POLYLINE
  8
1
 66
1
 10
0.0000
 20
0.0000
 30
0.0000
 40
0.0381
 41
0.0381
 70
0
  0
VERTEX
  8
1
 10
100.4422
 20
76.6253
 30
0.0000
 42
1.0000
  0
VERTEX
  8
1
 10
100.4652
 20
76.6557
 30
0.0000
  0
SEQEND
  8
0
  0
POLYLINE
  8
1
 66
1
 10
0.0000
 20
0.0000
 30
0.0000
 40
0.0381
 41
0.0381
 70
0
  0
VERTEX
  8
1
 10
100.4244
 20
76.6866
 30
0.0000
 42
1.0000
  0
VERTEX
  8
1
 10
100.4014
 20
76.6563
 30
0.0000
  0
SEQEND
  8
0
  0
POLYLINE
  8
1
 66
1
 10
0.0000
 20
0.0000
 30
0.0000
 40
0.0762
 41
0.0762
 70
0
  0
VERTEX
  8
1
 10
100.4537
 20
76.6405
 30
0.0000
  0
VERTEX
  8
1
 10
100.4581
 20
76.6371
 30
0.0000
  0
SEQEND
  8
0
  0
POLYLINE
  8
1
 66
1
 10
0.0000
 20
0.0000
 30
0.0000
 40
0.0381
 41
0.0381
 70
0
  0
VERTEX
  8
1
 10
100.4466
 20
76.6220
 30
0.0000
 42
1.0000
  0
VERTEX
  8
1
 10
100.4696
 20
76.6523
 30
0.0000
  0
SEQEND
  8
0
  0
POLYLINE
  8
1
 66
1
 10
0.0000
 20
0.0000
 30
0.0000
 40
0.0381
 41
0.0381
 70
0
  0
VERTEX
  8
1
 10
100.4652
 20
76.6557
 30
0.0000
 42
1.0000
  0
VERTEX
  8
1
 10
100.4422
 20
76.6253
 30
0.0000
  0
SEQEND
  8
0
  0
POLYLINE
  8
1
 66
1
 10
0.0000
 20
0.0000
 30
0.0000
 40
0.0762
 41
0.0762
 70
0
  0
VERTEX
  8
1
 10
100.4581
 20
76.6371
 30
0.0000
  0
VERTEX
  8
1
 10
100.5143
 20
76.6449
 30
0.0000
  0
SEQEND
  8
0
  0
POLYLINE
  8
1
 66
1
 10
0.0000
 20
0.0000
 30
0.0000
 40
0.0381
 41
0.0381
 70
0
  0
VERTEX
  8
1
 10
100.5169
 20
76.6260
 30
0.0000
 42
1.0000
  0
VERTEX
  8
1
 10
100.5117
 20
76.6637
 30
0.0000
  0
SEQEND
  8
0
  0
POLYLINE
  8
1
 66
1
 10
0.0000
 20
0.0000
 30
0.0000
 40
0.0381
 41
0.0381
 70
0
  0
VERTEX
  8
1
 10
100.4555
 20
76.6560
 30
0.0000
 42
1.0000
  0
VERTEX
  8
1
 10
100.4607
 20
76.6183
 30
0.0000
  0
SEQEND
  8
0
  0
POLYLINE
  8
1
 66
1
 10
0.0000
 20
0.0000
 30
0.0000
 40
0.0762
 41
0.0762
 70
0
  0
VERTEX
  8
1
 10
100.5143
 20
76.6449
 30
0.0000
  0
VERTEX
  8
1
 10
100.5184
 20
76.6502
 30
0.0000
  0
SEQEND
  8
0
  0
POLYLINE
  8
1
 66
1
 10
0.0000
 20
0.0000
 30
0.0000
 40
0.0381
 41
0.0381
 70
0
  0
VERTEX
  8
1
 10
100.5336
 20
76.6387
 30
0.0000
 42
1.0000
  0
VERTEX
  8
1
 10
100.5032
 20
76.6618
 30
0.0000
  0
SEQEND
  8
0
  0
POLYLINE
  8
1
 66
1
 10
0.0000
 20
0.0000
 30
0.0000
 40
0.0381
 41
0.0381
 70
0
  0
VERTEX
  8
1
 10
100.4991
 20
76.6564
 30
0.0000
 42
1.0000
  0
VERTEX
  8
1
 10
100.5295
 20
76.6334
 30
0.0000
  0
SEQEND
  8
0
  0
POLYLINE
  8
1
 66
1
 10
0.0000
 20
0.0000
 30
0.0000
 40
0.0762
 41
0.0762
 70
0
  0
VERTEX
  8
1
 10
100.5184
 20
76.6502
 30
0.0000
  0
VERTEX
  8
1
 10
101.7228
 20
78.2385
 30
0.0000
  0
SEQEND
  8
0
  0
POLYLINE
  8
1
 66
1
 10
0.0000
 20
0.0000
 30
0.0000
 40
0.0381
 41
0.0381
 70
0
  0
VERTEX
  8
1
 10
101.7380
 20
78.2270
 30
0.0000
 42
1.0000
  0
VERTEX
  8
1
 10
101.7076
 20
78.2500
 30
0.0000
  0
SEQEND
  8
0
  0
POLYLINE
  8
1
 66
1
 10
0.0000
 20
0.0000
 30
0.0000
 40
0.0381
 41
0.0381
 70
0
  0
VERTEX
  8
1
 10
100.5032
 20
76.6618
 30
0.0000
 42
1.0000
  0
VERTEX
  8
1
 10
100.5336
 20
76.6387
 30
0.0000
  0
SEQEND
  8
0
  0
POLYLINE
  8
1
 66
1
 10
0.0000
 20
0.0000
 30
0.0000
 40
0.0762
 41
0.0762
 70
0
  0
VERTEX
  8
1
 10
101.7228
 20
78.2385
 30
0.0000
  0
VERTEX
  8
1
 10
101.7228
 20
78.2385
 30
0.0000
  0
SEQEND
  8
0
  0
POLYLINE
  8
1
 66
1
 10
0.0000
 20
0.0000
 30
0.0000
 40
0.0381
 41
0.0381
 70
0
  0
VERTEX
  8
1
 10
101.7228
 20
78.2194
 30
0.0000
 42
1.0000
  0
VERTEX
  8
1
 10
101.7228
 20
78.2575
 30
0.0000
  0
SEQEND
  8
0
  0
POLYLINE
  8
1
 66
1
 10
0.0000
 20
0.0000
 30
0.0000
 40
0.0381
 41
0.0381
 70
0
  0
VERTEX
  8
1
 10
101.7228
 20
78.2575
 30
0.0000
 42
1.0000
  0
VERTEX
  8
1
 10
101.7228
 20
78.2194
 30
0.0000
  0
SEQEND
  8
0
  0
POLYLINE
  8
1
 66
1
 10
0.0000
 20
0.0000
 30
0.0000
 40
0.0762
 41
0.0762
 70
0
  0
VERTEX
  8
1
 10
101.7228
 20
78.2385
 30
0.0000
  0
VERTEX
  8
1
 10
101.7571
 20
78.2837
 30
0.0000
  0
SEQEND
  8
0
  0
POLYLINE
  8
1
 66
1
 10
0.0000
 20
0.0000
 30
0.0000
 40
0.0381
 41
0.0381
 70
0
  0
VERTEX
  8
1
 10
101.7723
 20
78.2722
 30
0.0000
 42
1.0000
  0
VERTEX
  8
1
 10
101.7419
 20
78.2952
 30
0.0000
  0
SEQEND
  8
0
  0
POLYLINE
  8
1
 66
1
 10
0.0000
 20
0.0000
 30
0.0000
 40
0.0381
 41
0.0381
 70
0
  0
VERTEX
  8
1
 10
101.7076
 20
78.2500
 30
0.0000
 42
1.0000
  0
VERTEX
  8
1
 10
101.7380
 20
78.2270
 30
0.0000
  0
SEQEND
  8
0
  0
POLYLINE
  8
1
 66
1
 10
0.0000
 20
0.0000
 30
0.0000
 40
0.0762
 41
0.0762
 70
0
  0
VERTEX
  8
1
 10
101.7571
 20
78.2837
 30
0.0000
  0
VERTEX
  8
1
 10
101.7493
 20
78.3399
 30
0.0000
  0
SEQEND
  8
0
  0
POLYLINE
  8
1
 66
1
 10
0.0000
 20
0.0000
 30
0.0000
 40
0.0381
 41
0.0381
 70
0
  0
VERTEX
  8
1
 10
101.7682
 20
78.3425
 30
0.0000
 42
1.0000
  0
VERTEX
  8
1
 10
101.7305
 20
78.3373
 30
0.0000
  0
SEQEND
  8
0
  0
POLYLINE
  8
1
 66
1
 10
0.0000
 20
0.0000
 30
0.0000
 40
0.0381
 41
0.0381
 70
0
  0
VERTEX
  8
1
 10
101.7382
 20
78.2811
 30
0.0000
 42
1.0000
  0
VERTEX
  8
1
 10
101.7759
 20
78.2863
 30
0.0000
  0
SEQEND
  8
0
  0
POLYLINE
  8
1
 66
1
 10
0.0000
 20
0.0000
 30
0.0000
 40
0.0762
 41
0.0762
 70
0
  0
VERTEX
  8
1
 10
101.7493
 20
78.3399
 30
0.0000
  0
VERTEX
  8
1
 10
101.1119
 20
78.8233
 30
0.0000
  0
SEQEND
  8
0
  0
POLYLINE
  8
1
 66
1
 10
0.0000
 20
0.0000
 30
0.0000
 40
0.0381
 41
0.0381
 70
0
  0
VERTEX
  8
1
 10
101.1234
 20
78.8385
 30
0.0000
 42
1.0000
  0
VERTEX
  8
1
 10
101.1004
 20
78.8081
 30
0.0000
  0
SEQEND
  8
0
  0
POLYLINE
  8
1
 66
1
 10
0.0000
 20
0.0000
 30
0.0000
 40
0.0381
 41
0.0381
 70
0
  0
VERTEX
  8
1
 10
101.7378
 20
78.3247
 30
0.0000
 42
1.0000
  0
VERTEX
  8
1
 10
101.7609
 20
78.3551
 30
0.0000
  0
SEQEND
  8
0
  0
POLYLINE
  8
1
 66
1
 10
0.0000
 20
0.0000
 30
0.0000
 40
0.0762
 41
0.0762
 70
0
  0
VERTEX
  8
1
 10
101.1119
 20
78.8233
 30
0.0000
  0
VERTEX
  8
1
 10
101.1119
 20
78.8233
 30
0.0000
  0
SEQEND
  8
0
  0
POLYLINE
  8
1
 66
1
 10
0.0000
 20
0.0000
 30
0.0000
 40
0.0381
 41
0.0381
 70
0
  0
VERTEX
  8
1
 10
101.1310
 20
78.8233
 30
0.0000
 42
1.0000
  0
VERTEX
  8
1
 10
101.0929
 20
78.8233
 30
0.0000
  0
SEQEND
  8
0
  0
POLYLINE
  8
1
 66
1
 10
0.0000
 20
0.0000
 30
0.0000
 40
0.0381
 41
0.0381
 70
0
  0
VERTEX
  8
1
 10
101.0929
 20
78.8233
 30
0.0000
 42
1.0000
  0
VERTEX
  8
1
 10
101.1310
 20
78.8233
 30
0.0000
  0
SEQEND
  8
0
  0
POLYLINE
  8
1
 66
1
 10
0.0000
 20
0.0000
 30
0.0000
 40
0.0762
 41
0.0762
 70
0
  0
VERTEX
  8
1
 10
101.1119
 20
78.8233
 30
0.0000
  0
VERTEX
  8
1
 10
101.0667
 20
78.8576
 30
0.0000
  0
SEQEND
  8
0
  0
POLYLINE
  8
1
 66
1
 10
0.0000
 20
0.0000
 30
0.0000
 40
0.0381
 41
0.0381
 70
0
  0
VERTEX
  8
1
 10
101.0782
 20
78.8728
 30
0.0000
 42
1.0000
  0
VERTEX
  8
1
 10
101.0552
 20
78.8424
 30
0.0000
  0
SEQEND
  8
0
  0
POLYLINE
  8
1
 66
1
 10
0.0000
 20
0.0000
 30
0.0000
 40
0.0381
 41
0.0381
 70
0
  0
VERTEX
  8
1
 10
101.1004
 20
78.8081
 30
0.0000
 42
1.0000
  0
VERTEX
  8
1
 10
101.1234
 20
78.8385
 30
0.0000
  0
SEQEND
  8
0
  0
POLYLINE
  8
1
 66
1
 10
0.0000
 20
0.0000
 30
0.0000
 40
0.0762
 41
0.0762
 70
0
  0
VERTEX
  8
1
 10
101.0667
 20
78.8576
 30
0.0000
  0
VERTEX
  8
1
 10
101.0105
 20
78.8499
 30
0.0000
  0
SEQEND
  8
0
  0
POLYLINE
  8
1
 66
1
 10
0.0000
 20
0.0000
 30
0.0000
 40
0.0381
 41
0.0381
 70
0
  0
VERTEX
  8
1
 10
101.0079
 20
78.8687
 30
0.0000
 42
1.0000
  0
VERTEX
  8
1
 10
101.0131
 20
78.8310
 30
0.0000
  0
SEQEND
  8
0
  0
POLYLINE
  8
1
 66
1
 10
0.0000
 20
0.0000
 30
0.0000
 40
0.0381
 41
0.0381
 70
0
  0
VERTEX
  8
1
 10
101.0693
 20
78.8387
 30
0.0000
 42
1.0000
  0
VERTEX
  8
1
 10
101.0641
 20
78.8765
 30
0.0000
  0
SEQEND
  8
0
  0
POLYLINE
  8
1
 66
1
 10
0.0000
 20
0.0000
 30
0.0000
 40
0.0762
 41
0.0762
 70
0
  0
VERTEX
  8
1
 10
101.0105
 20
78.8499
 30
0.0000
  0
VERTEX
  8
1
 10
99.8020
 20
77.2563
 30
0.0000
  0
SEQEND
  8
0
  0
POLYLINE
  8
1
 66
1
 10
0.0000
 20
0.0000
 30
0.0000
 40
0.0381
 41
0.0381
 70
0
  0
VERTEX
  8
1
 10
99.7868
 20
77.2678
 30
0.0000
 42
1.0000
  0
VERTEX
  8
1
 10
99.8172
 20
77.2447
 30
0.0000
  0
SEQEND
  8
0
  0
POLYLINE
  8
1
 66
1
 10
0.0000
 20
0.0000
 30
0.0000
 40
0.0381
 41
0.0381
 70
0
  0
VERTEX
  8
1
 10
101.0257
 20
78.8383
 30
0.0000
 42
1.0000
  0
VERTEX
  8
1
 10
100.9953
 20
78.8614
 30
0.0000
  0
SEQEND
  8
0
  0
POLYLINE
  8
1
 66
1
 10
0.0000
 20
0.0000
 30
0.0000
 40
0.0762
 41
0.0762
 70
0
  0
VERTEX
  8
1
 10
99.8020
 20
77.2563
 30
0.0000
  0
VERTEX
  8
1
 10
99.8020
 20
77.2563
 30
0.0000
  0
SEQEND
  8
0
  0
POLYLINE
  8
1
 66
1
 10
0.0000
 20
0.0000
 30
0.0000
 40
0.0381
 41
0.0381
 70
0
  0
VERTEX
  8
1
 10
99.8020
 20
77.2753
 30
0.0000
 42
1.0000
  0
VERTEX
  8
1
 10
99.8020
 20
77.2372
 30
0.0000
  0
SEQEND
  8
0
  0
POLYLINE
  8
1
 66
1
 10
0.0000
 20
0.0000
 30
0.0000
 40
0.0381
 41
0.0381
 70
0
  0
VERTEX
  8
1
 10
99.8020
 20
77.2372
 30
0.0000
 42
1.0000
  0
VERTEX
  8
1
 10
99.8020
 20
77.2753
 30
0.0000
  0
SEQEND
  8
0
  0
POLYLINE
  8
1
 66
1
 10
0.0000
 20
0.0000
 30
0.0000
 40
0.0762
 41
0.0762
 70
0
  0
VERTEX
  8
1
 10
99.9440
 20
74.9046
 30
0.0000
  0
VERTEX
  8
1
 10
100.0971
 20
74.9046
 30
0.0000
  0
SEQEND
  8
0
  0
POLYLINE
  8
1
 66
1
 10
0.0000
 20
0.0000
 30
0.0000
 40
0.0381
 41
0.0381
 70
0
  0
VERTEX
  8
1
 10
100.0971
 20
74.8856
 30
0.0000
 42
1.0000
  0
VERTEX
  8
1
 10
100.0971
 20
74.9236
 30
0.0000
  0
SEQEND
  8
0
  0
POLYLINE
  8
1
 66
1
 10
0.0000
 20
0.0000
 30
0.0000
 40
0.0381
 41
0.0381
 70
0
  0
VERTEX
  8
1
 10
99.9440
 20
74.9236
 30
0.0000
 42
1.0000
  0
VERTEX
  8
1
 10
99.9440
 20
74.8856
 30
0.0000
  0
SEQEND
  8
0
  0
POLYLINE
  8
1
 66
1
 10
0.0000
 20
0.0000
 30
0.0000
 40
0.0762
 41
0.0762
 70
0
  0
VERTEX
  8
1
 10
99.8532
 20
74.9808
 30
0.0000
  0
VERTEX
  8
1
 10
100.1611
 20
74.9808
 30
0.0000
  0
SEQEND
  8
0
  0
POLYLINE
  8
1
 66
1
 10
0.0000
 20
0.0000
 30
0.0000
 40
0.0381
 41
0.0381
 70
0
  0
VERTEX
  8
1
 10
100.1611
 20
74.9618
 30
0.0000
 42
1.0000
  0
VERTEX
  8
1
 10
100.1611
 20
74.9998
 30
0.0000
  0
SEQEND
  8
0
  0
POLYLINE
  8
1
 66
1
 10
0.0000
 20
0.0000
 30
0.0000
 40
0.0381
 41
0.0381
 70
0
  0
VERTEX
  8
1
 10
99.8532
 20
74.9998
 30
0.0000
 42
1.0000
  0
VERTEX
  8
1
 10
99.8532
 20
74.9618
 30
0.0000
  0
SEQEND
  8
0
  0
POLYLINE
  8
1
 66
1
 10
0.0000
 20
0.0000
 30
0.0000
 40
0.0762
 41
0.0762
 70
0
  0
VERTEX
  8
1
 10
99.7624
 20
75.0570
 30
0.0000
  0
VERTEX
  8
1
 10
100.2250
 20
75.0570
 30
0.0000
  0
SEQEND
  8
0
  0
POLYLINE
  8
1
 66
1
 10
0.0000
 20
0.0000
 30
0.0000
 40
0.0381
 41
0.0381
 70
0
  0
VERTEX
  8
1
 10
100.2250
 20
75.0380
 30
0.0000
 42
1.0000
  0
VERTEX
  8
1
 10
100.2250
 20
75.0760
 30
0.0000
  0
SEQEND
  8
0
  0
POLYLINE
  8
1
 66
1
 10
0.0000
 20
0.0000
 30
0.0000
 40
0.0381
 41
0.0381
 70
0
  0
VERTEX
  8
1
 10
99.7624
 20
75.0760
 30
0.0000
 42
1.0000
  0
VERTEX
  8
1
 10
99.7624
 20
75.0380
 30
0.0000
  0
SEQEND
  8
0
  0
POLYLINE
  8
1
 66
1
 10
0.0000
 20
0.0000
 30
0.0000
 40
0.0762
 41
0.0762
 70
0
  0
VERTEX
  8
1
 10
99.6716
 20
75.1332
 30
0.0000
  0
VERTEX
  8
1
 10
100.2889
 20
75.1332
 30
0.0000
  0
SEQEND
  8
0
  0
POLYLINE
  8
1
 66
1
 10
0.0000
 20
0.0000
 30
0.0000
 40
0.0381
 41
0.0381
 70
0
  0
VERTEX
  8
1
 10
100.2889
 20
75.1142
 30
0.0000
 42
1.0000
  0
VERTEX
  8
1
 10
100.2889
 20
75.1522
 30
0.0000
  0
SEQEND
  8
0
  0
POLYLINE
  8
1
 66
1
 10
0.0000
 20
0.0000
 30
0.0000
 40
0.0381
 41
0.0381
 70
0
  0
VERTEX
  8
1
 10
99.6716
 20
75.1522
 30
0.0000
 42
1.0000
  0
VERTEX
  8
1
 10
99.6716
 20
75.1142
 30
0.0000
  0
SEQEND
  8
0
  0
POLYLINE
  8
1
 66
1
 10
0.0000
 20
0.0000
 30
0.0000
 40
0.0762
 41
0.0762
 70
0
  0
VERTEX
  8
1
 10
99.5808
 20
75.2094
 30
0.0000
  0
VERTEX
  8
1
 10
100.3529
 20
75.2094
 30
0.0000
  0
SEQEND
  8
0
  0
POLYLINE
  8
1
 66
1
 10
0.0000
 20
0.0000
 30
0.0000
 40
0.0381
 41
0.0381
 70
0
  0
VERTEX
  8
1
 10
100.3529
 20
75.1904
 30
0.0000
 42
1.0000
  0
VERTEX
  8
1
 10
100.3529
 20
75.2284
 30
0.0000
  0
SEQEND
  8
0
  0
POLYLINE
  8
1
 66
1
 10
0.0000
 20
0.0000
 30
0.0000
 40
0.0381
 41
0.0381
 70
0
  0
VERTEX
  8
1
 10
99.5808
 20
75.2284
 30
0.0000
 42
1.0000
  0
VERTEX
  8
1
 10
99.5808
 20
75.1904
 30
0.0000
  0
SEQEND
  8
0
  0
POLYLINE
  8
1
 66
1
 10
0.0000
 20
0.0000
 30
0.0000
 40
0.0762
 41
0.0762
 70
0
  0
VERTEX
  8
1
 10
99.4900
 20
75.2856
 30
0.0000
  0
VERTEX
  8
1
 10
100.4168
 20
75.2856
 30
0.0000
  0
SEQEND
  8
0
  0
POLYLINE
  8
1
 66
1
 10
0.0000
 20
0.0000
 30
0.0000
 40
0.0381
 41
0.0381
 70
0
  0
VERTEX
  8
1
 10
100.4168
 20
75.2666
 30
0.0000
 42
1.0000
  0
VERTEX
  8
1
 10
100.4168
 20
75.3046
 30
0.0000
  0
SEQEND
  8
0
  0
POLYLINE
  8
1
 66
1
 10
0.0000
 20
0.0000
 30
0.0000
 40
0.0381
 41
0.0381
 70
0
  0
VERTEX
  8
1
 10
99.4900
 20
75.3046
 30
0.0000
 42
1.0000
  0
VERTEX
  8
1
 10
99.4900
 20
75.2666
 30
0.0000
  0
SEQEND
  8
0
  0
POLYLINE
  8
1
 66
1
 10
0.0000
 20
0.0000
 30
0.0000
 40
0.0762
 41
0.0762
 70
0
  0
VERTEX
  8
1
 10
99.3992
 20
75.3618
 30
0.0000
  0
VERTEX
  8
1
 10
100.4808
 20
75.3618
 30
0.0000
  0
SEQEND
  8
0
  0
POLYLINE
  8
1
 66
1
 10
0.0000
 20
0.0000
 30
0.0000
 40
0.0381
 41
0.0381
 70
0
  0
VERTEX
  8
1
 10
100.4808
 20
75.3428
 30
0.0000
 42
1.0000
  0
VERTEX
  8
1
 10
100.4808
 20
75.3808
 30
0.0000
  0
SEQEND
  8
0
  0
POLYLINE
  8
1
 66
1
 10
0.0000
 20
0.0000
 30
0.0000
 40
0.0381
 41
0.0381
 70
0
  0
VERTEX
  8
1
 10
99.3992
 20
75.3808
 30
0.0000
 42
1.0000
  0
VERTEX
  8
1
 10
99.3992
 20
75.3428
 30
0.0000
  0
SEQEND
  8
0
  0
POLYLINE
  8
1
 66
1
 10
0.0000
 20
0.0000
 30
0.0000
 40
0.0762
 41
0.0762
 70
0
  0
VERTEX
  8
1
 10
99.3083
 20
75.4380
 30
0.0000
  0
VERTEX
  8
1
 10
100.5447
 20
75.4380
 30
0.0000
  0
SEQEND
  8
0
  0
POLYLINE
  8
1
 66
1
 10
0.0000
 20
0.0000
 30
0.0000
 40
0.0381
 41
0.0381
 70
0
  0
VERTEX
  8
1
 10
100.5447
 20
75.4190
 30
0.0000
 42
1.0000
  0
VERTEX
  8
1
 10
100.5447
 20
75.4570
 30
0.0000
  0
SEQEND
  8
0
  0
POLYLINE
  8
1
 66
1
 10
0.0000
 20
0.0000
 30
0.0000
 40
0.0381
 41
0.0381
 70
0
  0
VERTEX
  8
1
 10
99.3083
 20
75.4570
 30
0.0000
 42
1.0000
  0
VERTEX
  8
1
 10
99.3083
 20
75.4190
 30
0.0000
  0
SEQEND
  8
0
  0
POLYLINE
  8
1
 66
1
 10
0.0000
 20
0.0000
 30
0.0000
 40
0.0762
 41
0.0762
 70
0
  0
VERTEX
  8
1
 10
99.2175
 20
75.5142
 30
0.0000
  0
VERTEX
  8
1
 10
100.6086
 20
75.5142
 30
0.0000
  0
SEQEND
  8
0
  0
POLYLINE
  8
1
 66
1
 10
0.0000
 20
0.0000
 30
0.0000
 40
0.0381
 41
0.0381
 70
0
  0
VERTEX
  8
1
 10
100.6086
 20
75.4952
 30
0.0000
 42
1.0000
  0
VERTEX
  8
1
 10
100.6086
 20
75.5332
 30
0.0000
  0
SEQEND
  8
0
  0
POLYLINE
  8
1
 66
1
 10
0.0000
 20
0.0000
 30
0.0000
 40
0.0381
 41
0.0381
 70
0
  0
VERTEX
  8
1
 10
99.2175
 20
75.5332
 30
0.0000
 42
1.0000
  0
VERTEX
  8
1
 10
99.2175
 20
75.4952
 30
0.0000
  0
SEQEND
  8
0
  0
POLYLINE
  8
1
 66
1
 10
0.0000
 20
0.0000
 30
0.0000
 40
0.0762
 41
0.0762
 70
0
  0
VERTEX
  8
1
 10
99.1267
 20
75.5904
 30
0.0000
  0
VERTEX
  8
1
 10
100.6726
 20
75.5904
 30
0.0000
  0
SEQEND
  8
0
  0
POLYLINE
  8
1
 66
1
 10
0.0000
 20
0.0000
 30
0.0000
 40
0.0381
 41
0.0381
 70
0
  0
VERTEX
  8
1
 10
100.6726
 20
75.5714
 30
0.0000
 42
1.0000
  0
VERTEX
  8
1
 10
100.6726
 20
75.6094
 30
0.0000
  0
SEQEND
  8
0
  0
POLYLINE
  8
1
 66
1
 10
0.0000
 20
0.0000
 30
0.0000
 40
0.0381
 41
0.0381
 70
0
  0
VERTEX
  8
1
 10
99.1267
 20
75.6094
 30
0.0000
 42
1.0000
  0
VERTEX
  8
1
 10
99.1267
 20
75.5714
 30
0.0000
  0
SEQEND
  8
0
  0
POLYLINE
  8
1
 66
1
 10
0.0000
 20
0.0000
 30
0.0000
 40
0.0762
 41
0.0762
 70
0
  0
VERTEX
  8
1
 10
99.0359
 20
75.6666
 30
0.0000
  0
VERTEX
  8
1
 10
100.7365
 20
75.6666
 30
0.0000
  0
SEQEND
  8
0
  0
POLYLINE
  8
1
 66
1
 10
0.0000
 20
0.0000
 30
0.0000
 40
0.0381
 41
0.0381
 70
0
  0
VERTEX
  8
1
 10
100.7365
 20
75.6476
 30
0.0000
 42
1.0000
  0
VERTEX
  8
1
 10
100.7365
 20
75.6856
 30
0.0000
  0
SEQEND
  8
0
  0
POLYLINE
  8
1
 66
1
 10
0.0000
 20
0.0000
 30
0.0000
 40
0.0381
 41
0.0381
 70
0
  0
VERTEX
  8
1
 10
99.0359
 20
75.6856
 30
0.0000
 42
1.0000
  0
VERTEX
  8
1
 10
99.0359
 20
75.6476
 30
0.0000
  0
SEQEND
  8
0
  0
POLYLINE
  8
1
 66
1
 10
0.0000
 20
0.0000
 30
0.0000
 40
0.0762
 41
0.0762
 70
0
  0
VERTEX
  8
1
 10
98.9451
 20
75.7428
 30
0.0000
  0
VERTEX
  8
1
 10
100.8005
 20
75.7428
 30
0.0000
  0
SEQEND
  8
0
  0
POLYLINE
  8
1
 66
1
 10
0.0000
 20
0.0000
 30
0.0000
 40
0.0381
 41
0.0381
 70
0
  0
VERTEX
  8
1
 10
100.8005
 20
75.7238
 30
0.0000
 42
1.0000
  0
VERTEX
  8
1
 10
100.8005
 20
75.7618
 30
0.0000
  0
SEQEND
  8
0
  0
POLYLINE
  8
1
 66
1
 10
0.0000
 20
0.0000
 30
0.0000
 40
0.0381
 41
0.0381
 70
0
  0
VERTEX
  8
1
 10
98.9451
 20
75.7618
 30
0.0000
 42
1.0000
  0
VERTEX
  8
1
 10
98.9451
 20
75.7238
 30
0.0000
  0
SEQEND
  8
0
  0
POLYLINE
  8
1
 66
1
 10
0.0000
 20
0.0000
 30
0.0000
 40
0.0762
 41
0.0762
 70
0
  0
VERTEX
  8
1
 10
98.8543
 20
75.8190
 30
0.0000
  0
VERTEX
  8
1
 10
100.8644
 20
75.8190
 30
0.0000
  0
SEQEND
  8
0
  0
POLYLINE
  8
1
 66
1
 10
0.0000
 20
0.0000
 30
0.0000
 40
0.0381
 41
0.0381
 70
0
  0
VERTEX
  8
1
 10
100.8644
 20
75.8000
 30
0.0000
 42
1.0000
  0
VERTEX
  8
1
 10
100.8644
 20
75.8380
 30
0.0000
  0
SEQEND
  8
0
  0
POLYLINE
  8
1
 66
1
 10
0.0000
 20
0.0000
 30
0.0000
 40
0.0381
 41
0.0381
 70
0
  0
VERTEX
  8
1
 10
98.8543
 20
75.8380
 30
0.0000
 42
1.0000
  0
VERTEX
  8
1
 10
98.8543
 20
75.8000
 30
0.0000
  0
SEQEND
  8
0
  0
POLYLINE
  8
1
 66
1
 10
0.0000
 20
0.0000
 30
0.0000
 40
0.0762
 41
0.0762
 70
0
  0
VERTEX
  8
1
 10
98.7635
 20
75.8952
 30
0.0000
  0
VERTEX
  8
1
 10
100.9283
 20
75.8952
 30
0.0000
  0
SEQEND
  8
0
  0
POLYLINE
  8
1
 66
1
 10
0.0000
 20
0.0000
 30
0.0000
 40
0.0381
 41
0.0381
 70
0
  0
VERTEX
  8
1
 10
100.9283
 20
75.8762
 30
0.0000
 42
1.0000
  0
VERTEX
  8
1
 10
100.9283
 20
75.9142
 30
0.0000
  0
SEQEND
  8
0
  0
POLYLINE
  8
1
 66
1
 10
0.0000
 20
0.0000
 30
0.0000
 40
0.0381
 41
0.0381
 70
0
  0
VERTEX
  8
1
 10
98.7635
 20
75.9142
 30
0.0000
 42
1.0000
  0
VERTEX
  8
1
 10
98.7635
 20
75.8762
 30
0.0000
  0
SEQEND
  8
0
  0
POLYLINE
  8
1
 66
1
 10
0.0000
 20
0.0000
 30
0.0000
 40
0.0762
 41
0.0762
 70
0
  0
VERTEX
  8
1
 10
98.6727
 20
75.9714
 30
0.0000
  0
VERTEX
  8
1
 10
100.9923
 20
75.9714
 30
0.0000
  0
SEQEND
  8
0
  0
POLYLINE
  8
1
 66
1
 10
0.0000
 20
0.0000
 30
0.0000
 40
0.0381
 41
0.0381
 70
0
  0
VERTEX
  8
1
 10
100.9923
 20
75.9524
 30
0.0000
 42
1.0000
  0
VERTEX
  8
1
 10
100.9923
 20
75.9904
 30
0.0000
  0
SEQEND
  8
0
  0
POLYLINE
  8
1
 66
1
 10
0.0000
 20
0.0000
 30
0.0000
 40
0.0381
 41
0.0381
 70
0
  0
VERTEX
  8
1
 10
98.6727
 20
75.9904
 30
0.0000
 42
1.0000
  0
VERTEX
  8
1
 10
98.6727
 20
75.9524
 30
0.0000
  0
SEQEND
  8
0
  0
POLYLINE
  8
1
 66
1
 10
0.0000
 20
0.0000
 30
0.0000
 40
0.0762
 41
0.0762
 70
0
  0
VERTEX
  8
1
 10
98.5818
 20
76.0476
 30
0.0000
  0
VERTEX
  8
1
 10
101.0562
 20
76.0476
 30
0.0000
  0
SEQEND
  8
0
  0
POLYLINE
  8
1
 66
1
 10
0.0000
 20
0.0000
 30
0.0000
 40
0.0381
 41
0.0381
 70
0
  0
VERTEX
  8
1
 10
101.0562
 20
76.0286
 30
0.0000
 42
1.0000
  0
VERTEX
  8
1
 10
101.0562
 20
76.0666
 30
0.0000
  0
SEQEND
  8
0
  0
POLYLINE
  8
1
 66
1
 10
0.0000
 20
0.0000
 30
0.0000
 40
0.0381
 41
0.0381
 70
0
  0
VERTEX
  8
1
 10
98.5818
 20
76.0666
 30
0.0000
 42
1.0000
  0
VERTEX
  8
1
 10
98.5818
 20
76.0286
 30
0.0000
  0
SEQEND
  8
0
  0
POLYLINE
  8
1
 66
1
 10
0.0000
 20
0.0000
 30
0.0000
 40
0.0762
 41
0.0762
 70
0
  0
VERTEX
  8
1
 10
98.4910
 20
76.1238
 30
0.0000
  0
VERTEX
  8
1
 10
101.1202
 20
76.1238
 30
0.0000
  0
SEQEND
  8
0
  0
POLYLINE
  8
1
 66
1
 10
0.0000
 20
0.0000
 30
0.0000
 40
0.0381
 41
0.0381
 70
0
  0
VERTEX
  8
1
 10
101.1202
 20
76.1048
 30
0.0000
 42
1.0000
  0
VERTEX
  8
1
 10
101.1202
 20
76.1428
 30
0.0000
  0
SEQEND
  8
0
  0
POLYLINE
  8
1
 66
1
 10
0.0000
 20
0.0000
 30
0.0000
 40
0.0381
 41
0.0381
 70
0
  0
VERTEX
  8
1
 10
98.4910
 20
76.1428
 30
0.0000
 42
1.0000
  0
VERTEX
  8
1
 10
98.4910
 20
76.1048
 30
0.0000
  0
SEQEND
  8
0
  0
POLYLINE
  8
1
 66
1
 10
0.0000
 20
0.0000
 30
0.0000
 40
0.0762
 41
0.0762
 70
0
  0
VERTEX
  8
1
 10
98.4002
 20
76.2000
 30
0.0000
  0
VERTEX
  8
1
 10
101.1841
 20
76.2000
 30
0.0000
  0
SEQEND
  8
0
  0
POLYLINE
  8
1
 66
1
 10
0.0000
 20
0.0000
 30
0.0000
 40
0.0381
 41
0.0381
 70
0
  0
VERTEX
  8
1
 10
101.1841
 20
76.1810
 30
0.0000
 42
1.0000
  0
VERTEX
  8
1
 10
101.1841
 20
76.2190
 30
0.0000
  0
SEQEND
  8
0
  0
POLYLINE
  8
1
 66
1
 10
0.0000
 20
0.0000
 30
0.0000
 40
0.0381
 41
0.0381
 70
0
  0
VERTEX
  8
1
 10
98.4002
 20
76.2190
 30
0.0000
 42
1.0000
  0
VERTEX
  8
1
 10
98.4002
 20
76.1810
 30
0.0000
  0
SEQEND
  8
0
  0
POLYLINE
  8
1
 66
1
 10
0.0000
 20
0.0000
 30
0.0000
 40
0.0762
 41
0.0762
 70
0
  0
VERTEX
  8
1
 10
98.3094
 20
76.2762
 30
0.0000
  0
VERTEX
  8
1
 10
101.2480
 20
76.2762
 30
0.0000
  0
SEQEND
  8
0
  0
POLYLINE
  8
1
 66
1
 10
0.0000
 20
0.0000
 30
0.0000
 40
0.0381
 41
0.0381
 70
0
  0
VERTEX
  8
1
 10
101.2480
 20
76.2572
 30
0.0000
 42
1.0000
  0
VERTEX
  8
1
 10
101.2480
 20
76.2952
 30
0.0000
  0
SEQEND
  8
0
  0
POLYLINE
  8
1
 66
1
 10
0.0000
 20
0.0000
 30
0.0000
 40
0.0381
 41
0.0381
 70
0
  0
VERTEX
  8
1
 10
98.3094
 20
76.2952
 30
0.0000
 42
1.0000
  0
VERTEX
  8
1
 10
98.3094
 20
76.2572
 30
0.0000
  0
SEQEND
  8
0
  0
POLYLINE
  8
1
 66
1
 10
0.0000
 20
0.0000
 30
0.0000
 40
0.0762
 41
0.0762
 70
0
  0
VERTEX
  8
1
 10
98.2929
 20
76.3524
 30
0.0000
  0
VERTEX
  8
1
 10
101.3120
 20
76.3524
 30
0.0000
  0
SEQEND
  8
0
  0
POLYLINE
  8
1
 66
1
 10
0.0000
 20
0.0000
 30
0.0000
 40
0.0381
 41
0.0381
 70
0
  0
VERTEX
  8
1
 10
101.3120
 20
76.3334
 30
0.0000
 42
1.0000
  0
VERTEX
  8
1
 10
101.3120
 20
76.3714
 30
0.0000
  0
SEQEND
  8
0
  0
POLYLINE
  8
1
 66
1
 10
0.0000
 20
0.0000
 30
0.0000
 40
0.0381
 41
0.0381
 70
0
  0
VERTEX
  8
1
 10
98.2929
 20
76.3714
 30
0.0000
 42
1.0000
  0
VERTEX
  8
1
 10
98.2929
 20
76.3334
 30
0.0000
  0
SEQEND
  8
0
  0
POLYLINE
  8
1
 66
1
 10
0.0000
 20
0.0000
 30
0.0000
 40
0.0762
 41
0.0762
 70
0
  0
VERTEX
  8
1
 10
98.3569
 20
76.4286
 30
0.0000
  0
VERTEX
  8
1
 10
101.3759
 20
76.4286
 30
0.0000
  0
SEQEND
  8
0
  0
POLYLINE
  8
1
 66
1
 10
0.0000
 20
0.0000
 30
0.0000
 40
0.0381
 41
0.0381
 70
0
  0
VERTEX
  8
1
 10
101.3759
 20
76.4096
 30
0.0000
 42
1.0000
  0
VERTEX
  8
1
 10
101.3759
 20
76.4476
 30
0.0000
  0
SEQEND
  8
0
  0
POLYLINE
  8
1
 66
1
 10
0.0000
 20
0.0000
 30
0.0000
 40
0.0381
 41
0.0381
 70
0
  0
VERTEX
  8
1
 10
98.3569
 20
76.4476
 30
0.0000
 42
1.0000
  0
VERTEX
  8
1
 10
98.3569
 20
76.4096
 30
0.0000
  0
SEQEND
  8
0
  0
POLYLINE
  8
1
 66
1
 10
0.0000
 20
0.0000
 30
0.0000
 40
0.0762
 41
0.0762
 70
0
  0
VERTEX
  8
1
 10
98.4208
 20
76.5048
 30
0.0000
  0
VERTEX
  8
1
 10
101.4398
 20
76.5048
 30
0.0000
  0
SEQEND
  8
0
  0
POLYLINE
  8
1
 66
1
 10
0.0000
 20
0.0000
 30
0.0000
 40
0.0381
 41
0.0381
 70
0
  0
VERTEX
  8
1
 10
101.4398
 20
76.4858
 30
0.0000
 42
1.0000
  0
VERTEX
  8
1
 10
101.4398
 20
76.5238
 30
0.0000
  0
SEQEND
  8
0
  0
POLYLINE
  8
1
 66
1
 10
0.0000
 20
0.0000
 30
0.0000
 40
0.0381
 41
0.0381
 70
0
  0
VERTEX
  8
1
 10
98.4208
 20
76.5238
 30
0.0000
 42
1.0000
  0
VERTEX
  8
1
 10
98.4208
 20
76.4858
 30
0.0000
  0
SEQEND
  8
0
  0
POLYLINE
  8
1
 66
1
 10
0.0000
 20
0.0000
 30
0.0000
 40
0.0762
 41
0.0762
 70
0
  0
VERTEX
  8
1
 10
98.4848
 20
76.5810
 30
0.0000
  0
VERTEX
  8
1
 10
101.5038
 20
76.5810
 30
0.0000
  0
SEQEND
  8
0
  0
POLYLINE
  8
1
 66
1
 10
0.0000
 20
0.0000
 30
0.0000
 40
0.0381
 41
0.0381
 70
0
  0
VERTEX
  8
1
 10
101.5038
 20
76.5620
 30
0.0000
 42
1.0000
  0
VERTEX
  8
1
 10
101.5038
 20
76.6000
 30
0.0000
  0
SEQEND
  8
0
  0
POLYLINE
  8
1
 66
1
 10
0.0000
 20
0.0000
 30
0.0000
 40
0.0381
 41
0.0381
 70
0
  0
VERTEX
  8
1
 10
98.4848
 20
76.6000
 30
0.0000
 42
1.0000
  0
VERTEX
  8
1
 10
98.4848
 20
76.5620
 30
0.0000
  0
SEQEND
  8
0
  0
POLYLINE
  8
1
 66
1
 10
0.0000
 20
0.0000
 30
0.0000
 40
0.0762
 41
0.0762
 70
0
  0
VERTEX
  8
1
 10
98.5487
 20
76.6572
 30
0.0000
  0
VERTEX
  8
1
 10
100.4316
 20
76.6572
 30
0.0000
  0
SEQEND
  8
0
  0
POLYLINE
  8
1
 66
1
 10
0.0000
 20
0.0000
 30
0.0000
 40
0.0381
 41
0.0381
 70
0
  0
VERTEX
  8
1
 10
100.4316
 20
76.6382
 30
0.0000
 42
1.0000
  0
VERTEX
  8
1
 10
100.4316
 20
76.6762
 30
0.0000
  0
SEQEND
  8
0
  0
POLYLINE
  8
1
 66
1
 10
0.0000
 20
0.0000
 30
0.0000
 40
0.0381
 41
0.0381
 70
0
  0
VERTEX
  8
1
 10
98.5487
 20
76.6762
 30
0.0000
 42
1.0000
  0
VERTEX
  8
1
 10
98.5487
 20
76.6382
 30
0.0000
  0
SEQEND
  8
0
  0
POLYLINE
  8
1
 66
1
 10
0.0000
 20
0.0000
 30
0.0000
 40
0.0762
 41
0.0762
 70
0
  0
VERTEX
  8
1
 10
100.5237
 20
76.6572
 30
0.0000
  0
VERTEX
  8
1
 10
101.5677
 20
76.6572
 30
0.0000
  0
SEQEND
  8
0
  0
POLYLINE
  8
1
 66
1
 10
0.0000
 20
0.0000
 30
0.0000
 40
0.0381
 41
0.0381
 70
0
  0
VERTEX
  8
1
 10
101.5677
 20
76.6382
 30
0.0000
 42
1.0000
  0
VERTEX
  8
1
 10
101.5677
 20
76.6762
 30
0.0000
  0
SEQEND
  8
0
  0
POLYLINE
  8
1
 66
1
 10
0.0000
 20
0.0000
 30
0.0000
 40
0.0381
 41
0.0381
 70
0
  0
VERTEX
  8
1
 10
100.5237
 20
76.6762
 30
0.0000
 42
1.0000
  0
VERTEX
  8
1
 10
100.5237
 20
76.6382
 30
0.0000
  0
SEQEND
  8
0
  0
POLYLINE
  8
1
 66
1
 10
0.0000
 20
0.0000
 30
0.0000
 40
0.0762
 41
0.0762
 70
0
  0
VERTEX
  8
1
 10
98.6126
 20
76.7334
 30
0.0000
  0
VERTEX
  8
1
 10
100.3312
 20
76.7334
 30
0.0000
  0
SEQEND
  8
0
  0
POLYLINE
  8
1
 66
1
 10
0.0000
 20
0.0000
 30
0.0000
 40
0.0381
 41
0.0381
 70
0
  0
VERTEX
  8
1
 10
100.3312
 20
76.7144
 30
0.0000
 42
1.0000
  0
VERTEX
  8
1
 10
100.3312
 20
76.7524
 30
0.0000
  0
SEQEND
  8
0
  0
POLYLINE
  8
1
 66
1
 10
0.0000
 20
0.0000
 30
0.0000
 40
0.0381
 41
0.0381
 70
0
  0
VERTEX
  8
1
 10
98.6126
 20
76.7524
 30
0.0000
 42
1.0000
  0
VERTEX
  8
1
 10
98.6126
 20
76.7144
 30
0.0000
  0
SEQEND
  8
0
  0
POLYLINE
  8
1
 66
1
 10
0.0000
 20
0.0000
 30
0.0000
 40
0.0762
 41
0.0762
 70
0
  0
VERTEX
  8
1
 10
100.5814
 20
76.7334
 30
0.0000
  0
VERTEX
  8
1
 10
101.6317
 20
76.7334
 30
0.0000
  0
SEQEND
  8
0
  0
POLYLINE
  8
1
 66
1
 10
0.0000
 20
0.0000
 30
0.0000
 40
0.0381
 41
0.0381
 70
0
  0
VERTEX
  8
1
 10
101.6317
 20
76.7144
 30
0.0000
 42
1.0000
  0
VERTEX
  8
1
 10
101.6317
 20
76.7524
 30
0.0000
  0
SEQEND
  8
0
  0
POLYLINE
  8
1
 66
1
 10
0.0000
 20
0.0000
 30
0.0000
 40
0.0381
 41
0.0381
 70
0
  0
VERTEX
  8
1
 10
100.5814
 20
76.7524
 30
0.0000
 42
1.0000
  0
VERTEX
  8
1
 10
100.5814
 20
76.7144
 30
0.0000
  0
SEQEND
  8
0
  0
POLYLINE
  8
1
 66
1
 10
0.0000
 20
0.0000
 30
0.0000
 40
0.0762
 41
0.0762
 70
0
  0
VERTEX
  8
1
 10
98.6766
 20
76.8096
 30
0.0000
  0
VERTEX
  8
1
 10
100.2307
 20
76.8096
 30
0.0000
  0
SEQEND
  8
0
  0
POLYLINE
  8
1
 66
1
 10
0.0000
 20
0.0000
 30
0.0000
 40
0.0381
 41
0.0381
 70
0
  0
VERTEX
  8
1
 10
100.2307
 20
76.7906
 30
0.0000
 42
1.0000
  0
VERTEX
  8
1
 10
100.2307
 20
76.8286
 30
0.0000
  0
SEQEND
  8
0
  0
POLYLINE
  8
1
 66
1
 10
0.0000
 20
0.0000
 30
0.0000
 40
0.0381
 41
0.0381
 70
0
  0
VERTEX
  8
1
 10
98.6766
 20
76.8286
 30
0.0000
 42
1.0000
  0
VERTEX
  8
1
 10
98.6766
 20
76.7906
 30
0.0000
  0
SEQEND
  8
0
  0
POLYLINE
  8
1
 66
1
 10
0.0000
 20
0.0000
 30
0.0000
 40
0.0762
 41
0.0762
 70
0
  0
VERTEX
  8
1
 10
100.6392
 20
76.8096
 30
0.0000
  0
VERTEX
  8
1
 10
101.6956
 20
76.8096
 30
0.0000
  0
SEQEND
  8
0
  0
POLYLINE
  8
1
 66
1
 10
0.0000
 20
0.0000
 30
0.0000
 40
0.0381
 41
0.0381
 70
0
  0
VERTEX
  8
1
 10
101.6956
 20
76.7906
 30
0.0000
 42
1.0000
  0
VERTEX
  8
1
 10
101.6956
 20
76.8286
 30
0.0000
  0
SEQEND
  8
0
  0
POLYLINE
  8
1
 66
1
 10
0.0000
 20
0.0000
 30
0.0000
 40
0.0381
 41
0.0381
 70
0
  0
VERTEX
  8
1
 10
100.6392
 20
76.8286
 30
0.0000
 42
1.0000
  0
VERTEX
  8
1
 10
100.6392
 20
76.7906
 30
0.0000
  0
SEQEND
  8
0
  0
POLYLINE
  8
1
 66
1
 10
0.0000
 20
0.0000
 30
0.0000
 40
0.0762
 41
0.0762
 70
0
  0
VERTEX
  8
1
 10
98.7405
 20
76.8858
 30
0.0000
  0
VERTEX
  8
1
 10
100.1302
 20
76.8858
 30
0.0000
  0
SEQEND
  8
0
  0
POLYLINE
  8
1
 66
1
 10
0.0000
 20
0.0000
 30
0.0000
 40
0.0381
 41
0.0381
 70
0
  0
VERTEX
  8
1
 10
100.1302
 20
76.8668
 30
0.0000
 42
1.0000
  0
VERTEX
  8
1
 10
100.1302
 20
76.9048
 30
0.0000
  0
SEQEND
  8
0
  0
POLYLINE
  8
1
 66
1
 10
0.0000
 20
0.0000
 30
0.0000
 40
0.0381
 41
0.0381
 70
0
  0
VERTEX
  8
1
 10
98.7405
 20
76.9048
 30
0.0000
 42
1.0000
  0
VERTEX
  8
1
 10
98.7405
 20
76.8668
 30
0.0000
  0
SEQEND
  8
0
  0
POLYLINE
  8
1
 66
1
 10
0.0000
 20
0.0000
 30
0.0000
 40
0.0762
 41
0.0762
 70
0
  0
VERTEX
  8
1
 10
100.6970
 20
76.8858
 30
0.0000
  0
VERTEX
  8
1
 10
101.7595
 20
76.8858
 30
0.0000
  0
SEQEND
  8
0
  0
POLYLINE
  8
1
 66
1
 10
0.0000
 20
0.0000
 30
0.0000
 40
0.0381
 41
0.0381
 70
0
  0
VERTEX
  8
1
 10
101.7595
 20
76.8668
 30
0.0000
 42
1.0000
  0
VERTEX
  8
1
 10
101.7595
 20
76.9048
 30
0.0000
  0
SEQEND
  8
0
  0
POLYLINE
  8
1
 66
1
 10
0.0000
 20
0.0000
 30
0.0000
 40
0.0381
 41
0.0381
 70
0
  0
VERTEX
  8
1
 10
100.6970
 20
76.9048
 30
0.0000
 42
1.0000
  0
VERTEX
  8
1
 10
100.6970
 20
76.8668
 30
0.0000
  0
SEQEND
  8
0
  0
POLYLINE
  8
1
 66
1
 10
0.0000
 20
0.0000
 30
0.0000
 40
0.0762
 41
0.0762
 70
0
  0
VERTEX
  8
1
 10
98.8045
 20
76.9620
 30
0.0000
  0
VERTEX
  8
1
 10
100.0297
 20
76.9620
 30
0.0000
  0
SEQEND
  8
0
  0
POLYLINE
  8
1
 66
1
 10
0.0000
 20
0.0000
 30
0.0000
 40
0.0381
 41
0.0381
 70
0
  0
VERTEX
  8
1
 10
100.0297
 20
76.9430
 30
0.0000
 42
1.0000
  0
VERTEX
  8
1
 10
100.0297
 20
76.9810
 30
0.0000
  0
SEQEND
  8
0
  0
POLYLINE
  8
1
 66
1
 10
0.0000
 20
0.0000
 30
0.0000
 40
0.0381
 41
0.0381
 70
0
  0
VERTEX
  8
1
 10
98.8045
 20
76.9810
 30
0.0000
 42
1.0000
  0
VERTEX
  8
1
 10
98.8045
 20
76.9430
 30
0.0000
  0
SEQEND
  8
0
  0
POLYLINE
  8
1
 66
1
 10
0.0000
 20
0.0000
 30
0.0000
 40
0.0762
 41
0.0762
 70
0
  0
VERTEX
  8
1
 10
100.7548
 20
76.9620
 30
0.0000
  0
VERTEX
  8
1
 10
101.8235
 20
76.9620
 30
0.0000
  0
SEQEND
  8
0
  0
POLYLINE
  8
1
 66
1
 10
0.0000
 20
0.0000
 30
0.0000
 40
0.0381
 41
0.0381
 70
0
  0
VERTEX
  8
1
 10
101.8235
 20
76.9430
 30
0.0000
 42
1.0000
  0
VERTEX
  8
1
 10
101.8235
 20
76.9810
 30
0.0000
  0
SEQEND
  8
0
  0
POLYLINE
  8
1
 66
1
 10
0.0000
 20
0.0000
 30
0.0000
 40
0.0381
 41
0.0381
 70
0
  0
VERTEX
  8
1
 10
100.7548
 20
76.9810
 30
0.0000
 42
1.0000
  0
VERTEX
  8
1
 10
100.7548
 20
76.9430
 30
0.0000
  0
SEQEND
  8
0
  0
POLYLINE
  8
1
 66
1
 10
0.0000
 20
0.0000
 30
0.0000
 40
0.0762
 41
0.0762
 70
0
  0
VERTEX
  8
1
 10
98.8684
 20
77.0382
 30
0.0000
  0
VERTEX
  8
1
 10
99.9292
 20
77.0382
 30
0.0000
  0
SEQEND
  8
0
  0
POLYLINE
  8
1
 66
1
 10
0.0000
 20
0.0000
 30
0.0000
 40
0.0381
 41
0.0381
 70
0
  0
VERTEX
  8
1
 10
99.9292
 20
77.0192
 30
0.0000
 42
1.0000
  0
VERTEX
  8
1
 10
99.9292
 20
77.0572
 30
0.0000
  0
SEQEND
  8
0
  0
POLYLINE
  8
1
 66
1
 10
0.0000
 20
0.0000
 30
0.0000
 40
0.0381
 41
0.0381
 70
0
  0
VERTEX
  8
1
 10
98.8684
 20
77.0572
 30
0.0000
 42
1.0000
  0
VERTEX
  8
1
 10
98.8684
 20
77.0192
 30
0.0000
  0
SEQEND
  8
0
  0
POLYLINE
  8
1
 66
1
 10
0.0000
 20
0.0000
 30
0.0000
 40
0.0762
 41
0.0762
 70
0
  0
VERTEX
  8
1
 10
100.8126
 20
77.0382
 30
0.0000
  0
VERTEX
  8
1
 10
101.8874
 20
77.0382
 30
0.0000
  0
SEQEND
  8
0
  0
POLYLINE
  8
1
 66
1
 10
0.0000
 20
0.0000
 30
0.0000
 40
0.0381
 41
0.0381
 70
0
  0
VERTEX
  8
1
 10
101.8874
 20
77.0192
 30
0.0000
 42
1.0000
  0
VERTEX
  8
1
 10
101.8874
 20
77.0572
 30
0.0000
  0
SEQEND
  8
0
  0
POLYLINE
  8
1
 66
1
 10
0.0000
 20
0.0000
 30
0.0000
 40
0.0381
 41
0.0381
 70
0
  0
VERTEX
  8
1
 10
100.8126
 20
77.0572
 30
0.0000
 42
1.0000
  0
VERTEX
  8
1
 10
100.8126
 20
77.0192
 30
0.0000
  0
SEQEND
  8
0
  0
POLYLINE
  8
1
 66
1
 10
0.0000
 20
0.0000
 30
0.0000
 40
0.0762
 41
0.0762
 70
0
  0
VERTEX
  8
1
 10
98.9323
 20
77.1144
 30
0.0000
  0
VERTEX
  8
1
 10
99.8287
 20
77.1144
 30
0.0000
  0
SEQEND
  8
0
  0
POLYLINE
  8
1
 66
1
 10
0.0000
 20
0.0000
 30
0.0000
 40
0.0381
 41
0.0381
 70
0
  0
VERTEX
  8
1
 10
99.8287
 20
77.0954
 30
0.0000
 42
1.0000
  0
VERTEX
  8
1
 10
99.8287
 20
77.1334
 30
0.0000
  0
SEQEND
  8
0
  0
POLYLINE
  8
1
 66
1
 10
0.0000
 20
0.0000
 30
0.0000
 40
0.0381
 41
0.0381
 70
0
  0
VERTEX
  8
1
 10
98.9323
 20
77.1334
 30
0.0000
 42
1.0000
  0
VERTEX
  8
1
 10
98.9323
 20
77.0954
 30
0.0000
  0
SEQEND
  8
0
  0
POLYLINE
  8
1
 66
1
 10
0.0000
 20
0.0000
 30
0.0000
 40
0.0762
 41
0.0762
 70
0
  0
VERTEX
  8
1
 10
100.8704
 20
77.1144
 30
0.0000
  0
VERTEX
  8
1
 10
101.9514
 20
77.1144
 30
0.0000
  0
SEQEND
  8
0
  0
POLYLINE
  8
1
 66
1
 10
0.0000
 20
0.0000
 30
0.0000
 40
0.0381
 41
0.0381
 70
0
  0
VERTEX
  8
1
 10
101.9514
 20
77.0954
 30
0.0000
 42
1.0000
  0
VERTEX
  8
1
 10
101.9514
 20
77.1334
 30
0.0000
  0
SEQEND
  8
0
  0
POLYLINE
  8
1
 66
1
 10
0.0000
 20
0.0000
 30
0.0000
 40
0.0381
 41
0.0381
 70
0
  0
VERTEX
  8
1
 10
100.8704
 20
77.1334
 30
0.0000
 42
1.0000
  0
VERTEX
  8
1
 10
100.8704
 20
77.0954
 30
0.0000
  0
SEQEND
  8
0
  0
POLYLINE
  8
1
 66
1
 10
0.0000
 20
0.0000
 30
0.0000
 40
0.0762
 41
0.0762
 70
0
  0
VERTEX
  8
1
 10
98.9963
 20
77.1906
 30
0.0000
  0
VERTEX
  8
1
 10
99.7705
 20
77.1906
 30
0.0000
  0
SEQEND
  8
0
  0
POLYLINE
  8
1
 66
1
 10
0.0000
 20
0.0000
 30
0.0000
 40
0.0381
 41
0.0381
 70
0
  0
VERTEX
  8
1
 10
99.7705
 20
77.1716
 30
0.0000
 42
1.0000
  0
VERTEX
  8
1
 10
99.7705
 20
77.2096
 30
0.0000
  0
SEQEND
  8
0
  0
POLYLINE
  8
1
 66
1
 10
0.0000
 20
0.0000
 30
0.0000
 40
0.0381
 41
0.0381
 70
0
  0
VERTEX
  8
1
 10
98.9963
 20
77.2096
 30
0.0000
 42
1.0000
  0
VERTEX
  8
1
 10
98.9963
 20
77.1716
 30
0.0000
  0
SEQEND
  8
0
  0
POLYLINE
  8
1
 66
1
 10
0.0000
 20
0.0000
 30
0.0000
 40
0.0762
 41
0.0762
 70
0
  0
VERTEX
  8
1
 10
100.9282
 20
77.1906
 30
0.0000
  0
VERTEX
  8
1
 10
102.0153
 20
77.1906
 30
0.0000
  0
SEQEND
  8
0
  0
POLYLINE
  8
1
 66
1
 10
0.0000
 20
0.0000
 30
0.0000
 40
0.0381
 41
0.0381
 70
0
  0
VERTEX
  8
1
 10
102.0153
 20
77.1716
 30
0.0000
 42
1.0000
  0
VERTEX
  8
1
 10
102.0153
 20
77.2096
 30
0.0000
  0
SEQEND
  8
0
  0
POLYLINE
  8
1
 66
1
 10
0.0000
 20
0.0000
 30
0.0000
 40
0.0381
 41
0.0381
 70
0
  0
VERTEX
  8
1
 10
100.9282
 20
77.2096
 30
0.0000
 42
1.0000
  0
VERTEX
  8
1
 10
100.9282
 20
77.1716
 30
0.0000
  0
SEQEND
  8
0
  0
POLYLINE
  8
1
 66
1
 10
0.0000
 20
0.0000
 30
0.0000
 40
0.0762
 41
0.0762
 70
0
  0
VERTEX
  8
1
 10
99.0602
 20
77.2668
 30
0.0000
  0
VERTEX
  8
1
 10
99.8100
 20
77.2668
 30
0.0000
  0
SEQEND
  8
0
  0
POLYLINE
  8
1
 66
1
 10
0.0000
 20
0.0000
 30
0.0000
 40
0.0381
 41
0.0381
 70
0
  0
VERTEX
  8
1
 10
99.8100
 20
77.2478
 30
0.0000
 42
1.0000
  0
VERTEX
  8
1
 10
99.8100
 20
77.2858
 30
0.0000
  0
SEQEND
  8
0
  0
POLYLINE
  8
1
 66
1
 10
0.0000
 20
0.0000
 30
0.0000
 40
0.0381
 41
0.0381
 70
0
  0
VERTEX
  8
1
 10
99.0602
 20
77.2858
 30
0.0000
 42
1.0000
  0
VERTEX
  8
1
 10
99.0602
 20
77.2478
 30
0.0000
  0
SEQEND
  8
0
  0
POLYLINE
  8
1
 66
1
 10
0.0000
 20
0.0000
 30
0.0000
 40
0.0762
 41
0.0762
 70
0
  0
VERTEX
  8
1
 10
100.9859
 20
77.2668
 30
0.0000
  0
VERTEX
  8
1
 10
102.0792
 20
77.2668
 30
0.0000
  0
SEQEND
  8
0
  0
POLYLINE
  8
1
 66
1
 10
0.0000
 20
0.0000
 30
0.0000
 40
0.0381
 41
0.0381
 70
0
  0
VERTEX
  8
1
 10
102.0792
 20
77.2478
 30
0.0000
 42
1.0000
  0
VERTEX
  8
1
 10
102.0792
 20
77.2858
 30
0.0000
  0
SEQEND
  8
0
  0
POLYLINE
  8
1
 66
1
 10
0.0000
 20
0.0000
 30
0.0000
 40
0.0381
 41
0.0381
 70
0
  0
VERTEX
  8
1
 10
100.9859
 20
77.2858
 30
0.0000
 42
1.0000
  0
VERTEX
  8
1
 10
100.9859
 20
77.2478
 30
0.0000
  0
SEQEND
  8
0
  0
POLYLINE
  8
1
 66
1
 10
0.0000
 20
0.0000
 30
0.0000
 40
0.0762
 41
0.0762
 70
0
  0
VERTEX
  8
1
 10
99.1242
 20
77.3430
 30
0.0000
  0
VERTEX
  8
1
 10
99.8678
 20
77.3430
 30
0.0000
  0
SEQEND
  8
0
  0
POLYLINE
  8
1
 66
1
 10
0.0000
 20
0.0000
 30
0.0000
 40
0.0381
 41
0.0381
 70
0
  0
VERTEX
  8
1
 10
99.8678
 20
77.3240
 30
0.0000
 42
1.0000
  0
VERTEX
  8
1
 10
99.8678
 20
77.3620
 30
0.0000
  0
SEQEND
  8
0
  0
POLYLINE
  8
1
 66
1
 10
0.0000
 20
0.0000
 30
0.0000
 40
0.0381
 41
0.0381
 70
0
  0
VERTEX
  8
1
 10
99.1242
 20
77.3620
 30
0.0000
 42
1.0000
  0
VERTEX
  8
1
 10
99.1242
 20
77.3240
 30
0.0000
  0
SEQEND
  8
0
  0
POLYLINE
  8
1
 66
1
 10
0.0000
 20
0.0000
 30
0.0000
 40
0.0762
 41
0.0762
 70
0
  0
VERTEX
  8
1
 10
101.0437
 20
77.3430
 30
0.0000
  0
VERTEX
  8
1
 10
102.1432
 20
77.3430
 30
0.0000
  0
SEQEND
  8
0
  0
POLYLINE
  8
1
 66
1
 10
0.0000
 20
0.0000
 30
0.0000
 40
0.0381
 41
0.0381
 70
0
  0
VERTEX
  8
1
 10
102.1432
 20
77.3240
 30
0.0000
 42
1.0000
  0
VERTEX
  8
1
 10
102.1432
 20
77.3620
 30
0.0000
  0
SEQEND
  8
0
  0
POLYLINE
  8
1
 66
1
 10
0.0000
 20
0.0000
 30
0.0000
 40
0.0381
 41
0.0381
 70
0
  0
VERTEX
  8
1
 10
101.0437
 20
77.3620
 30
0.0000
 42
1.0000
  0
VERTEX
  8
1
 10
101.0437
 20
77.3240
 30
0.0000
  0
SEQEND
  8
0
  0
POLYLINE
  8
1
 66
1
 10
0.0000
 20
0.0000
 30
0.0000
 40
0.0762
 41
0.0762
 70
0
  0
VERTEX
  8
1
 10
99.1881
 20
77.4192
 30
0.0000
  0
VERTEX
  8
1
 10
99.9256
 20
77.4192
 30
0.0000
  0
SEQEND
  8
0
  0
POLYLINE
  8
1
 66
1
 10
0.0000
 20
0.0000
 30
0.0000
 40
0.0381
 41
0.0381
 70
0
  0
VERTEX
  8
1
 10
99.9256
 20
77.4002
 30
0.0000
 42
1.0000
  0
VERTEX
  8
1
 10
99.9256
 20
77.4382
 30
0.0000
  0
SEQEND
  8
0
  0
POLYLINE
  8
1
 66
1
 10
0.0000
 20
0.0000
 30
0.0000
 40
0.0381
 41
0.0381
 70
0
  0
VERTEX
  8
1
 10
99.1881
 20
77.4382
 30
0.0000
 42
1.0000
  0
VERTEX
  8
1
 10
99.1881
 20
77.4002
 30
0.0000
  0
SEQEND
  8
0
  0
POLYLINE
  8
1
 66
1
 10
0.0000
 20
0.0000
 30
0.0000
 40
0.0762
 41
0.0762
 70
0
  0
VERTEX
  8
1
 10
101.1015
 20
77.4192
 30
0.0000
  0
VERTEX
  8
1
 10
102.2071
 20
77.4192
 30
0.0000
  0
SEQEND
  8
0
  0
POLYLINE
  8
1
 66
1
 10
0.0000
 20
0.0000
 30
0.0000
 40
0.0381
 41
0.0381
 70
0
  0
VERTEX
  8
1
 10
102.2071
 20
77.4002
 30
0.0000
 42
1.0000
  0
VERTEX
  8
1
 10
102.2071
 20
77.4382
 30
0.0000
  0
SEQEND
  8
0
  0
POLYLINE
  8
1
 66
1
 10
0.0000
 20
0.0000
 30
0.0000
 40
0.0381
 41
0.0381
 70
0
  0
VERTEX
  8
1
 10
101.1015
 20
77.4382
 30
0.0000
 42
1.0000
  0
VERTEX
  8
1
 10
101.1015
 20
77.4002
 30
0.0000
  0
SEQEND
  8
0
  0
POLYLINE
  8
1
 66
1
 10
0.0000
 20
0.0000
 30
0.0000
 40
0.0762
 41
0.0762
 70
0
  0
VERTEX
  8
1
 10
99.2520
 20
77.4954
 30
0.0000
  0
VERTEX
  8
1
 10
99.9834
 20
77.4954
 30
0.0000
  0
SEQEND
  8
0
  0
POLYLINE
  8
1
 66
1
 10
0.0000
 20
0.0000
 30
0.0000
 40
0.0381
 41
0.0381
 70
0
  0
VERTEX
  8
1
 10
99.9834
 20
77.4764
 30
0.0000
 42
1.0000
  0
VERTEX
  8
1
 10
99.9834
 20
77.5144
 30
0.0000
  0
SEQEND
  8
0
  0
POLYLINE
  8
1
 66
1
 10
0.0000
 20
0.0000
 30
0.0000
 40
0.0381
 41
0.0381
 70
0
  0
VERTEX
  8
1
 10
99.2520
 20
77.5144
 30
0.0000
 42
1.0000
  0
VERTEX
  8
1
 10
99.2520
 20
77.4764
 30
0.0000
  0
SEQEND
  8
0
  0
POLYLINE
  8
1
 66
1
 10
0.0000
 20
0.0000
 30
0.0000
 40
0.0762
 41
0.0762
 70
0
  0
VERTEX
  8
1
 10
101.1593
 20
77.4954
 30
0.0000
  0
VERTEX
  8
1
 10
102.2711
 20
77.4954
 30
0.0000
  0
SEQEND
  8
0
  0
POLYLINE
  8
1
 66
1
 10
0.0000
 20
0.0000
 30
0.0000
 40
0.0381
 41
0.0381
 70
0
  0
VERTEX
  8
1
 10
102.2711
 20
77.4764
 30
0.0000
 42
1.0000
  0
VERTEX
  8
1
 10
102.2711
 20
77.5144
 30
0.0000
  0
SEQEND
  8
0
  0
POLYLINE
  8
1
 66
1
 10
0.0000
 20
0.0000
 30
0.0000
 40
0.0381
 41
0.0381
 70
0
  0
VERTEX
  8
1
 10
101.1593
 20
77.5144
 30
0.0000
 42
1.0000
  0
VERTEX
  8
1
 10
101.1593
 20
77.4764
 30
0.0000
  0
SEQEND
  8
0
  0
POLYLINE
  8
1
 66
1
 10
0.0000
 20
0.0000
 30
0.0000
 40
0.0762
 41
0.0762
 70
0
  0
VERTEX
  8
1
 10
99.3160
 20
77.5716
 30
0.0000
  0
VERTEX
  8
1
 10
100.0411
 20
77.5716
 30
0.0000
  0
SEQEND
  8
0
  0
POLYLINE
  8
1
 66
1
 10
0.0000
 20
0.0000
 30
0.0000
 40
0.0381
 41
0.0381
 70
0
  0
VERTEX
  8
1
 10
100.0411
 20
77.5526
 30
0.0000
 42
1.0000
  0
VERTEX
  8
1
 10
100.0411
 20
77.5906
 30
0.0000
  0
SEQEND
  8
0
  0
POLYLINE
  8
1
 66
1
 10
0.0000
 20
0.0000
 30
0.0000
 40
0.0381
 41
0.0381
 70
0
  0
VERTEX
  8
1
 10
99.3160
 20
77.5906
 30
0.0000
 42
1.0000
  0
VERTEX
  8
1
 10
99.3160
 20
77.5526
 30
0.0000
  0
SEQEND
  8
0
  0
POLYLINE
  8
1
 66
1
 10
0.0000
 20
0.0000
 30
0.0000
 40
0.0762
 41
0.0762
 70
0
  0
VERTEX
  8
1
 10
101.2171
 20
77.5716
 30
0.0000
  0
VERTEX
  8
1
 10
102.3350
 20
77.5716
 30
0.0000
  0
SEQEND
  8
0
  0
POLYLINE
  8
1
 66
1
 10
0.0000
 20
0.0000
 30
0.0000
 40
0.0381
 41
0.0381
 70
0
  0
VERTEX
  8
1
 10
102.3350
 20
77.5526
 30
0.0000
 42
1.0000
  0
VERTEX
  8
1
 10
102.3350
 20
77.5906
 30
0.0000
  0
SEQEND
  8
0
  0
POLYLINE
  8
1
 66
1
 10
0.0000
 20
0.0000
 30
0.0000
 40
0.0381
 41
0.0381
 70
0
  0
VERTEX
  8
1
 10
101.2171
 20
77.5906
 30
0.0000
 42
1.0000
  0
VERTEX
  8
1
 10
101.2171
 20
77.5526
 30
0.0000
  0
SEQEND
  8
0
  0
POLYLINE
  8
1
 66
1
 10
0.0000
 20
0.0000
 30
0.0000
 40
0.0762
 41
0.0762
 70
0
  0
VERTEX
  8
1
 10
99.3799
 20
77.6478
 30
0.0000
  0
VERTEX
  8
1
 10
100.0989
 20
77.6478
 30
0.0000
  0
SEQEND
  8
0
  0
POLYLINE
  8
1
 66
1
 10
0.0000
 20
0.0000
 30
0.0000
 40
0.0381
 41
0.0381
 70
0
  0
VERTEX
  8
1
 10
100.0989
 20
77.6288
 30
0.0000
 42
1.0000
  0
VERTEX
  8
1
 10
100.0989
 20
77.6668
 30
0.0000
  0
SEQEND
  8
0
  0
POLYLINE
  8
1
 66
1
 10
0.0000
 20
0.0000
 30
0.0000
 40
0.0381
 41
0.0381
 70
0
  0
VERTEX
  8
1
 10
99.3799
 20
77.6668
 30
0.0000
 42
1.0000
  0
VERTEX
  8
1
 10
99.3799
 20
77.6288
 30
0.0000
  0
SEQEND
  8
0
  0
POLYLINE
  8
1
 66
1
 10
0.0000
 20
0.0000
 30
0.0000
 40
0.0762
 41
0.0762
 70
0
  0
VERTEX
  8
1
 10
101.2749
 20
77.6478
 30
0.0000
  0
VERTEX
  8
1
 10
102.3989
 20
77.6478
 30
0.0000
  0
SEQEND
  8
0
  0
POLYLINE
  8
1
 66
1
 10
0.0000
 20
0.0000
 30
0.0000
 40
0.0381
 41
0.0381
 70
0
  0
VERTEX
  8
1
 10
102.3989
 20
77.6288
 30
0.0000
 42
1.0000
  0
VERTEX
  8
1
 10
102.3989
 20
77.6668
 30
0.0000
  0
SEQEND
  8
0
  0
POLYLINE
  8
1
 66
1
 10
0.0000
 20
0.0000
 30
0.0000
 40
0.0381
 41
0.0381
 70
0
  0
VERTEX
  8
1
 10
101.2749
 20
77.6668
 30
0.0000
 42
1.0000
  0
VERTEX
  8
1
 10
101.2749
 20
77.6288
 30
0.0000
  0
SEQEND
  8
0
  0
POLYLINE
  8
1
 66
1
 10
0.0000
 20
0.0000
 30
0.0000
 40
0.0762
 41
0.0762
 70
0
  0
VERTEX
  8
1
 10
99.4438
 20
77.7240
 30
0.0000
  0
VERTEX
  8
1
 10
100.1567
 20
77.7240
 30
0.0000
  0
SEQEND
  8
0
  0
POLYLINE
  8
1
 66
1
 10
0.0000
 20
0.0000
 30
0.0000
 40
0.0381
 41
0.0381
 70
0
  0
VERTEX
  8
1
 10
100.1567
 20
77.7050
 30
0.0000
 42
1.0000
  0
VERTEX
  8
1
 10
100.1567
 20
77.7430
 30
0.0000
  0
SEQEND
  8
0
  0
POLYLINE
  8
1
 66
1
 10
0.0000
 20
0.0000
 30
0.0000
 40
0.0381
 41
0.0381
 70
0
  0
VERTEX
  8
1
 10
99.4438
 20
77.7430
 30
0.0000
 42
1.0000
  0
VERTEX
  8
1
 10
99.4438
 20
77.7050
 30
0.0000
  0
SEQEND
  8
0
  0
POLYLINE
  8
1
 66
1
 10
0.0000
 20
0.0000
 30
0.0000
 40
0.0762
 41
0.0762
 70
0
  0
VERTEX
  8
1
 10
101.3326
 20
77.7240
 30
0.0000
  0
VERTEX
  8
1
 10
102.4629
 20
77.7240
 30
0.0000
  0
SEQEND
  8
0
  0
POLYLINE
  8
1
 66
1
 10
0.0000
 20
0.0000
 30
0.0000
 40
0.0381
 41
0.0381
 70
0
  0
VERTEX
  8
1
 10
102.4629
 20
77.7050
 30
0.0000
 42
1.0000
  0
VERTEX
  8
1
 10
102.4629
 20
77.7430
 30
0.0000
  0
SEQEND
  8
0
  0
POLYLINE
  8
1
 66
1
 10
0.0000
 20
0.0000
 30
0.0000
 40
0.0381
 41
0.0381
 70
0
  0
VERTEX
  8
1
 10
101.3326
 20
77.7430
 30
0.0000
 42
1.0000
  0
VERTEX
  8
1
 10
101.3326
 20
77.7050
 30
0.0000
  0
SEQEND
  8
0
  0
POLYLINE
  8
1
 66
1
 10
0.0000
 20
0.0000
 30
0.0000
 40
0.0762
 41
0.0762
 70
0
  0
VERTEX
  8
1
 10
99.5078
 20
77.8002
 30
0.0000
  0
VERTEX
  8
1
 10
100.2145
 20
77.8002
 30
0.0000
  0
SEQEND
  8
0
  0
POLYLINE
  8
1
 66
1
 10
0.0000
 20
0.0000
 30
0.0000
 40
0.0381
 41
0.0381
 70
0
  0
VERTEX
  8
1
 10
100.2145
 20
77.7812
 30
0.0000
 42
1.0000
  0
VERTEX
  8
1
 10
100.2145
 20
77.8192
 30
0.0000
  0
SEQEND
  8
0
  0
POLYLINE
  8
1
 66
1
 10
0.0000
 20
0.0000
 30
0.0000
 40
0.0381
 41
0.0381
 70
0
  0
VERTEX
  8
1
 10
99.5078
 20
77.8192
 30
0.0000
 42
1.0000
  0
VERTEX
  8
1
 10
99.5078
 20
77.7812
 30
0.0000
  0
SEQEND
  8
0
  0
POLYLINE
  8
1
 66
1
 10
0.0000
 20
0.0000
 30
0.0000
 40
0.0762
 41
0.0762
 70
0
  0
VERTEX
  8
1
 10
101.3904
 20
77.8002
 30
0.0000
  0
VERTEX
  8
1
 10
102.5268
 20
77.8002
 30
0.0000
  0
SEQEND
  8
0
  0
POLYLINE
  8
1
 66
1
 10
0.0000
 20
0.0000
 30
0.0000
 40
0.0381
 41
0.0381
 70
0
  0
VERTEX
  8
1
 10
102.5268
 20
77.7812
 30
0.0000
 42
1.0000
  0
VERTEX
  8
1
 10
102.5268
 20
77.8192
 30
0.0000
  0
SEQEND
  8
0
  0
POLYLINE
  8
1
 66
1
 10
0.0000
 20
0.0000
 30
0.0000
 40
0.0381
 41
0.0381
 70
0
  0
VERTEX
  8
1
 10
101.3904
 20
77.8192
 30
0.0000
 42
1.0000
  0
VERTEX
  8
1
 10
101.3904
 20
77.7812
 30
0.0000
  0
SEQEND
  8
0
  0
POLYLINE
  8
1
 66
1
 10
0.0000
 20
0.0000
 30
0.0000
 40
0.0762
 41
0.0762
 70
0
  0
VERTEX
  8
1
 10
99.5717
 20
77.8764
 30
0.0000
  0
VERTEX
  8
1
 10
100.2723
 20
77.8764
 30
0.0000
  0
SEQEND
  8
0
  0
POLYLINE
  8
1
 66
1
 10
0.0000
 20
0.0000
 30
0.0000
 40
0.0381
 41
0.0381
 70
0
  0
VERTEX
  8
1
 10
100.2723
 20
77.8574
 30
0.0000
 42
1.0000
  0
VERTEX
  8
1
 10
100.2723
 20
77.8954
 30
0.0000
  0
SEQEND
  8
0
  0
POLYLINE
  8
1
 66
1
 10
0.0000
 20
0.0000
 30
0.0000
 40
0.0381
 41
0.0381
 70
0
  0
VERTEX
  8
1
 10
99.5717
 20
77.8954
 30
0.0000
 42
1.0000
  0
VERTEX
  8
1
 10
99.5717
 20
77.8574
 30
0.0000
  0
SEQEND
  8
0
  0
POLYLINE
  8
1
 66
1
 10
0.0000
 20
0.0000
 30
0.0000
 40
0.0762
 41
0.0762
 70
0
  0
VERTEX
  8
1
 10
101.4482
 20
77.8764
 30
0.0000
  0
VERTEX
  8
1
 10
102.5908
 20
77.8764
 30
0.0000
  0
SEQEND
  8
0
  0
POLYLINE
  8
1
 66
1
 10
0.0000
 20
0.0000
 30
0.0000
 40
0.0381
 41
0.0381
 70
0
  0
VERTEX
  8
1
 10
102.5908
 20
77.8574
 30
0.0000
 42
1.0000
  0
VERTEX
  8
1
 10
102.5908
 20
77.8954
 30
0.0000
  0
SEQEND
  8
0
  0
POLYLINE
  8
1
 66
1
 10
0.0000
 20
0.0000
 30
0.0000
 40
0.0381
 41
0.0381
 70
0
  0
VERTEX
  8
1
 10
101.4482
 20
77.8954
 30
0.0000
 42
1.0000
  0
VERTEX
  8
1
 10
101.4482
 20
77.8574
 30
0.0000
  0
SEQEND
  8
0
  0
POLYLINE
  8
1
 66
1
 10
0.0000
 20
0.0000
 30
0.0000
 40
0.0762
 41
0.0762
 70
0
  0
VERTEX
  8
1
 10
99.6357
 20
77.9526
 30
0.0000
  0
VERTEX
  8
1
 10
100.3301
 20
77.9526
 30
0.0000
  0
SEQEND
  8
0
  0
POLYLINE
  8
1
 66
1
 10
0.0000
 20
0.0000
 30
0.0000
 40
0.0381
 41
0.0381
 70
0
  0
VERTEX
  8
1
 10
100.3301
 20
77.9336
 30
0.0000
 42
1.0000
  0
VERTEX
  8
1
 10
100.3301
 20
77.9716
 30
0.0000
  0
SEQEND
  8
0
  0
POLYLINE
  8
1
 66
1
 10
0.0000
 20
0.0000
 30
0.0000
 40
0.0381
 41
0.0381
 70
0
  0
VERTEX
  8
1
 10
99.6357
 20
77.9716
 30
0.0000
 42
1.0000
  0
VERTEX
  8
1
 10
99.6357
 20
77.9336
 30
0.0000
  0
SEQEND
  8
0
  0
POLYLINE
  8
1
 66
1
 10
0.0000
 20
0.0000
 30
0.0000
 40
0.0762
 41
0.0762
 70
0
  0
VERTEX
  8
1
 10
101.5060
 20
77.9526
 30
0.0000
  0
VERTEX
  8
1
 10
102.6547
 20
77.9526
 30
0.0000
  0
SEQEND
  8
0
  0
POLYLINE
  8
1
 66
1
 10
0.0000
 20
0.0000
 30
0.0000
 40
0.0381
 41
0.0381
 70
0
  0
VERTEX
  8
1
 10
102.6547
 20
77.9336
 30
0.0000
 42
1.0000
  0
VERTEX
  8
1
 10
102.6547
 20
77.9716
 30
0.0000
  0
SEQEND
  8
0
  0
POLYLINE
  8
1
 66
1
 10
0.0000
 20
0.0000
 30
0.0000
 40
0.0381
 41
0.0381
 70
0
  0
VERTEX
  8
1
 10
101.5060
 20
77.9716
 30
0.0000
 42
1.0000
  0
VERTEX
  8
1
 10
101.5060
 20
77.9336
 30
0.0000
  0
SEQEND
  8
0
  0
POLYLINE
  8
1
 66
1
 10
0.0000
 20
0.0000
 30
0.0000
 40
0.0762
 41
0.0762
 70
0
  0
VERTEX
  8
1
 10
99.6996
 20
78.0288
 30
0.0000
  0
VERTEX
  8
1
 10
100.3878
 20
78.0288
 30
0.0000
  0
SEQEND
  8
0
  0
POLYLINE
  8
1
 66
1
 10
0.0000
 20
0.0000
 30
0.0000
 40
0.0381
 41
0.0381
 70
0
  0
VERTEX
  8
1
 10
100.3878
 20
78.0098
 30
0.0000
 42
1.0000
  0
VERTEX
  8
1
 10
100.3878
 20
78.0478
 30
0.0000
  0
SEQEND
  8
0
  0
POLYLINE
  8
1
 66
1
 10
0.0000
 20
0.0000
 30
0.0000
 40
0.0381
 41
0.0381
 70
0
  0
VERTEX
  8
1
 10
99.6996
 20
78.0478
 30
0.0000
 42
1.0000
  0
VERTEX
  8
1
 10
99.6996
 20
78.0098
 30
0.0000
  0
SEQEND
  8
0
  0
POLYLINE
  8
1
 66
1
 10
0.0000
 20
0.0000
 30
0.0000
 40
0.0762
 41
0.0762
 70
0
  0
VERTEX
  8
1
 10
101.5638
 20
78.0288
 30
0.0000
  0
VERTEX
  8
1
 10
102.7186
 20
78.0288
 30
0.0000
  0
SEQEND
  8
0
  0
POLYLINE
  8
1
 66
1
 10
0.0000
 20
0.0000
 30
0.0000
 40
0.0381
 41
0.0381
 70
0
  0
VERTEX
  8
1
 10
102.7186
 20
78.0098
 30
0.0000
 42
1.0000
  0
VERTEX
  8
1
 10
102.7186
 20
78.0478
 30
0.0000
  0
SEQEND
  8
0
  0
POLYLINE
  8
1
 66
1
 10
0.0000
 20
0.0000
 30
0.0000
 40
0.0381
 41
0.0381
 70
0
  0
VERTEX
  8
1
 10
101.5638
 20
78.0478
 30
0.0000
 42
1.0000
  0
VERTEX
  8
1
 10
101.5638
 20
78.0098
 30
0.0000
  0
SEQEND
  8
0
  0
POLYLINE
  8
1
 66
1
 10
0.0000
 20
0.0000
 30
0.0000
 40
0.0762
 41
0.0762
 70
0
  0
VERTEX
  8
1
 10
99.7635
 20
78.1050
 30
0.0000
  0
VERTEX
  8
1
 10
100.4456
 20
78.1050
 30
0.0000
  0
SEQEND
  8
0
  0
POLYLINE
  8
1
 66
1
 10
0.0000
 20
0.0000
 30
0.0000
 40
0.0381
 41
0.0381
 70
0
  0
VERTEX
  8
1
 10
100.4456
 20
78.0860
 30
0.0000
 42
1.0000
  0
VERTEX
  8
1
 10
100.4456
 20
78.1240
 30
0.0000
  0
SEQEND
  8
0
  0
POLYLINE
  8
1
 66
1
 10
0.0000
 20
0.0000
 30
0.0000
 40
0.0381
 41
0.0381
 70
0
  0
VERTEX
  8
1
 10
99.7635
 20
78.1240
 30
0.0000
 42
1.0000
  0
VERTEX
  8
1
 10
99.7635
 20
78.0860
 30
0.0000
  0
SEQEND
  8
0
  0
POLYLINE
  8
1
 66
1
 10
0.0000
 20
0.0000
 30
0.0000
 40
0.0762
 41
0.0762
 70
0
  0
VERTEX
  8
1
 10
101.6216
 20
78.1050
 30
0.0000
  0
VERTEX
  8
1
 10
102.7826
 20
78.1050
 30
0.0000
  0
SEQEND
  8
0
  0
POLYLINE
  8
1
 66
1
 10
0.0000
 20
0.0000
 30
0.0000
 40
0.0381
 41
0.0381
 70
0
  0
VERTEX
  8
1
 10
102.7826
 20
78.0860
 30
0.0000
 42
1.0000
  0
VERTEX
  8
1
 10
102.7826
 20
78.1240
 30
0.0000
  0
SEQEND
  8
0
  0
POLYLINE
  8
1
 66
1
 10
0.0000
 20
0.0000
 30
0.0000
 40
0.0381
 41
0.0381
 70
0
  0
VERTEX
  8
1
 10
101.6216
 20
78.1240
 30
0.0000
 42
1.0000
  0
VERTEX
  8
1
 10
101.6216
 20
78.0860
 30
0.0000
  0
SEQEND
  8
0
  0
POLYLINE
  8
1
 66
1
 10
0.0000
 20
0.0000
 30
0.0000
 40
0.0762
 41
0.0762
 70
0
  0
VERTEX
  8
1
 10
99.8275
 20
78.1812
 30
0.0000
  0
VERTEX
  8
1
 10
100.5034
 20
78.1812
 30
0.0000
  0
SEQEND
  8
0
  0
POLYLINE
  8
1
 66
1
 10
0.0000
 20
0.0000
 30
0.0000
 40
0.0381
 41
0.0381
 70
0
  0
VERTEX
  8
1
 10
100.5034
 20
78.1622
 30
0.0000
 42
1.0000
  0
VERTEX
  8
1
 10
100.5034
 20
78.2002
 30
0.0000
  0
SEQEND
  8
0
  0
POLYLINE
  8
1
 66
1
 10
0.0000
 20
0.0000
 30
0.0000
 40
0.0381
 41
0.0381
 70
0
  0
VERTEX
  8
1
 10
99.8275
 20
78.2002
 30
0.0000
 42
1.0000
  0
VERTEX
  8
1
 10
99.8275
 20
78.1622
 30
0.0000
  0
SEQEND
  8
0
  0
POLYLINE
  8
1
 66
1
 10
0.0000
 20
0.0000
 30
0.0000
 40
0.0762
 41
0.0762
 70
0
  0
VERTEX
  8
1
 10
101.6793
 20
78.1812
 30
0.0000
  0
VERTEX
  8
1
 10
102.8465
 20
78.1812
 30
0.0000
  0
SEQEND
  8
0
  0
POLYLINE
  8
1
 66
1
 10
0.0000
 20
0.0000
 30
0.0000
 40
0.0381
 41
0.0381
 70
0
  0
VERTEX
  8
1
 10
102.8465
 20
78.1622
 30
0.0000
 42
1.0000
  0
VERTEX
  8
1
 10
102.8465
 20
78.2002
 30
0.0000
  0
SEQEND
  8
0
  0
POLYLINE
  8
1
 66
1
 10
0.0000
 20
0.0000
 30
0.0000
 40
0.0381
 41
0.0381
 70
0
  0
VERTEX
  8
1
 10
101.6793
 20
78.2002
 30
0.0000
 42
1.0000
  0
VERTEX
  8
1
 10
101.6793
 20
78.1622
 30
0.0000
  0
SEQEND
  8
0
  0
POLYLINE
  8
1
 66
1
 10
0.0000
 20
0.0000
 30
0.0000
 40
0.0762
 41
0.0762
 70
0
  0
VERTEX
  8
1
 10
99.8914
 20
78.2574
 30
0.0000
  0
VERTEX
  8
1
 10
100.5612
 20
78.2574
 30
0.0000
  0
SEQEND
  8
0
  0
POLYLINE
  8
1
 66
1
 10
0.0000
 20
0.0000
 30
0.0000
 40
0.0381
 41
0.0381
 70
0
  0
VERTEX
  8
1
 10
100.5612
 20
78.2384
 30
0.0000
 42
1.0000
  0
VERTEX
  8
1
 10
100.5612
 20
78.2764
 30
0.0000
  0
SEQEND
  8
0
  0
POLYLINE
  8
1
 66
1
 10
0.0000
 20
0.0000
 30
0.0000
 40
0.0381
 41
0.0381
 70
0
  0
VERTEX
  8
1
 10
99.8914
 20
78.2764
 30
0.0000
 42
1.0000
  0
VERTEX
  8
1
 10
99.8914
 20
78.2384
 30
0.0000
  0
SEQEND
  8
0
  0
POLYLINE
  8
1
 66
1
 10
0.0000
 20
0.0000
 30
0.0000
 40
0.0762
 41
0.0762
 70
0
  0
VERTEX
  8
1
 10
101.7371
 20
78.2574
 30
0.0000
  0
VERTEX
  8
1
 10
102.9105
 20
78.2574
 30
0.0000
  0
SEQEND
  8
0
  0
POLYLINE
  8
1
 66
1
 10
0.0000
 20
0.0000
 30
0.0000
 40
0.0381
 41
0.0381
 70
0
  0
VERTEX
  8
1
 10
102.9105
 20
78.2384
 30
0.0000
 42
1.0000
  0
VERTEX
  8
1
 10
102.9105
 20
78.2764
 30
0.0000
  0
SEQEND
  8
0
  0
POLYLINE
  8
1
 66
1
 10
0.0000
 20
0.0000
 30
0.0000
 40
0.0381
 41
0.0381
 70
0
  0
VERTEX
  8
1
 10
101.7371
 20
78.2764
 30
0.0000
 42
1.0000
  0
VERTEX
  8
1
 10
101.7371
 20
78.2384
 30
0.0000
  0
SEQEND
  8
0
  0
POLYLINE
  8
1
 66
1
 10
0.0000
 20
0.0000
 30
0.0000
 40
0.0762
 41
0.0762
 70
0
  0
VERTEX
  8
1
 10
99.9554
 20
78.3336
 30
0.0000
  0
VERTEX
  8
1
 10
100.6190
 20
78.3336
 30
0.0000
  0
SEQEND
  8
0
  0
POLYLINE
  8
1
 66
1
 10
0.0000
 20
0.0000
 30
0.0000
 40
0.0381
 41
0.0381
 70
0
  0
VERTEX
  8
1
 10
100.6190
 20
78.3146
 30
0.0000
 42
1.0000
  0
VERTEX
  8
1
 10
100.6190
 20
78.3526
 30
0.0000
  0
SEQEND
  8
0
  0
POLYLINE
  8
1
 66
1
 10
0.0000
 20
0.0000
 30
0.0000
 40
0.0381
 41
0.0381
 70
0
  0
VERTEX
  8
1
 10
99.9554
 20
78.3526
 30
0.0000
 42
1.0000
  0
VERTEX
  8
1
 10
99.9554
 20
78.3146
 30
0.0000
  0
SEQEND
  8
0
  0
POLYLINE
  8
1
 66
1
 10
0.0000
 20
0.0000
 30
0.0000
 40
0.0762
 41
0.0762
 70
0
  0
VERTEX
  8
1
 10
101.7502
 20
78.3336
 30
0.0000
  0
VERTEX
  8
1
 10
102.9744
 20
78.3336
 30
0.0000
  0
SEQEND
  8
0
  0
POLYLINE
  8
1
 66
1
 10
0.0000
 20
0.0000
 30
0.0000
 40
0.0381
 41
0.0381
 70
0
  0
VERTEX
  8
1
 10
102.9744
 20
78.3146
 30
0.0000
 42
1.0000
  0
VERTEX
  8
1
 10
102.9744
 20
78.3526
 30
0.0000
  0
SEQEND
  8
0
  0
POLYLINE
  8
1
 66
1
 10
0.0000
 20
0.0000
 30
0.0000
 40
0.0381
 41
0.0381
 70
0
  0
VERTEX
  8
1
 10
101.7502
 20
78.3526
 30
0.0000
 42
1.0000
  0
VERTEX
  8
1
 10
101.7502
 20
78.3146
 30
0.0000
  0
SEQEND
  8
0
  0
POLYLINE
  8
1
 66
1
 10
0.0000
 20
0.0000
 30
0.0000
 40
0.0762
 41
0.0762
 70
0
  0
VERTEX
  8
1
 10
100.0193
 20
78.4098
 30
0.0000
  0
VERTEX
  8
1
 10
100.6768
 20
78.4098
 30
0.0000
  0
SEQEND
  8
0
  0
POLYLINE
  8
1
 66
1
 10
0.0000
 20
0.0000
 30
0.0000
 40
0.0381
 41
0.0381
 70
0
  0
VERTEX
  8
1
 10
100.6768
 20
78.3908
 30
0.0000
 42
1.0000
  0
VERTEX
  8
1
 10
100.6768
 20
78.4288
 30
0.0000
  0
SEQEND
  8
0
  0
POLYLINE
  8
1
 66
1
 10
0.0000
 20
0.0000
 30
0.0000
 40
0.0381
 41
0.0381
 70
0
  0
VERTEX
  8
1
 10
100.0193
 20
78.4288
 30
0.0000
 42
1.0000
  0
VERTEX
  8
1
 10
100.0193
 20
78.3908
 30
0.0000
  0
SEQEND
  8
0
  0
POLYLINE
  8
1
 66
1
 10
0.0000
 20
0.0000
 30
0.0000
 40
0.0762
 41
0.0762
 70
0
  0
VERTEX
  8
1
 10
101.6572
 20
78.4098
 30
0.0000
  0
VERTEX
  8
1
 10
103.0383
 20
78.4098
 30
0.0000
  0
SEQEND
  8
0
  0
POLYLINE
  8
1
 66
1
 10
0.0000
 20
0.0000
 30
0.0000
 40
0.0381
 41
0.0381
 70
0
  0
VERTEX
  8
1
 10
103.0383
 20
78.3908
 30
0.0000
 42
1.0000
  0
VERTEX
  8
1
 10
103.0383
 20
78.4288
 30
0.0000
  0
SEQEND
  8
0
  0
POLYLINE
  8
1
 66
1
 10
0.0000
 20
0.0000
 30
0.0000
 40
0.0381
 41
0.0381
 70
0
  0
VERTEX
  8
1
 10
101.6572
 20
78.4288
 30
0.0000
 42
1.0000
  0
VERTEX
  8
1
 10
101.6572
 20
78.3908
 30
0.0000
  0
SEQEND
  8
0
  0
POLYLINE
  8
1
 66
1
 10
0.0000
 20
0.0000
 30
0.0000
 40
0.0762
 41
0.0762
 70
0
  0
VERTEX
  8
1
 10
100.0832
 20
78.4860
 30
0.0000
  0
VERTEX
  8
1
 10
100.7346
 20
78.4860
 30
0.0000
  0
SEQEND
  8
0
  0
POLYLINE
  8
1
 66
1
 10
0.0000
 20
0.0000
 30
0.0000
 40
0.0381
 41
0.0381
 70
0
  0
VERTEX
  8
1
 10
100.7346
 20
78.4670
 30
0.0000
 42
1.0000
  0
VERTEX
  8
1
 10
100.7346
 20
78.5050
 30
0.0000
  0
SEQEND
  8
0
  0
POLYLINE
  8
1
 66
1
 10
0.0000
 20
0.0000
 30
0.0000
 40
0.0381
 41
0.0381
 70
0
  0
VERTEX
  8
1
 10
100.0832
 20
78.5050
 30
0.0000
 42
1.0000
  0
VERTEX
  8
1
 10
100.0832
 20
78.4670
 30
0.0000
  0
SEQEND
  8
0
  0
POLYLINE
  8
1
 66
1
 10
0.0000
 20
0.0000
 30
0.0000
 40
0.0762
 41
0.0762
 70
0
  0
VERTEX
  8
1
 10
101.5567
 20
78.4860
 30
0.0000
  0
VERTEX
  8
1
 10
103.1023
 20
78.4860
 30
0.0000
  0
SEQEND
  8
0
  0
POLYLINE
  8
1
 66
1
 10
0.0000
 20
0.0000
 30
0.0000
 40
0.0381
 41
0.0381
 70
0
  0
VERTEX
  8
1
 10
103.1023
 20
78.4670
 30
0.0000
 42
1.0000
  0
VERTEX
  8
1
 10
103.1023
 20
78.5050
 30
0.0000
  0
SEQEND
  8
0
  0
POLYLINE
  8
1
 66
1
 10
0.0000
 20
0.0000
 30
0.0000
 40
0.0381
 41
0.0381
 70
0
  0
VERTEX
  8
1
 10
101.5567
 20
78.5050
 30
0.0000
 42
1.0000
  0
VERTEX
  8
1
 10
101.5567
 20
78.4670
 30
0.0000
  0
SEQEND
  8
0
  0
POLYLINE
  8
1
 66
1
 10
0.0000
 20
0.0000
 30
0.0000
 40
0.0762
 41
0.0762
 70
0
  0
VERTEX
  8
1
 10
100.1472
 20
78.5622
 30
0.0000
  0
VERTEX
  8
1
 10
100.7923
 20
78.5622
 30
0.0000
  0
SEQEND
  8
0
  0
POLYLINE
  8
1
 66
1
 10
0.0000
 20
0.0000
 30
0.0000
 40
0.0381
 41
0.0381
 70
0
  0
VERTEX
  8
1
 10
100.7923
 20
78.5432
 30
0.0000
 42
1.0000
  0
VERTEX
  8
1
 10
100.7923
 20
78.5812
 30
0.0000
  0
SEQEND
  8
0
  0
POLYLINE
  8
1
 66
1
 10
0.0000
 20
0.0000
 30
0.0000
 40
0.0381
 41
0.0381
 70
0
  0
VERTEX
  8
1
 10
100.1472
 20
78.5812
 30
0.0000
 42
1.0000
  0
VERTEX
  8
1
 10
100.1472
 20
78.5432
 30
0.0000
  0
SEQEND
  8
0
  0
POLYLINE
  8
1
 66
1
 10
0.0000
 20
0.0000
 30
0.0000
 40
0.0762
 41
0.0762
 70
0
  0
VERTEX
  8
1
 10
101.4562
 20
78.5622
 30
0.0000
  0
VERTEX
  8
1
 10
103.1662
 20
78.5622
 30
0.0000
  0
SEQEND
  8
0
  0
POLYLINE
  8
1
 66
1
 10
0.0000
 20
0.0000
 30
0.0000
 40
0.0381
 41
0.0381
 70
0
  0
VERTEX
  8
1
 10
103.1662
 20
78.5432
 30
0.0000
 42
1.0000
  0
VERTEX
  8
1
 10
103.1662
 20
78.5812
 30
0.0000
  0
SEQEND
  8
0
  0
POLYLINE
  8
1
 66
1
 10
0.0000
 20
0.0000
 30
0.0000
 40
0.0381
 41
0.0381
 70
0
  0
VERTEX
  8
1
 10
101.4562
 20
78.5812
 30
0.0000
 42
1.0000
  0
VERTEX
  8
1
 10
101.4562
 20
78.5432
 30
0.0000
  0
SEQEND
  8
0
  0
POLYLINE
  8
1
 66
1
 10
0.0000
 20
0.0000
 30
0.0000
 40
0.0762
 41
0.0762
 70
0
  0
VERTEX
  8
1
 10
100.2111
 20
78.6384
 30
0.0000
  0
VERTEX
  8
1
 10
100.8501
 20
78.6384
 30
0.0000
  0
SEQEND
  8
0
  0
POLYLINE
  8
1
 66
1
 10
0.0000
 20
0.0000
 30
0.0000
 40
0.0381
 41
0.0381
 70
0
  0
VERTEX
  8
1
 10
100.8501
 20
78.6194
 30
0.0000
 42
1.0000
  0
VERTEX
  8
1
 10
100.8501
 20
78.6574
 30
0.0000
  0
SEQEND
  8
0
  0
POLYLINE
  8
1
 66
1
 10
0.0000
 20
0.0000
 30
0.0000
 40
0.0381
 41
0.0381
 70
0
  0
VERTEX
  8
1
 10
100.2111
 20
78.6574
 30
0.0000
 42
1.0000
  0
VERTEX
  8
1
 10
100.2111
 20
78.6194
 30
0.0000
  0
SEQEND
  8
0
  0
POLYLINE
  8
1
 66
1
 10
0.0000
 20
0.0000
 30
0.0000
 40
0.0762
 41
0.0762
 70
0
  0
VERTEX
  8
1
 10
101.3557
 20
78.6384
 30
0.0000
  0
VERTEX
  8
1
 10
103.2302
 20
78.6384
 30
0.0000
  0
SEQEND
  8
0
  0
POLYLINE
  8
1
 66
1
 10
0.0000
 20
0.0000
 30
0.0000
 40
0.0381
 41
0.0381
 70
0
  0
VERTEX
  8
1
 10
103.2302
 20
78.6194
 30
0.0000
 42
1.0000
  0
VERTEX
  8
1
 10
103.2302
 20
78.6574
 30
0.0000
  0
SEQEND
  8
0
  0
POLYLINE
  8
1
 66
1
 10
0.0000
 20
0.0000
 30
0.0000
 40
0.0381
 41
0.0381
 70
0
  0
VERTEX
  8
1
 10
101.3557
 20
78.6574
 30
0.0000
 42
1.0000
  0
VERTEX
  8
1
 10
101.3557
 20
78.6194
 30
0.0000
  0
SEQEND
  8
0
  0
POLYLINE
  8
1
 66
1
 10
0.0000
 20
0.0000
 30
0.0000
 40
0.0762
 41
0.0762
 70
0
  0
VERTEX
  8
1
 10
100.2751
 20
78.7146
 30
0.0000
  0
VERTEX
  8
1
 10
100.9079
 20
78.7146
 30
0.0000
  0
SEQEND
  8
0
  0
POLYLINE
  8
1
 66
1
 10
0.0000
 20
0.0000
 30
0.0000
 40
0.0381
 41
0.0381
 70
0
  0
VERTEX
  8
1
 10
100.9079
 20
78.6956
 30
0.0000
 42
1.0000
  0
VERTEX
  8
1
 10
100.9079
 20
78.7336
 30
0.0000
  0
SEQEND
  8
0
  0
POLYLINE
  8
1
 66
1
 10
0.0000
 20
0.0000
 30
0.0000
 40
0.0381
 41
0.0381
 70
0
  0
VERTEX
  8
1
 10
100.2751
 20
78.7336
 30
0.0000
 42
1.0000
  0
VERTEX
  8
1
 10
100.2751
 20
78.6956
 30
0.0000
  0
SEQEND
  8
0
  0
POLYLINE
  8
1
 66
1
 10
0.0000
 20
0.0000
 30
0.0000
 40
0.0762
 41
0.0762
 70
0
  0
VERTEX
  8
1
 10
101.2552
 20
78.7146
 30
0.0000
  0
VERTEX
  8
1
 10
103.2941
 20
78.7146
 30
0.0000
  0
SEQEND
  8
0
  0
POLYLINE
  8
1
 66
1
 10
0.0000
 20
0.0000
 30
0.0000
 40
0.0381
 41
0.0381
 70
0
  0
VERTEX
  8
1
 10
103.2941
 20
78.6956
 30
0.0000
 42
1.0000
  0
VERTEX
  8
1
 10
103.2941
 20
78.7336
 30
0.0000
  0
SEQEND
  8
0
  0
POLYLINE
  8
1
 66
1
 10
0.0000
 20
0.0000
 30
0.0000
 40
0.0381
 41
0.0381
 70
0
  0
VERTEX
  8
1
 10
101.2552
 20
78.7336
 30
0.0000
 42
1.0000
  0
VERTEX
  8
1
 10
101.2552
 20
78.6956
 30
0.0000
  0
SEQEND
  8
0
  0
POLYLINE
  8
1
 66
1
 10
0.0000
 20
0.0000
 30
0.0000
 40
0.0762
 41
0.0762
 70
0
  0
VERTEX
  8
1
 10
100.3390
 20
78.7908
 30
0.0000
  0
VERTEX
  8
1
 10
100.9657
 20
78.7908
 30
0.0000
  0
SEQEND
  8
0
  0
POLYLINE
  8
1
 66
1
 10
0.0000
 20
0.0000
 30
0.0000
 40
0.0381
 41
0.0381
 70
0
  0
VERTEX
  8
1
 10
100.9657
 20
78.7718
 30
0.0000
 42
1.0000
  0
VERTEX
  8
1
 10
100.9657
 20
78.8098
 30
0.0000
  0
SEQEND
  8
0
  0
POLYLINE
  8
1
 66
1
 10
0.0000
 20
0.0000
 30
0.0000
 40
0.0381
 41
0.0381
 70
0
  0
VERTEX
  8
1
 10
100.3390
 20
78.8098
 30
0.0000
 42
1.0000
  0
VERTEX
  8
1
 10
100.3390
 20
78.7718
 30
0.0000
  0
SEQEND
  8
0
  0
POLYLINE
  8
1
 66
1
 10
0.0000
 20
0.0000
 30
0.0000
 40
0.0762
 41
0.0762
 70
0
  0
VERTEX
  8
1
 10
101.1548
 20
78.7908
 30
0.0000
  0
VERTEX
  8
1
 10
103.3580
 20
78.7908
 30
0.0000
  0
SEQEND
  8
0
  0
POLYLINE
  8
1
 66
1
 10
0.0000
 20
0.0000
 30
0.0000
 40
0.0381
 41
0.0381
 70
0
  0
VERTEX
  8
1
 10
103.3580
 20
78.7718
 30
0.0000
 42
1.0000
  0
VERTEX
  8
1
 10
103.3580
 20
78.8098
 30
0.0000
  0
SEQEND
  8
0
  0
POLYLINE
  8
1
 66
1
 10
0.0000
 20
0.0000
 30
0.0000
 40
0.0381
 41
0.0381
 70
0
  0
VERTEX
  8
1
 10
101.1548
 20
78.8098
 30
0.0000
 42
1.0000
  0
VERTEX
  8
1
 10
101.1548
 20
78.7718
 30
0.0000
  0
SEQEND
  8
0
  0
POLYLINE
  8
1
 66
1
 10
0.0000
 20
0.0000
 30
0.0000
 40
0.0762
 41
0.0762
 70
0
  0
VERTEX
  8
1
 10
100.4029
 20
78.8670
 30
0.0000
  0
VERTEX
  8
1
 10
103.4220
 20
78.8670
 30
0.0000
  0
SEQEND
  8
0
  0
POLYLINE
  8
1
 66
1
 10
0.0000
 20
0.0000
 30
0.0000
 40
0.0381
 41
0.0381
 70
0
  0
VERTEX
  8
1
 10
103.4220
 20
78.8480
 30
0.0000
 42
1.0000
  0
VERTEX
  8
1
 10
103.4220
 20
78.8860
 30
0.0000
  0
SEQEND
  8
0
  0
POLYLINE
  8
1
 66
1
 10
0.0000
 20
0.0000
 30
0.0000
 40
0.0381
 41
0.0381
 70
0
  0
VERTEX
  8
1
 10
100.4029
 20
78.8860
 30
0.0000
 42
1.0000
  0
VERTEX
  8
1
 10
100.4029
 20
78.8480
 30
0.0000
  0
SEQEND
  8
0
  0
POLYLINE
  8
1
 66
1
 10
0.0000
 20
0.0000
 30
0.0000
 40
0.0762
 41
0.0762
 70
0
  0
VERTEX
  8
1
 10
100.4669
 20
78.9432
 30
0.0000
  0
VERTEX
  8
1
 10
103.4859
 20
78.9432
 30
0.0000
  0
SEQEND
  8
0
  0
POLYLINE
  8
1
 66
1
 10
0.0000
 20
0.0000
 30
0.0000
 40
0.0381
 41
0.0381
 70
0
  0
VERTEX
  8
1
 10
103.4859
 20
78.9242
 30
0.0000
 42
1.0000
  0
VERTEX
  8
1
 10
103.4859
 20
78.9622
 30
0.0000
  0
SEQEND
  8
0
  0
POLYLINE
  8
1
 66
1
 10
0.0000
 20
0.0000
 30
0.0000
 40
0.0381
 41
0.0381
 70
0
  0
VERTEX
  8
1
 10
100.4669
 20
78.9622
 30
0.0000
 42
1.0000
  0
VERTEX
  8
1
 10
100.4669
 20
78.9242
 30
0.0000
  0
SEQEND
  8
0
  0
POLYLINE
  8
1
 66
1
 10
0.0000
 20
0.0000
 30
0.0000
 40
0.0762
 41
0.0762
 70
0
  0
VERTEX
  8
1
 10
100.5308
 20
79.0194
 30
0.0000
  0
VERTEX
  8
1
 10
103.5499
 20
79.0194
 30
0.0000
  0
SEQEND
  8
0
  0
POLYLINE
  8
1
 66
1
 10
0.0000
 20
0.0000
 30
0.0000
 40
0.0381
 41
0.0381
 70
0
  0
VERTEX
  8
1
 10
103.5499
 20
79.0004
 30
0.0000
 42
1.0000
  0
VERTEX
  8
1
 10
103.5499
 20
79.0384
 30
0.0000
  0
SEQEND
  8
0
  0
POLYLINE
  8
1
 66
1
 10
0.0000
 20
0.0000
 30
0.0000
 40
0.0381
 41
0.0381
 70
0
  0
VERTEX
  8
1
 10
100.5308
 20
79.0384
 30
0.0000
 42
1.0000
  0
VERTEX
  8
1
 10
100.5308
 20
79.0004
 30
0.0000
  0
SEQEND
  8
0
  0
POLYLINE
  8
1
 66
1
 10
0.0000
 20
0.0000
 30
0.0000
 40
0.0762
 41
0.0762
 70
0
  0
VERTEX
  8
1
 10
100.5948
 20
79.0956
 30
0.0000
  0
VERTEX
  8
1
 10
103.6138
 20
79.0956
 30
0.0000
  0
SEQEND
  8
0
  0
POLYLINE
  8
1
 66
1
 10
0.0000
 20
0.0000
 30
0.0000
 40
0.0381
 41
0.0381
 70
0
  0
VERTEX
  8
1
 10
103.6138
 20
79.0766
 30
0.0000
 42
1.0000
  0
VERTEX
  8
1
 10
103.6138
 20
79.1146
 30
0.0000
  0
SEQEND
  8
0
  0
POLYLINE
  8
1
 66
1
 10
0.0000
 20
0.0000
 30
0.0000
 40
0.0381
 41
0.0381
 70
0
  0
VERTEX
  8
1
 10
100.5948
 20
79.1146
 30
0.0000
 42
1.0000
  0
VERTEX
  8
1
 10
100.5948
 20
79.0766
 30
0.0000
  0
SEQEND
  8
0
  0
POLYLINE
  8
1
 66
1
 10
0.0000
 20
0.0000
 30
0.0000
 40
0.0762
 41
0.0762
 70
0
  0
VERTEX
  8
1
 10
100.6587
 20
79.1718
 30
0.0000
  0
VERTEX
  8
1
 10
103.6380
 20
79.1718
 30
0.0000
  0
SEQEND
  8
0
  0
POLYLINE
  8
1
 66
1
 10
0.0000
 20
0.0000
 30
0.0000
 40
0.0381
 41
0.0381
 70
0
  0
VERTEX
  8
1
 10
103.6380
 20
79.1528
 30
0.0000
 42
1.0000
  0
VERTEX
  8
1
 10
103.6380
 20
79.1908
 30
0.0000
  0
SEQEND
  8
0
  0
POLYLINE
  8
1
 66
1
 10
0.0000
 20
0.0000
 30
0.0000
 40
0.0381
 41
0.0381
 70
0
  0
VERTEX
  8
1
 10
100.6587
 20
79.1908
 30
0.0000
 42
1.0000
  0
VERTEX
  8
1
 10
100.6587
 20
79.1528
 30
0.0000
  0
SEQEND
  8
0
  0
POLYLINE
  8
1
 66
1
 10
0.0000
 20
0.0000
 30
0.0000
 40
0.0762
 41
0.0762
 70
0
  0
VERTEX
  8
1
 10
100.7226
 20
79.2480
 30
0.0000
  0
VERTEX
  8
1
 10
103.5472
 20
79.2480
 30
0.0000
  0
SEQEND
  8
0
  0
POLYLINE
  8
1
 66
1
 10
0.0000
 20
0.0000
 30
0.0000
 40
0.0381
 41
0.0381
 70
0
  0
VERTEX
  8
1
 10
103.5472
 20
79.2290
 30
0.0000
 42
1.0000
  0
VERTEX
  8
1
 10
103.5472
 20
79.2670
 30
0.0000
  0
SEQEND
  8
0
  0
POLYLINE
  8
1
 66
1
 10
0.0000
 20
0.0000
 30
0.0000
 40
0.0381
 41
0.0381
 70
0
  0
VERTEX
  8
1
 10
100.7226
 20
79.2670
 30
0.0000
 42
1.0000
  0
VERTEX
  8
1
 10
100.7226
 20
79.2290
 30
0.0000
  0
SEQEND
  8
0
  0
POLYLINE
  8
1
 66
1
 10
0.0000
 20
0.0000
 30
0.0000
 40
0.0762
 41
0.0762
 70
0
  0
VERTEX
  8
1
 10
100.7866
 20
79.3242
 30
0.0000
  0
VERTEX
  8
1
 10
103.4564
 20
79.3242
 30
0.0000
  0
SEQEND
  8
0
  0
POLYLINE
  8
1
 66
1
 10
0.0000
 20
0.0000
 30
0.0000
 40
0.0381
 41
0.0381
 70
0
  0
VERTEX
  8
1
 10
103.4564
 20
79.3052
 30
0.0000
 42
1.0000
  0
VERTEX
  8
1
 10
103.4564
 20
79.3432
 30
0.0000
  0
SEQEND
  8
0
  0
POLYLINE
  8
1
 66
1
 10
0.0000
 20
0.0000
 30
0.0000
 40
0.0381
 41
0.0381
 70
0
  0
VERTEX
  8
1
 10
100.7866
 20
79.3432
 30
0.0000
 42
1.0000
  0
VERTEX
  8
1
 10
100.7866
 20
79.3052
 30
0.0000
  0
SEQEND
  8
0
  0
POLYLINE
  8
1
 66
1
 10
0.0000
 20
0.0000
 30
0.0000
 40
0.0762
 41
0.0762
 70
0
  0
VERTEX
  8
1
 10
100.8505
 20
79.4004
 30
0.0000
  0
VERTEX
  8
1
 10
103.3655
 20
79.4004
 30
0.0000
  0
SEQEND
  8
0
  0
POLYLINE
  8
1
 66
1
 10
0.0000
 20
0.0000
 30
0.0000
 40
0.0381
 41
0.0381
 70
0
  0
VERTEX
  8
1
 10
103.3655
 20
79.3814
 30
0.0000
 42
1.0000
  0
VERTEX
  8
1
 10
103.3655
 20
79.4194
 30
0.0000
  0
SEQEND
  8
0
  0
POLYLINE
  8
1
 66
1
 10
0.0000
 20
0.0000
 30
0.0000
 40
0.0381
 41
0.0381
 70
0
  0
VERTEX
  8
1
 10
100.8505
 20
79.4194
 30
0.0000
 42
1.0000
  0
VERTEX
  8
1
 10
100.8505
 20
79.3814
 30
0.0000
  0
SEQEND
  8
0
  0
POLYLINE
  8
1
 66
1
 10
0.0000
 20
0.0000
 30
0.0000
 40
0.0762
 41
0.0762
 70
0
  0
VERTEX
  8
1
 10
100.9145
 20
79.4766
 30
0.0000
  0
VERTEX
  8
1
 10
103.2747
 20
79.4766
 30
0.0000
  0
SEQEND
  8
0
  0
POLYLINE
  8
1
 66
1
 10
0.0000
 20
0.0000
 30
0.0000
 40
0.0381
 41
0.0381
 70
0
  0
VERTEX
  8
1
 10
103.2747
 20
79.4576
 30
0.0000
 42
1.0000
  0
VERTEX
  8
1
 10
103.2747
 20
79.4956
 30
0.0000
  0
SEQEND
  8
0
  0
POLYLINE
  8
1
 66
1
 10
0.0000
 20
0.0000
 30
0.0000
 40
0.0381
 41
0.0381
 70
0
  0
VERTEX
  8
1
 10
100.9145
 20
79.4956
 30
0.0000
 42
1.0000
  0
VERTEX
  8
1
 10
100.9145
 20
79.4576
 30
0.0000
  0
SEQEND
  8
0
  0
POLYLINE
  8
1
 66
1
 10
0.0000
 20
0.0000
 30
0.0000
 40
0.0762
 41
0.0762
 70
0
  0
VERTEX
  8
1
 10
100.9784
 20
79.5528
 30
0.0000
  0
VERTEX
  8
1
 10
103.1839
 20
79.5528
 30
0.0000
  0
SEQEND
  8
0
  0
POLYLINE
  8
1
 66
1
 10
0.0000
 20
0.0000
 30
0.0000
 40
0.0381
 41
0.0381
 70
0
  0
VERTEX
  8
1
 10
103.1839
 20
79.5338
 30
0.0000
 42
1.0000
  0
VERTEX
  8
1
 10
103.1839
 20
79.5718
 30
0.0000
  0
SEQEND
  8
0
  0
POLYLINE
  8
1
 66
1
 10
0.0000
 20
0.0000
 30
0.0000
 40
0.0381
 41
0.0381
 70
0
  0
VERTEX
  8
1
 10
100.9784
 20
79.5718
 30
0.0000
 42
1.0000
  0
VERTEX
  8
1
 10
100.9784
 20
79.5338
 30
0.0000
  0
SEQEND
  8
0
  0
POLYLINE
  8
1
 66
1
 10
0.0000
 20
0.0000
 30
0.0000
 40
0.0762
 41
0.0762
 70
0
  0
VERTEX
  8
1
 10
101.0423
 20
79.6290
 30
0.0000
  0
VERTEX
  8
1
 10
103.0931
 20
79.6290
 30
0.0000
  0
SEQEND
  8
0
  0
POLYLINE
  8
1
 66
1
 10
0.0000
 20
0.0000
 30
0.0000
 40
0.0381
 41
0.0381
 70
0
  0
VERTEX
  8
1
 10
103.0931
 20
79.6100
 30
0.0000
 42
1.0000
  0
VERTEX
  8
1
 10
103.0931
 20
79.6480
 30
0.0000
  0
SEQEND
  8
0
  0
POLYLINE
  8
1
 66
1
 10
0.0000
 20
0.0000
 30
0.0000
 40
0.0381
 41
0.0381
 70
0
  0
VERTEX
  8
1
 10
101.0423
 20
79.6480
 30
0.0000
 42
1.0000
  0
VERTEX
  8
1
 10
101.0423
 20
79.6100
 30
0.0000
  0
SEQEND
  8
0
  0
POLYLINE
  8
1
 66
1
 10
0.0000
 20
0.0000
 30
0.0000
 40
0.0762
 41
0.0762
 70
0
  0
VERTEX
  8
1
 10
101.1063
 20
79.7052
 30
0.0000
  0
VERTEX
  8
1
 10
103.0023
 20
79.7052
 30
0.0000
  0
SEQEND
  8
0
  0
POLYLINE
  8
1
 66
1
 10
0.0000
 20
0.0000
 30
0.0000
 40
0.0381
 41
0.0381
 70
0
  0
VERTEX
  8
1
 10
103.0023
 20
79.6862
 30
0.0000
 42
1.0000
  0
VERTEX
  8
1
 10
103.0023
 20
79.7242
 30
0.0000
  0
SEQEND
  8
0
  0
POLYLINE
  8
1
 66
1
 10
0.0000
 20
0.0000
 30
0.0000
 40
0.0381
 41
0.0381
 70
0
  0
VERTEX
  8
1
 10
101.1063
 20
79.7242
 30
0.0000
 42
1.0000
  0
VERTEX
  8
1
 10
101.1063
 20
79.6862
 30
0.0000
  0
SEQEND
  8
0
  0
POLYLINE
  8
1
 66
1
 10
0.0000
 20
0.0000
 30
0.0000
 40
0.0762
 41
0.0762
 70
0
  0
VERTEX
  8
1
 10
101.1702
 20
79.7814
 30
0.0000
  0
VERTEX
  8
1
 10
102.9115
 20
79.7814
 30
0.0000
  0
SEQEND
  8
0
  0
POLYLINE
  8
1
 66
1
 10
0.0000
 20
0.0000
 30
0.0000
 40
0.0381
 41
0.0381
 70
0
  0
VERTEX
  8
1
 10
102.9115
 20
79.7624
 30
0.0000
 42
1.0000
  0
VERTEX
  8
1
 10
102.9115
 20
79.8004
 30
0.0000
  0
SEQEND
  8
0
  0
POLYLINE
  8
1
 66
1
 10
0.0000
 20
0.0000
 30
0.0000
 40
0.0381
 41
0.0381
 70
0
  0
VERTEX
  8
1
 10
101.1702
 20
79.8004
 30
0.0000
 42
1.0000
  0
VERTEX
  8
1
 10
101.1702
 20
79.7624
 30
0.0000
  0
SEQEND
  8
0
  0
POLYLINE
  8
1
 66
1
 10
0.0000
 20
0.0000
 30
0.0000
 40
0.0762
 41
0.0762
 70
0
  0
VERTEX
  8
1
 10
101.2341
 20
79.8576
 30
0.0000
  0
VERTEX
  8
1
 10
102.8207
 20
79.8576
 30
0.0000
  0
SEQEND
  8
0
  0
POLYLINE
  8
1
 66
1
 10
0.0000
 20
0.0000
 30
0.0000
 40
0.0381
 41
0.0381
 70
0
  0
VERTEX
  8
1
 10
102.8207
 20
79.8386
 30
0.0000
 42
1.0000
  0
VERTEX
  8
1
 10
102.8207
 20
79.8766
 30
0.0000
  0
SEQEND
  8
0
  0
POLYLINE
  8
1
 66
1
 10
0.0000
 20
0.0000
 30
0.0000
 40
0.0381
 41
0.0381
 70
0
  0
VERTEX
  8
1
 10
101.2341
 20
79.8766
 30
0.0000
 42
1.0000
  0
VERTEX
  8
1
 10
101.2341
 20
79.8386
 30
0.0000
  0
SEQEND
  8
0
  0
POLYLINE
  8
1
 66
1
 10
0.0000
 20
0.0000
 30
0.0000
 40
0.0762
 41
0.0762
 70
0
  0
VERTEX
  8
1
 10
101.2981
 20
79.9338
 30
0.0000
  0
VERTEX
  8
1
 10
102.7299
 20
79.9338
 30
0.0000
  0
SEQEND
  8
0
  0
POLYLINE
  8
1
 66
1
 10
0.0000
 20
0.0000
 30
0.0000
 40
0.0381
 41
0.0381
 70
0
  0
VERTEX
  8
1
 10
102.7299
 20
79.9148
 30
0.0000
 42
1.0000
  0
VERTEX
  8
1
 10
102.7299
 20
79.9528
 30
0.0000
  0
SEQEND
  8
0
  0
POLYLINE
  8
1
 66
1
 10
0.0000
 20
0.0000
 30
0.0000
 40
0.0381
 41
0.0381
 70
0
  0
VERTEX
  8
1
 10
101.2981
 20
79.9528
 30
0.0000
 42
1.0000
  0
VERTEX
  8
1
 10
101.2981
 20
79.9148
 30
0.0000
  0
SEQEND
  8
0
  0
POLYLINE
  8
1
 66
1
 10
0.0000
 20
0.0000
 30
0.0000
 40
0.0762
 41
0.0762
 70
0
  0
VERTEX
  8
1
 10
101.3620
 20
80.0100
 30
0.0000
  0
VERTEX
  8
1
 10
102.6391
 20
80.0100
 30
0.0000
  0
SEQEND
  8
0
  0
POLYLINE
  8
1
 66
1
 10
0.0000
 20
0.0000
 30
0.0000
 40
0.0381
 41
0.0381
 70
0
  0
VERTEX
  8
1
 10
102.6391
 20
79.9910
 30
0.0000
 42
1.0000
  0
VERTEX
  8
1
 10
102.6391
 20
80.0290
 30
0.0000
  0
SEQEND
  8
0
  0
POLYLINE
  8
1
 66
1
 10
0.0000
 20
0.0000
 30
0.0000
 40
0.0381
 41
0.0381
 70
0
  0
VERTEX
  8
1
 10
101.3620
 20
80.0290
 30
0.0000
 42
1.0000
  0
VERTEX
  8
1
 10
101.3620
 20
79.9910
 30
0.0000
  0
SEQEND
  8
0
  0
POLYLINE
  8
1
 66
1
 10
0.0000
 20
0.0000
 30
0.0000
 40
0.0762
 41
0.0762
 70
0
  0
VERTEX
  8
1
 10
101.4260
 20
80.0862
 30
0.0000
  0
VERTEX
  8
1
 10
102.5482
 20
80.0862
 30
0.0000
  0
SEQEND
  8
0
  0
POLYLINE
  8
1
 66
1
 10
0.0000
 20
0.0000
 30
0.0000
 40
0.0381
 41
0.0381
 70
0
  0
VERTEX
  8
1
 10
102.5482
 20
80.0672
 30
0.0000
 42
1.0000
  0
VERTEX
  8
1
 10
102.5482
 20
80.1052
 30
0.0000
  0
SEQEND
  8
0
  0
POLYLINE
  8
1
 66
1
 10
0.0000
 20
0.0000
 30
0.0000
 40
0.0381
 41
0.0381
 70
0
  0
VERTEX
  8
1
 10
101.4260
 20
80.1052
 30
0.0000
 42
1.0000
  0
VERTEX
  8
1
 10
101.4260
 20
80.0672
 30
0.0000
  0
SEQEND
  8
0
  0
POLYLINE
  8
1
 66
1
 10
0.0000
 20
0.0000
 30
0.0000
 40
0.0762
 41
0.0762
 70
0
  0
VERTEX
  8
1
 10
101.4899
 20
80.1624
 30
0.0000
  0
VERTEX
  8
1
 10
102.4574
 20
80.1624
 30
0.0000
  0
SEQEND
  8
0
  0
POLYLINE
  8
1
 66
1
 10
0.0000
 20
0.0000
 30
0.0000
 40
0.0381
 41
0.0381
 70
0
  0
VERTEX
  8
1
 10
102.4574
 20
80.1434
 30
0.0000
 42
1.0000
  0
VERTEX
  8
1
 10
102.4574
 20
80.1814
 30
0.0000
  0
SEQEND
  8
0
  0
POLYLINE
  8
1
 66
1
 10
0.0000
 20
0.0000
 30
0.0000
 40
0.0381
 41
0.0381
 70
0
  0
VERTEX
  8
1
 10
101.4899
 20
80.1814
 30
0.0000
 42
1.0000
  0
VERTEX
  8
1
 10
101.4899
 20
80.1434
 30
0.0000
  0
SEQEND
  8
0
  0
POLYLINE
  8
1
 66
1
 10
0.0000
 20
0.0000
 30
0.0000
 40
0.0762
 41
0.0762
 70
0
  0
VERTEX
  8
1
 10
101.5539
 20
80.2386
 30
0.0000
  0
VERTEX
  8
1
 10
102.3666
 20
80.2386
 30
0.0000
  0
SEQEND
  8
0
  0
POLYLINE
  8
1
 66
1
 10
0.0000
 20
0.0000
 30
0.0000
 40
0.0381
 41
0.0381
 70
0
  0
VERTEX
  8
1
 10
102.3666
 20
80.2196
 30
0.0000
 42
1.0000
  0
VERTEX
  8
1
 10
102.3666
 20
80.2576
 30
0.0000
  0
SEQEND
  8
0
  0
POLYLINE
  8
1
 66
1
 10
0.0000
 20
0.0000
 30
0.0000
 40
0.0381
 41
0.0381
 70
0
  0
VERTEX
  8
1
 10
101.5539
 20
80.2576
 30
0.0000
 42
1.0000
  0
VERTEX
  8
1
 10
101.5539
 20
80.2196
 30
0.0000
  0
SEQEND
  8
0
  0
POLYLINE
  8
1
 66
1
 10
0.0000
 20
0.0000
 30
0.0000
 40
0.0762
 41
0.0762
 70
0
  0
VERTEX
  8
1
 10
101.6178
 20
80.3148
 30
0.0000
  0
VERTEX
  8
1
 10
102.2758
 20
80.3148
 30
0.0000
  0
SEQEND
  8
0
  0
POLYLINE
  8
1
 66
1
 10
0.0000
 20
0.0000
 30
0.0000
 40
0.0381
 41
0.0381
 70
0
  0
VERTEX
  8
1
 10
102.2758
 20
80.2958
 30
0.0000
 42
1.0000
  0
VERTEX
  8
1
 10
102.2758
 20
80.3338
 30
0.0000
  0
SEQEND
  8
0
  0
POLYLINE
  8
1
 66
1
 10
0.0000
 20
0.0000
 30
0.0000
 40
0.0381
 41
0.0381
 70
0
  0
VERTEX
  8
1
 10
101.6178
 20
80.3338
 30
0.0000
 42
1.0000
  0
VERTEX
  8
1
 10
101.6178
 20
80.2958
 30
0.0000
  0
SEQEND
  8
0
  0
POLYLINE
  8
1
 66
1
 10
0.0000
 20
0.0000
 30
0.0000
 40
0.0762
 41
0.0762
 70
0
  0
VERTEX
  8
1
 10
101.6817
 20
80.3910
 30
0.0000
  0
VERTEX
  8
1
 10
102.1850
 20
80.3910
 30
0.0000
  0
SEQEND
  8
0
  0
POLYLINE
  8
1
 66
1
 10
0.0000
 20
0.0000
 30
0.0000
 40
0.0381
 41
0.0381
 70
0
  0
VERTEX
  8
1
 10
102.1850
 20
80.3720
 30
0.0000
 42
1.0000
  0
VERTEX
  8
1
 10
102.1850
 20
80.4100
 30
0.0000
  0
SEQEND
  8
0
  0
POLYLINE
  8
1
 66
1
 10
0.0000
 20
0.0000
 30
0.0000
 40
0.0381
 41
0.0381
 70
0
  0
VERTEX
  8
1
 10
101.6817
 20
80.4100
 30
0.0000
 42
1.0000
  0
VERTEX
  8
1
 10
101.6817
 20
80.3720
 30
0.0000
  0
SEQEND
  8
0
  0
POLYLINE
  8
1
 66
1
 10
0.0000
 20
0.0000
 30
0.0000
 40
0.0762
 41
0.0762
 70
0
  0
VERTEX
  8
1
 10
101.7457
 20
80.4672
 30
0.0000
  0
VERTEX
  8
1
 10
102.0942
 20
80.4672
 30
0.0000
  0
SEQEND
  8
0
  0
POLYLINE
  8
1
 66
1
 10
0.0000
 20
0.0000
 30
0.0000
 40
0.0381
 41
0.0381
 70
0
  0
VERTEX
  8
1
 10
102.0942
 20
80.4482
 30
0.0000
 42
1.0000
  0
VERTEX
  8
1
 10
102.0942
 20
80.4862
 30
0.0000
  0
SEQEND
  8
0
  0
POLYLINE
  8
1
 66
1
 10
0.0000
 20
0.0000
 30
0.0000
 40
0.0381
 41
0.0381
 70
0
  0
VERTEX
  8
1
 10
101.7457
 20
80.4862
 30
0.0000
 42
1.0000
  0
VERTEX
  8
1
 10
101.7457
 20
80.4482
 30
0.0000
  0
SEQEND
  8
0
  0
POLYLINE
  8
1
 66
1
 10
0.0000
 20
0.0000
 30
0.0000
 40
0.0762
 41
0.0762
 70
0
  0
VERTEX
  8
1
 10
101.8096
 20
80.5434
 30
0.0000
  0
VERTEX
  8
1
 10
102.0034
 20
80.5434
 30
0.0000
  0
SEQEND
  8
0
  0
POLYLINE
  8
1
 66
1
 10
0.0000
 20
0.0000
 30
0.0000
 40
0.0381
 41
0.0381
 70
0
  0
VERTEX
  8
1
 10
102.0034
 20
80.5244
 30
0.0000
 42
1.0000
  0
VERTEX
  8
1
 10
102.0034
 20
80.5624
 30
0.0000
  0
SEQEND
  8
0
  0
POLYLINE
  8
1
 66
1
 10
0.0000
 20
0.0000
 30
0.0000
 40
0.0381
 41
0.0381
 70
0
  0
VERTEX
  8
1
 10
101.8096
 20
80.5624
 30
0.0000
 42
1.0000
  0
VERTEX
  8
1
 10
101.8096
 20
80.5244
 30
0.0000
  0
SEQEND
  8
0
  0
POLYLINE
  8
1
 66
1
 10
0.0000
 20
0.0000
 30
0.0000
 40
0.0762
 41
0.0762
 70
0
  0
VERTEX
  8
1
 10
101.8735
 20
80.6196
 30
0.0000
  0
VERTEX
  8
1
 10
101.9126
 20
80.6196
 30
0.0000
  0
SEQEND
  8
0
  0
POLYLINE
  8
1
 66
1
 10
0.0000
 20
0.0000
 30
0.0000
 40
0.0381
 41
0.0381
 70
0
  0
VERTEX
  8
1
 10
101.9126
 20
80.6006
 30
0.0000
 42
1.0000
  0
VERTEX
  8
1
 10
101.9126
 20
80.6386
 30
0.0000
  0
SEQEND
  8
0
  0
POLYLINE
  8
1
 66
1
 10
0.0000
 20
0.0000
 30
0.0000
 40
0.0381
 41
0.0381
 70
0
  0
VERTEX
  8
1
 10
101.8735
 20
80.6386
 30
0.0000
 42
1.0000
  0
VERTEX
  8
1
 10
101.8735
 20
80.6006
 30
0.0000
  0
SEQEND
  8
0
  0
POLYLINE
  8
16
 66
1
 10
0.0000
 20
0.0000
 30
0.0000
 40
0.2000
 41
0.2000
 70
0
  0
VERTEX
  8
16
 10
98.2543
 20
76.3064
 30
0.0000
  0
VERTEX
  8
16
 10
101.8976
 20
80.6483
 30
0.0000
  0
SEQEND
  8
0
  0
POLYLINE
  8
16
 66
1
 10
0.0000
 20
0.0000
 30
0.0000
 40
0.1000
 41
0.1000
 70
0
  0
VERTEX
  8
16
 10
101.9359
 20
80.6161
 30
0.0000
 42
1.0000
  0
VERTEX
  8
16
 10
101.8593
 20
80.6804
 30
0.0000
  0
SEQEND
  8
0
  0
POLYLINE
  8
16
 66
1
 10
0.0000
 20
0.0000
 30
0.0000
 40
0.1000
 41
0.1000
 70
0
  0
VERTEX
  8
16
 10
98.2160
 20
76.3385
 30
0.0000
 42
1.0000
  0
VERTEX
  8
16
 10
98.2926
 20
76.2742
 30
0.0000
  0
SEQEND
  8
0
  0
POLYLINE
  8
16
 66
1
 10
0.0000
 20
0.0000
 30
0.0000
 40
0.2000
 41
0.2000
 70
0
  0
VERTEX
  8
16
 10
101.8976
 20
80.6483
 30
0.0000
  0
VERTEX
  8
16
 10
103.6321
 20
79.1928
 30
0.0000
  0
SEQEND
  8
0
  0
POLYLINE
  8
16
 66
1
 10
0.0000
 20
0.0000
 30
0.0000
 40
0.1000
 41
0.1000
 70
0
  0
VERTEX
  8
16
 10
103.6000
 20
79.1545
 30
0.0000
 42
1.0000
  0
VERTEX
  8
16
 10
103.6643
 20
79.2311
 30
0.0000
  0
SEQEND
  8
0
  0
POLYLINE
  8
16
 66
1
 10
0.0000
 20
0.0000
 30
0.0000
 40
0.1000
 41
0.1000
 70
0
  0
VERTEX
  8
16
 10
101.9297
 20
80.6866
 30
0.0000
 42
1.0000
  0
VERTEX
  8
16
 10
101.8655
 20
80.6100
 30
0.0000
  0
SEQEND
  8
0
  0
POLYLINE
  8
16
 66
1
 10
0.0000
 20
0.0000
 30
0.0000
 40
0.2000
 41
0.2000
 70
0
  0
VERTEX
  8
16
 10
103.6321
 20
79.1928
 30
0.0000
  0
VERTEX
  8
16
 10
99.9888
 20
74.8509
 30
0.0000
  0
SEQEND
  8
0
  0
POLYLINE
  8
16
 66
1
 10
0.0000
 20
0.0000
 30
0.0000
 40
0.1000
 41
0.1000
 70
0
  0
VERTEX
  8
16
 10
99.9505
 20
74.8830
 30
0.0000
 42
1.0000
  0
VERTEX
  8
16
 10
100.0271
 20
74.8188
 30
0.0000
  0
SEQEND
  8
0
  0
POLYLINE
  8
16
 66
1
 10
0.0000
 20
0.0000
 30
0.0000
 40
0.1000
 41
0.1000
 70
0
  0
VERTEX
  8
16
 10
103.6704
 20
79.1607
 30
0.0000
 42
1.0000
  0
VERTEX
  8
16
 10
103.5938
 20
79.2249
 30
0.0000
  0
SEQEND
  8
0
  0
POLYLINE
  8
16
 66
1
 10
0.0000
 20
0.0000
 30
0.0000
 40
0.2000
 41
0.2000
 70
0
  0
VERTEX
  8
16
 10
99.9888
 20
74.8509
 30
0.0000
  0
VERTEX
  8
16
 10
98.2543
 20
76.3064
 30
0.0000
  0
SEQEND
  8
0
  0
POLYLINE
  8
16
 66
1
 10
0.0000
 20
0.0000
 30
0.0000
 40
0.1000
 41
0.1000
 70
0
  0
VERTEX
  8
16
 10
98.2864
 20
76.3447
 30
0.0000
 42
1.0000
  0
VERTEX
  8
16
 10
98.2222
 20
76.2681
 30
0.0000
  0
SEQEND
  8
0
  0
POLYLINE
  8
16
 66
1
 10
0.0000
 20
0.0000
 30
0.0000
 40
0.1000
 41
0.1000
 70
0
  0
VERTEX
  8
16
 10
99.9567
 20
74.8126
 30
0.0000
 42
1.0000
  0
VERTEX
  8
16
 10
100.0210
 20
74.8892
 30
0.0000
  0
SEQEND
  8
0
  0
POLYLINE
  8
16
 66
1
 10
0.0000
 20
0.0000
 30
0.0000
 40
0.2000
 41
0.2000
 70
0
  0
VERTEX
  8
16
 10
99.7682
 20
77.3141
 30
0.0000
  0
VERTEX
  8
16
 10
99.7134
 20
77.2418
 30
0.0000
  0
SEQEND
  8
0
  0
POLYLINE
  8
16
 66
1
 10
0.0000
 20
0.0000
 30
0.0000
 40
0.1000
 41
0.1000
 70
0
  0
VERTEX
  8
16
 10
99.6735
 20
77.2720
 30
0.0000
 42
1.0000
  0
VERTEX
  8
16
 10
99.7532
 20
77.2116
 30
0.0000
  0
SEQEND
  8
0
  0
POLYLINE
  8
16
 66
1
 10
0.0000
 20
0.0000
 30
0.0000
 40
0.1000
 41
0.1000
 70
0
  0
VERTEX
  8
16
 10
99.8080
 20
77.2839
 30
0.0000
 42
1.0000
  0
VERTEX
  8
16
 10
99.7283
 20
77.3443
 30
0.0000
  0
SEQEND
  8
0
  0
POLYLINE
  8
16
 66
1
 10
0.0000
 20
0.0000
 30
0.0000
 40
0.2000
 41
0.2000
 70
0
  0
VERTEX
  8
16
 10
99.7134
 20
77.2418
 30
0.0000
  0
VERTEX
  8
16
 10
99.7029
 20
77.2280
 30
0.0000
  0
SEQEND
  8
0
  0
POLYLINE
  8
16
 66
1
 10
0.0000
 20
0.0000
 30
0.0000
 40
0.1000
 41
0.1000
 70
0
  0
VERTEX
  8
16
 10
99.6631
 20
77.2582
 30
0.0000
 42
1.0000
  0
VERTEX
  8
16
 10
99.7427
 20
77.1978
 30
0.0000
  0
SEQEND
  8
0
  0
POLYLINE
  8
16
 66
1
 10
0.0000
 20
0.0000
 30
0.0000
 40
0.1000
 41
0.1000
 70
0
  0
VERTEX
  8
16
 10
99.7532
 20
77.2116
 30
0.0000
 42
1.0000
  0
VERTEX
  8
16
 10
99.6735
 20
77.2720
 30
0.0000
  0
SEQEND
  8
0
  0
POLYLINE
  8
16
 66
1
 10
0.0000
 20
0.0000
 30
0.0000
 40
0.2000
 41
0.2000
 70
0
  0
VERTEX
  8
16
 10
99.7029
 20
77.2280
 30
0.0000
  0
VERTEX
  8
16
 10
99.7176
 20
77.1210
 30
0.0000
  0
SEQEND
  8
0
  0
POLYLINE
  8
16
 66
1
 10
0.0000
 20
0.0000
 30
0.0000
 40
0.1000
 41
0.1000
 70
0
  0
VERTEX
  8
16
 10
99.6681
 20
77.1142
 30
0.0000
 42
1.0000
  0
VERTEX
  8
16
 10
99.7671
 20
77.1278
 30
0.0000
  0
SEQEND
  8
0
  0
POLYLINE
  8
16
 66
1
 10
0.0000
 20
0.0000
 30
0.0000
 40
0.1000
 41
0.1000
 70
0
  0
VERTEX
  8
16
 10
99.7524
 20
77.2348
 30
0.0000
 42
1.0000
  0
VERTEX
  8
16
 10
99.6534
 20
77.2212
 30
0.0000
  0
SEQEND
  8
0
  0
POLYLINE
  8
16
 66
1
 10
0.0000
 20
0.0000
 30
0.0000
 40
0.2000
 41
0.2000
 70
0
  0
VERTEX
  8
16
 10
99.7176
 20
77.1210
 30
0.0000
  0
VERTEX
  8
16
 10
99.7287
 20
77.1126
 30
0.0000
  0
SEQEND
  8
0
  0
POLYLINE
  8
16
 66
1
 10
0.0000
 20
0.0000
 30
0.0000
 40
0.1000
 41
0.1000
 70
0
  0
VERTEX
  8
16
 10
99.6985
 20
77.0727
 30
0.0000
 42
1.0000
  0
VERTEX
  8
16
 10
99.7589
 20
77.1524
 30
0.0000
  0
SEQEND
  8
0
  0
POLYLINE
  8
16
 66
1
 10
0.0000
 20
0.0000
 30
0.0000
 40
0.1000
 41
0.1000
 70
0
  0
VERTEX
  8
16
 10
99.7478
 20
77.1608
 30
0.0000
 42
1.0000
  0
VERTEX
  8
16
 10
99.6874
 20
77.0811
 30
0.0000
  0
SEQEND
  8
0
  0
POLYLINE
  8
16
 66
1
 10
0.0000
 20
0.0000
 30
0.0000
 40
0.2000
 41
0.2000
 70
0
  0
VERTEX
  8
16
 10
99.7287
 20
77.1126
 30
0.0000
  0
VERTEX
  8
16
 10
100.3551
 20
76.6376
 30
0.0000
  0
SEQEND
  8
0
  0
POLYLINE
  8
16
 66
1
 10
0.0000
 20
0.0000
 30
0.0000
 40
0.1000
 41
0.1000
 70
0
  0
VERTEX
  8
16
 10
100.3248
 20
76.5978
 30
0.0000
 42
1.0000
  0
VERTEX
  8
16
 10
100.3853
 20
76.6774
 30
0.0000
  0
SEQEND
  8
0
  0
POLYLINE
  8
16
 66
1
 10
0.0000
 20
0.0000
 30
0.0000
 40
0.1000
 41
0.1000
 70
0
  0
VERTEX
  8
16
 10
99.7589
 20
77.1524
 30
0.0000
 42
1.0000
  0
VERTEX
  8
16
 10
99.6985
 20
77.0727
 30
0.0000
  0
SEQEND
  8
0
  0
POLYLINE
  8
16
 66
1
 10
0.0000
 20
0.0000
 30
0.0000
 40
0.2000
 41
0.2000
 70
0
  0
VERTEX
  8
16
 10
100.3551
 20
76.6376
 30
0.0000
  0
VERTEX
  8
16
 10
100.3551
 20
76.6376
 30
0.0000
  0
SEQEND
  8
0
  0
POLYLINE
  8
16
 66
1
 10
0.0000
 20
0.0000
 30
0.0000
 40
0.1000
 41
0.1000
 70
0
  0
VERTEX
  8
16
 10
100.3051
 20
76.6376
 30
0.0000
 42
1.0000
  0
VERTEX
  8
16
 10
100.4051
 20
76.6376
 30
0.0000
  0
SEQEND
  8
0
  0
POLYLINE
  8
16
 66
1
 10
0.0000
 20
0.0000
 30
0.0000
 40
0.1000
 41
0.1000
 70
0
  0
VERTEX
  8
16
 10
100.4051
 20
76.6376
 30
0.0000
 42
1.0000
  0
VERTEX
  8
16
 10
100.3051
 20
76.6376
 30
0.0000
  0
SEQEND
  8
0
  0
POLYLINE
  8
16
 66
1
 10
0.0000
 20
0.0000
 30
0.0000
 40
0.2000
 41
0.2000
 70
0
  0
VERTEX
  8
16
 10
100.3551
 20
76.6376
 30
0.0000
  0
VERTEX
  8
16
 10
100.4356
 20
76.5765
 30
0.0000
  0
SEQEND
  8
0
  0
POLYLINE
  8
16
 66
1
 10
0.0000
 20
0.0000
 30
0.0000
 40
0.1000
 41
0.1000
 70
0
  0
VERTEX
  8
16
 10
100.4054
 20
76.5367
 30
0.0000
 42
1.0000
  0
VERTEX
  8
16
 10
100.4658
 20
76.6164
 30
0.0000
  0
SEQEND
  8
0
  0
POLYLINE
  8
16
 66
1
 10
0.0000
 20
0.0000
 30
0.0000
 40
0.1000
 41
0.1000
 70
0
  0
VERTEX
  8
16
 10
100.3853
 20
76.6774
 30
0.0000
 42
1.0000
  0
VERTEX
  8
16
 10
100.3248
 20
76.5978
 30
0.0000
  0
SEQEND
  8
0
  0
POLYLINE
  8
16
 66
1
 10
0.0000
 20
0.0000
 30
0.0000
 40
0.2000
 41
0.2000
 70
0
  0
VERTEX
  8
16
 10
100.4356
 20
76.5765
 30
0.0000
  0
VERTEX
  8
16
 10
100.4411
 20
76.5723
 30
0.0000
  0
SEQEND
  8
0
  0
POLYLINE
  8
16
 66
1
 10
0.0000
 20
0.0000
 30
0.0000
 40
0.1000
 41
0.1000
 70
0
  0
VERTEX
  8
16
 10
100.4109
 20
76.5325
 30
0.0000
 42
1.0000
  0
VERTEX
  8
16
 10
100.4713
 20
76.6122
 30
0.0000
  0
SEQEND
  8
0
  0
POLYLINE
  8
16
 66
1
 10
0.0000
 20
0.0000
 30
0.0000
 40
0.1000
 41
0.1000
 70
0
  0
VERTEX
  8
16
 10
100.4658
 20
76.6164
 30
0.0000
 42
1.0000
  0
VERTEX
  8
16
 10
100.4054
 20
76.5367
 30
0.0000
  0
SEQEND
  8
0
  0
POLYLINE
  8
16
 66
1
 10
0.0000
 20
0.0000
 30
0.0000
 40
0.2000
 41
0.2000
 70
0
  0
VERTEX
  8
16
 10
100.4411
 20
76.5723
 30
0.0000
  0
VERTEX
  8
16
 10
100.5481
 20
76.5870
 30
0.0000
  0
SEQEND
  8
0
  0
POLYLINE
  8
16
 66
1
 10
0.0000
 20
0.0000
 30
0.0000
 40
0.1000
 41
0.1000
 70
0
  0
VERTEX
  8
16
 10
100.5550
 20
76.5375
 30
0.0000
 42
1.0000
  0
VERTEX
  8
16
 10
100.5413
 20
76.6366
 30
0.0000
  0
SEQEND
  8
0
  0
POLYLINE
  8
16
 66
1
 10
0.0000
 20
0.0000
 30
0.0000
 40
0.1000
 41
0.1000
 70
0
  0
VERTEX
  8
16
 10
100.4343
 20
76.6219
 30
0.0000
 42
1.0000
  0
VERTEX
  8
16
 10
100.4479
 20
76.5228
 30
0.0000
  0
SEQEND
  8
0
  0
POLYLINE
  8
16
 66
1
 10
0.0000
 20
0.0000
 30
0.0000
 40
0.2000
 41
0.2000
 70
0
  0
VERTEX
  8
16
 10
100.5481
 20
76.5870
 30
0.0000
  0
VERTEX
  8
16
 10
100.5534
 20
76.5939
 30
0.0000
  0
SEQEND
  8
0
  0
POLYLINE
  8
16
 66
1
 10
0.0000
 20
0.0000
 30
0.0000
 40
0.1000
 41
0.1000
 70
0
  0
VERTEX
  8
16
 10
100.5932
 20
76.5637
 30
0.0000
 42
1.0000
  0
VERTEX
  8
16
 10
100.5135
 20
76.6241
 30
0.0000
  0
SEQEND
  8
0
  0
POLYLINE
  8
16
 66
1
 10
0.0000
 20
0.0000
 30
0.0000
 40
0.1000
 41
0.1000
 70
0
  0
VERTEX
  8
16
 10
100.5083
 20
76.6172
 30
0.0000
 42
1.0000
  0
VERTEX
  8
16
 10
100.5880
 20
76.5568
 30
0.0000
  0
SEQEND
  8
0
  0
POLYLINE
  8
16
 66
1
 10
0.0000
 20
0.0000
 30
0.0000
 40
0.2000
 41
0.2000
 70
0
  0
VERTEX
  8
16
 10
100.5534
 20
76.5939
 30
0.0000
  0
VERTEX
  8
16
 10
101.7566
 20
78.1806
 30
0.0000
  0
SEQEND
  8
0
  0
POLYLINE
  8
16
 66
1
 10
0.0000
 20
0.0000
 30
0.0000
 40
0.1000
 41
0.1000
 70
0
  0
VERTEX
  8
16
 10
101.7965
 20
78.1504
 30
0.0000
 42
1.0000
  0
VERTEX
  8
16
 10
101.7168
 20
78.2108
 30
0.0000
  0
SEQEND
  8
0
  0
POLYLINE
  8
16
 66
1
 10
0.0000
 20
0.0000
 30
0.0000
 40
0.1000
 41
0.1000
 70
0
  0
VERTEX
  8
16
 10
100.5135
 20
76.6241
 30
0.0000
 42
1.0000
  0
VERTEX
  8
16
 10
100.5932
 20
76.5637
 30
0.0000
  0
SEQEND
  8
0
  0
POLYLINE
  8
16
 66
1
 10
0.0000
 20
0.0000
 30
0.0000
 40
0.2000
 41
0.2000
 70
0
  0
VERTEX
  8
16
 10
101.7566
 20
78.1806
 30
0.0000
  0
VERTEX
  8
16
 10
101.7566
 20
78.1806
 30
0.0000
  0
SEQEND
  8
0
  0
POLYLINE
  8
16
 66
1
 10
0.0000
 20
0.0000
 30
0.0000
 40
0.1000
 41
0.1000
 70
0
  0
VERTEX
  8
16
 10
101.7566
 20
78.1306
 30
0.0000
 42
1.0000
  0
VERTEX
  8
16
 10
101.7566
 20
78.2306
 30
0.0000
  0
SEQEND
  8
0
  0
POLYLINE
  8
16
 66
1
 10
0.0000
 20
0.0000
 30
0.0000
 40
0.1000
 41
0.1000
 70
0
  0
VERTEX
  8
16
 10
101.7566
 20
78.2306
 30
0.0000
 42
1.0000
  0
VERTEX
  8
16
 10
101.7566
 20
78.1306
 30
0.0000
  0
SEQEND
  8
0
  0
POLYLINE
  8
16
 66
1
 10
0.0000
 20
0.0000
 30
0.0000
 40
0.2000
 41
0.2000
 70
0
  0
VERTEX
  8
16
 10
101.7566
 20
78.1806
 30
0.0000
  0
VERTEX
  8
16
 10
101.8219
 20
78.2667
 30
0.0000
  0
SEQEND
  8
0
  0
POLYLINE
  8
16
 66
1
 10
0.0000
 20
0.0000
 30
0.0000
 40
0.1000
 41
0.1000
 70
0
  0
VERTEX
  8
16
 10
101.8617
 20
78.2365
 30
0.0000
 42
1.0000
  0
VERTEX
  8
16
 10
101.7820
 20
78.2969
 30
0.0000
  0
SEQEND
  8
0
  0
POLYLINE
  8
16
 66
1
 10
0.0000
 20
0.0000
 30
0.0000
 40
0.1000
 41
0.1000
 70
0
  0
VERTEX
  8
16
 10
101.7168
 20
78.2108
 30
0.0000
 42
1.0000
  0
VERTEX
  8
16
 10
101.7965
 20
78.1504
 30
0.0000
  0
SEQEND
  8
0
  0
POLYLINE
  8
16
 66
1
 10
0.0000
 20
0.0000
 30
0.0000
 40
0.2000
 41
0.2000
 70
0
  0
VERTEX
  8
16
 10
101.8219
 20
78.2667
 30
0.0000
  0
VERTEX
  8
16
 10
101.8072
 20
78.3737
 30
0.0000
  0
SEQEND
  8
0
  0
POLYLINE
  8
16
 66
1
 10
0.0000
 20
0.0000
 30
0.0000
 40
0.1000
 41
0.1000
 70
0
  0
VERTEX
  8
16
 10
101.8567
 20
78.3805
 30
0.0000
 42
1.0000
  0
VERTEX
  8
16
 10
101.7576
 20
78.3669
 30
0.0000
  0
SEQEND
  8
0
  0
POLYLINE
  8
16
 66
1
 10
0.0000
 20
0.0000
 30
0.0000
 40
0.1000
 41
0.1000
 70
0
  0
VERTEX
  8
16
 10
101.7724
 20
78.2599
 30
0.0000
 42
1.0000
  0
VERTEX
  8
16
 10
101.8714
 20
78.2735
 30
0.0000
  0
SEQEND
  8
0
  0
POLYLINE
  8
16
 66
1
 10
0.0000
 20
0.0000
 30
0.0000
 40
0.2000
 41
0.2000
 70
0
  0
VERTEX
  8
16
 10
101.8072
 20
78.3737
 30
0.0000
  0
VERTEX
  8
16
 10
101.1697
 20
78.8571
 30
0.0000
  0
SEQEND
  8
0
  0
POLYLINE
  8
16
 66
1
 10
0.0000
 20
0.0000
 30
0.0000
 40
0.1000
 41
0.1000
 70
0
  0
VERTEX
  8
16
 10
101.1999
 20
78.8970
 30
0.0000
 42
1.0000
  0
VERTEX
  8
16
 10
101.1395
 20
78.8173
 30
0.0000
  0
SEQEND
  8
0
  0
POLYLINE
  8
16
 66
1
 10
0.0000
 20
0.0000
 30
0.0000
 40
0.1000
 41
0.1000
 70
0
  0
VERTEX
  8
16
 10
101.7770
 20
78.3339
 30
0.0000
 42
1.0000
  0
VERTEX
  8
16
 10
101.8374
 20
78.4136
 30
0.0000
  0
SEQEND
  8
0
  0
POLYLINE
  8
16
 66
1
 10
0.0000
 20
0.0000
 30
0.0000
 40
0.2000
 41
0.2000
 70
0
  0
VERTEX
  8
16
 10
101.1697
 20
78.8571
 30
0.0000
  0
VERTEX
  8
16
 10
101.1697
 20
78.8571
 30
0.0000
  0
SEQEND
  8
0
  0
POLYLINE
  8
16
 66
1
 10
0.0000
 20
0.0000
 30
0.0000
 40
0.1000
 41
0.1000
 70
0
  0
VERTEX
  8
16
 10
101.2197
 20
78.8571
 30
0.0000
 42
1.0000
  0
VERTEX
  8
16
 10
101.1197
 20
78.8571
 30
0.0000
  0
SEQEND
  8
0
  0
POLYLINE
  8
16
 66
1
 10
0.0000
 20
0.0000
 30
0.0000
 40
0.1000
 41
0.1000
 70
0
  0
VERTEX
  8
16
 10
101.1197
 20
78.8571
 30
0.0000
 42
1.0000
  0
VERTEX
  8
16
 10
101.2197
 20
78.8571
 30
0.0000
  0
SEQEND
  8
0
  0
POLYLINE
  8
16
 66
1
 10
0.0000
 20
0.0000
 30
0.0000
 40
0.2000
 41
0.2000
 70
0
  0
VERTEX
  8
16
 10
101.1697
 20
78.8571
 30
0.0000
  0
VERTEX
  8
16
 10
101.0837
 20
78.9224
 30
0.0000
  0
SEQEND
  8
0
  0
POLYLINE
  8
16
 66
1
 10
0.0000
 20
0.0000
 30
0.0000
 40
0.1000
 41
0.1000
 70
0
  0
VERTEX
  8
16
 10
101.1139
 20
78.9622
 30
0.0000
 42
1.0000
  0
VERTEX
  8
16
 10
101.0535
 20
78.8826
 30
0.0000
  0
SEQEND
  8
0
  0
POLYLINE
  8
16
 66
1
 10
0.0000
 20
0.0000
 30
0.0000
 40
0.1000
 41
0.1000
 70
0
  0
VERTEX
  8
16
 10
101.1395
 20
78.8173
 30
0.0000
 42
1.0000
  0
VERTEX
  8
16
 10
101.1999
 20
78.8970
 30
0.0000
  0
SEQEND
  8
0
  0
POLYLINE
  8
16
 66
1
 10
0.0000
 20
0.0000
 30
0.0000
 40
0.2000
 41
0.2000
 70
0
  0
VERTEX
  8
16
 10
101.0837
 20
78.9224
 30
0.0000
  0
VERTEX
  8
16
 10
100.9766
 20
78.9077
 30
0.0000
  0
SEQEND
  8
0
  0
POLYLINE
  8
16
 66
1
 10
0.0000
 20
0.0000
 30
0.0000
 40
0.1000
 41
0.1000
 70
0
  0
VERTEX
  8
16
 10
100.9698
 20
78.9572
 30
0.0000
 42
1.0000
  0
VERTEX
  8
16
 10
100.9834
 20
78.8582
 30
0.0000
  0
SEQEND
  8
0
  0
POLYLINE
  8
16
 66
1
 10
0.0000
 20
0.0000
 30
0.0000
 40
0.1000
 41
0.1000
 70
0
  0
VERTEX
  8
16
 10
101.0905
 20
78.8729
 30
0.0000
 42
1.0000
  0
VERTEX
  8
16
 10
101.0769
 20
78.9719
 30
0.0000
  0
SEQEND
  8
0
  0
POLYLINE
  8
16
 66
1
 10
0.0000
 20
0.0000
 30
0.0000
 40
0.2000
 41
0.2000
 70
0
  0
VERTEX
  8
16
 10
100.9766
 20
78.9077
 30
0.0000
  0
VERTEX
  8
16
 10
99.7682
 20
77.3141
 30
0.0000
  0
SEQEND
  8
0
  0
POLYLINE
  8
16
 66
1
 10
0.0000
 20
0.0000
 30
0.0000
 40
0.1000
 41
0.1000
 70
0
  0
VERTEX
  8
16
 10
99.7283
 20
77.3443
 30
0.0000
 42
1.0000
  0
VERTEX
  8
16
 10
99.8080
 20
77.2839
 30
0.0000
  0
SEQEND
  8
0
  0
POLYLINE
  8
16
 66
1
 10
0.0000
 20
0.0000
 30
0.0000
 40
0.1000
 41
0.1000
 70
0
  0
VERTEX
  8
16
 10
101.0165
 20
78.8775
 30
0.0000
 42
1.0000
  0
VERTEX
  8
16
 10
100.9368
 20
78.9379
 30
0.0000
  0
SEQEND
  8
0
  0
POLYLINE
  8
16
 66
1
 10
0.0000
 20
0.0000
 30
0.0000
 40
0.2000
 41
0.2000
 70
0
  0
VERTEX
  8
16
 10
99.7682
 20
77.3141
 30
0.0000
  0
VERTEX
  8
16
 10
99.7682
 20
77.3141
 30
0.0000
  0
SEQEND
  8
0
  0
POLYLINE
  8
16
 66
1
 10
0.0000
 20
0.0000
 30
0.0000
 40
0.1000
 41
0.1000
 70
0
  0
VERTEX
  8
16
 10
99.7682
 20
77.3641
 30
0.0000
 42
1.0000
  0
VERTEX
  8
16
 10
99.7682
 20
77.2641
 30
0.0000
  0
SEQEND
  8
0
  0
POLYLINE
  8
16
 66
1
 10
0.0000
 20
0.0000
 30
0.0000
 40
0.1000
 41
0.1000
 70
0
  0
VERTEX
  8
16
 10
99.7682
 20
77.2641
 30
0.0000
 42
1.0000
  0
VERTEX
  8
16
 10
99.7682
 20
77.3641
 30
0.0000
  0
SEQEND
  8
0
  0
POLYLINE
  8
16
 66
1
 10
0.0000
 20
0.0000
 30
0.0000
 40
0.2000
 41
0.2000
 70
0
  0
VERTEX
  8
16
 10
99.8112
 20
75.0000
 30
0.0000
  0
VERTEX
  8
16
 10
100.1139
 20
75.0000
 30
0.0000
  0
SEQEND
  8
0
  0
POLYLINE
  8
16
 66
1
 10
0.0000
 20
0.0000
 30
0.0000
 40
0.1000
 41
0.1000
 70
0
  0
VERTEX
  8
16
 10
100.1139
 20
74.9500
 30
0.0000
 42
1.0000
  0
VERTEX
  8
16
 10
100.1139
 20
75.0500
 30
0.0000
  0
SEQEND
  8
0
  0
POLYLINE
  8
16
 66
1
 10
0.0000
 20
0.0000
 30
0.0000
 40
0.1000
 41
0.1000
 70
0
  0
VERTEX
  8
16
 10
99.8112
 20
75.0500
 30
0.0000
 42
1.0000
  0
VERTEX
  8
16
 10
99.8112
 20
74.9500
 30
0.0000
  0
SEQEND
  8
0
  0
POLYLINE
  8
16
 66
1
 10
0.0000
 20
0.0000
 30
0.0000
 40
0.2000
 41
0.2000
 70
0
  0
VERTEX
  8
16
 10
99.5728
 20
75.2000
 30
0.0000
  0
VERTEX
  8
16
 10
100.2818
 20
75.2000
 30
0.0000
  0
SEQEND
  8
0
  0
POLYLINE
  8
16
 66
1
 10
0.0000
 20
0.0000
 30
0.0000
 40
0.1000
 41
0.1000
 70
0
  0
VERTEX
  8
16
 10
100.2818
 20
75.1500
 30
0.0000
 42
1.0000
  0
VERTEX
  8
16
 10
100.2818
 20
75.2500
 30
0.0000
  0
SEQEND
  8
0
  0
POLYLINE
  8
16
 66
1
 10
0.0000
 20
0.0000
 30
0.0000
 40
0.1000
 41
0.1000
 70
0
  0
VERTEX
  8
16
 10
99.5728
 20
75.2500
 30
0.0000
 42
1.0000
  0
VERTEX
  8
16
 10
99.5728
 20
75.1500
 30
0.0000
  0
SEQEND
  8
0
  0
POLYLINE
  8
16
 66
1
 10
0.0000
 20
0.0000
 30
0.0000
 40
0.2000
 41
0.2000
 70
0
  0
VERTEX
  8
16
 10
99.3345
 20
75.4000
 30
0.0000
  0
VERTEX
  8
16
 10
100.4496
 20
75.4000
 30
0.0000
  0
SEQEND
  8
0
  0
POLYLINE
  8
16
 66
1
 10
0.0000
 20
0.0000
 30
0.0000
 40
0.1000
 41
0.1000
 70
0
  0
VERTEX
  8
16
 10
100.4496
 20
75.3500
 30
0.0000
 42
1.0000
  0
VERTEX
  8
16
 10
100.4496
 20
75.4500
 30
0.0000
  0
SEQEND
  8
0
  0
POLYLINE
  8
16
 66
1
 10
0.0000
 20
0.0000
 30
0.0000
 40
0.1000
 41
0.1000
 70
0
  0
VERTEX
  8
16
 10
99.3345
 20
75.4500
 30
0.0000
 42
1.0000
  0
VERTEX
  8
16
 10
99.3345
 20
75.3500
 30
0.0000
  0
SEQEND
  8
0
  0
POLYLINE
  8
16
 66
1
 10
0.0000
 20
0.0000
 30
0.0000
 40
0.2000
 41
0.2000
 70
0
  0
VERTEX
  8
16
 10
99.0961
 20
75.6000
 30
0.0000
  0
VERTEX
  8
16
 10
100.6174
 20
75.6000
 30
0.0000
  0
SEQEND
  8
0
  0
POLYLINE
  8
16
 66
1
 10
0.0000
 20
0.0000
 30
0.0000
 40
0.1000
 41
0.1000
 70
0
  0
VERTEX
  8
16
 10
100.6174
 20
75.5500
 30
0.0000
 42
1.0000
  0
VERTEX
  8
16
 10
100.6174
 20
75.6500
 30
0.0000
  0
SEQEND
  8
0
  0
POLYLINE
  8
16
 66
1
 10
0.0000
 20
0.0000
 30
0.0000
 40
0.1000
 41
0.1000
 70
0
  0
VERTEX
  8
16
 10
99.0961
 20
75.6500
 30
0.0000
 42
1.0000
  0
VERTEX
  8
16
 10
99.0961
 20
75.5500
 30
0.0000
  0
SEQEND
  8
0
  0
POLYLINE
  8
16
 66
1
 10
0.0000
 20
0.0000
 30
0.0000
 40
0.2000
 41
0.2000
 70
0
  0
VERTEX
  8
16
 10
98.8578
 20
75.8000
 30
0.0000
  0
VERTEX
  8
16
 10
100.7852
 20
75.8000
 30
0.0000
  0
SEQEND
  8
0
  0
POLYLINE
  8
16
 66
1
 10
0.0000
 20
0.0000
 30
0.0000
 40
0.1000
 41
0.1000
 70
0
  0
VERTEX
  8
16
 10
100.7852
 20
75.7500
 30
0.0000
 42
1.0000
  0
VERTEX
  8
16
 10
100.7852
 20
75.8500
 30
0.0000
  0
SEQEND
  8
0
  0
POLYLINE
  8
16
 66
1
 10
0.0000
 20
0.0000
 30
0.0000
 40
0.1000
 41
0.1000
 70
0
  0
VERTEX
  8
16
 10
98.8578
 20
75.8500
 30
0.0000
 42
1.0000
  0
VERTEX
  8
16
 10
98.8578
 20
75.7500
 30
0.0000
  0
SEQEND
  8
0
  0
POLYLINE
  8
16
 66
1
 10
0.0000
 20
0.0000
 30
0.0000
 40
0.2000
 41
0.2000
 70
0
  0
VERTEX
  8
16
 10
98.6194
 20
76.0000
 30
0.0000
  0
VERTEX
  8
16
 10
100.9531
 20
76.0000
 30
0.0000
  0
SEQEND
  8
0
  0
POLYLINE
  8
16
 66
1
 10
0.0000
 20
0.0000
 30
0.0000
 40
0.1000
 41
0.1000
 70
0
  0
VERTEX
  8
16
 10
100.9531
 20
75.9500
 30
0.0000
 42
1.0000
  0
VERTEX
  8
16
 10
100.9531
 20
76.0500
 30
0.0000
  0
SEQEND
  8
0
  0
POLYLINE
  8
16
 66
1
 10
0.0000
 20
0.0000
 30
0.0000
 40
0.1000
 41
0.1000
 70
0
  0
VERTEX
  8
16
 10
98.6194
 20
76.0500
 30
0.0000
 42
1.0000
  0
VERTEX
  8
16
 10
98.6194
 20
75.9500
 30
0.0000
  0
SEQEND
  8
0
  0
POLYLINE
  8
16
 66
1
 10
0.0000
 20
0.0000
 30
0.0000
 40
0.2000
 41
0.2000
 70
0
  0
VERTEX
  8
16
 10
98.3810
 20
76.2000
 30
0.0000
  0
VERTEX
  8
16
 10
101.1209
 20
76.2000
 30
0.0000
  0
SEQEND
  8
0
  0
POLYLINE
  8
16
 66
1
 10
0.0000
 20
0.0000
 30
0.0000
 40
0.1000
 41
0.1000
 70
0
  0
VERTEX
  8
16
 10
101.1209
 20
76.1500
 30
0.0000
 42
1.0000
  0
VERTEX
  8
16
 10
101.1209
 20
76.2500
 30
0.0000
  0
SEQEND
  8
0
  0
POLYLINE
  8
16
 66
1
 10
0.0000
 20
0.0000
 30
0.0000
 40
0.1000
 41
0.1000
 70
0
  0
VERTEX
  8
16
 10
98.3810
 20
76.2500
 30
0.0000
 42
1.0000
  0
VERTEX
  8
16
 10
98.3810
 20
76.1500
 30
0.0000
  0
SEQEND
  8
0
  0
POLYLINE
  8
16
 66
1
 10
0.0000
 20
0.0000
 30
0.0000
 40
0.2000
 41
0.2000
 70
0
  0
VERTEX
  8
16
 10
98.3329
 20
76.4000
 30
0.0000
  0
VERTEX
  8
16
 10
101.2887
 20
76.4000
 30
0.0000
  0
SEQEND
  8
0
  0
POLYLINE
  8
16
 66
1
 10
0.0000
 20
0.0000
 30
0.0000
 40
0.1000
 41
0.1000
 70
0
  0
VERTEX
  8
16
 10
101.2887
 20
76.3500
 30
0.0000
 42
1.0000
  0
VERTEX
  8
16
 10
101.2887
 20
76.4500
 30
0.0000
  0
SEQEND
  8
0
  0
POLYLINE
  8
16
 66
1
 10
0.0000
 20
0.0000
 30
0.0000
 40
0.1000
 41
0.1000
 70
0
  0
VERTEX
  8
16
 10
98.3329
 20
76.4500
 30
0.0000
 42
1.0000
  0
VERTEX
  8
16
 10
98.3329
 20
76.3500
 30
0.0000
  0
SEQEND
  8
0
  0
POLYLINE
  8
16
 66
1
 10
0.0000
 20
0.0000
 30
0.0000
 40
0.2000
 41
0.2000
 70
0
  0
VERTEX
  8
16
 10
98.5007
 20
76.6000
 30
0.0000
  0
VERTEX
  8
16
 10
100.4046
 20
76.6000
 30
0.0000
  0
SEQEND
  8
0
  0
POLYLINE
  8
16
 66
1
 10
0.0000
 20
0.0000
 30
0.0000
 40
0.1000
 41
0.1000
 70
0
  0
VERTEX
  8
16
 10
100.4046
 20
76.5500
 30
0.0000
 42
1.0000
  0
VERTEX
  8
16
 10
100.4046
 20
76.6500
 30
0.0000
  0
SEQEND
  8
0
  0
POLYLINE
  8
16
 66
1
 10
0.0000
 20
0.0000
 30
0.0000
 40
0.1000
 41
0.1000
 70
0
  0
VERTEX
  8
16
 10
98.5007
 20
76.6500
 30
0.0000
 42
1.0000
  0
VERTEX
  8
16
 10
98.5007
 20
76.5500
 30
0.0000
  0
SEQEND
  8
0
  0
POLYLINE
  8
16
 66
1
 10
0.0000
 20
0.0000
 30
0.0000
 40
0.2000
 41
0.2000
 70
0
  0
VERTEX
  8
16
 10
100.5580
 20
76.6000
 30
0.0000
  0
VERTEX
  8
16
 10
101.4565
 20
76.6000
 30
0.0000
  0
SEQEND
  8
0
  0
POLYLINE
  8
16
 66
1
 10
0.0000
 20
0.0000
 30
0.0000
 40
0.1000
 41
0.1000
 70
0
  0
VERTEX
  8
16
 10
101.4565
 20
76.5500
 30
0.0000
 42
1.0000
  0
VERTEX
  8
16
 10
101.4565
 20
76.6500
 30
0.0000
  0
SEQEND
  8
0
  0
POLYLINE
  8
16
 66
1
 10
0.0000
 20
0.0000
 30
0.0000
 40
0.1000
 41
0.1000
 70
0
  0
VERTEX
  8
16
 10
100.5580
 20
76.6500
 30
0.0000
 42
1.0000
  0
VERTEX
  8
16
 10
100.5580
 20
76.5500
 30
0.0000
  0
SEQEND
  8
0
  0
POLYLINE
  8
16
 66
1
 10
0.0000
 20
0.0000
 30
0.0000
 40
0.2000
 41
0.2000
 70
0
  0
VERTEX
  8
16
 10
98.6685
 20
76.8000
 30
0.0000
  0
VERTEX
  8
16
 10
100.1409
 20
76.8000
 30
0.0000
  0
SEQEND
  8
0
  0
POLYLINE
  8
16
 66
1
 10
0.0000
 20
0.0000
 30
0.0000
 40
0.1000
 41
0.1000
 70
0
  0
VERTEX
  8
16
 10
100.1409
 20
76.7500
 30
0.0000
 42
1.0000
  0
VERTEX
  8
16
 10
100.1409
 20
76.8500
 30
0.0000
  0
SEQEND
  8
0
  0
POLYLINE
  8
16
 66
1
 10
0.0000
 20
0.0000
 30
0.0000
 40
0.1000
 41
0.1000
 70
0
  0
VERTEX
  8
16
 10
98.6685
 20
76.8500
 30
0.0000
 42
1.0000
  0
VERTEX
  8
16
 10
98.6685
 20
76.7500
 30
0.0000
  0
SEQEND
  8
0
  0
POLYLINE
  8
16
 66
1
 10
0.0000
 20
0.0000
 30
0.0000
 40
0.2000
 41
0.2000
 70
0
  0
VERTEX
  8
16
 10
100.7096
 20
76.8000
 30
0.0000
  0
VERTEX
  8
16
 10
101.6243
 20
76.8000
 30
0.0000
  0
SEQEND
  8
0
  0
POLYLINE
  8
16
 66
1
 10
0.0000
 20
0.0000
 30
0.0000
 40
0.1000
 41
0.1000
 70
0
  0
VERTEX
  8
16
 10
101.6243
 20
76.7500
 30
0.0000
 42
1.0000
  0
VERTEX
  8
16
 10
101.6243
 20
76.8500
 30
0.0000
  0
SEQEND
  8
0
  0
POLYLINE
  8
16
 66
1
 10
0.0000
 20
0.0000
 30
0.0000
 40
0.1000
 41
0.1000
 70
0
  0
VERTEX
  8
16
 10
100.7096
 20
76.8500
 30
0.0000
 42
1.0000
  0
VERTEX
  8
16
 10
100.7096
 20
76.7500
 30
0.0000
  0
SEQEND
  8
0
  0
POLYLINE
  8
16
 66
1
 10
0.0000
 20
0.0000
 30
0.0000
 40
0.2000
 41
0.2000
 70
0
  0
VERTEX
  8
16
 10
98.8363
 20
77.0000
 30
0.0000
  0
VERTEX
  8
16
 10
99.8772
 20
77.0000
 30
0.0000
  0
SEQEND
  8
0
  0
POLYLINE
  8
16
 66
1
 10
0.0000
 20
0.0000
 30
0.0000
 40
0.1000
 41
0.1000
 70
0
  0
VERTEX
  8
16
 10
99.8772
 20
76.9500
 30
0.0000
 42
1.0000
  0
VERTEX
  8
16
 10
99.8772
 20
77.0500
 30
0.0000
  0
SEQEND
  8
0
  0
POLYLINE
  8
16
 66
1
 10
0.0000
 20
0.0000
 30
0.0000
 40
0.1000
 41
0.1000
 70
0
  0
VERTEX
  8
16
 10
98.8363
 20
77.0500
 30
0.0000
 42
1.0000
  0
VERTEX
  8
16
 10
98.8363
 20
76.9500
 30
0.0000
  0
SEQEND
  8
0
  0
POLYLINE
  8
16
 66
1
 10
0.0000
 20
0.0000
 30
0.0000
 40
0.2000
 41
0.2000
 70
0
  0
VERTEX
  8
16
 10
100.8613
 20
77.0000
 30
0.0000
  0
VERTEX
  8
16
 10
101.7922
 20
77.0000
 30
0.0000
  0
SEQEND
  8
0
  0
POLYLINE
  8
16
 66
1
 10
0.0000
 20
0.0000
 30
0.0000
 40
0.1000
 41
0.1000
 70
0
  0
VERTEX
  8
16
 10
101.7922
 20
76.9500
 30
0.0000
 42
1.0000
  0
VERTEX
  8
16
 10
101.7922
 20
77.0500
 30
0.0000
  0
SEQEND
  8
0
  0
POLYLINE
  8
16
 66
1
 10
0.0000
 20
0.0000
 30
0.0000
 40
0.1000
 41
0.1000
 70
0
  0
VERTEX
  8
16
 10
100.8613
 20
77.0500
 30
0.0000
 42
1.0000
  0
VERTEX
  8
16
 10
100.8613
 20
76.9500
 30
0.0000
  0
SEQEND
  8
0
  0
POLYLINE
  8
16
 66
1
 10
0.0000
 20
0.0000
 30
0.0000
 40
0.2000
 41
0.2000
 70
0
  0
VERTEX
  8
16
 10
99.0042
 20
77.2000
 30
0.0000
  0
VERTEX
  8
16
 10
99.7067
 20
77.2000
 30
0.0000
  0
SEQEND
  8
0
  0
POLYLINE
  8
16
 66
1
 10
0.0000
 20
0.0000
 30
0.0000
 40
0.1000
 41
0.1000
 70
0
  0
VERTEX
  8
16
 10
99.7067
 20
77.1500
 30
0.0000
 42
1.0000
  0
VERTEX
  8
16
 10
99.7067
 20
77.2500
 30
0.0000
  0
SEQEND
  8
0
  0
POLYLINE
  8
16
 66
1
 10
0.0000
 20
0.0000
 30
0.0000
 40
0.1000
 41
0.1000
 70
0
  0
VERTEX
  8
16
 10
99.0042
 20
77.2500
 30
0.0000
 42
1.0000
  0
VERTEX
  8
16
 10
99.0042
 20
77.1500
 30
0.0000
  0
SEQEND
  8
0
  0
POLYLINE
  8
16
 66
1
 10
0.0000
 20
0.0000
 30
0.0000
 40
0.2000
 41
0.2000
 70
0
  0
VERTEX
  8
16
 10
101.0130
 20
77.2000
 30
0.0000
  0
VERTEX
  8
16
 10
101.9600
 20
77.2000
 30
0.0000
  0
SEQEND
  8
0
  0
POLYLINE
  8
16
 66
1
 10
0.0000
 20
0.0000
 30
0.0000
 40
0.1000
 41
0.1000
 70
0
  0
VERTEX
  8
16
 10
101.9600
 20
77.1500
 30
0.0000
 42
1.0000
  0
VERTEX
  8
16
 10
101.9600
 20
77.2500
 30
0.0000
  0
SEQEND
  8
0
  0
POLYLINE
  8
16
 66
1
 10
0.0000
 20
0.0000
 30
0.0000
 40
0.1000
 41
0.1000
 70
0
  0
VERTEX
  8
16
 10
101.0130
 20
77.2500
 30
0.0000
 42
1.0000
  0
VERTEX
  8
16
 10
101.0130
 20
77.1500
 30
0.0000
  0
SEQEND
  8
0
  0
POLYLINE
  8
16
 66
1
 10
0.0000
 20
0.0000
 30
0.0000
 40
0.2000
 41
0.2000
 70
0
  0
VERTEX
  8
16
 10
99.1720
 20
77.4000
 30
0.0000
  0
VERTEX
  8
16
 10
99.8333
 20
77.4000
 30
0.0000
  0
SEQEND
  8
0
  0
POLYLINE
  8
16
 66
1
 10
0.0000
 20
0.0000
 30
0.0000
 40
0.1000
 41
0.1000
 70
0
  0
VERTEX
  8
16
 10
99.8333
 20
77.3500
 30
0.0000
 42
1.0000
  0
VERTEX
  8
16
 10
99.8333
 20
77.4500
 30
0.0000
  0
SEQEND
  8
0
  0
POLYLINE
  8
16
 66
1
 10
0.0000
 20
0.0000
 30
0.0000
 40
0.1000
 41
0.1000
 70
0
  0
VERTEX
  8
16
 10
99.1720
 20
77.4500
 30
0.0000
 42
1.0000
  0
VERTEX
  8
16
 10
99.1720
 20
77.3500
 30
0.0000
  0
SEQEND
  8
0
  0
POLYLINE
  8
16
 66
1
 10
0.0000
 20
0.0000
 30
0.0000
 40
0.2000
 41
0.2000
 70
0
  0
VERTEX
  8
16
 10
101.1646
 20
77.4000
 30
0.0000
  0
VERTEX
  8
16
 10
102.1278
 20
77.4000
 30
0.0000
  0
SEQEND
  8
0
  0
POLYLINE
  8
16
 66
1
 10
0.0000
 20
0.0000
 30
0.0000
 40
0.1000
 41
0.1000
 70
0
  0
VERTEX
  8
16
 10
102.1278
 20
77.3500
 30
0.0000
 42
1.0000
  0
VERTEX
  8
16
 10
102.1278
 20
77.4500
 30
0.0000
  0
SEQEND
  8
0
  0
POLYLINE
  8
16
 66
1
 10
0.0000
 20
0.0000
 30
0.0000
 40
0.1000
 41
0.1000
 70
0
  0
VERTEX
  8
16
 10
101.1646
 20
77.4500
 30
0.0000
 42
1.0000
  0
VERTEX
  8
16
 10
101.1646
 20
77.3500
 30
0.0000
  0
SEQEND
  8
0
  0
POLYLINE
  8
16
 66
1
 10
0.0000
 20
0.0000
 30
0.0000
 40
0.2000
 41
0.2000
 70
0
  0
VERTEX
  8
16
 10
99.3398
 20
77.6000
 30
0.0000
  0
VERTEX
  8
16
 10
99.9850
 20
77.6000
 30
0.0000
  0
SEQEND
  8
0
  0
POLYLINE
  8
16
 66
1
 10
0.0000
 20
0.0000
 30
0.0000
 40
0.1000
 41
0.1000
 70
0
  0
VERTEX
  8
16
 10
99.9850
 20
77.5500
 30
0.0000
 42
1.0000
  0
VERTEX
  8
16
 10
99.9850
 20
77.6500
 30
0.0000
  0
SEQEND
  8
0
  0
POLYLINE
  8
16
 66
1
 10
0.0000
 20
0.0000
 30
0.0000
 40
0.1000
 41
0.1000
 70
0
  0
VERTEX
  8
16
 10
99.3398
 20
77.6500
 30
0.0000
 42
1.0000
  0
VERTEX
  8
16
 10
99.3398
 20
77.5500
 30
0.0000
  0
SEQEND
  8
0
  0
POLYLINE
  8
16
 66
1
 10
0.0000
 20
0.0000
 30
0.0000
 40
0.2000
 41
0.2000
 70
0
  0
VERTEX
  8
16
 10
101.3163
 20
77.6000
 30
0.0000
  0
VERTEX
  8
16
 10
102.2956
 20
77.6000
 30
0.0000
  0
SEQEND
  8
0
  0
POLYLINE
  8
16
 66
1
 10
0.0000
 20
0.0000
 30
0.0000
 40
0.1000
 41
0.1000
 70
0
  0
VERTEX
  8
16
 10
102.2956
 20
77.5500
 30
0.0000
 42
1.0000
  0
VERTEX
  8
16
 10
102.2956
 20
77.6500
 30
0.0000
  0
SEQEND
  8
0
  0
POLYLINE
  8
16
 66
1
 10
0.0000
 20
0.0000
 30
0.0000
 40
0.1000
 41
0.1000
 70
0
  0
VERTEX
  8
16
 10
101.3163
 20
77.6500
 30
0.0000
 42
1.0000
  0
VERTEX
  8
16
 10
101.3163
 20
77.5500
 30
0.0000
  0
SEQEND
  8
0
  0
POLYLINE
  8
16
 66
1
 10
0.0000
 20
0.0000
 30
0.0000
 40
0.2000
 41
0.2000
 70
0
  0
VERTEX
  8
16
 10
99.5076
 20
77.8000
 30
0.0000
  0
VERTEX
  8
16
 10
100.1367
 20
77.8000
 30
0.0000
  0
SEQEND
  8
0
  0
POLYLINE
  8
16
 66
1
 10
0.0000
 20
0.0000
 30
0.0000
 40
0.1000
 41
0.1000
 70
0
  0
VERTEX
  8
16
 10
100.1367
 20
77.7500
 30
0.0000
 42
1.0000
  0
VERTEX
  8
16
 10
100.1367
 20
77.8500
 30
0.0000
  0
SEQEND
  8
0
  0
POLYLINE
  8
16
 66
1
 10
0.0000
 20
0.0000
 30
0.0000
 40
0.1000
 41
0.1000
 70
0
  0
VERTEX
  8
16
 10
99.5076
 20
77.8500
 30
0.0000
 42
1.0000
  0
VERTEX
  8
16
 10
99.5076
 20
77.7500
 30
0.0000
  0
SEQEND
  8
0
  0
POLYLINE
  8
16
 66
1
 10
0.0000
 20
0.0000
 30
0.0000
 40
0.2000
 41
0.2000
 70
0
  0
VERTEX
  8
16
 10
101.4680
 20
77.8000
 30
0.0000
  0
VERTEX
  8
16
 10
102.4634
 20
77.8000
 30
0.0000
  0
SEQEND
  8
0
  0
POLYLINE
  8
16
 66
1
 10
0.0000
 20
0.0000
 30
0.0000
 40
0.1000
 41
0.1000
 70
0
  0
VERTEX
  8
16
 10
102.4634
 20
77.7500
 30
0.0000
 42
1.0000
  0
VERTEX
  8
16
 10
102.4634
 20
77.8500
 30
0.0000
  0
SEQEND
  8
0
  0
POLYLINE
  8
16
 66
1
 10
0.0000
 20
0.0000
 30
0.0000
 40
0.1000
 41
0.1000
 70
0
  0
VERTEX
  8
16
 10
101.4680
 20
77.8500
 30
0.0000
 42
1.0000
  0
VERTEX
  8
16
 10
101.4680
 20
77.7500
 30
0.0000
  0
SEQEND
  8
0
  0
POLYLINE
  8
16
 66
1
 10
0.0000
 20
0.0000
 30
0.0000
 40
0.2000
 41
0.2000
 70
0
  0
VERTEX
  8
16
 10
99.6754
 20
78.0000
 30
0.0000
  0
VERTEX
  8
16
 10
100.2883
 20
78.0000
 30
0.0000
  0
SEQEND
  8
0
  0
POLYLINE
  8
16
 66
1
 10
0.0000
 20
0.0000
 30
0.0000
 40
0.1000
 41
0.1000
 70
0
  0
VERTEX
  8
16
 10
100.2883
 20
77.9500
 30
0.0000
 42
1.0000
  0
VERTEX
  8
16
 10
100.2883
 20
78.0500
 30
0.0000
  0
SEQEND
  8
0
  0
POLYLINE
  8
16
 66
1
 10
0.0000
 20
0.0000
 30
0.0000
 40
0.1000
 41
0.1000
 70
0
  0
VERTEX
  8
16
 10
99.6754
 20
78.0500
 30
0.0000
 42
1.0000
  0
VERTEX
  8
16
 10
99.6754
 20
77.9500
 30
0.0000
  0
SEQEND
  8
0
  0
POLYLINE
  8
16
 66
1
 10
0.0000
 20
0.0000
 30
0.0000
 40
0.2000
 41
0.2000
 70
0
  0
VERTEX
  8
16
 10
101.6196
 20
78.0000
 30
0.0000
  0
VERTEX
  8
16
 10
102.6313
 20
78.0000
 30
0.0000
  0
SEQEND
  8
0
  0
POLYLINE
  8
16
 66
1
 10
0.0000
 20
0.0000
 30
0.0000
 40
0.1000
 41
0.1000
 70
0
  0
VERTEX
  8
16
 10
102.6313
 20
77.9500
 30
0.0000
 42
1.0000
  0
VERTEX
  8
16
 10
102.6313
 20
78.0500
 30
0.0000
  0
SEQEND
  8
0
  0
POLYLINE
  8
16
 66
1
 10
0.0000
 20
0.0000
 30
0.0000
 40
0.1000
 41
0.1000
 70
0
  0
VERTEX
  8
16
 10
101.6196
 20
78.0500
 30
0.0000
 42
1.0000
  0
VERTEX
  8
16
 10
101.6196
 20
77.9500
 30
0.0000
  0
SEQEND
  8
0
  0
POLYLINE
  8
16
 66
1
 10
0.0000
 20
0.0000
 30
0.0000
 40
0.2000
 41
0.2000
 70
0
  0
VERTEX
  8
16
 10
99.8433
 20
78.2000
 30
0.0000
  0
VERTEX
  8
16
 10
100.4400
 20
78.2000
 30
0.0000
  0
SEQEND
  8
0
  0
POLYLINE
  8
16
 66
1
 10
0.0000
 20
0.0000
 30
0.0000
 40
0.1000
 41
0.1000
 70
0
  0
VERTEX
  8
16
 10
100.4400
 20
78.1500
 30
0.0000
 42
1.0000
  0
VERTEX
  8
16
 10
100.4400
 20
78.2500
 30
0.0000
  0
SEQEND
  8
0
  0
POLYLINE
  8
16
 66
1
 10
0.0000
 20
0.0000
 30
0.0000
 40
0.1000
 41
0.1000
 70
0
  0
VERTEX
  8
16
 10
99.8433
 20
78.2500
 30
0.0000
 42
1.0000
  0
VERTEX
  8
16
 10
99.8433
 20
78.1500
 30
0.0000
  0
SEQEND
  8
0
  0
POLYLINE
  8
16
 66
1
 10
0.0000
 20
0.0000
 30
0.0000
 40
0.2000
 41
0.2000
 70
0
  0
VERTEX
  8
16
 10
101.7713
 20
78.2000
 30
0.0000
  0
VERTEX
  8
16
 10
102.7991
 20
78.2000
 30
0.0000
  0
SEQEND
  8
0
  0
POLYLINE
  8
16
 66
1
 10
0.0000
 20
0.0000
 30
0.0000
 40
0.1000
 41
0.1000
 70
0
  0
VERTEX
  8
16
 10
102.7991
 20
78.1500
 30
0.0000
 42
1.0000
  0
VERTEX
  8
16
 10
102.7991
 20
78.2500
 30
0.0000
  0
SEQEND
  8
0
  0
POLYLINE
  8
16
 66
1
 10
0.0000
 20
0.0000
 30
0.0000
 40
0.1000
 41
0.1000
 70
0
  0
VERTEX
  8
16
 10
101.7713
 20
78.2500
 30
0.0000
 42
1.0000
  0
VERTEX
  8
16
 10
101.7713
 20
78.1500
 30
0.0000
  0
SEQEND
  8
0
  0
POLYLINE
  8
16
 66
1
 10
0.0000
 20
0.0000
 30
0.0000
 40
0.2000
 41
0.2000
 70
0
  0
VERTEX
  8
16
 10
100.0111
 20
78.4000
 30
0.0000
  0
VERTEX
  8
16
 10
100.5917
 20
78.4000
 30
0.0000
  0
SEQEND
  8
0
  0
POLYLINE
  8
16
 66
1
 10
0.0000
 20
0.0000
 30
0.0000
 40
0.1000
 41
0.1000
 70
0
  0
VERTEX
  8
16
 10
100.5917
 20
78.3500
 30
0.0000
 42
1.0000
  0
VERTEX
  8
16
 10
100.5917
 20
78.4500
 30
0.0000
  0
SEQEND
  8
0
  0
POLYLINE
  8
16
 66
1
 10
0.0000
 20
0.0000
 30
0.0000
 40
0.1000
 41
0.1000
 70
0
  0
VERTEX
  8
16
 10
100.0111
 20
78.4500
 30
0.0000
 42
1.0000
  0
VERTEX
  8
16
 10
100.0111
 20
78.3500
 30
0.0000
  0
SEQEND
  8
0
  0
POLYLINE
  8
16
 66
1
 10
0.0000
 20
0.0000
 30
0.0000
 40
0.2000
 41
0.2000
 70
0
  0
VERTEX
  8
16
 10
101.7725
 20
78.4000
 30
0.0000
  0
VERTEX
  8
16
 10
102.9669
 20
78.4000
 30
0.0000
  0
SEQEND
  8
0
  0
POLYLINE
  8
16
 66
1
 10
0.0000
 20
0.0000
 30
0.0000
 40
0.1000
 41
0.1000
 70
0
  0
VERTEX
  8
16
 10
102.9669
 20
78.3500
 30
0.0000
 42
1.0000
  0
VERTEX
  8
16
 10
102.9669
 20
78.4500
 30
0.0000
  0
SEQEND
  8
0
  0
POLYLINE
  8
16
 66
1
 10
0.0000
 20
0.0000
 30
0.0000
 40
0.1000
 41
0.1000
 70
0
  0
VERTEX
  8
16
 10
101.7725
 20
78.4500
 30
0.0000
 42
1.0000
  0
VERTEX
  8
16
 10
101.7725
 20
78.3500
 30
0.0000
  0
SEQEND
  8
0
  0
POLYLINE
  8
16
 66
1
 10
0.0000
 20
0.0000
 30
0.0000
 40
0.2000
 41
0.2000
 70
0
  0
VERTEX
  8
16
 10
100.1789
 20
78.6000
 30
0.0000
  0
VERTEX
  8
16
 10
100.7433
 20
78.6000
 30
0.0000
  0
SEQEND
  8
0
  0
POLYLINE
  8
16
 66
1
 10
0.0000
 20
0.0000
 30
0.0000
 40
0.1000
 41
0.1000
 70
0
  0
VERTEX
  8
16
 10
100.7433
 20
78.5500
 30
0.0000
 42
1.0000
  0
VERTEX
  8
16
 10
100.7433
 20
78.6500
 30
0.0000
  0
SEQEND
  8
0
  0
POLYLINE
  8
16
 66
1
 10
0.0000
 20
0.0000
 30
0.0000
 40
0.1000
 41
0.1000
 70
0
  0
VERTEX
  8
16
 10
100.1789
 20
78.6500
 30
0.0000
 42
1.0000
  0
VERTEX
  8
16
 10
100.1789
 20
78.5500
 30
0.0000
  0
SEQEND
  8
0
  0
POLYLINE
  8
16
 66
1
 10
0.0000
 20
0.0000
 30
0.0000
 40
0.2000
 41
0.2000
 70
0
  0
VERTEX
  8
16
 10
101.5088
 20
78.6000
 30
0.0000
  0
VERTEX
  8
16
 10
103.1347
 20
78.6000
 30
0.0000
  0
SEQEND
  8
0
  0
POLYLINE
  8
16
 66
1
 10
0.0000
 20
0.0000
 30
0.0000
 40
0.1000
 41
0.1000
 70
0
  0
VERTEX
  8
16
 10
103.1347
 20
78.5500
 30
0.0000
 42
1.0000
  0
VERTEX
  8
16
 10
103.1347
 20
78.6500
 30
0.0000
  0
SEQEND
  8
0
  0
POLYLINE
  8
16
 66
1
 10
0.0000
 20
0.0000
 30
0.0000
 40
0.1000
 41
0.1000
 70
0
  0
VERTEX
  8
16
 10
101.5088
 20
78.6500
 30
0.0000
 42
1.0000
  0
VERTEX
  8
16
 10
101.5088
 20
78.5500
 30
0.0000
  0
SEQEND
  8
0
  0
POLYLINE
  8
16
 66
1
 10
0.0000
 20
0.0000
 30
0.0000
 40
0.2000
 41
0.2000
 70
0
  0
VERTEX
  8
16
 10
100.3467
 20
78.8000
 30
0.0000
  0
VERTEX
  8
16
 10
100.8950
 20
78.8000
 30
0.0000
  0
SEQEND
  8
0
  0
POLYLINE
  8
16
 66
1
 10
0.0000
 20
0.0000
 30
0.0000
 40
0.1000
 41
0.1000
 70
0
  0
VERTEX
  8
16
 10
100.8950
 20
78.7500
 30
0.0000
 42
1.0000
  0
VERTEX
  8
16
 10
100.8950
 20
78.8500
 30
0.0000
  0
SEQEND
  8
0
  0
POLYLINE
  8
16
 66
1
 10
0.0000
 20
0.0000
 30
0.0000
 40
0.1000
 41
0.1000
 70
0
  0
VERTEX
  8
16
 10
100.3467
 20
78.8500
 30
0.0000
 42
1.0000
  0
VERTEX
  8
16
 10
100.3467
 20
78.7500
 30
0.0000
  0
SEQEND
  8
0
  0
POLYLINE
  8
16
 66
1
 10
0.0000
 20
0.0000
 30
0.0000
 40
0.2000
 41
0.2000
 70
0
  0
VERTEX
  8
16
 10
101.2451
 20
78.8000
 30
0.0000
  0
VERTEX
  8
16
 10
103.3025
 20
78.8000
 30
0.0000
  0
SEQEND
  8
0
  0
POLYLINE
  8
16
 66
1
 10
0.0000
 20
0.0000
 30
0.0000
 40
0.1000
 41
0.1000
 70
0
  0
VERTEX
  8
16
 10
103.3025
 20
78.7500
 30
0.0000
 42
1.0000
  0
VERTEX
  8
16
 10
103.3025
 20
78.8500
 30
0.0000
  0
SEQEND
  8
0
  0
POLYLINE
  8
16
 66
1
 10
0.0000
 20
0.0000
 30
0.0000
 40
0.1000
 41
0.1000
 70
0
  0
VERTEX
  8
16
 10
101.2451
 20
78.8500
 30
0.0000
 42
1.0000
  0
VERTEX
  8
16
 10
101.2451
 20
78.7500
 30
0.0000
  0
SEQEND
  8
0
  0
POLYLINE
  8
16
 66
1
 10
0.0000
 20
0.0000
 30
0.0000
 40
0.2000
 41
0.2000
 70
0
  0
VERTEX
  8
16
 10
100.5145
 20
79.0000
 30
0.0000
  0
VERTEX
  8
16
 10
103.4704
 20
79.0000
 30
0.0000
  0
SEQEND
  8
0
  0
POLYLINE
  8
16
 66
1
 10
0.0000
 20
0.0000
 30
0.0000
 40
0.1000
 41
0.1000
 70
0
  0
VERTEX
  8
16
 10
103.4704
 20
78.9500
 30
0.0000
 42
1.0000
  0
VERTEX
  8
16
 10
103.4704
 20
79.0500
 30
0.0000
  0
SEQEND
  8
0
  0
POLYLINE
  8
16
 66
1
 10
0.0000
 20
0.0000
 30
0.0000
 40
0.1000
 41
0.1000
 70
0
  0
VERTEX
  8
16
 10
100.5145
 20
79.0500
 30
0.0000
 42
1.0000
  0
VERTEX
  8
16
 10
100.5145
 20
78.9500
 30
0.0000
  0
SEQEND
  8
0
  0
POLYLINE
  8
16
 66
1
 10
0.0000
 20
0.0000
 30
0.0000
 40
0.2000
 41
0.2000
 70
0
  0
VERTEX
  8
16
 10
100.6824
 20
79.2000
 30
0.0000
  0
VERTEX
  8
16
 10
103.6235
 20
79.2000
 30
0.0000
  0
SEQEND
  8
0
  0
POLYLINE
  8
16
 66
1
 10
0.0000
 20
0.0000
 30
0.0000
 40
0.1000
 41
0.1000
 70
0
  0
VERTEX
  8
16
 10
103.6235
 20
79.1500
 30
0.0000
 42
1.0000
  0
VERTEX
  8
16
 10
103.6235
 20
79.2500
 30
0.0000
  0
SEQEND
  8
0
  0
POLYLINE
  8
16
 66
1
 10
0.0000
 20
0.0000
 30
0.0000
 40
0.1000
 41
0.1000
 70
0
  0
VERTEX
  8
16
 10
100.6824
 20
79.2500
 30
0.0000
 42
1.0000
  0
VERTEX
  8
16
 10
100.6824
 20
79.1500
 30
0.0000
  0
SEQEND
  8
0
  0
POLYLINE
  8
16
 66
1
 10
0.0000
 20
0.0000
 30
0.0000
 40
0.2000
 41
0.2000
 70
0
  0
VERTEX
  8
16
 10
100.8502
 20
79.4000
 30
0.0000
  0
VERTEX
  8
16
 10
103.3852
 20
79.4000
 30
0.0000
  0
SEQEND
  8
0
  0
POLYLINE
  8
16
 66
1
 10
0.0000
 20
0.0000
 30
0.0000
 40
0.1000
 41
0.1000
 70
0
  0
VERTEX
  8
16
 10
103.3852
 20
79.3500
 30
0.0000
 42
1.0000
  0
VERTEX
  8
16
 10
103.3852
 20
79.4500
 30
0.0000
  0
SEQEND
  8
0
  0
POLYLINE
  8
16
 66
1
 10
0.0000
 20
0.0000
 30
0.0000
 40
0.1000
 41
0.1000
 70
0
  0
VERTEX
  8
16
 10
100.8502
 20
79.4500
 30
0.0000
 42
1.0000
  0
VERTEX
  8
16
 10
100.8502
 20
79.3500
 30
0.0000
  0
SEQEND
  8
0
  0
POLYLINE
  8
16
 66
1
 10
0.0000
 20
0.0000
 30
0.0000
 40
0.2000
 41
0.2000
 70
0
  0
VERTEX
  8
16
 10
101.0180
 20
79.6000
 30
0.0000
  0
VERTEX
  8
16
 10
103.1468
 20
79.6000
 30
0.0000
  0
SEQEND
  8
0
  0
POLYLINE
  8
16
 66
1
 10
0.0000
 20
0.0000
 30
0.0000
 40
0.1000
 41
0.1000
 70
0
  0
VERTEX
  8
16
 10
103.1468
 20
79.5500
 30
0.0000
 42
1.0000
  0
VERTEX
  8
16
 10
103.1468
 20
79.6500
 30
0.0000
  0
SEQEND
  8
0
  0
POLYLINE
  8
16
 66
1
 10
0.0000
 20
0.0000
 30
0.0000
 40
0.1000
 41
0.1000
 70
0
  0
VERTEX
  8
16
 10
101.0180
 20
79.6500
 30
0.0000
 42
1.0000
  0
VERTEX
  8
16
 10
101.0180
 20
79.5500
 30
0.0000
  0
SEQEND
  8
0
  0
POLYLINE
  8
16
 66
1
 10
0.0000
 20
0.0000
 30
0.0000
 40
0.2000
 41
0.2000
 70
0
  0
VERTEX
  8
16
 10
101.1858
 20
79.8000
 30
0.0000
  0
VERTEX
  8
16
 10
102.9085
 20
79.8000
 30
0.0000
  0
SEQEND
  8
0
  0
POLYLINE
  8
16
 66
1
 10
0.0000
 20
0.0000
 30
0.0000
 40
0.1000
 41
0.1000
 70
0
  0
VERTEX
  8
16
 10
102.9085
 20
79.7500
 30
0.0000
 42
1.0000
  0
VERTEX
  8
16
 10
102.9085
 20
79.8500
 30
0.0000
  0
SEQEND
  8
0
  0
POLYLINE
  8
16
 66
1
 10
0.0000
 20
0.0000
 30
0.0000
 40
0.1000
 41
0.1000
 70
0
  0
VERTEX
  8
16
 10
101.1858
 20
79.8500
 30
0.0000
 42
1.0000
  0
VERTEX
  8
16
 10
101.1858
 20
79.7500
 30
0.0000
  0
SEQEND
  8
0
  0
POLYLINE
  8
16
 66
1
 10
0.0000
 20
0.0000
 30
0.0000
 40
0.2000
 41
0.2000
 70
0
  0
VERTEX
  8
16
 10
101.3536
 20
80.0000
 30
0.0000
  0
VERTEX
  8
16
 10
102.6701
 20
80.0000
 30
0.0000
  0
SEQEND
  8
0
  0
POLYLINE
  8
16
 66
1
 10
0.0000
 20
0.0000
 30
0.0000
 40
0.1000
 41
0.1000
 70
0
  0
VERTEX
  8
16
 10
102.6701
 20
79.9500
 30
0.0000
 42
1.0000
  0
VERTEX
  8
16
 10
102.6701
 20
80.0500
 30
0.0000
  0
SEQEND
  8
0
  0
POLYLINE
  8
16
 66
1
 10
0.0000
 20
0.0000
 30
0.0000
 40
0.1000
 41
0.1000
 70
0
  0
VERTEX
  8
16
 10
101.3536
 20
80.0500
 30
0.0000
 42
1.0000
  0
VERTEX
  8
16
 10
101.3536
 20
79.9500
 30
0.0000
  0
SEQEND
  8
0
  0
POLYLINE
  8
16
 66
1
 10
0.0000
 20
0.0000
 30
0.0000
 40
0.2000
 41
0.2000
 70
0
  0
VERTEX
  8
16
 10
101.5215
 20
80.2000
 30
0.0000
  0
VERTEX
  8
16
 10
102.4318
 20
80.2000
 30
0.0000
  0
SEQEND
  8
0
  0
POLYLINE
  8
16
 66
1
 10
0.0000
 20
0.0000
 30
0.0000
 40
0.1000
 41
0.1000
 70
0
  0
VERTEX
  8
16
 10
102.4318
 20
80.1500
 30
0.0000
 42
1.0000
  0
VERTEX
  8
16
 10
102.4318
 20
80.2500
 30
0.0000
  0
SEQEND
  8
0
  0
POLYLINE
  8
16
 66
1
 10
0.0000
 20
0.0000
 30
0.0000
 40
0.1000
 41
0.1000
 70
0
  0
VERTEX
  8
16
 10
101.5215
 20
80.2500
 30
0.0000
 42
1.0000
  0
VERTEX
  8
16
 10
101.5215
 20
80.1500
 30
0.0000
  0
SEQEND
  8
0
  0
POLYLINE
  8
16
 66
1
 10
0.0000
 20
0.0000
 30
0.0000
 40
0.2000
 41
0.2000
 70
0
  0
VERTEX
  8
16
 10
101.6893
 20
80.4000
 30
0.0000
  0
VERTEX
  8
16
 10
102.1934
 20
80.4000
 30
0.0000
  0
SEQEND
  8
0
  0
POLYLINE
  8
16
 66
1
 10
0.0000
 20
0.0000
 30
0.0000
 40
0.1000
 41
0.1000
 70
0
  0
VERTEX
  8
16
 10
102.1934
 20
80.3500
 30
0.0000
 42
1.0000
  0
VERTEX
  8
16
 10
102.1934
 20
80.4500
 30
0.0000
  0
SEQEND
  8
0
  0
POLYLINE
  8
16
 66
1
 10
0.0000
 20
0.0000
 30
0.0000
 40
0.1000
 41
0.1000
 70
0
  0
VERTEX
  8
16
 10
101.6893
 20
80.4500
 30
0.0000
 42
1.0000
  0
VERTEX
  8
16
 10
101.6893
 20
80.3500
 30
0.0000
  0
SEQEND
  8
0
  0
POLYLINE
  8
16
 66
1
 10
0.0000
 20
0.0000
 30
0.0000
 40
0.2000
 41
0.2000
 70
0
  0
VERTEX
  8
16
 10
101.8571
 20
80.6000
 30
0.0000
  0
VERTEX
  8
16
 10
101.9551
 20
80.6000
 30
0.0000
  0
SEQEND
  8
0
  0
POLYLINE
  8
16
 66
1
 10
0.0000
 20
0.0000
 30
0.0000
 40
0.1000
 41
0.1000
 70
0
  0
VERTEX
  8
16
 10
101.9551
 20
80.5500
 30
0.0000
 42
1.0000
  0
VERTEX
  8
16
 10
101.9551
 20
80.6500
 30
0.0000
  0
SEQEND
  8
0
  0
POLYLINE
  8
16
 66
1
 10
0.0000
 20
0.0000
 30
0.0000
 40
0.1000
 41
0.1000
 70
0
  0
VERTEX
  8
16
 10
101.8571
 20
80.6500
 30
0.0000
 42
1.0000
  0
VERTEX
  8
16
 10
101.8571
 20
80.5500
 30
0.0000
  0
SEQEND
  8
0
  0
POLYLINE
  8
16
 66
1
 10
0.0000
 20
0.0000
 30
0.0000
 40
0.3000
 41
0.3000
 70
0
  0
VERTEX
  8
16
 10
101.9110
 20
76.5150
 30
0.0000
  0
VERTEX
  8
16
 10
102.6400
 20
76.5150
 30
0.0000
  0
SEQEND
  8
0
  0
POLYLINE
  8
16
 66
1
 10
0.0000
 20
0.0000
 30
0.0000
 40
0.1500
 41
0.1500
 70
0
  0
VERTEX
  8
16
 10
102.6400
 20
76.4400
 30
0.0000
 42
1.0000
  0
VERTEX
  8
16
 10
102.6400
 20
76.5900
 30
0.0000
  0
SEQEND
  8
0
  0
POLYLINE
  8
16
 66
1
 10
0.0000
 20
0.0000
 30
0.0000
 40
0.1500
 41
0.1500
 70
0
  0
VERTEX
  8
16
 10
101.9110
 20
76.5900
 30
0.0000
 42
1.0000
  0
VERTEX
  8
16
 10
101.9110
 20
76.4400
 30
0.0000
  0
SEQEND
  8
0
  0
POLYLINE
  8
16
 66
1
 10
0.0000
 20
0.0000
 30
0.0000
 40
0.3000
 41
0.3000
 70
0
  0
VERTEX
  8
16
 10
102.6400
 20
76.5150
 30
0.0000
  0
VERTEX
  8
16
 10
102.6400
 20
76.4650
 30
0.0000
  0
SEQEND
  8
0
  0
POLYLINE
  8
16
 66
1
 10
0.0000
 20
0.0000
 30
0.0000
 40
0.1500
 41
0.1500
 70
0
  0
VERTEX
  8
16
 10
102.5650
 20
76.4650
 30
0.0000
 42
1.0000
  0
VERTEX
  8
16
 10
102.7150
 20
76.4650
 30
0.0000
  0
SEQEND
  8
0
  0
POLYLINE
  8
16
 66
1
 10
0.0000
 20
0.0000
 30
0.0000
 40
0.1500
 41
0.1500
 70
0
  0
VERTEX
  8
16
 10
102.7150
 20
76.5150
 30
0.0000
 42
1.0000
  0
VERTEX
  8
16
 10
102.5650
 20
76.5150
 30
0.0000
  0
SEQEND
  8
0
  0
POLYLINE
  8
16
 66
1
 10
0.0000
 20
0.0000
 30
0.0000
 40
0.3000
 41
0.3000
 70
0
  0
VERTEX
  8
16
 10
102.6400
 20
76.4650
 30
0.0000
  0
VERTEX
  8
16
 10
101.9110
 20
76.4650
 30
0.0000
  0
SEQEND
  8
0
  0
POLYLINE
  8
16
 66
1
 10
0.0000
 20
0.0000
 30
0.0000
 40
0.1500
 41
0.1500
 70
0
  0
VERTEX
  8
16
 10
101.9110
 20
76.5400
 30
0.0000
 42
1.0000
  0
VERTEX
  8
16
 10
101.9110
 20
76.3900
 30
0.0000
  0
SEQEND
  8
0
  0
POLYLINE
  8
16
 66
1
 10
0.0000
 20
0.0000
 30
0.0000
 40
0.1500
 41
0.1500
 70
0
  0
VERTEX
  8
16
 10
102.6400
 20
76.3900
 30
0.0000
 42
1.0000
  0
VERTEX
  8
16
 10
102.6400
 20
76.5400
 30
0.0000
  0
SEQEND
  8
0
  0
POLYLINE
  8
16
 66
1
 10
0.0000
 20
0.0000
 30
0.0000
 40
0.3000
 41
0.3000
 70
0
  0
VERTEX
  8
16
 10
101.9110
 20
76.4650
 30
0.0000
  0
VERTEX
  8
16
 10
101.9110
 20
76.0868
 30
0.0000
  0
SEQEND
  8
0
  0
POLYLINE
  8
16
 66
1
 10
0.0000
 20
0.0000
 30
0.0000
 40
0.1500
 41
0.1500
 70
0
  0
VERTEX
  8
16
 10
101.8360
 20
76.0868
 30
0.0000
 42
1.0000
  0
VERTEX
  8
16
 10
101.9860
 20
76.0868
 30
0.0000
  0
SEQEND
  8
0
  0
POLYLINE
  8
16
 66
1
 10
0.0000
 20
0.0000
 30
0.0000
 40
0.1500
 41
0.1500
 70
0
  0
VERTEX
  8
16
 10
101.9860
 20
76.4650
 30
0.0000
 42
1.0000
  0
VERTEX
  8
16
 10
101.8360
 20
76.4650
 30
0.0000
  0
SEQEND
  8
0
  0
POLYLINE
  8
16
 66
1
 10
0.0000
 20
0.0000
 30
0.0000
 40
0.3000
 41
0.3000
 70
0
  0
VERTEX
  8
16
 10
101.9110
 20
76.0868
 30
0.0000
  0
VERTEX
  8
16
 10
101.9385
 20
75.9841
 30
0.0000
  0
SEQEND
  8
0
  0
POLYLINE
  8
16
 66
1
 10
0.0000
 20
0.0000
 30
0.0000
 40
0.1500
 41
0.1500
 70
0
  0
VERTEX
  8
16
 10
101.8661
 20
75.9646
 30
0.0000
 42
1.0000
  0
VERTEX
  8
16
 10
102.0110
 20
76.0035
 30
0.0000
  0
SEQEND
  8
0
  0
POLYLINE
  8
16
 66
1
 10
0.0000
 20
0.0000
 30
0.0000
 40
0.1500
 41
0.1500
 70
0
  0
VERTEX
  8
16
 10
101.9834
 20
76.1062
 30
0.0000
 42
1.0000
  0
VERTEX
  8
16
 10
101.8386
 20
76.0674
 30
0.0000
  0
SEQEND
  8
0
  0
POLYLINE
  8
16
 66
1
 10
0.0000
 20
0.0000
 30
0.0000
 40
0.3000
 41
0.3000
 70
0
  0
VERTEX
  8
16
 10
101.9385
 20
75.9841
 30
0.0000
  0
VERTEX
  8
16
 10
101.9917
 20
75.8919
 30
0.0000
  0
SEQEND
  8
0
  0
POLYLINE
  8
16
 66
1
 10
0.0000
 20
0.0000
 30
0.0000
 40
0.1500
 41
0.1500
 70
0
  0
VERTEX
  8
16
 10
101.9268
 20
75.8544
 30
0.0000
 42
1.0000
  0
VERTEX
  8
16
 10
102.0567
 20
75.9294
 30
0.0000
  0
SEQEND
  8
0
  0
POLYLINE
  8
16
 66
1
 10
0.0000
 20
0.0000
 30
0.0000
 40
0.1500
 41
0.1500
 70
0
  0
VERTEX
  8
16
 10
102.0035
 20
76.0216
 30
0.0000
 42
1.0000
  0
VERTEX
  8
16
 10
101.8736
 20
75.9466
 30
0.0000
  0
SEQEND
  8
0
  0
POLYLINE
  8
16
 66
1
 10
0.0000
 20
0.0000
 30
0.0000
 40
0.3000
 41
0.3000
 70
0
  0
VERTEX
  8
16
 10
101.9917
 20
75.8919
 30
0.0000
  0
VERTEX
  8
16
 10
102.0077
 20
75.8759
 30
0.0000
  0
SEQEND
  8
0
  0
POLYLINE
  8
16
 66
1
 10
0.0000
 20
0.0000
 30
0.0000
 40
0.1500
 41
0.1500
 70
0
  0
VERTEX
  8
16
 10
101.9547
 20
75.8229
 30
0.0000
 42
1.0000
  0
VERTEX
  8
16
 10
102.0608
 20
75.9290
 30
0.0000
  0
SEQEND
  8
0
  0
POLYLINE
  8
16
 66
1
 10
0.0000
 20
0.0000
 30
0.0000
 40
0.1500
 41
0.1500
 70
0
  0
VERTEX
  8
16
 10
102.0448
 20
75.9450
 30
0.0000
 42
1.0000
  0
VERTEX
  8
16
 10
101.9387
 20
75.8389
 30
0.0000
  0
SEQEND
  8
0
  0
POLYLINE
  8
16
 66
1
 10
0.0000
 20
0.0000
 30
0.0000
 40
0.3000
 41
0.3000
 70
0
  0
VERTEX
  8
16
 10
102.0077
 20
75.8759
 30
0.0000
  0
VERTEX
  8
16
 10
101.8602
 20
75.7284
 30
0.0000
  0
SEQEND
  8
0
  0
POLYLINE
  8
16
 66
1
 10
0.0000
 20
0.0000
 30
0.0000
 40
0.1500
 41
0.1500
 70
0
  0
VERTEX
  8
16
 10
101.8072
 20
75.7814
 30
0.0000
 42
1.0000
  0
VERTEX
  8
16
 10
101.9132
 20
75.6754
 30
0.0000
  0
SEQEND
  8
0
  0
POLYLINE
  8
16
 66
1
 10
0.0000
 20
0.0000
 30
0.0000
 40
0.1500
 41
0.1500
 70
0
  0
VERTEX
  8
16
 10
102.0608
 20
75.8229
 30
0.0000
 42
1.0000
  0
VERTEX
  8
16
 10
101.9547
 20
75.9290
 30
0.0000
  0
SEQEND
  8
0
  0
POLYLINE
  8
16
 66
1
 10
0.0000
 20
0.0000
 30
0.0000
 40
0.3000
 41
0.3000
 70
0
  0
VERTEX
  8
16
 10
101.8602
 20
75.7284
 30
0.0000
  0
VERTEX
  8
16
 10
101.8602
 20
74.6518
 30
0.0000
  0
SEQEND
  8
0
  0
POLYLINE
  8
16
 66
1
 10
0.0000
 20
0.0000
 30
0.0000
 40
0.1500
 41
0.1500
 70
0
  0
VERTEX
  8
16
 10
101.7852
 20
74.6518
 30
0.0000
 42
1.0000
  0
VERTEX
  8
16
 10
101.9352
 20
74.6518
 30
0.0000
  0
SEQEND
  8
0
  0
POLYLINE
  8
16
 66
1
 10
0.0000
 20
0.0000
 30
0.0000
 40
0.1500
 41
0.1500
 70
0
  0
VERTEX
  8
16
 10
101.9352
 20
75.7284
 30
0.0000
 42
1.0000
  0
VERTEX
  8
16
 10
101.7852
 20
75.7284
 30
0.0000
  0
SEQEND
  8
0
  0
POLYLINE
  8
16
 66
1
 10
0.0000
 20
0.0000
 30
0.0000
 40
0.3000
 41
0.3000
 70
0
  0
VERTEX
  8
16
 10
101.8602
 20
74.6518
 30
0.0000
  0
VERTEX
  8
16
 10
101.3560
 20
74.7869
 30
0.0000
  0
SEQEND
  8
0
  0
POLYLINE
  8
16
 66
1
 10
0.0000
 20
0.0000
 30
0.0000
 40
0.1500
 41
0.1500
 70
0
  0
VERTEX
  8
16
 10
101.3754
 20
74.8593
 30
0.0000
 42
1.0000
  0
VERTEX
  8
16
 10
101.3366
 20
74.7145
 30
0.0000
  0
SEQEND
  8
0
  0
POLYLINE
  8
16
 66
1
 10
0.0000
 20
0.0000
 30
0.0000
 40
0.1500
 41
0.1500
 70
0
  0
VERTEX
  8
16
 10
101.8408
 20
74.5794
 30
0.0000
 42
1.0000
  0
VERTEX
  8
16
 10
101.8796
 20
74.7242
 30
0.0000
  0
SEQEND
  8
0
  0
POLYLINE
  8
16
 66
1
 10
0.0000
 20
0.0000
 30
0.0000
 40
0.3000
 41
0.3000
 70
0
  0
VERTEX
  8
16
 10
101.3560
 20
74.7869
 30
0.0000
  0
VERTEX
  8
16
 10
101.3560
 20
74.7869
 30
0.0000
  0
SEQEND
  8
0
  0
POLYLINE
  8
16
 66
1
 10
0.0000
 20
0.0000
 30
0.0000
 40
0.1500
 41
0.1500
 70
0
  0
VERTEX
  8
16
 10
101.3560
 20
74.8619
 30
0.0000
 42
1.0000
  0
VERTEX
  8
16
 10
101.3560
 20
74.7119
 30
0.0000
  0
SEQEND
  8
0
  0
POLYLINE
  8
16
 66
1
 10
0.0000
 20
0.0000
 30
0.0000
 40
0.1500
 41
0.1500
 70
0
  0
VERTEX
  8
16
 10
101.3560
 20
74.7119
 30
0.0000
 42
1.0000
  0
VERTEX
  8
16
 10
101.3560
 20
74.8619
 30
0.0000
  0
SEQEND
  8
0
  0
POLYLINE
  8
16
 66
1
 10
0.0000
 20
0.0000
 30
0.0000
 40
0.3000
 41
0.3000
 70
0
  0
VERTEX
  8
16
 10
101.3560
 20
74.7869
 30
0.0000
  0
VERTEX
  8
16
 10
100.7375
 20
74.6212
 30
0.0000
  0
SEQEND
  8
0
  0
POLYLINE
  8
16
 66
1
 10
0.0000
 20
0.0000
 30
0.0000
 40
0.1500
 41
0.1500
 70
0
  0
VERTEX
  8
16
 10
100.7181
 20
74.6936
 30
0.0000
 42
1.0000
  0
VERTEX
  8
16
 10
100.7570
 20
74.5487
 30
0.0000
  0
SEQEND
  8
0
  0
POLYLINE
  8
16
 66
1
 10
0.0000
 20
0.0000
 30
0.0000
 40
0.1500
 41
0.1500
 70
0
  0
VERTEX
  8
16
 10
101.3754
 20
74.7145
 30
0.0000
 42
1.0000
  0
VERTEX
  8
16
 10
101.3366
 20
74.8593
 30
0.0000
  0
SEQEND
  8
0
  0
POLYLINE
  8
16
 66
1
 10
0.0000
 20
0.0000
 30
0.0000
 40
0.3000
 41
0.3000
 70
0
  0
VERTEX
  8
16
 10
100.7375
 20
74.6212
 30
0.0000
  0
VERTEX
  8
16
 10
100.7375
 20
74.6212
 30
0.0000
  0
SEQEND
  8
0
  0
POLYLINE
  8
16
 66
1
 10
0.0000
 20
0.0000
 30
0.0000
 40
0.1500
 41
0.1500
 70
0
  0
VERTEX
  8
16
 10
100.7375
 20
74.6962
 30
0.0000
 42
1.0000
  0
VERTEX
  8
16
 10
100.7375
 20
74.5462
 30
0.0000
  0
SEQEND
  8
0
  0
POLYLINE
  8
16
 66
1
 10
0.0000
 20
0.0000
 30
0.0000
 40
0.1500
 41
0.1500
 70
0
  0
VERTEX
  8
16
 10
100.7375
 20
74.5462
 30
0.0000
 42
1.0000
  0
VERTEX
  8
16
 10
100.7375
 20
74.6962
 30
0.0000
  0
SEQEND
  8
0
  0
POLYLINE
  8
16
 66
1
 10
0.0000
 20
0.0000
 30
0.0000
 40
0.3000
 41
0.3000
 70
0
  0
VERTEX
  8
16
 10
100.7375
 20
74.6212
 30
0.0000
  0
VERTEX
  8
16
 10
100.2848
 20
74.1685
 30
0.0000
  0
SEQEND
  8
0
  0
POLYLINE
  8
16
 66
1
 10
0.0000
 20
0.0000
 30
0.0000
 40
0.1500
 41
0.1500
 70
0
  0
VERTEX
  8
16
 10
100.2318
 20
74.2215
 30
0.0000
 42
1.0000
  0
VERTEX
  8
16
 10
100.3378
 20
74.1154
 30
0.0000
  0
SEQEND
  8
0
  0
POLYLINE
  8
16
 66
1
 10
0.0000
 20
0.0000
 30
0.0000
 40
0.1500
 41
0.1500
 70
0
  0
VERTEX
  8
16
 10
100.7906
 20
74.5682
 30
0.0000
 42
1.0000
  0
VERTEX
  8
16
 10
100.6845
 20
74.6742
 30
0.0000
  0
SEQEND
  8
0
  0
POLYLINE
  8
16
 66
1
 10
0.0000
 20
0.0000
 30
0.0000
 40
0.3000
 41
0.3000
 70
0
  0
VERTEX
  8
16
 10
100.2848
 20
74.1685
 30
0.0000
  0
VERTEX
  8
16
 10
100.2848
 20
74.1685
 30
0.0000
  0
SEQEND
  8
0
  0
POLYLINE
  8
16
 66
1
 10
0.0000
 20
0.0000
 30
0.0000
 40
0.1500
 41
0.1500
 70
0
  0
VERTEX
  8
16
 10
100.2098
 20
74.1685
 30
0.0000
 42
1.0000
  0
VERTEX
  8
16
 10
100.3598
 20
74.1685
 30
0.0000
  0
SEQEND
  8
0
  0
POLYLINE
  8
16
 66
1
 10
0.0000
 20
0.0000
 30
0.0000
 40
0.1500
 41
0.1500
 70
0
  0
VERTEX
  8
16
 10
100.3598
 20
74.1685
 30
0.0000
 42
1.0000
  0
VERTEX
  8
16
 10
100.2098
 20
74.1685
 30
0.0000
  0
SEQEND
  8
0
  0
POLYLINE
  8
16
 66
1
 10
0.0000
 20
0.0000
 30
0.0000
 40
0.3000
 41
0.3000
 70
0
  0
VERTEX
  8
16
 10
100.2848
 20
74.1685
 30
0.0000
  0
VERTEX
  8
16
 10
100.1191
 20
73.5500
 30
0.0000
  0
SEQEND
  8
0
  0
POLYLINE
  8
16
 66
1
 10
0.0000
 20
0.0000
 30
0.0000
 40
0.1500
 41
0.1500
 70
0
  0
VERTEX
  8
16
 10
100.0466
 20
73.5694
 30
0.0000
 42
1.0000
  0
VERTEX
  8
16
 10
100.1915
 20
73.5306
 30
0.0000
  0
SEQEND
  8
0
  0
POLYLINE
  8
16
 66
1
 10
0.0000
 20
0.0000
 30
0.0000
 40
0.1500
 41
0.1500
 70
0
  0
VERTEX
  8
16
 10
100.3573
 20
74.1490
 30
0.0000
 42
1.0000
  0
VERTEX
  8
16
 10
100.2124
 20
74.1879
 30
0.0000
  0
SEQEND
  8
0
  0
POLYLINE
  8
16
 66
1
 10
0.0000
 20
0.0000
 30
0.0000
 40
0.3000
 41
0.3000
 70
0
  0
VERTEX
  8
16
 10
100.1191
 20
73.5500
 30
0.0000
  0
VERTEX
  8
16
 10
100.1191
 20
73.5500
 30
0.0000
  0
SEQEND
  8
0
  0
POLYLINE
  8
16
 66
1
 10
0.0000
 20
0.0000
 30
0.0000
 40
0.1500
 41
0.1500
 70
0
  0
VERTEX
  8
16
 10
100.0441
 20
73.5500
 30
0.0000
 42
1.0000
  0
VERTEX
  8
16
 10
100.1941
 20
73.5500
 30
0.0000
  0
SEQEND
  8
0
  0
POLYLINE
  8
16
 66
1
 10
0.0000
 20
0.0000
 30
0.0000
 40
0.1500
 41
0.1500
 70
0
  0
VERTEX
  8
16
 10
100.1941
 20
73.5500
 30
0.0000
 42
1.0000
  0
VERTEX
  8
16
 10
100.0441
 20
73.5500
 30
0.0000
  0
SEQEND
  8
0
  0
POLYLINE
  8
16
 66
1
 10
0.0000
 20
0.0000
 30
0.0000
 40
0.3000
 41
0.3000
 70
0
  0
VERTEX
  8
16
 10
100.1191
 20
73.5500
 30
0.0000
  0
VERTEX
  8
16
 10
100.2848
 20
72.9316
 30
0.0000
  0
SEQEND
  8
0
  0
POLYLINE
  8
16
 66
1
 10
0.0000
 20
0.0000
 30
0.0000
 40
0.1500
 41
0.1500
 70
0
  0
VERTEX
  8
16
 10
100.2124
 20
72.9121
 30
0.0000
 42
1.0000
  0
VERTEX
  8
16
 10
100.3573
 20
72.9510
 30
0.0000
  0
SEQEND
  8
0
  0
POLYLINE
  8
16
 66
1
 10
0.0000
 20
0.0000
 30
0.0000
 40
0.1500
 41
0.1500
 70
0
  0
VERTEX
  8
16
 10
100.1915
 20
73.5694
 30
0.0000
 42
1.0000
  0
VERTEX
  8
16
 10
100.0466
 20
73.5306
 30
0.0000
  0
SEQEND
  8
0
  0
POLYLINE
  8
16
 66
1
 10
0.0000
 20
0.0000
 30
0.0000
 40
0.3000
 41
0.3000
 70
0
  0
VERTEX
  8
16
 10
100.2848
 20
72.9316
 30
0.0000
  0
VERTEX
  8
16
 10
100.2848
 20
72.9315
 30
0.0000
  0
SEQEND
  8
0
  0
POLYLINE
  8
16
 66
1
 10
0.0000
 20
0.0000
 30
0.0000
 40
0.1500
 41
0.1500
 70
0
  0
VERTEX
  8
16
 10
100.2098
 20
72.9315
 30
0.0000
 42
1.0000
  0
VERTEX
  8
16
 10
100.3598
 20
72.9315
 30
0.0000
  0
SEQEND
  8
0
  0
POLYLINE
  8
16
 66
1
 10
0.0000
 20
0.0000
 30
0.0000
 40
0.1500
 41
0.1500
 70
0
  0
VERTEX
  8
16
 10
100.3598
 20
72.9316
 30
0.0000
 42
1.0000
  0
VERTEX
  8
16
 10
100.2098
 20
72.9316
 30
0.0000
  0
SEQEND
  8
0
  0
POLYLINE
  8
16
 66
1
 10
0.0000
 20
0.0000
 30
0.0000
 40
0.3000
 41
0.3000
 70
0
  0
VERTEX
  8
16
 10
100.2848
 20
72.9315
 30
0.0000
  0
VERTEX
  8
16
 10
100.7375
 20
72.4788
 30
0.0000
  0
SEQEND
  8
0
  0
POLYLINE
  8
16
 66
1
 10
0.0000
 20
0.0000
 30
0.0000
 40
0.1500
 41
0.1500
 70
0
  0
VERTEX
  8
16
 10
100.6845
 20
72.4258
 30
0.0000
 42
1.0000
  0
VERTEX
  8
16
 10
100.7906
 20
72.5318
 30
0.0000
  0
SEQEND
  8
0
  0
POLYLINE
  8
16
 66
1
 10
0.0000
 20
0.0000
 30
0.0000
 40
0.1500
 41
0.1500
 70
0
  0
VERTEX
  8
16
 10
100.3378
 20
72.9846
 30
0.0000
 42
1.0000
  0
VERTEX
  8
16
 10
100.2318
 20
72.8785
 30
0.0000
  0
SEQEND
  8
0
  0
POLYLINE
  8
16
 66
1
 10
0.0000
 20
0.0000
 30
0.0000
 40
0.3000
 41
0.3000
 70
0
  0
VERTEX
  8
16
 10
100.7375
 20
72.4788
 30
0.0000
  0
VERTEX
  8
16
 10
100.7375
 20
72.4788
 30
0.0000
  0
SEQEND
  8
0
  0
POLYLINE
  8
16
 66
1
 10
0.0000
 20
0.0000
 30
0.0000
 40
0.1500
 41
0.1500
 70
0
  0
VERTEX
  8
16
 10
100.7375
 20
72.4038
 30
0.0000
 42
1.0000
  0
VERTEX
  8
16
 10
100.7375
 20
72.5538
 30
0.0000
  0
SEQEND
  8
0
  0
POLYLINE
  8
16
 66
1
 10
0.0000
 20
0.0000
 30
0.0000
 40
0.1500
 41
0.1500
 70
0
  0
VERTEX
  8
16
 10
100.7375
 20
72.5538
 30
0.0000
 42
1.0000
  0
VERTEX
  8
16
 10
100.7375
 20
72.4038
 30
0.0000
  0
SEQEND
  8
0
  0
POLYLINE
  8
16
 66
1
 10
0.0000
 20
0.0000
 30
0.0000
 40
0.3000
 41
0.3000
 70
0
  0
VERTEX
  8
16
 10
100.7375
 20
72.4788
 30
0.0000
  0
VERTEX
  8
16
 10
101.3560
 20
72.3131
 30
0.0000
  0
SEQEND
  8
0
  0
POLYLINE
  8
16
 66
1
 10
0.0000
 20
0.0000
 30
0.0000
 40
0.1500
 41
0.1500
 70
0
  0
VERTEX
  8
16
 10
101.3366
 20
72.2406
 30
0.0000
 42
1.0000
  0
VERTEX
  8
16
 10
101.3754
 20
72.3855
 30
0.0000
  0
SEQEND
  8
0
  0
POLYLINE
  8
16
 66
1
 10
0.0000
 20
0.0000
 30
0.0000
 40
0.1500
 41
0.1500
 70
0
  0
VERTEX
  8
16
 10
100.7570
 20
72.5513
 30
0.0000
 42
1.0000
  0
VERTEX
  8
16
 10
100.7181
 20
72.4064
 30
0.0000
  0
SEQEND
  8
0
  0
POLYLINE
  8
16
 66
1
 10
0.0000
 20
0.0000
 30
0.0000
 40
0.3000
 41
0.3000
 70
0
  0
VERTEX
  8
16
 10
101.3560
 20
72.3131
 30
0.0000
  0
VERTEX
  8
16
 10
101.3560
 20
72.3131
 30
0.0000
  0
SEQEND
  8
0
  0
POLYLINE
  8
16
 66
1
 10
0.0000
 20
0.0000
 30
0.0000
 40
0.1500
 41
0.1500
 70
0
  0
VERTEX
  8
16
 10
101.3560
 20
72.2381
 30
0.0000
 42
1.0000
  0
VERTEX
  8
16
 10
101.3560
 20
72.3881
 30
0.0000
  0
SEQEND
  8
0
  0
POLYLINE
  8
16
 66
1
 10
0.0000
 20
0.0000
 30
0.0000
 40
0.1500
 41
0.1500
 70
0
  0
VERTEX
  8
16
 10
101.3560
 20
72.3881
 30
0.0000
 42
1.0000
  0
VERTEX
  8
16
 10
101.3560
 20
72.2381
 30
0.0000
  0
SEQEND
  8
0
  0
POLYLINE
  8
16
 66
1
 10
0.0000
 20
0.0000
 30
0.0000
 40
0.3000
 41
0.3000
 70
0
  0
VERTEX
  8
16
 10
101.3560
 20
72.3131
 30
0.0000
  0
VERTEX
  8
16
 10
101.9745
 20
72.4788
 30
0.0000
  0
SEQEND
  8
0
  0
POLYLINE
  8
16
 66
1
 10
0.0000
 20
0.0000
 30
0.0000
 40
0.1500
 41
0.1500
 70
0
  0
VERTEX
  8
16
 10
101.9939
 20
72.4064
 30
0.0000
 42
1.0000
  0
VERTEX
  8
16
 10
101.9550
 20
72.5513
 30
0.0000
  0
SEQEND
  8
0
  0
POLYLINE
  8
16
 66
1
 10
0.0000
 20
0.0000
 30
0.0000
 40
0.1500
 41
0.1500
 70
0
  0
VERTEX
  8
16
 10
101.3366
 20
72.3855
 30
0.0000
 42
1.0000
  0
VERTEX
  8
16
 10
101.3754
 20
72.2406
 30
0.0000
  0
SEQEND
  8
0
  0
POLYLINE
  8
16
 66
1
 10
0.0000
 20
0.0000
 30
0.0000
 40
0.3000
 41
0.3000
 70
0
  0
VERTEX
  8
16
 10
101.9745
 20
72.4788
 30
0.0000
  0
VERTEX
  8
16
 10
101.9745
 20
72.4788
 30
0.0000
  0
SEQEND
  8
0
  0
POLYLINE
  8
16
 66
1
 10
0.0000
 20
0.0000
 30
0.0000
 40
0.1500
 41
0.1500
 70
0
  0
VERTEX
  8
16
 10
101.9745
 20
72.4038
 30
0.0000
 42
1.0000
  0
VERTEX
  8
16
 10
101.9745
 20
72.5538
 30
0.0000
  0
SEQEND
  8
0
  0
POLYLINE
  8
16
 66
1
 10
0.0000
 20
0.0000
 30
0.0000
 40
0.1500
 41
0.1500
 70
0
  0
VERTEX
  8
16
 10
101.9745
 20
72.5538
 30
0.0000
 42
1.0000
  0
VERTEX
  8
16
 10
101.9745
 20
72.4038
 30
0.0000
  0
SEQEND
  8
0
  0
POLYLINE
  8
16
 66
1
 10
0.0000
 20
0.0000
 30
0.0000
 40
0.3000
 41
0.3000
 70
0
  0
VERTEX
  8
16
 10
101.9745
 20
72.4788
 30
0.0000
  0
VERTEX
  8
16
 10
102.4272
 20
72.9315
 30
0.0000
  0
SEQEND
  8
0
  0
POLYLINE
  8
16
 66
1
 10
0.0000
 20
0.0000
 30
0.0000
 40
0.1500
 41
0.1500
 70
0
  0
VERTEX
  8
16
 10
102.4802
 20
72.8785
 30
0.0000
 42
1.0000
  0
VERTEX
  8
16
 10
102.3742
 20
72.9846
 30
0.0000
  0
SEQEND
  8
0
  0
POLYLINE
  8
16
 66
1
 10
0.0000
 20
0.0000
 30
0.0000
 40
0.1500
 41
0.1500
 70
0
  0
VERTEX
  8
16
 10
101.9214
 20
72.5318
 30
0.0000
 42
1.0000
  0
VERTEX
  8
16
 10
102.0275
 20
72.4258
 30
0.0000
  0
SEQEND
  8
0
  0
POLYLINE
  8
16
 66
1
 10
0.0000
 20
0.0000
 30
0.0000
 40
0.3000
 41
0.3000
 70
0
  0
VERTEX
  8
16
 10
102.4272
 20
72.9315
 30
0.0000
  0
VERTEX
  8
16
 10
102.4272
 20
72.9316
 30
0.0000
  0
SEQEND
  8
0
  0
POLYLINE
  8
16
 66
1
 10
0.0000
 20
0.0000
 30
0.0000
 40
0.1500
 41
0.1500
 70
0
  0
VERTEX
  8
16
 10
102.5022
 20
72.9316
 30
0.0000
 42
1.0000
  0
VERTEX
  8
16
 10
102.3522
 20
72.9316
 30
0.0000
  0
SEQEND
  8
0
  0
POLYLINE
  8
16
 66
1
 10
0.0000
 20
0.0000
 30
0.0000
 40
0.1500
 41
0.1500
 70
0
  0
VERTEX
  8
16
 10
102.3522
 20
72.9315
 30
0.0000
 42
1.0000
  0
VERTEX
  8
16
 10
102.5022
 20
72.9315
 30
0.0000
  0
SEQEND
  8
0
  0
POLYLINE
  8
16
 66
1
 10
0.0000
 20
0.0000
 30
0.0000
 40
0.3000
 41
0.3000
 70
0
  0
VERTEX
  8
16
 10
102.4272
 20
72.9316
 30
0.0000
  0
VERTEX
  8
16
 10
102.5929
 20
73.5500
 30
0.0000
  0
SEQEND
  8
0
  0
POLYLINE
  8
16
 66
1
 10
0.0000
 20
0.0000
 30
0.0000
 40
0.1500
 41
0.1500
 70
0
  0
VERTEX
  8
16
 10
102.6653
 20
73.5306
 30
0.0000
 42
1.0000
  0
VERTEX
  8
16
 10
102.5205
 20
73.5694
 30
0.0000
  0
SEQEND
  8
0
  0
POLYLINE
  8
16
 66
1
 10
0.0000
 20
0.0000
 30
0.0000
 40
0.1500
 41
0.1500
 70
0
  0
VERTEX
  8
16
 10
102.3547
 20
72.9510
 30
0.0000
 42
1.0000
  0
VERTEX
  8
16
 10
102.4996
 20
72.9121
 30
0.0000
  0
SEQEND
  8
0
  0
POLYLINE
  8
16
 66
1
 10
0.0000
 20
0.0000
 30
0.0000
 40
0.3000
 41
0.3000
 70
0
  0
VERTEX
  8
16
 10
102.5929
 20
73.5500
 30
0.0000
  0
VERTEX
  8
16
 10
102.4272
 20
74.1684
 30
0.0000
  0
SEQEND
  8
0
  0
POLYLINE
  8
16
 66
1
 10
0.0000
 20
0.0000
 30
0.0000
 40
0.1500
 41
0.1500
 70
0
  0
VERTEX
  8
16
 10
102.4996
 20
74.1879
 30
0.0000
 42
1.0000
  0
VERTEX
  8
16
 10
102.3547
 20
74.1490
 30
0.0000
  0
SEQEND
  8
0
  0
POLYLINE
  8
16
 66
1
 10
0.0000
 20
0.0000
 30
0.0000
 40
0.1500
 41
0.1500
 70
0
  0
VERTEX
  8
16
 10
102.5205
 20
73.5306
 30
0.0000
 42
1.0000
  0
VERTEX
  8
16
 10
102.6653
 20
73.5694
 30
0.0000
  0
SEQEND
  8
0
  0
POLYLINE
  8
16
 66
1
 10
0.0000
 20
0.0000
 30
0.0000
 40
0.3000
 41
0.3000
 70
0
  0
VERTEX
  8
16
 10
102.4272
 20
74.1684
 30
0.0000
  0
VERTEX
  8
16
 10
102.4272
 20
74.1685
 30
0.0000
  0
SEQEND
  8
0
  0
POLYLINE
  8
16
 66
1
 10
0.0000
 20
0.0000
 30
0.0000
 40
0.1500
 41
0.1500
 70
0
  0
VERTEX
  8
16
 10
102.5022
 20
74.1685
 30
0.0000
 42
1.0000
  0
VERTEX
  8
16
 10
102.3522
 20
74.1685
 30
0.0000
  0
SEQEND
  8
0
  0
POLYLINE
  8
16
 66
1
 10
0.0000
 20
0.0000
 30
0.0000
 40
0.1500
 41
0.1500
 70
0
  0
VERTEX
  8
16
 10
102.3522
 20
74.1684
 30
0.0000
 42
1.0000
  0
VERTEX
  8
16
 10
102.5022
 20
74.1684
 30
0.0000
  0
SEQEND
  8
0
  0
POLYLINE
  8
16
 66
1
 10
0.0000
 20
0.0000
 30
0.0000
 40
0.3000
 41
0.3000
 70
0
  0
VERTEX
  8
16
 10
102.4272
 20
74.1685
 30
0.0000
  0
VERTEX
  8
16
 10
102.2104
 20
74.3852
 30
0.0000
  0
SEQEND
  8
0
  0
POLYLINE
  8
16
 66
1
 10
0.0000
 20
0.0000
 30
0.0000
 40
0.1500
 41
0.1500
 70
0
  0
VERTEX
  8
16
 10
102.2635
 20
74.4382
 30
0.0000
 42
1.0000
  0
VERTEX
  8
16
 10
102.1574
 20
74.3322
 30
0.0000
  0
SEQEND
  8
0
  0
POLYLINE
  8
16
 66
1
 10
0.0000
 20
0.0000
 30
0.0000
 40
0.1500
 41
0.1500
 70
0
  0
VERTEX
  8
16
 10
102.3742
 20
74.1154
 30
0.0000
 42
1.0000
  0
VERTEX
  8
16
 10
102.4802
 20
74.2215
 30
0.0000
  0
SEQEND
  8
0
  0
POLYLINE
  8
16
 66
1
 10
0.0000
 20
0.0000
 30
0.0000
 40
0.3000
 41
0.3000
 70
0
  0
VERTEX
  8
16
 10
102.2104
 20
74.3852
 30
0.0000
  0
VERTEX
  8
16
 10
103.2034
 20
74.3852
 30
0.0000
  0
SEQEND
  8
0
  0
POLYLINE
  8
16
 66
1
 10
0.0000
 20
0.0000
 30
0.0000
 40
0.1500
 41
0.1500
 70
0
  0
VERTEX
  8
16
 10
103.2034
 20
74.3102
 30
0.0000
 42
1.0000
  0
VERTEX
  8
16
 10
103.2034
 20
74.4602
 30
0.0000
  0
SEQEND
  8
0
  0
POLYLINE
  8
16
 66
1
 10
0.0000
 20
0.0000
 30
0.0000
 40
0.1500
 41
0.1500
 70
0
  0
VERTEX
  8
16
 10
102.2104
 20
74.4602
 30
0.0000
 42
1.0000
  0
VERTEX
  8
16
 10
102.2104
 20
74.3102
 30
0.0000
  0
SEQEND
  8
0
  0
POLYLINE
  8
16
 66
1
 10
0.0000
 20
0.0000
 30
0.0000
 40
0.3000
 41
0.3000
 70
0
  0
VERTEX
  8
16
 10
103.2034
 20
74.3852
 30
0.0000
  0
VERTEX
  8
16
 10
103.2994
 20
74.4812
 30
0.0000
  0
SEQEND
  8
0
  0
POLYLINE
  8
16
 66
1
 10
0.0000
 20
0.0000
 30
0.0000
 40
0.1500
 41
0.1500
 70
0
  0
VERTEX
  8
16
 10
103.3524
 20
74.4282
 30
0.0000
 42
1.0000
  0
VERTEX
  8
16
 10
103.2463
 20
74.5342
 30
0.0000
  0
SEQEND
  8
0
  0
POLYLINE
  8
16
 66
1
 10
0.0000
 20
0.0000
 30
0.0000
 40
0.1500
 41
0.1500
 70
0
  0
VERTEX
  8
16
 10
103.1504
 20
74.4382
 30
0.0000
 42
1.0000
  0
VERTEX
  8
16
 10
103.2564
 20
74.3322
 30
0.0000
  0
SEQEND
  8
0
  0
POLYLINE
  8
16
 66
1
 10
0.0000
 20
0.0000
 30
0.0000
 40
0.3000
 41
0.3000
 70
0
  0
VERTEX
  8
16
 10
103.2994
 20
74.4812
 30
0.0000
  0
VERTEX
  8
16
 10
103.8210
 20
74.4812
 30
0.0000
  0
SEQEND
  8
0
  0
POLYLINE
  8
16
 66
1
 10
0.0000
 20
0.0000
 30
0.0000
 40
0.1500
 41
0.1500
 70
0
  0
VERTEX
  8
16
 10
103.8210
 20
74.4062
 30
0.0000
 42
1.0000
  0
VERTEX
  8
16
 10
103.8210
 20
74.5562
 30
0.0000
  0
SEQEND
  8
0
  0
POLYLINE
  8
16
 66
1
 10
0.0000
 20
0.0000
 30
0.0000
 40
0.1500
 41
0.1500
 70
0
  0
VERTEX
  8
16
 10
103.2994
 20
74.5562
 30
0.0000
 42
1.0000
  0
VERTEX
  8
16
 10
103.2994
 20
74.4062
 30
0.0000
  0
SEQEND
  8
0
  0
POLYLINE
  8
16
 66
1
 10
0.0000
 20
0.0000
 30
0.0000
 40
0.3000
 41
0.3000
 70
0
  0
VERTEX
  8
16
 10
103.8210
 20
74.4812
 30
0.0000
  0
VERTEX
  8
16
 10
104.0815
 20
74.5891
 30
0.0000
  0
SEQEND
  8
0
  0
POLYLINE
  8
16
 66
1
 10
0.0000
 20
0.0000
 30
0.0000
 40
0.1500
 41
0.1500
 70
0
  0
VERTEX
  8
16
 10
104.1102
 20
74.5198
 30
0.0000
 42
1.0000
  0
VERTEX
  8
16
 10
104.0528
 20
74.6584
 30
0.0000
  0
SEQEND
  8
0
  0
POLYLINE
  8
16
 66
1
 10
0.0000
 20
0.0000
 30
0.0000
 40
0.1500
 41
0.1500
 70
0
  0
VERTEX
  8
16
 10
103.7923
 20
74.5505
 30
0.0000
 42
1.0000
  0
VERTEX
  8
16
 10
103.8497
 20
74.4119
 30
0.0000
  0
SEQEND
  8
0
  0
POLYLINE
  8
16
 66
1
 10
0.0000
 20
0.0000
 30
0.0000
 40
0.3000
 41
0.3000
 70
0
  0
VERTEX
  8
16
 10
104.0815
 20
74.5891
 30
0.0000
  0
VERTEX
  8
16
 10
104.2809
 20
74.7885
 30
0.0000
  0
SEQEND
  8
0
  0
POLYLINE
  8
16
 66
1
 10
0.0000
 20
0.0000
 30
0.0000
 40
0.1500
 41
0.1500
 70
0
  0
VERTEX
  8
16
 10
104.3339
 20
74.7355
 30
0.0000
 42
1.0000
  0
VERTEX
  8
16
 10
104.2279
 20
74.8415
 30
0.0000
  0
SEQEND
  8
0
  0
POLYLINE
  8
16
 66
1
 10
0.0000
 20
0.0000
 30
0.0000
 40
0.1500
 41
0.1500
 70
0
  0
VERTEX
  8
16
 10
104.0285
 20
74.6421
 30
0.0000
 42
1.0000
  0
VERTEX
  8
16
 10
104.1345
 20
74.5361
 30
0.0000
  0
SEQEND
  8
0
  0
POLYLINE
  8
16
 66
1
 10
0.0000
 20
0.0000
 30
0.0000
 40
0.3000
 41
0.3000
 70
0
  0
VERTEX
  8
16
 10
104.2809
 20
74.7885
 30
0.0000
  0
VERTEX
  8
16
 10
104.3831
 20
75.0352
 30
0.0000
  0
SEQEND
  8
0
  0
POLYLINE
  8
16
 66
1
 10
0.0000
 20
0.0000
 30
0.0000
 40
0.1500
 41
0.1500
 70
0
  0
VERTEX
  8
16
 10
104.4524
 20
75.0065
 30
0.0000
 42
1.0000
  0
VERTEX
  8
16
 10
104.3138
 20
75.0639
 30
0.0000
  0
SEQEND
  8
0
  0
POLYLINE
  8
16
 66
1
 10
0.0000
 20
0.0000
 30
0.0000
 40
0.1500
 41
0.1500
 70
0
  0
VERTEX
  8
16
 10
104.2116
 20
74.8172
 30
0.0000
 42
1.0000
  0
VERTEX
  8
16
 10
104.3502
 20
74.7598
 30
0.0000
  0
SEQEND
  8
0
  0
POLYLINE
  8
16
 66
1
 10
0.0000
 20
0.0000
 30
0.0000
 40
0.3000
 41
0.3000
 70
0
  0
VERTEX
  8
16
 10
104.3831
 20
75.0352
 30
0.0000
  0
VERTEX
  8
16
 10
105.0534
 20
75.0352
 30
0.0000
  0
SEQEND
  8
0
  0
POLYLINE
  8
16
 66
1
 10
0.0000
 20
0.0000
 30
0.0000
 40
0.1500
 41
0.1500
 70
0
  0
VERTEX
  8
16
 10
105.0534
 20
74.9602
 30
0.0000
 42
1.0000
  0
VERTEX
  8
16
 10
105.0534
 20
75.1102
 30
0.0000
  0
SEQEND
  8
0
  0
POLYLINE
  8
16
 66
1
 10
0.0000
 20
0.0000
 30
0.0000
 40
0.1500
 41
0.1500
 70
0
  0
VERTEX
  8
16
 10
104.3831
 20
75.1102
 30
0.0000
 42
1.0000
  0
VERTEX
  8
16
 10
104.3831
 20
74.9602
 30
0.0000
  0
SEQEND
  8
0
  0
POLYLINE
  8
16
 66
1
 10
0.0000
 20
0.0000
 30
0.0000
 40
0.3000
 41
0.3000
 70
0
  0
VERTEX
  8
16
 10
105.0534
 20
75.0352
 30
0.0000
  0
VERTEX
  8
16
 10
105.1494
 20
75.1312
 30
0.0000
  0
SEQEND
  8
0
  0
POLYLINE
  8
16
 66
1
 10
0.0000
 20
0.0000
 30
0.0000
 40
0.1500
 41
0.1500
 70
0
  0
VERTEX
  8
16
 10
105.2024
 20
75.0782
 30
0.0000
 42
1.0000
  0
VERTEX
  8
16
 10
105.0963
 20
75.1842
 30
0.0000
  0
SEQEND
  8
0
  0
POLYLINE
  8
16
 66
1
 10
0.0000
 20
0.0000
 30
0.0000
 40
0.1500
 41
0.1500
 70
0
  0
VERTEX
  8
16
 10
105.0004
 20
75.0882
 30
0.0000
 42
1.0000
  0
VERTEX
  8
16
 10
105.1064
 20
74.9822
 30
0.0000
  0
SEQEND
  8
0
  0
POLYLINE
  8
16
 66
1
 10
0.0000
 20
0.0000
 30
0.0000
 40
0.3000
 41
0.3000
 70
0
  0
VERTEX
  8
16
 10
105.1494
 20
75.1312
 30
0.0000
  0
VERTEX
  8
16
 10
105.3764
 20
75.1312
 30
0.0000
  0
SEQEND
  8
0
  0
POLYLINE
  8
16
 66
1
 10
0.0000
 20
0.0000
 30
0.0000
 40
0.1500
 41
0.1500
 70
0
  0
VERTEX
  8
16
 10
105.3764
 20
75.0562
 30
0.0000
 42
1.0000
  0
VERTEX
  8
16
 10
105.3764
 20
75.2062
 30
0.0000
  0
SEQEND
  8
0
  0
POLYLINE
  8
16
 66
1
 10
0.0000
 20
0.0000
 30
0.0000
 40
0.1500
 41
0.1500
 70
0
  0
VERTEX
  8
16
 10
105.1494
 20
75.2062
 30
0.0000
 42
1.0000
  0
VERTEX
  8
16
 10
105.1494
 20
75.0562
 30
0.0000
  0
SEQEND
  8
0
  0
POLYLINE
  8
16
 66
1
 10
0.0000
 20
0.0000
 30
0.0000
 40
0.3000
 41
0.3000
 70
0
  0
VERTEX
  8
16
 10
105.3764
 20
75.1312
 30
0.0000
  0
VERTEX
  8
16
 10
106.0552
 20
74.4524
 30
0.0000
  0
SEQEND
  8
0
  0
POLYLINE
  8
16
 66
1
 10
0.0000
 20
0.0000
 30
0.0000
 40
0.1500
 41
0.1500
 70
0
  0
VERTEX
  8
16
 10
106.0022
 20
74.3994
 30
0.0000
 42
1.0000
  0
VERTEX
  8
16
 10
106.1082
 20
74.5054
 30
0.0000
  0
SEQEND
  8
0
  0
POLYLINE
  8
16
 66
1
 10
0.0000
 20
0.0000
 30
0.0000
 40
0.1500
 41
0.1500
 70
0
  0
VERTEX
  8
16
 10
105.4294
 20
75.1842
 30
0.0000
 42
1.0000
  0
VERTEX
  8
16
 10
105.3234
 20
75.0782
 30
0.0000
  0
SEQEND
  8
0
  0
POLYLINE
  8
16
 66
1
 10
0.0000
 20
0.0000
 30
0.0000
 40
0.3000
 41
0.3000
 70
0
  0
VERTEX
  8
16
 10
106.0552
 20
74.4524
 30
0.0000
  0
VERTEX
  8
16
 10
106.0552
 20
73.8616
 30
0.0000
  0
SEQEND
  8
0
  0
POLYLINE
  8
16
 66
1
 10
0.0000
 20
0.0000
 30
0.0000
 40
0.1500
 41
0.1500
 70
0
  0
VERTEX
  8
16
 10
105.9802
 20
73.8616
 30
0.0000
 42
1.0000
  0
VERTEX
  8
16
 10
106.1302
 20
73.8616
 30
0.0000
  0
SEQEND
  8
0
  0
POLYLINE
  8
16
 66
1
 10
0.0000
 20
0.0000
 30
0.0000
 40
0.1500
 41
0.1500
 70
0
  0
VERTEX
  8
16
 10
106.1302
 20
74.4524
 30
0.0000
 42
1.0000
  0
VERTEX
  8
16
 10
105.9802
 20
74.4524
 30
0.0000
  0
SEQEND
  8
0
  0
POLYLINE
  8
16
 66
1
 10
0.0000
 20
0.0000
 30
0.0000
 40
0.3000
 41
0.3000
 70
0
  0
VERTEX
  8
16
 10
106.0552
 20
73.8616
 30
0.0000
  0
VERTEX
  8
16
 10
106.3216
 20
73.5952
 30
0.0000
  0
SEQEND
  8
0
  0
POLYLINE
  8
16
 66
1
 10
0.0000
 20
0.0000
 30
0.0000
 40
0.1500
 41
0.1500
 70
0
  0
VERTEX
  8
16
 10
106.2686
 20
73.5422
 30
0.0000
 42
1.0000
  0
VERTEX
  8
16
 10
106.3746
 20
73.6482
 30
0.0000
  0
SEQEND
  8
0
  0
POLYLINE
  8
16
 66
1
 10
0.0000
 20
0.0000
 30
0.0000
 40
0.1500
 41
0.1500
 70
0
  0
VERTEX
  8
16
 10
106.1082
 20
73.9146
 30
0.0000
 42
1.0000
  0
VERTEX
  8
16
 10
106.0022
 20
73.8086
 30
0.0000
  0
SEQEND
  8
0
  0
POLYLINE
  8
16
 66
1
 10
0.0000
 20
0.0000
 30
0.0000
 40
0.3000
 41
0.3000
 70
0
  0
VERTEX
  8
16
 10
106.3216
 20
73.5952
 30
0.0000
  0
VERTEX
  8
16
 10
107.9984
 20
73.5952
 30
0.0000
  0
SEQEND
  8
0
  0
POLYLINE
  8
16
 66
1
 10
0.0000
 20
0.0000
 30
0.0000
 40
0.1500
 41
0.1500
 70
0
  0
VERTEX
  8
16
 10
107.9984
 20
73.5202
 30
0.0000
 42
1.0000
  0
VERTEX
  8
16
 10
107.9984
 20
73.6702
 30
0.0000
  0
SEQEND
  8
0
  0
POLYLINE
  8
16
 66
1
 10
0.0000
 20
0.0000
 30
0.0000
 40
0.1500
 41
0.1500
 70
0
  0
VERTEX
  8
16
 10
106.3216
 20
73.6702
 30
0.0000
 42
1.0000
  0
VERTEX
  8
16
 10
106.3216
 20
73.5202
 30
0.0000
  0
SEQEND
  8
0
  0
POLYLINE
  8
16
 66
1
 10
0.0000
 20
0.0000
 30
0.0000
 40
0.3000
 41
0.3000
 70
0
  0
VERTEX
  8
16
 10
107.9984
 20
73.5952
 30
0.0000
  0
VERTEX
  8
16
 10
108.0444
 20
73.6412
 30
0.0000
  0
SEQEND
  8
0
  0
POLYLINE
  8
16
 66
1
 10
0.0000
 20
0.0000
 30
0.0000
 40
0.1500
 41
0.1500
 70
0
  0
VERTEX
  8
16
 10
108.0974
 20
73.5882
 30
0.0000
 42
1.0000
  0
VERTEX
  8
16
 10
107.9914
 20
73.6942
 30
0.0000
  0
SEQEND
  8
0
  0
POLYLINE
  8
16
 66
1
 10
0.0000
 20
0.0000
 30
0.0000
 40
0.1500
 41
0.1500
 70
0
  0
VERTEX
  8
16
 10
107.9454
 20
73.6482
 30
0.0000
 42
1.0000
  0
VERTEX
  8
16
 10
108.0514
 20
73.5422
 30
0.0000
  0
SEQEND
  8
0
  0
POLYLINE
  8
16
 66
1
 10
0.0000
 20
0.0000
 30
0.0000
 40
0.3000
 41
0.3000
 70
0
  0
VERTEX
  8
16
 10
108.0444
 20
73.6412
 30
0.0000
  0
VERTEX
  8
16
 10
111.5410
 20
73.6412
 30
0.0000
  0
SEQEND
  8
0
  0
POLYLINE
  8
16
 66
1
 10
0.0000
 20
0.0000
 30
0.0000
 40
0.1500
 41
0.1500
 70
0
  0
VERTEX
  8
16
 10
111.5410
 20
73.5662
 30
0.0000
 42
1.0000
  0
VERTEX
  8
16
 10
111.5410
 20
73.7162
 30
0.0000
  0
SEQEND
  8
0
  0
POLYLINE
  8
16
 66
1
 10
0.0000
 20
0.0000
 30
0.0000
 40
0.1500
 41
0.1500
 70
0
  0
VERTEX
  8
16
 10
108.0444
 20
73.7162
 30
0.0000
 42
1.0000
  0
VERTEX
  8
16
 10
108.0444
 20
73.5662
 30
0.0000
  0
SEQEND
  8
0
  0
POLYLINE
  8
16
 66
1
 10
0.0000
 20
0.0000
 30
0.0000
 40
0.3000
 41
0.3000
 70
0
  0
VERTEX
  8
16
 10
111.5410
 20
73.6412
 30
0.0000
  0
VERTEX
  8
16
 10
111.8015
 20
73.7491
 30
0.0000
  0
SEQEND
  8
0
  0
POLYLINE
  8
16
 66
1
 10
0.0000
 20
0.0000
 30
0.0000
 40
0.1500
 41
0.1500
 70
0
  0
VERTEX
  8
16
 10
111.8302
 20
73.6798
 30
0.0000
 42
1.0000
  0
VERTEX
  8
16
 10
111.7728
 20
73.8184
 30
0.0000
  0
SEQEND
  8
0
  0
POLYLINE
  8
16
 66
1
 10
0.0000
 20
0.0000
 30
0.0000
 40
0.1500
 41
0.1500
 70
0
  0
VERTEX
  8
16
 10
111.5123
 20
73.7105
 30
0.0000
 42
1.0000
  0
VERTEX
  8
16
 10
111.5697
 20
73.5719
 30
0.0000
  0
SEQEND
  8
0
  0
POLYLINE
  8
16
 66
1
 10
0.0000
 20
0.0000
 30
0.0000
 40
0.3000
 41
0.3000
 70
0
  0
VERTEX
  8
16
 10
111.8015
 20
73.7491
 30
0.0000
  0
VERTEX
  8
16
 10
112.0009
 20
73.9485
 30
0.0000
  0
SEQEND
  8
0
  0
POLYLINE
  8
16
 66
1
 10
0.0000
 20
0.0000
 30
0.0000
 40
0.1500
 41
0.1500
 70
0
  0
VERTEX
  8
16
 10
112.0539
 20
73.8955
 30
0.0000
 42
1.0000
  0
VERTEX
  8
16
 10
111.9479
 20
74.0015
 30
0.0000
  0
SEQEND
  8
0
  0
POLYLINE
  8
16
 66
1
 10
0.0000
 20
0.0000
 30
0.0000
 40
0.1500
 41
0.1500
 70
0
  0
VERTEX
  8
16
 10
111.7485
 20
73.8021
 30
0.0000
 42
1.0000
  0
VERTEX
  8
16
 10
111.8545
 20
73.6961
 30
0.0000
  0
SEQEND
  8
0
  0
POLYLINE
  8
16
 66
1
 10
0.0000
 20
0.0000
 30
0.0000
 40
0.3000
 41
0.3000
 70
0
  0
VERTEX
  8
16
 10
112.0009
 20
73.9485
 30
0.0000
  0
VERTEX
  8
16
 10
112.0009
 20
73.9485
 30
0.0000
  0
SEQEND
  8
0
  0
POLYLINE
  8
16
 66
1
 10
0.0000
 20
0.0000
 30
0.0000
 40
0.1500
 41
0.1500
 70
0
  0
VERTEX
  8
16
 10
112.0759
 20
73.9485
 30
0.0000
 42
1.0000
  0
VERTEX
  8
16
 10
111.9259
 20
73.9485
 30
0.0000
  0
SEQEND
  8
0
  0
POLYLINE
  8
16
 66
1
 10
0.0000
 20
0.0000
 30
0.0000
 40
0.1500
 41
0.1500
 70
0
  0
VERTEX
  8
16
 10
111.9259
 20
73.9485
 30
0.0000
 42
1.0000
  0
VERTEX
  8
16
 10
112.0759
 20
73.9485
 30
0.0000
  0
SEQEND
  8
0
  0
POLYLINE
  8
16
 66
1
 10
0.0000
 20
0.0000
 30
0.0000
 40
0.3000
 41
0.3000
 70
0
  0
VERTEX
  8
16
 10
112.0009
 20
73.9485
 30
0.0000
  0
VERTEX
  8
16
 10
112.1836
 20
74.1312
 30
0.0000
  0
SEQEND
  8
0
  0
POLYLINE
  8
16
 66
1
 10
0.0000
 20
0.0000
 30
0.0000
 40
0.1500
 41
0.1500
 70
0
  0
VERTEX
  8
16
 10
112.2366
 20
74.0782
 30
0.0000
 42
1.0000
  0
VERTEX
  8
16
 10
112.1306
 20
74.1842
 30
0.0000
  0
SEQEND
  8
0
  0
POLYLINE
  8
16
 66
1
 10
0.0000
 20
0.0000
 30
0.0000
 40
0.1500
 41
0.1500
 70
0
  0
VERTEX
  8
16
 10
111.9479
 20
74.0015
 30
0.0000
 42
1.0000
  0
VERTEX
  8
16
 10
112.0539
 20
73.8955
 30
0.0000
  0
SEQEND
  8
0
  0
POLYLINE
  8
16
 66
1
 10
0.0000
 20
0.0000
 30
0.0000
 40
0.3000
 41
0.3000
 70
0
  0
VERTEX
  8
16
 10
112.1836
 20
74.1312
 30
0.0000
  0
VERTEX
  8
16
 10
112.7188
 20
74.1312
 30
0.0000
  0
SEQEND
  8
0
  0
POLYLINE
  8
16
 66
1
 10
0.0000
 20
0.0000
 30
0.0000
 40
0.1500
 41
0.1500
 70
0
  0
VERTEX
  8
16
 10
112.7188
 20
74.0562
 30
0.0000
 42
1.0000
  0
VERTEX
  8
16
 10
112.7188
 20
74.2062
 30
0.0000
  0
SEQEND
  8
0
  0
POLYLINE
  8
16
 66
1
 10
0.0000
 20
0.0000
 30
0.0000
 40
0.1500
 41
0.1500
 70
0
  0
VERTEX
  8
16
 10
112.1836
 20
74.2062
 30
0.0000
 42
1.0000
  0
VERTEX
  8
16
 10
112.1836
 20
74.0562
 30
0.0000
  0
SEQEND
  8
0
  0
POLYLINE
  8
16
 66
1
 10
0.0000
 20
0.0000
 30
0.0000
 40
0.3000
 41
0.3000
 70
0
  0
VERTEX
  8
16
 10
112.7188
 20
74.1312
 30
0.0000
  0
VERTEX
  8
16
 10
112.5631
 20
73.5500
 30
0.0000
  0
SEQEND
  8
0
  0
POLYLINE
  8
16
 66
1
 10
0.0000
 20
0.0000
 30
0.0000
 40
0.1500
 41
0.1500
 70
0
  0
VERTEX
  8
16
 10
112.4906
 20
73.5694
 30
0.0000
 42
1.0000
  0
VERTEX
  8
16
 10
112.6355
 20
73.5306
 30
0.0000
  0
SEQEND
  8
0
  0
POLYLINE
  8
16
 66
1
 10
0.0000
 20
0.0000
 30
0.0000
 40
0.1500
 41
0.1500
 70
0
  0
VERTEX
  8
16
 10
112.7913
 20
74.1118
 30
0.0000
 42
1.0000
  0
VERTEX
  8
16
 10
112.6464
 20
74.1506
 30
0.0000
  0
SEQEND
  8
0
  0
POLYLINE
  8
16
 66
1
 10
0.0000
 20
0.0000
 30
0.0000
 40
0.3000
 41
0.3000
 70
0
  0
VERTEX
  8
16
 10
112.5631
 20
73.5500
 30
0.0000
  0
VERTEX
  8
16
 10
112.5631
 20
73.5500
 30
0.0000
  0
SEQEND
  8
0
  0
POLYLINE
  8
16
 66
1
 10
0.0000
 20
0.0000
 30
0.0000
 40
0.1500
 41
0.1500
 70
0
  0
VERTEX
  8
16
 10
112.4881
 20
73.5500
 30
0.0000
 42
1.0000
  0
VERTEX
  8
16
 10
112.6381
 20
73.5500
 30
0.0000
  0
SEQEND
  8
0
  0
POLYLINE
  8
16
 66
1
 10
0.0000
 20
0.0000
 30
0.0000
 40
0.1500
 41
0.1500
 70
0
  0
VERTEX
  8
16
 10
112.6381
 20
73.5500
 30
0.0000
 42
1.0000
  0
VERTEX
  8
16
 10
112.4881
 20
73.5500
 30
0.0000
  0
SEQEND
  8
0
  0
POLYLINE
  8
16
 66
1
 10
0.0000
 20
0.0000
 30
0.0000
 40
0.3000
 41
0.3000
 70
0
  0
VERTEX
  8
16
 10
112.5631
 20
73.5500
 30
0.0000
  0
VERTEX
  8
16
 10
112.7288
 20
72.9316
 30
0.0000
  0
SEQEND
  8
0
  0
POLYLINE
  8
16
 66
1
 10
0.0000
 20
0.0000
 30
0.0000
 40
0.1500
 41
0.1500
 70
0
  0
VERTEX
  8
16
 10
112.6564
 20
72.9121
 30
0.0000
 42
1.0000
  0
VERTEX
  8
16
 10
112.8013
 20
72.9510
 30
0.0000
  0
SEQEND
  8
0
  0
POLYLINE
  8
16
 66
1
 10
0.0000
 20
0.0000
 30
0.0000
 40
0.1500
 41
0.1500
 70
0
  0
VERTEX
  8
16
 10
112.6355
 20
73.5694
 30
0.0000
 42
1.0000
  0
VERTEX
  8
16
 10
112.4906
 20
73.5306
 30
0.0000
  0
SEQEND
  8
0
  0
POLYLINE
  8
16
 66
1
 10
0.0000
 20
0.0000
 30
0.0000
 40
0.3000
 41
0.3000
 70
0
  0
VERTEX
  8
16
 10
112.7288
 20
72.9316
 30
0.0000
  0
VERTEX
  8
16
 10
112.7288
 20
72.9315
 30
0.0000
  0
SEQEND
  8
0
  0
POLYLINE
  8
16
 66
1
 10
0.0000
 20
0.0000
 30
0.0000
 40
0.1500
 41
0.1500
 70
0
  0
VERTEX
  8
16
 10
112.6538
 20
72.9315
 30
0.0000
 42
1.0000
  0
VERTEX
  8
16
 10
112.8038
 20
72.9315
 30
0.0000
  0
SEQEND
  8
0
  0
POLYLINE
  8
16
 66
1
 10
0.0000
 20
0.0000
 30
0.0000
 40
0.1500
 41
0.1500
 70
0
  0
VERTEX
  8
16
 10
112.8038
 20
72.9316
 30
0.0000
 42
1.0000
  0
VERTEX
  8
16
 10
112.6538
 20
72.9316
 30
0.0000
  0
SEQEND
  8
0
  0
POLYLINE
  8
16
 66
1
 10
0.0000
 20
0.0000
 30
0.0000
 40
0.3000
 41
0.3000
 70
0
  0
VERTEX
  8
16
 10
112.7288
 20
72.9315
 30
0.0000
  0
VERTEX
  8
16
 10
113.1815
 20
72.4788
 30
0.0000
  0
SEQEND
  8
0
  0
POLYLINE
  8
16
 66
1
 10
0.0000
 20
0.0000
 30
0.0000
 40
0.1500
 41
0.1500
 70
0
  0
VERTEX
  8
16
 10
113.1285
 20
72.4258
 30
0.0000
 42
1.0000
  0
VERTEX
  8
16
 10
113.2346
 20
72.5318
 30
0.0000
  0
SEQEND
  8
0
  0
POLYLINE
  8
16
 66
1
 10
0.0000
 20
0.0000
 30
0.0000
 40
0.1500
 41
0.1500
 70
0
  0
VERTEX
  8
16
 10
112.7818
 20
72.9846
 30
0.0000
 42
1.0000
  0
VERTEX
  8
16
 10
112.6758
 20
72.8785
 30
0.0000
  0
SEQEND
  8
0
  0
POLYLINE
  8
16
 66
1
 10
0.0000
 20
0.0000
 30
0.0000
 40
0.3000
 41
0.3000
 70
0
  0
VERTEX
  8
16
 10
113.1815
 20
72.4788
 30
0.0000
  0
VERTEX
  8
16
 10
113.1815
 20
72.4788
 30
0.0000
  0
SEQEND
  8
0
  0
POLYLINE
  8
16
 66
1
 10
0.0000
 20
0.0000
 30
0.0000
 40
0.1500
 41
0.1500
 70
0
  0
VERTEX
  8
16
 10
113.1815
 20
72.4038
 30
0.0000
 42
1.0000
  0
VERTEX
  8
16
 10
113.1815
 20
72.5538
 30
0.0000
  0
SEQEND
  8
0
  0
POLYLINE
  8
16
 66
1
 10
0.0000
 20
0.0000
 30
0.0000
 40
0.1500
 41
0.1500
 70
0
  0
VERTEX
  8
16
 10
113.1815
 20
72.5538
 30
0.0000
 42
1.0000
  0
VERTEX
  8
16
 10
113.1815
 20
72.4038
 30
0.0000
  0
SEQEND
  8
0
  0
POLYLINE
  8
16
 66
1
 10
0.0000
 20
0.0000
 30
0.0000
 40
0.3000
 41
0.3000
 70
0
  0
VERTEX
  8
16
 10
113.1815
 20
72.4788
 30
0.0000
  0
VERTEX
  8
16
 10
113.8000
 20
72.3131
 30
0.0000
  0
SEQEND
  8
0
  0
POLYLINE
  8
16
 66
1
 10
0.0000
 20
0.0000
 30
0.0000
 40
0.1500
 41
0.1500
 70
0
  0
VERTEX
  8
16
 10
113.7806
 20
72.2406
 30
0.0000
 42
1.0000
  0
VERTEX
  8
16
 10
113.8194
 20
72.3855
 30
0.0000
  0
SEQEND
  8
0
  0
POLYLINE
  8
16
 66
1
 10
0.0000
 20
0.0000
 30
0.0000
 40
0.1500
 41
0.1500
 70
0
  0
VERTEX
  8
16
 10
113.2010
 20
72.5513
 30
0.0000
 42
1.0000
  0
VERTEX
  8
16
 10
113.1621
 20
72.4064
 30
0.0000
  0
SEQEND
  8
0
  0
POLYLINE
  8
16
 66
1
 10
0.0000
 20
0.0000
 30
0.0000
 40
0.3000
 41
0.3000
 70
0
  0
VERTEX
  8
16
 10
113.8000
 20
72.3131
 30
0.0000
  0
VERTEX
  8
16
 10
113.8000
 20
72.3131
 30
0.0000
  0
SEQEND
  8
0
  0
POLYLINE
  8
16
 66
1
 10
0.0000
 20
0.0000
 30
0.0000
 40
0.1500
 41
0.1500
 70
0
  0
VERTEX
  8
16
 10
113.8000
 20
72.2381
 30
0.0000
 42
1.0000
  0
VERTEX
  8
16
 10
113.8000
 20
72.3881
 30
0.0000
  0
SEQEND
  8
0
  0
POLYLINE
  8
16
 66
1
 10
0.0000
 20
0.0000
 30
0.0000
 40
0.1500
 41
0.1500
 70
0
  0
VERTEX
  8
16
 10
113.8000
 20
72.3881
 30
0.0000
 42
1.0000
  0
VERTEX
  8
16
 10
113.8000
 20
72.2381
 30
0.0000
  0
SEQEND
  8
0
  0
POLYLINE
  8
16
 66
1
 10
0.0000
 20
0.0000
 30
0.0000
 40
0.3000
 41
0.3000
 70
0
  0
VERTEX
  8
16
 10
113.8000
 20
72.3131
 30
0.0000
  0
VERTEX
  8
16
 10
114.4185
 20
72.4788
 30
0.0000
  0
SEQEND
  8
0
  0
POLYLINE
  8
16
 66
1
 10
0.0000
 20
0.0000
 30
0.0000
 40
0.1500
 41
0.1500
 70
0
  0
VERTEX
  8
16
 10
114.4379
 20
72.4064
 30
0.0000
 42
1.0000
  0
VERTEX
  8
16
 10
114.3990
 20
72.5513
 30
0.0000
  0
SEQEND
  8
0
  0
POLYLINE
  8
16
 66
1
 10
0.0000
 20
0.0000
 30
0.0000
 40
0.1500
 41
0.1500
 70
0
  0
VERTEX
  8
16
 10
113.7806
 20
72.3855
 30
0.0000
 42
1.0000
  0
VERTEX
  8
16
 10
113.8194
 20
72.2406
 30
0.0000
  0
SEQEND
  8
0
  0
POLYLINE
  8
16
 66
1
 10
0.0000
 20
0.0000
 30
0.0000
 40
0.3000
 41
0.3000
 70
0
  0
VERTEX
  8
16
 10
114.4185
 20
72.4788
 30
0.0000
  0
VERTEX
  8
16
 10
114.4185
 20
72.4788
 30
0.0000
  0
SEQEND
  8
0
  0
POLYLINE
  8
16
 66
1
 10
0.0000
 20
0.0000
 30
0.0000
 40
0.1500
 41
0.1500
 70
0
  0
VERTEX
  8
16
 10
114.4185
 20
72.4038
 30
0.0000
 42
1.0000
  0
VERTEX
  8
16
 10
114.4185
 20
72.5538
 30
0.0000
  0
SEQEND
  8
0
  0
POLYLINE
  8
16
 66
1
 10
0.0000
 20
0.0000
 30
0.0000
 40
0.1500
 41
0.1500
 70
0
  0
VERTEX
  8
16
 10
114.4185
 20
72.5538
 30
0.0000
 42
1.0000
  0
VERTEX
  8
16
 10
114.4185
 20
72.4038
 30
0.0000
  0
SEQEND
  8
0
  0
POLYLINE
  8
16
 66
1
 10
0.0000
 20
0.0000
 30
0.0000
 40
0.3000
 41
0.3000
 70
0
  0
VERTEX
  8
16
 10
114.4185
 20
72.4788
 30
0.0000
  0
VERTEX
  8
16
 10
114.8712
 20
72.9315
 30
0.0000
  0
SEQEND
  8
0
  0
POLYLINE
  8
16
 66
1
 10
0.0000
 20
0.0000
 30
0.0000
 40
0.1500
 41
0.1500
 70
0
  0
VERTEX
  8
16
 10
114.9242
 20
72.8785
 30
0.0000
 42
1.0000
  0
VERTEX
  8
16
 10
114.8182
 20
72.9846
 30
0.0000
  0
SEQEND
  8
0
  0
POLYLINE
  8
16
 66
1
 10
0.0000
 20
0.0000
 30
0.0000
 40
0.1500
 41
0.1500
 70
0
  0
VERTEX
  8
16
 10
114.3654
 20
72.5318
 30
0.0000
 42
1.0000
  0
VERTEX
  8
16
 10
114.4715
 20
72.4258
 30
0.0000
  0
SEQEND
  8
0
  0
POLYLINE
  8
16
 66
1
 10
0.0000
 20
0.0000
 30
0.0000
 40
0.3000
 41
0.3000
 70
0
  0
VERTEX
  8
16
 10
114.8712
 20
72.9315
 30
0.0000
  0
VERTEX
  8
16
 10
114.8712
 20
72.9316
 30
0.0000
  0
SEQEND
  8
0
  0
POLYLINE
  8
16
 66
1
 10
0.0000
 20
0.0000
 30
0.0000
 40
0.1500
 41
0.1500
 70
0
  0
VERTEX
  8
16
 10
114.9462
 20
72.9316
 30
0.0000
 42
1.0000
  0
VERTEX
  8
16
 10
114.7962
 20
72.9316
 30
0.0000
  0
SEQEND
  8
0
  0
POLYLINE
  8
16
 66
1
 10
0.0000
 20
0.0000
 30
0.0000
 40
0.1500
 41
0.1500
 70
0
  0
VERTEX
  8
16
 10
114.7962
 20
72.9315
 30
0.0000
 42
1.0000
  0
VERTEX
  8
16
 10
114.9462
 20
72.9315
 30
0.0000
  0
SEQEND
  8
0
  0
POLYLINE
  8
16
 66
1
 10
0.0000
 20
0.0000
 30
0.0000
 40
0.3000
 41
0.3000
 70
0
  0
VERTEX
  8
16
 10
114.8712
 20
72.9316
 30
0.0000
  0
VERTEX
  8
16
 10
115.0369
 20
73.5500
 30
0.0000
  0
SEQEND
  8
0
  0
POLYLINE
  8
16
 66
1
 10
0.0000
 20
0.0000
 30
0.0000
 40
0.1500
 41
0.1500
 70
0
  0
VERTEX
  8
16
 10
115.1093
 20
73.5306
 30
0.0000
 42
1.0000
  0
VERTEX
  8
16
 10
114.9645
 20
73.5694
 30
0.0000
  0
SEQEND
  8
0
  0
POLYLINE
  8
16
 66
1
 10
0.0000
 20
0.0000
 30
0.0000
 40
0.1500
 41
0.1500
 70
0
  0
VERTEX
  8
16
 10
114.7987
 20
72.9510
 30
0.0000
 42
1.0000
  0
VERTEX
  8
16
 10
114.9436
 20
72.9121
 30
0.0000
  0
SEQEND
  8
0
  0
POLYLINE
  8
16
 66
1
 10
0.0000
 20
0.0000
 30
0.0000
 40
0.3000
 41
0.3000
 70
0
  0
VERTEX
  8
16
 10
115.0369
 20
73.5500
 30
0.0000
  0
VERTEX
  8
16
 10
115.0369
 20
73.5500
 30
0.0000
  0
SEQEND
  8
0
  0
POLYLINE
  8
16
 66
1
 10
0.0000
 20
0.0000
 30
0.0000
 40
0.1500
 41
0.1500
 70
0
  0
VERTEX
  8
16
 10
115.1119
 20
73.5500
 30
0.0000
 42
1.0000
  0
VERTEX
  8
16
 10
114.9619
 20
73.5500
 30
0.0000
  0
SEQEND
  8
0
  0
POLYLINE
  8
16
 66
1
 10
0.0000
 20
0.0000
 30
0.0000
 40
0.1500
 41
0.1500
 70
0
  0
VERTEX
  8
16
 10
114.9619
 20
73.5500
 30
0.0000
 42
1.0000
  0
VERTEX
  8
16
 10
115.1119
 20
73.5500
 30
0.0000
  0
SEQEND
  8
0
  0
POLYLINE
  8
16
 66
1
 10
0.0000
 20
0.0000
 30
0.0000
 40
0.3000
 41
0.3000
 70
0
  0
VERTEX
  8
16
 10
115.0369
 20
73.5500
 30
0.0000
  0
VERTEX
  8
16
 10
114.8812
 20
74.1312
 30
0.0000
  0
SEQEND
  8
0
  0
POLYLINE
  8
16
 66
1
 10
0.0000
 20
0.0000
 30
0.0000
 40
0.1500
 41
0.1500
 70
0
  0
VERTEX
  8
16
 10
114.9536
 20
74.1506
 30
0.0000
 42
1.0000
  0
VERTEX
  8
16
 10
114.8087
 20
74.1118
 30
0.0000
  0
SEQEND
  8
0
  0
POLYLINE
  8
16
 66
1
 10
0.0000
 20
0.0000
 30
0.0000
 40
0.1500
 41
0.1500
 70
0
  0
VERTEX
  8
16
 10
114.9645
 20
73.5306
 30
0.0000
 42
1.0000
  0
VERTEX
  8
16
 10
115.1093
 20
73.5694
 30
0.0000
  0
SEQEND
  8
0
  0
POLYLINE
  8
16
 66
1
 10
0.0000
 20
0.0000
 30
0.0000
 40
0.3000
 41
0.3000
 70
0
  0
VERTEX
  8
16
 10
114.8812
 20
74.1312
 30
0.0000
  0
VERTEX
  8
16
 10
116.5560
 20
74.1312
 30
0.0000
  0
SEQEND
  8
0
  0
POLYLINE
  8
16
 66
1
 10
0.0000
 20
0.0000
 30
0.0000
 40
0.1500
 41
0.1500
 70
0
  0
VERTEX
  8
16
 10
116.5560
 20
74.0562
 30
0.0000
 42
1.0000
  0
VERTEX
  8
16
 10
116.5560
 20
74.2062
 30
0.0000
  0
SEQEND
  8
0
  0
POLYLINE
  8
16
 66
1
 10
0.0000
 20
0.0000
 30
0.0000
 40
0.1500
 41
0.1500
 70
0
  0
VERTEX
  8
16
 10
114.8812
 20
74.2062
 30
0.0000
 42
1.0000
  0
VERTEX
  8
16
 10
114.8812
 20
74.0562
 30
0.0000
  0
SEQEND
  8
0
  0
POLYLINE
  8
16
 66
1
 10
0.0000
 20
0.0000
 30
0.0000
 40
0.3000
 41
0.3000
 70
0
  0
VERTEX
  8
16
 10
116.5560
 20
74.1312
 30
0.0000
  0
VERTEX
  8
16
 10
116.8165
 20
74.2391
 30
0.0000
  0
SEQEND
  8
0
  0
POLYLINE
  8
16
 66
1
 10
0.0000
 20
0.0000
 30
0.0000
 40
0.1500
 41
0.1500
 70
0
  0
VERTEX
  8
16
 10
116.8452
 20
74.1698
 30
0.0000
 42
1.0000
  0
VERTEX
  8
16
 10
116.7878
 20
74.3084
 30
0.0000
  0
SEQEND
  8
0
  0
POLYLINE
  8
16
 66
1
 10
0.0000
 20
0.0000
 30
0.0000
 40
0.1500
 41
0.1500
 70
0
  0
VERTEX
  8
16
 10
116.5273
 20
74.2005
 30
0.0000
 42
1.0000
  0
VERTEX
  8
16
 10
116.5847
 20
74.0619
 30
0.0000
  0
SEQEND
  8
0
  0
POLYLINE
  8
16
 66
1
 10
0.0000
 20
0.0000
 30
0.0000
 40
0.3000
 41
0.3000
 70
0
  0
VERTEX
  8
16
 10
116.8165
 20
74.2391
 30
0.0000
  0
VERTEX
  8
16
 10
117.0159
 20
74.4385
 30
0.0000
  0
SEQEND
  8
0
  0
POLYLINE
  8
16
 66
1
 10
0.0000
 20
0.0000
 30
0.0000
 40
0.1500
 41
0.1500
 70
0
  0
VERTEX
  8
16
 10
117.0689
 20
74.3855
 30
0.0000
 42
1.0000
  0
VERTEX
  8
16
 10
116.9629
 20
74.4915
 30
0.0000
  0
SEQEND
  8
0
  0
POLYLINE
  8
16
 66
1
 10
0.0000
 20
0.0000
 30
0.0000
 40
0.1500
 41
0.1500
 70
0
  0
VERTEX
  8
16
 10
116.7635
 20
74.2921
 30
0.0000
 42
1.0000
  0
VERTEX
  8
16
 10
116.8695
 20
74.1861
 30
0.0000
  0
SEQEND
  8
0
  0
POLYLINE
  8
16
 66
1
 10
0.0000
 20
0.0000
 30
0.0000
 40
0.3000
 41
0.3000
 70
0
  0
VERTEX
  8
16
 10
117.0159
 20
74.4385
 30
0.0000
  0
VERTEX
  8
16
 10
117.0159
 20
74.4385
 30
0.0000
  0
SEQEND
  8
0
  0
POLYLINE
  8
16
 66
1
 10
0.0000
 20
0.0000
 30
0.0000
 40
0.1500
 41
0.1500
 70
0
  0
VERTEX
  8
16
 10
117.0909
 20
74.4385
 30
0.0000
 42
1.0000
  0
VERTEX
  8
16
 10
116.9409
 20
74.4385
 30
0.0000
  0
SEQEND
  8
0
  0
POLYLINE
  8
16
 66
1
 10
0.0000
 20
0.0000
 30
0.0000
 40
0.1500
 41
0.1500
 70
0
  0
VERTEX
  8
16
 10
116.9409
 20
74.4385
 30
0.0000
 42
1.0000
  0
VERTEX
  8
16
 10
117.0909
 20
74.4385
 30
0.0000
  0
SEQEND
  8
0
  0
POLYLINE
  8
16
 66
1
 10
0.0000
 20
0.0000
 30
0.0000
 40
0.3000
 41
0.3000
 70
0
  0
VERTEX
  8
16
 10
117.0159
 20
74.4385
 30
0.0000
  0
VERTEX
  8
16
 10
117.6965
 20
75.1191
 30
0.0000
  0
SEQEND
  8
0
  0
POLYLINE
  8
16
 66
1
 10
0.0000
 20
0.0000
 30
0.0000
 40
0.1500
 41
0.1500
 70
0
  0
VERTEX
  8
16
 10
117.7495
 20
75.0661
 30
0.0000
 42
1.0000
  0
VERTEX
  8
16
 10
117.6435
 20
75.1721
 30
0.0000
  0
SEQEND
  8
0
  0
POLYLINE
  8
16
 66
1
 10
0.0000
 20
0.0000
 30
0.0000
 40
0.1500
 41
0.1500
 70
0
  0
VERTEX
  8
16
 10
116.9629
 20
74.4915
 30
0.0000
 42
1.0000
  0
VERTEX
  8
16
 10
117.0689
 20
74.3855
 30
0.0000
  0
SEQEND
  8
0
  0
POLYLINE
  8
16
 66
1
 10
0.0000
 20
0.0000
 30
0.0000
 40
0.3000
 41
0.3000
 70
0
  0
VERTEX
  8
16
 10
117.6965
 20
75.1191
 30
0.0000
  0
VERTEX
  8
16
 10
117.6965
 20
75.1191
 30
0.0000
  0
SEQEND
  8
0
  0
POLYLINE
  8
16
 66
1
 10
0.0000
 20
0.0000
 30
0.0000
 40
0.1500
 41
0.1500
 70
0
  0
VERTEX
  8
16
 10
117.6965
 20
75.0441
 30
0.0000
 42
1.0000
  0
VERTEX
  8
16
 10
117.6965
 20
75.1941
 30
0.0000
  0
SEQEND
  8
0
  0
POLYLINE
  8
16
 66
1
 10
0.0000
 20
0.0000
 30
0.0000
 40
0.1500
 41
0.1500
 70
0
  0
VERTEX
  8
16
 10
117.6965
 20
75.1941
 30
0.0000
 42
1.0000
  0
VERTEX
  8
16
 10
117.6965
 20
75.0441
 30
0.0000
  0
SEQEND
  8
0
  0
POLYLINE
  8
16
 66
1
 10
0.0000
 20
0.0000
 30
0.0000
 40
0.3000
 41
0.3000
 70
0
  0
VERTEX
  8
16
 10
117.6965
 20
75.1191
 30
0.0000
  0
VERTEX
  8
16
 10
117.8959
 20
75.3185
 30
0.0000
  0
SEQEND
  8
0
  0
POLYLINE
  8
16
 66
1
 10
0.0000
 20
0.0000
 30
0.0000
 40
0.1500
 41
0.1500
 70
0
  0
VERTEX
  8
16
 10
117.9489
 20
75.2655
 30
0.0000
 42
1.0000
  0
VERTEX
  8
16
 10
117.8429
 20
75.3715
 30
0.0000
  0
SEQEND
  8
0
  0
POLYLINE
  8
16
 66
1
 10
0.0000
 20
0.0000
 30
0.0000
 40
0.1500
 41
0.1500
 70
0
  0
VERTEX
  8
16
 10
117.6435
 20
75.1721
 30
0.0000
 42
1.0000
  0
VERTEX
  8
16
 10
117.7495
 20
75.0661
 30
0.0000
  0
SEQEND
  8
0
  0
POLYLINE
  8
16
 66
1
 10
0.0000
 20
0.0000
 30
0.0000
 40
0.3000
 41
0.3000
 70
0
  0
VERTEX
  8
16
 10
117.8959
 20
75.3185
 30
0.0000
  0
VERTEX
  8
16
 10
117.9968
 20
75.5621
 30
0.0000
  0
SEQEND
  8
0
  0
POLYLINE
  8
16
 66
1
 10
0.0000
 20
0.0000
 30
0.0000
 40
0.1500
 41
0.1500
 70
0
  0
VERTEX
  8
16
 10
118.0661
 20
75.5334
 30
0.0000
 42
1.0000
  0
VERTEX
  8
16
 10
117.9275
 20
75.5908
 30
0.0000
  0
SEQEND
  8
0
  0
POLYLINE
  8
16
 66
1
 10
0.0000
 20
0.0000
 30
0.0000
 40
0.1500
 41
0.1500
 70
0
  0
VERTEX
  8
16
 10
117.8266
 20
75.3472
 30
0.0000
 42
1.0000
  0
VERTEX
  8
16
 10
117.9652
 20
75.2898
 30
0.0000
  0
SEQEND
  8
0
  0
POLYLINE
  8
16
 66
1
 10
0.0000
 20
0.0000
 30
0.0000
 40
0.3000
 41
0.3000
 70
0
  0
VERTEX
  8
16
 10
117.9968
 20
75.5621
 30
0.0000
  0
VERTEX
  8
16
 10
117.9968
 20
73.8203
 30
0.0000
  0
SEQEND
  8
0
  0
POLYLINE
  8
16
 66
1
 10
0.0000
 20
0.0000
 30
0.0000
 40
0.1500
 41
0.1500
 70
0
  0
VERTEX
  8
16
 10
117.9218
 20
73.8203
 30
0.0000
 42
1.0000
  0
VERTEX
  8
16
 10
118.0718
 20
73.8203
 30
0.0000
  0
SEQEND
  8
0
  0
POLYLINE
  8
16
 66
1
 10
0.0000
 20
0.0000
 30
0.0000
 40
0.1500
 41
0.1500
 70
0
  0
VERTEX
  8
16
 10
118.0718
 20
75.5621
 30
0.0000
 42
1.0000
  0
VERTEX
  8
16
 10
117.9218
 20
75.5621
 30
0.0000
  0
SEQEND
  8
0
  0
POLYLINE
  8
16
 66
1
 10
0.0000
 20
0.0000
 30
0.0000
 40
0.3000
 41
0.3000
 70
0
  0
VERTEX
  8
16
 10
117.9968
 20
73.8203
 30
0.0000
  0
VERTEX
  8
16
 10
115.7032
 20
70.1497
 30
0.0000
  0
SEQEND
  8
0
  0
POLYLINE
  8
16
 66
1
 10
0.0000
 20
0.0000
 30
0.0000
 40
0.1500
 41
0.1500
 70
0
  0
VERTEX
  8
16
 10
115.6396
 20
70.1895
 30
0.0000
 42
1.0000
  0
VERTEX
  8
16
 10
115.7668
 20
70.1100
 30
0.0000
  0
SEQEND
  8
0
  0
POLYLINE
  8
16
 66
1
 10
0.0000
 20
0.0000
 30
0.0000
 40
0.1500
 41
0.1500
 70
0
  0
VERTEX
  8
16
 10
118.0604
 20
73.7806
 30
0.0000
 42
1.0000
  0
VERTEX
  8
16
 10
117.9332
 20
73.8601
 30
0.0000
  0
SEQEND
  8
0
  0
POLYLINE
  8
16
 66
1
 10
0.0000
 20
0.0000
 30
0.0000
 40
0.3000
 41
0.3000
 70
0
  0
VERTEX
  8
16
 10
115.7032
 20
70.1497
 30
0.0000
  0
VERTEX
  8
16
 10
99.3100
 20
70.1497
 30
0.0000
  0
SEQEND
  8
0
  0
POLYLINE
  8
16
 66
1
 10
0.0000
 20
0.0000
 30
0.0000
 40
0.1500
 41
0.1500
 70
0
  0
VERTEX
  8
16
 10
99.3100
 20
70.2247
 30
0.0000
 42
1.0000
  0
VERTEX
  8
16
 10
99.3100
 20
70.0747
 30
0.0000
  0
SEQEND
  8
0
  0
POLYLINE
  8
16
 66
1
 10
0.0000
 20
0.0000
 30
0.0000
 40
0.1500
 41
0.1500
 70
0
  0
VERTEX
  8
16
 10
115.7032
 20
70.0747
 30
0.0000
 42
1.0000
  0
VERTEX
  8
16
 10
115.7032
 20
70.2247
 30
0.0000
  0
SEQEND
  8
0
  0
POLYLINE
  8
16
 66
1
 10
0.0000
 20
0.0000
 30
0.0000
 40
0.3000
 41
0.3000
 70
0
  0
VERTEX
  8
16
 10
99.3100
 20
70.1497
 30
0.0000
  0
VERTEX
  8
16
 10
97.0164
 20
73.8203
 30
0.0000
  0
SEQEND
  8
0
  0
POLYLINE
  8
16
 66
1
 10
0.0000
 20
0.0000
 30
0.0000
 40
0.1500
 41
0.1500
 70
0
  0
VERTEX
  8
16
 10
97.0800
 20
73.8601
 30
0.0000
 42
1.0000
  0
VERTEX
  8
16
 10
96.9528
 20
73.7806
 30
0.0000
  0
SEQEND
  8
0
  0
POLYLINE
  8
16
 66
1
 10
0.0000
 20
0.0000
 30
0.0000
 40
0.1500
 41
0.1500
 70
0
  0
VERTEX
  8
16
 10
99.2464
 20
70.1100
 30
0.0000
 42
1.0000
  0
VERTEX
  8
16
 10
99.3736
 20
70.1895
 30
0.0000
  0
SEQEND
  8
0
  0
POLYLINE
  8
16
 66
1
 10
0.0000
 20
0.0000
 30
0.0000
 40
0.3000
 41
0.3000
 70
0
  0
VERTEX
  8
16
 10
97.0164
 20
73.8203
 30
0.0000
  0
VERTEX
  8
16
 10
97.0164
 20
91.9899
 30
0.0000
  0
SEQEND
  8
0
  0
POLYLINE
  8
16
 66
1
 10
0.0000
 20
0.0000
 30
0.0000
 40
0.1500
 41
0.1500
 70
0
  0
VERTEX
  8
16
 10
97.0914
 20
91.9899
 30
0.0000
 42
1.0000
  0
VERTEX
  8
16
 10
96.9414
 20
91.9899
 30
0.0000
  0
SEQEND
  8
0
  0
POLYLINE
  8
16
 66
1
 10
0.0000
 20
0.0000
 30
0.0000
 40
0.1500
 41
0.1500
 70
0
  0
VERTEX
  8
16
 10
96.9414
 20
73.8203
 30
0.0000
 42
1.0000
  0
VERTEX
  8
16
 10
97.0914
 20
73.8203
 30
0.0000
  0
SEQEND
  8
0
  0
POLYLINE
  8
16
 66
1
 10
0.0000
 20
0.0000
 30
0.0000
 40
0.3000
 41
0.3000
 70
0
  0
VERTEX
  8
16
 10
97.0164
 20
91.9899
 30
0.0000
  0
VERTEX
  8
16
 10
97.0314
 20
92.1039
 30
0.0000
  0
SEQEND
  8
0
  0
POLYLINE
  8
16
 66
1
 10
0.0000
 20
0.0000
 30
0.0000
 40
0.1500
 41
0.1500
 70
0
  0
VERTEX
  8
16
 10
97.1058
 20
92.0941
 30
0.0000
 42
1.0000
  0
VERTEX
  8
16
 10
96.9571
 20
92.1137
 30
0.0000
  0
SEQEND
  8
0
  0
POLYLINE
  8
16
 66
1
 10
0.0000
 20
0.0000
 30
0.0000
 40
0.1500
 41
0.1500
 70
0
  0
VERTEX
  8
16
 10
96.9421
 20
91.9997
 30
0.0000
 42
1.0000
  0
VERTEX
  8
16
 10
97.0908
 20
91.9801
 30
0.0000
  0
SEQEND
  8
0
  0
POLYLINE
  8
16
 66
1
 10
0.0000
 20
0.0000
 30
0.0000
 40
0.3000
 41
0.3000
 70
0
  0
VERTEX
  8
16
 10
97.0314
 20
92.1039
 30
0.0000
  0
VERTEX
  8
16
 10
97.1453
 20
92.3012
 30
0.0000
  0
SEQEND
  8
0
  0
POLYLINE
  8
16
 66
1
 10
0.0000
 20
0.0000
 30
0.0000
 40
0.1500
 41
0.1500
 70
0
  0
VERTEX
  8
16
 10
97.2103
 20
92.2637
 30
0.0000
 42
1.0000
  0
VERTEX
  8
16
 10
97.0804
 20
92.3387
 30
0.0000
  0
SEQEND
  8
0
  0
POLYLINE
  8
16
 66
1
 10
0.0000
 20
0.0000
 30
0.0000
 40
0.1500
 41
0.1500
 70
0
  0
VERTEX
  8
16
 10
96.9665
 20
92.1414
 30
0.0000
 42
1.0000
  0
VERTEX
  8
16
 10
97.0964
 20
92.0664
 30
0.0000
  0
SEQEND
  8
0
  0
POLYLINE
  8
16
 66
1
 10
0.0000
 20
0.0000
 30
0.0000
 40
0.3000
 41
0.3000
 70
0
  0
VERTEX
  8
16
 10
97.1453
 20
92.3012
 30
0.0000
  0
VERTEX
  8
16
 10
97.3427
 20
92.4151
 30
0.0000
  0
SEQEND
  8
0
  0
POLYLINE
  8
16
 66
1
 10
0.0000
 20
0.0000
 30
0.0000
 40
0.1500
 41
0.1500
 70
0
  0
VERTEX
  8
16
 10
97.3802
 20
92.3502
 30
0.0000
 42
1.0000
  0
VERTEX
  8
16
 10
97.3052
 20
92.4801
 30
0.0000
  0
SEQEND
  8
0
  0
POLYLINE
  8
16
 66
1
 10
0.0000
 20
0.0000
 30
0.0000
 40
0.1500
 41
0.1500
 70
0
  0
VERTEX
  8
16
 10
97.1078
 20
92.3662
 30
0.0000
 42
1.0000
  0
VERTEX
  8
16
 10
97.1828
 20
92.2363
 30
0.0000
  0
SEQEND
  8
0
  0
POLYLINE
  8
16
 66
1
 10
0.0000
 20
0.0000
 30
0.0000
 40
0.3000
 41
0.3000
 70
0
  0
VERTEX
  8
16
 10
97.3427
 20
92.4151
 30
0.0000
  0
VERTEX
  8
16
 10
97.4566
 20
92.4301
 30
0.0000
  0
SEQEND
  8
0
  0
POLYLINE
  8
16
 66
1
 10
0.0000
 20
0.0000
 30
0.0000
 40
0.1500
 41
0.1500
 70
0
  0
VERTEX
  8
16
 10
97.4664
 20
92.3558
 30
0.0000
 42
1.0000
  0
VERTEX
  8
16
 10
97.4468
 20
92.5045
 30
0.0000
  0
SEQEND
  8
0
  0
POLYLINE
  8
16
 66
1
 10
0.0000
 20
0.0000
 30
0.0000
 40
0.1500
 41
0.1500
 70
0
  0
VERTEX
  8
16
 10
97.3329
 20
92.4895
 30
0.0000
 42
1.0000
  0
VERTEX
  8
16
 10
97.3525
 20
92.3408
 30
0.0000
  0
SEQEND
  8
0
  0
POLYLINE
  8
16
 66
1
 10
0.0000
 20
0.0000
 30
0.0000
 40
0.3000
 41
0.3000
 70
0
  0
VERTEX
  8
16
 10
97.4566
 20
92.4301
 30
0.0000
  0
VERTEX
  8
16
 10
117.5566
 20
92.4301
 30
0.0000
  0
SEQEND
  8
0
  0
POLYLINE
  8
16
 66
1
 10
0.0000
 20
0.0000
 30
0.0000
 40
0.1500
 41
0.1500
 70
0
  0
VERTEX
  8
16
 10
117.5566
 20
92.3551
 30
0.0000
 42
1.0000
  0
VERTEX
  8
16
 10
117.5566
 20
92.5051
 30
0.0000
  0
SEQEND
  8
0
  0
POLYLINE
  8
16
 66
1
 10
0.0000
 20
0.0000
 30
0.0000
 40
0.1500
 41
0.1500
 70
0
  0
VERTEX
  8
16
 10
97.4566
 20
92.5051
 30
0.0000
 42
1.0000
  0
VERTEX
  8
16
 10
97.4566
 20
92.3551
 30
0.0000
  0
SEQEND
  8
0
  0
POLYLINE
  8
16
 66
1
 10
0.0000
 20
0.0000
 30
0.0000
 40
0.3000
 41
0.3000
 70
0
  0
VERTEX
  8
16
 10
117.5566
 20
92.4301
 30
0.0000
  0
VERTEX
  8
16
 10
117.6425
 20
92.4217
 30
0.0000
  0
SEQEND
  8
0
  0
POLYLINE
  8
16
 66
1
 10
0.0000
 20
0.0000
 30
0.0000
 40
0.1500
 41
0.1500
 70
0
  0
VERTEX
  8
16
 10
117.6351
 20
92.3470
 30
0.0000
 42
1.0000
  0
VERTEX
  8
16
 10
117.6498
 20
92.4963
 30
0.0000
  0
SEQEND
  8
0
  0
POLYLINE
  8
16
 66
1
 10
0.0000
 20
0.0000
 30
0.0000
 40
0.1500
 41
0.1500
 70
0
  0
VERTEX
  8
16
 10
117.5639
 20
92.5048
 30
0.0000
 42
1.0000
  0
VERTEX
  8
16
 10
117.5492
 20
92.3555
 30
0.0000
  0
SEQEND
  8
0
  0
POLYLINE
  8
16
 66
1
 10
0.0000
 20
0.0000
 30
0.0000
 40
0.3000
 41
0.3000
 70
0
  0
VERTEX
  8
16
 10
117.6425
 20
92.4217
 30
0.0000
  0
VERTEX
  8
16
 10
117.8011
 20
92.3560
 30
0.0000
  0
SEQEND
  8
0
  0
POLYLINE
  8
16
 66
1
 10
0.0000
 20
0.0000
 30
0.0000
 40
0.1500
 41
0.1500
 70
0
  0
VERTEX
  8
16
 10
117.7724
 20
92.2867
 30
0.0000
 42
1.0000
  0
VERTEX
  8
16
 10
117.8298
 20
92.4252
 30
0.0000
  0
SEQEND
  8
0
  0
POLYLINE
  8
16
 66
1
 10
0.0000
 20
0.0000
 30
0.0000
 40
0.1500
 41
0.1500
 70
0
  0
VERTEX
  8
16
 10
117.6712
 20
92.4910
 30
0.0000
 42
1.0000
  0
VERTEX
  8
16
 10
117.6138
 20
92.3524
 30
0.0000
  0
SEQEND
  8
0
  0
POLYLINE
  8
16
 66
1
 10
0.0000
 20
0.0000
 30
0.0000
 40
0.3000
 41
0.3000
 70
0
  0
VERTEX
  8
16
 10
117.8011
 20
92.3560
 30
0.0000
  0
VERTEX
  8
16
 10
117.9226
 20
92.2345
 30
0.0000
  0
SEQEND
  8
0
  0
POLYLINE
  8
16
 66
1
 10
0.0000
 20
0.0000
 30
0.0000
 40
0.1500
 41
0.1500
 70
0
  0
VERTEX
  8
16
 10
117.8696
 20
92.1815
 30
0.0000
 42
1.0000
  0
VERTEX
  8
16
 10
117.9756
 20
92.2875
 30
0.0000
  0
SEQEND
  8
0
  0
POLYLINE
  8
16
 66
1
 10
0.0000
 20
0.0000
 30
0.0000
 40
0.1500
 41
0.1500
 70
0
  0
VERTEX
  8
16
 10
117.8542
 20
92.4090
 30
0.0000
 42
1.0000
  0
VERTEX
  8
16
 10
117.7481
 20
92.3029
 30
0.0000
  0
SEQEND
  8
0
  0
POLYLINE
  8
16
 66
1
 10
0.0000
 20
0.0000
 30
0.0000
 40
0.3000
 41
0.3000
 70
0
  0
VERTEX
  8
16
 10
117.9226
 20
92.2345
 30
0.0000
  0
VERTEX
  8
16
 10
117.9883
 20
92.0758
 30
0.0000
  0
SEQEND
  8
0
  0
POLYLINE
  8
16
 66
1
 10
0.0000
 20
0.0000
 30
0.0000
 40
0.1500
 41
0.1500
 70
0
  0
VERTEX
  8
16
 10
117.9190
 20
92.0471
 30
0.0000
 42
1.0000
  0
VERTEX
  8
16
 10
118.0576
 20
92.1045
 30
0.0000
  0
SEQEND
  8
0
  0
POLYLINE
  8
16
 66
1
 10
0.0000
 20
0.0000
 30
0.0000
 40
0.1500
 41
0.1500
 70
0
  0
VERTEX
  8
16
 10
117.9919
 20
92.2632
 30
0.0000
 42
1.0000
  0
VERTEX
  8
16
 10
117.8533
 20
92.2058
 30
0.0000
  0
SEQEND
  8
0
  0
POLYLINE
  8
16
 66
1
 10
0.0000
 20
0.0000
 30
0.0000
 40
0.3000
 41
0.3000
 70
0
  0
VERTEX
  8
16
 10
117.9883
 20
92.0758
 30
0.0000
  0
VERTEX
  8
16
 10
117.9968
 20
91.9899
 30
0.0000
  0
SEQEND
  8
0
  0
POLYLINE
  8
16
 66
1
 10
0.0000
 20
0.0000
 30
0.0000
 40
0.1500
 41
0.1500
 70
0
  0
VERTEX
  8
16
 10
117.9221
 20
91.9826
 30
0.0000
 42
1.0000
  0
VERTEX
  8
16
 10
118.0714
 20
91.9973
 30
0.0000
  0
SEQEND
  8
0
  0
POLYLINE
  8
16
 66
1
 10
0.0000
 20
0.0000
 30
0.0000
 40
0.1500
 41
0.1500
 70
0
  0
VERTEX
  8
16
 10
118.0630
 20
92.0832
 30
0.0000
 42
1.0000
  0
VERTEX
  8
16
 10
117.9137
 20
92.0685
 30
0.0000
  0
SEQEND
  8
0
  0
POLYLINE
  8
16
 66
1
 10
0.0000
 20
0.0000
 30
0.0000
 40
0.3000
 41
0.3000
 70
0
  0
VERTEX
  8
16
 10
117.9968
 20
91.9899
 30
0.0000
  0
VERTEX
  8
16
 10
117.9968
 20
77.9363
 30
0.0000
  0
SEQEND
  8
0
  0
POLYLINE
  8
16
 66
1
 10
0.0000
 20
0.0000
 30
0.0000
 40
0.1500
 41
0.1500
 70
0
  0
VERTEX
  8
16
 10
117.9218
 20
77.9363
 30
0.0000
 42
1.0000
  0
VERTEX
  8
16
 10
118.0718
 20
77.9363
 30
0.0000
  0
SEQEND
  8
0
  0
POLYLINE
  8
16
 66
1
 10
0.0000
 20
0.0000
 30
0.0000
 40
0.1500
 41
0.1500
 70
0
  0
VERTEX
  8
16
 10
118.0718
 20
91.9899
 30
0.0000
 42
1.0000
  0
VERTEX
  8
16
 10
117.9218
 20
91.9899
 30
0.0000
  0
SEQEND
  8
0
  0
POLYLINE
  8
16
 66
1
 10
0.0000
 20
0.0000
 30
0.0000
 40
0.3000
 41
0.3000
 70
0
  0
VERTEX
  8
16
 10
117.9968
 20
77.9363
 30
0.0000
  0
VERTEX
  8
16
 10
117.7669
 20
78.1662
 30
0.0000
  0
SEQEND
  8
0
  0
POLYLINE
  8
16
 66
1
 10
0.0000
 20
0.0000
 30
0.0000
 40
0.1500
 41
0.1500
 70
0
  0
VERTEX
  8
16
 10
117.8199
 20
78.2192
 30
0.0000
 42
1.0000
  0
VERTEX
  8
16
 10
117.7138
 20
78.1131
 30
0.0000
  0
SEQEND
  8
0
  0
POLYLINE
  8
16
 66
1
 10
0.0000
 20
0.0000
 30
0.0000
 40
0.1500
 41
0.1500
 70
0
  0
VERTEX
  8
16
 10
117.9437
 20
77.8832
 30
0.0000
 42
1.0000
  0
VERTEX
  8
16
 10
118.0498
 20
77.9893
 30
0.0000
  0
SEQEND
  8
0
  0
POLYLINE
  8
16
 66
1
 10
0.0000
 20
0.0000
 30
0.0000
 40
0.3000
 41
0.3000
 70
0
  0
VERTEX
  8
16
 10
117.7669
 20
78.1662
 30
0.0000
  0
VERTEX
  8
16
 10
117.4607
 20
78.2930
 30
0.0000
  0
SEQEND
  8
0
  0
POLYLINE
  8
16
 66
1
 10
0.0000
 20
0.0000
 30
0.0000
 40
0.1500
 41
0.1500
 70
0
  0
VERTEX
  8
16
 10
117.4894
 20
78.3623
 30
0.0000
 42
1.0000
  0
VERTEX
  8
16
 10
117.4320
 20
78.2237
 30
0.0000
  0
SEQEND
  8
0
  0
POLYLINE
  8
16
 66
1
 10
0.0000
 20
0.0000
 30
0.0000
 40
0.1500
 41
0.1500
 70
0
  0
VERTEX
  8
16
 10
117.7382
 20
78.0969
 30
0.0000
 42
1.0000
  0
VERTEX
  8
16
 10
117.7956
 20
78.2355
 30
0.0000
  0
SEQEND
  8
0
  0
POLYLINE
  8
16
 66
1
 10
0.0000
 20
0.0000
 30
0.0000
 40
0.3000
 41
0.3000
 70
0
  0
VERTEX
  8
16
 10
117.4607
 20
78.2930
 30
0.0000
  0
VERTEX
  8
16
 10
117.1293
 20
78.2930
 30
0.0000
  0
SEQEND
  8
0
  0
POLYLINE
  8
16
 66
1
 10
0.0000
 20
0.0000
 30
0.0000
 40
0.1500
 41
0.1500
 70
0
  0
VERTEX
  8
16
 10
117.1293
 20
78.3680
 30
0.0000
 42
1.0000
  0
VERTEX
  8
16
 10
117.1293
 20
78.2180
 30
0.0000
  0
SEQEND
  8
0
  0
POLYLINE
  8
16
 66
1
 10
0.0000
 20
0.0000
 30
0.0000
 40
0.1500
 41
0.1500
 70
0
  0
VERTEX
  8
16
 10
117.4607
 20
78.2180
 30
0.0000
 42
1.0000
  0
VERTEX
  8
16
 10
117.4607
 20
78.3680
 30
0.0000
  0
SEQEND
  8
0
  0
POLYLINE
  8
16
 66
1
 10
0.0000
 20
0.0000
 30
0.0000
 40
0.3000
 41
0.3000
 70
0
  0
VERTEX
  8
16
 10
117.1293
 20
78.2930
 30
0.0000
  0
VERTEX
  8
16
 10
116.8231
 20
78.1662
 30
0.0000
  0
SEQEND
  8
0
  0
POLYLINE
  8
16
 66
1
 10
0.0000
 20
0.0000
 30
0.0000
 40
0.1500
 41
0.1500
 70
0
  0
VERTEX
  8
16
 10
116.7944
 20
78.2355
 30
0.0000
 42
1.0000
  0
VERTEX
  8
16
 10
116.8518
 20
78.0969
 30
0.0000
  0
SEQEND
  8
0
  0
POLYLINE
  8
16
 66
1
 10
0.0000
 20
0.0000
 30
0.0000
 40
0.1500
 41
0.1500
 70
0
  0
VERTEX
  8
16
 10
117.1580
 20
78.2237
 30
0.0000
 42
1.0000
  0
VERTEX
  8
16
 10
117.1006
 20
78.3623
 30
0.0000
  0
SEQEND
  8
0
  0
POLYLINE
  8
16
 66
1
 10
0.0000
 20
0.0000
 30
0.0000
 40
0.3000
 41
0.3000
 70
0
  0
VERTEX
  8
16
 10
116.8231
 20
78.1662
 30
0.0000
  0
VERTEX
  8
16
 10
116.5888
 20
77.9319
 30
0.0000
  0
SEQEND
  8
0
  0
POLYLINE
  8
16
 66
1
 10
0.0000
 20
0.0000
 30
0.0000
 40
0.1500
 41
0.1500
 70
0
  0
VERTEX
  8
16
 10
116.5358
 20
77.9849
 30
0.0000
 42
1.0000
  0
VERTEX
  8
16
 10
116.6418
 20
77.8788
 30
0.0000
  0
SEQEND
  8
0
  0
POLYLINE
  8
16
 66
1
 10
0.0000
 20
0.0000
 30
0.0000
 40
0.1500
 41
0.1500
 70
0
  0
VERTEX
  8
16
 10
116.8762
 20
78.1131
 30
0.0000
 42
1.0000
  0
VERTEX
  8
16
 10
116.7701
 20
78.2192
 30
0.0000
  0
SEQEND
  8
0
  0
POLYLINE
  8
16
 66
1
 10
0.0000
 20
0.0000
 30
0.0000
 40
0.3000
 41
0.3000
 70
0
  0
VERTEX
  8
16
 10
116.5888
 20
77.9319
 30
0.0000
  0
VERTEX
  8
16
 10
116.4620
 20
77.6257
 30
0.0000
  0
SEQEND
  8
0
  0
POLYLINE
  8
16
 66
1
 10
0.0000
 20
0.0000
 30
0.0000
 40
0.1500
 41
0.1500
 70
0
  0
VERTEX
  8
16
 10
116.3927
 20
77.6544
 30
0.0000
 42
1.0000
  0
VERTEX
  8
16
 10
116.5313
 20
77.5970
 30
0.0000
  0
SEQEND
  8
0
  0
POLYLINE
  8
16
 66
1
 10
0.0000
 20
0.0000
 30
0.0000
 40
0.1500
 41
0.1500
 70
0
  0
VERTEX
  8
16
 10
116.6581
 20
77.9032
 30
0.0000
 42
1.0000
  0
VERTEX
  8
16
 10
116.5195
 20
77.9606
 30
0.0000
  0
SEQEND
  8
0
  0
POLYLINE
  8
16
 66
1
 10
0.0000
 20
0.0000
 30
0.0000
 40
0.3000
 41
0.3000
 70
0
  0
VERTEX
  8
16
 10
116.4620
 20
77.6257
 30
0.0000
  0
VERTEX
  8
16
 10
116.4620
 20
77.4867
 30
0.0000
  0
SEQEND
  8
0
  0
POLYLINE
  8
16
 66
1
 10
0.0000
 20
0.0000
 30
0.0000
 40
0.1500
 41
0.1500
 70
0
  0
VERTEX
  8
16
 10
116.3870
 20
77.4867
 30
0.0000
 42
1.0000
  0
VERTEX
  8
16
 10
116.5370
 20
77.4867
 30
0.0000
  0
SEQEND
  8
0
  0
POLYLINE
  8
16
 66
1
 10
0.0000
 20
0.0000
 30
0.0000
 40
0.1500
 41
0.1500
 70
0
  0
VERTEX
  8
16
 10
116.5370
 20
77.6257
 30
0.0000
 42
1.0000
  0
VERTEX
  8
16
 10
116.3870
 20
77.6257
 30
0.0000
  0
SEQEND
  8
0
  0
POLYLINE
  8
16
 66
1
 10
0.0000
 20
0.0000
 30
0.0000
 40
0.3000
 41
0.3000
 70
0
  0
VERTEX
  8
16
 10
116.4620
 20
77.4867
 30
0.0000
  0
VERTEX
  8
16
 10
114.0475
 20
79.9012
 30
0.0000
  0
SEQEND
  8
0
  0
POLYLINE
  8
16
 66
1
 10
0.0000
 20
0.0000
 30
0.0000
 40
0.1500
 41
0.1500
 70
0
  0
VERTEX
  8
16
 10
114.1005
 20
79.9542
 30
0.0000
 42
1.0000
  0
VERTEX
  8
16
 10
113.9945
 20
79.8482
 30
0.0000
  0
SEQEND
  8
0
  0
POLYLINE
  8
16
 66
1
 10
0.0000
 20
0.0000
 30
0.0000
 40
0.1500
 41
0.1500
 70
0
  0
VERTEX
  8
16
 10
116.4090
 20
77.4337
 30
0.0000
 42
1.0000
  0
VERTEX
  8
16
 10
116.5150
 20
77.5397
 30
0.0000
  0
SEQEND
  8
0
  0
POLYLINE
  8
16
 66
1
 10
0.0000
 20
0.0000
 30
0.0000
 40
0.3000
 41
0.3000
 70
0
  0
VERTEX
  8
16
 10
114.0475
 20
79.9012
 30
0.0000
  0
VERTEX
  8
16
 10
115.6510
 20
79.9012
 30
0.0000
  0
SEQEND
  8
0
  0
POLYLINE
  8
16
 66
1
 10
0.0000
 20
0.0000
 30
0.0000
 40
0.1500
 41
0.1500
 70
0
  0
VERTEX
  8
16
 10
115.6510
 20
79.8262
 30
0.0000
 42
1.0000
  0
VERTEX
  8
16
 10
115.6510
 20
79.9762
 30
0.0000
  0
SEQEND
  8
0
  0
POLYLINE
  8
16
 66
1
 10
0.0000
 20
0.0000
 30
0.0000
 40
0.1500
 41
0.1500
 70
0
  0
VERTEX
  8
16
 10
114.0475
 20
79.9762
 30
0.0000
 42
1.0000
  0
VERTEX
  8
16
 10
114.0475
 20
79.8262
 30
0.0000
  0
SEQEND
  8
0
  0
POLYLINE
  8
16
 66
1
 10
0.0000
 20
0.0000
 30
0.0000
 40
0.3000
 41
0.3000
 70
0
  0
VERTEX
  8
16
 10
115.6510
 20
79.9012
 30
0.0000
  0
VERTEX
  8
16
 10
115.9115
 20
80.0091
 30
0.0000
  0
SEQEND
  8
0
  0
POLYLINE
  8
16
 66
1
 10
0.0000
 20
0.0000
 30
0.0000
 40
0.1500
 41
0.1500
 70
0
  0
VERTEX
  8
16
 10
115.9402
 20
79.9398
 30
0.0000
 42
1.0000
  0
VERTEX
  8
16
 10
115.8828
 20
80.0784
 30
0.0000
  0
SEQEND
  8
0
  0
POLYLINE
  8
16
 66
1
 10
0.0000
 20
0.0000
 30
0.0000
 40
0.1500
 41
0.1500
 70
0
  0
VERTEX
  8
16
 10
115.6223
 20
79.9705
 30
0.0000
 42
1.0000
  0
VERTEX
  8
16
 10
115.6797
 20
79.8319
 30
0.0000
  0
SEQEND
  8
0
  0
POLYLINE
  8
16
 66
1
 10
0.0000
 20
0.0000
 30
0.0000
 40
0.3000
 41
0.3000
 70
0
  0
VERTEX
  8
16
 10
115.9115
 20
80.0091
 30
0.0000
  0
VERTEX
  8
16
 10
116.8143
 20
80.9119
 30
0.0000
  0
SEQEND
  8
0
  0
POLYLINE
  8
16
 66
1
 10
0.0000
 20
0.0000
 30
0.0000
 40
0.1500
 41
0.1500
 70
0
  0
VERTEX
  8
16
 10
116.8673
 20
80.8589
 30
0.0000
 42
1.0000
  0
VERTEX
  8
16
 10
116.7613
 20
80.9649
 30
0.0000
  0
SEQEND
  8
0
  0
POLYLINE
  8
16
 66
1
 10
0.0000
 20
0.0000
 30
0.0000
 40
0.1500
 41
0.1500
 70
0
  0
VERTEX
  8
16
 10
115.8585
 20
80.0621
 30
0.0000
 42
1.0000
  0
VERTEX
  8
16
 10
115.9645
 20
79.9561
 30
0.0000
  0
SEQEND
  8
0
  0
POLYLINE
  8
16
 66
1
 10
0.0000
 20
0.0000
 30
0.0000
 40
0.3000
 41
0.3000
 70
0
  0
VERTEX
  8
16
 10
116.8143
 20
80.9119
 30
0.0000
  0
VERTEX
  8
16
 10
117.0137
 20
81.1113
 30
0.0000
  0
SEQEND
  8
0
  0
POLYLINE
  8
16
 66
1
 10
0.0000
 20
0.0000
 30
0.0000
 40
0.1500
 41
0.1500
 70
0
  0
VERTEX
  8
16
 10
117.0667
 20
81.0583
 30
0.0000
 42
1.0000
  0
VERTEX
  8
16
 10
116.9607
 20
81.1643
 30
0.0000
  0
SEQEND
  8
0
  0
POLYLINE
  8
16
 66
1
 10
0.0000
 20
0.0000
 30
0.0000
 40
0.1500
 41
0.1500
 70
0
  0
VERTEX
  8
16
 10
116.7613
 20
80.9649
 30
0.0000
 42
1.0000
  0
VERTEX
  8
16
 10
116.8673
 20
80.8589
 30
0.0000
  0
SEQEND
  8
0
  0
POLYLINE
  8
16
 66
1
 10
0.0000
 20
0.0000
 30
0.0000
 40
0.3000
 41
0.3000
 70
0
  0
VERTEX
  8
16
 10
117.0137
 20
81.1113
 30
0.0000
  0
VERTEX
  8
16
 10
117.1216
 20
81.3718
 30
0.0000
  0
SEQEND
  8
0
  0
POLYLINE
  8
16
 66
1
 10
0.0000
 20
0.0000
 30
0.0000
 40
0.1500
 41
0.1500
 70
0
  0
VERTEX
  8
16
 10
117.1909
 20
81.3431
 30
0.0000
 42
1.0000
  0
VERTEX
  8
16
 10
117.0523
 20
81.4005
 30
0.0000
  0
SEQEND
  8
0
  0
POLYLINE
  8
16
 66
1
 10
0.0000
 20
0.0000
 30
0.0000
 40
0.1500
 41
0.1500
 70
0
  0
VERTEX
  8
16
 10
116.9444
 20
81.1400
 30
0.0000
 42
1.0000
  0
VERTEX
  8
16
 10
117.0830
 20
81.0826
 30
0.0000
  0
SEQEND
  8
0
  0
POLYLINE
  8
16
 66
1
 10
0.0000
 20
0.0000
 30
0.0000
 40
0.3000
 41
0.3000
 70
0
  0
VERTEX
  8
16
 10
117.1216
 20
81.3718
 30
0.0000
  0
VERTEX
  8
16
 10
117.1216
 20
82.9117
 30
0.0000
  0
SEQEND
  8
0
  0
POLYLINE
  8
16
 66
1
 10
0.0000
 20
0.0000
 30
0.0000
 40
0.1500
 41
0.1500
 70
0
  0
VERTEX
  8
16
 10
117.1966
 20
82.9117
 30
0.0000
 42
1.0000
  0
VERTEX
  8
16
 10
117.0466
 20
82.9117
 30
0.0000
  0
SEQEND
  8
0
  0
POLYLINE
  8
16
 66
1
 10
0.0000
 20
0.0000
 30
0.0000
 40
0.1500
 41
0.1500
 70
0
  0
VERTEX
  8
16
 10
117.0466
 20
81.3718
 30
0.0000
 42
1.0000
  0
VERTEX
  8
16
 10
117.1966
 20
81.3718
 30
0.0000
  0
SEQEND
  8
0
  0
POLYLINE
  8
16
 66
1
 10
0.0000
 20
0.0000
 30
0.0000
 40
0.3000
 41
0.3000
 70
0
  0
VERTEX
  8
16
 10
117.1216
 20
82.9117
 30
0.0000
  0
VERTEX
  8
16
 10
117.2458
 20
83.2115
 30
0.0000
  0
SEQEND
  8
0
  0
POLYLINE
  8
16
 66
1
 10
0.0000
 20
0.0000
 30
0.0000
 40
0.1500
 41
0.1500
 70
0
  0
VERTEX
  8
16
 10
117.3151
 20
83.1828
 30
0.0000
 42
1.0000
  0
VERTEX
  8
16
 10
117.1765
 20
83.2402
 30
0.0000
  0
SEQEND
  8
0
  0
POLYLINE
  8
16
 66
1
 10
0.0000
 20
0.0000
 30
0.0000
 40
0.1500
 41
0.1500
 70
0
  0
VERTEX
  8
16
 10
117.0523
 20
82.9404
 30
0.0000
 42
1.0000
  0
VERTEX
  8
16
 10
117.1909
 20
82.8830
 30
0.0000
  0
SEQEND
  8
0
  0
POLYLINE
  8
16
 66
1
 10
0.0000
 20
0.0000
 30
0.0000
 40
0.3000
 41
0.3000
 70
0
  0
VERTEX
  8
16
 10
117.2458
 20
83.2115
 30
0.0000
  0
VERTEX
  8
16
 10
117.2458
 20
83.5429
 30
0.0000
  0
SEQEND
  8
0
  0
POLYLINE
  8
16
 66
1
 10
0.0000
 20
0.0000
 30
0.0000
 40
0.1500
 41
0.1500
 70
0
  0
VERTEX
  8
16
 10
117.3208
 20
83.5429
 30
0.0000
 42
1.0000
  0
VERTEX
  8
16
 10
117.1708
 20
83.5429
 30
0.0000
  0
SEQEND
  8
0
  0
POLYLINE
  8
16
 66
1
 10
0.0000
 20
0.0000
 30
0.0000
 40
0.1500
 41
0.1500
 70
0
  0
VERTEX
  8
16
 10
117.1708
 20
83.2115
 30
0.0000
 42
1.0000
  0
VERTEX
  8
16
 10
117.3208
 20
83.2115
 30
0.0000
  0
SEQEND
  8
0
  0
POLYLINE
  8
16
 66
1
 10
0.0000
 20
0.0000
 30
0.0000
 40
0.3000
 41
0.3000
 70
0
  0
VERTEX
  8
16
 10
117.2458
 20
83.5429
 30
0.0000
  0
VERTEX
  8
16
 10
117.1190
 20
83.8491
 30
0.0000
  0
SEQEND
  8
0
  0
POLYLINE
  8
16
 66
1
 10
0.0000
 20
0.0000
 30
0.0000
 40
0.1500
 41
0.1500
 70
0
  0
VERTEX
  8
16
 10
117.1883
 20
83.8778
 30
0.0000
 42
1.0000
  0
VERTEX
  8
16
 10
117.0497
 20
83.8204
 30
0.0000
  0
SEQEND
  8
0
  0
POLYLINE
  8
16
 66
1
 10
0.0000
 20
0.0000
 30
0.0000
 40
0.1500
 41
0.1500
 70
0
  0
VERTEX
  8
16
 10
117.1765
 20
83.5142
 30
0.0000
 42
1.0000
  0
VERTEX
  8
16
 10
117.3151
 20
83.5716
 30
0.0000
  0
SEQEND
  8
0
  0
POLYLINE
  8
16
 66
1
 10
0.0000
 20
0.0000
 30
0.0000
 40
0.3000
 41
0.3000
 70
0
  0
VERTEX
  8
16
 10
117.1190
 20
83.8491
 30
0.0000
  0
VERTEX
  8
16
 10
116.8847
 20
84.0834
 30
0.0000
  0
SEQEND
  8
0
  0
POLYLINE
  8
16
 66
1
 10
0.0000
 20
0.0000
 30
0.0000
 40
0.1500
 41
0.1500
 70
0
  0
VERTEX
  8
16
 10
116.9377
 20
84.1364
 30
0.0000
 42
1.0000
  0
VERTEX
  8
16
 10
116.8316
 20
84.0303
 30
0.0000
  0
SEQEND
  8
0
  0
POLYLINE
  8
16
 66
1
 10
0.0000
 20
0.0000
 30
0.0000
 40
0.1500
 41
0.1500
 70
0
  0
VERTEX
  8
16
 10
117.0659
 20
83.7960
 30
0.0000
 42
1.0000
  0
VERTEX
  8
16
 10
117.1720
 20
83.9021
 30
0.0000
  0
SEQEND
  8
0
  0
POLYLINE
  8
16
 66
1
 10
0.0000
 20
0.0000
 30
0.0000
 40
0.3000
 41
0.3000
 70
0
  0
VERTEX
  8
16
 10
116.8847
 20
84.0834
 30
0.0000
  0
VERTEX
  8
16
 10
116.5785
 20
84.2102
 30
0.0000
  0
SEQEND
  8
0
  0
POLYLINE
  8
16
 66
1
 10
0.0000
 20
0.0000
 30
0.0000
 40
0.1500
 41
0.1500
 70
0
  0
VERTEX
  8
16
 10
116.6072
 20
84.2795
 30
0.0000
 42
1.0000
  0
VERTEX
  8
16
 10
116.5498
 20
84.1409
 30
0.0000
  0
SEQEND
  8
0
  0
POLYLINE
  8
16
 66
1
 10
0.0000
 20
0.0000
 30
0.0000
 40
0.1500
 41
0.1500
 70
0
  0
VERTEX
  8
16
 10
116.8560
 20
84.0141
 30
0.0000
 42
1.0000
  0
VERTEX
  8
16
 10
116.9134
 20
84.1527
 30
0.0000
  0
SEQEND
  8
0
  0
POLYLINE
  8
16
 66
1
 10
0.0000
 20
0.0000
 30
0.0000
 40
0.3000
 41
0.3000
 70
0
  0
VERTEX
  8
16
 10
116.5785
 20
84.2102
 30
0.0000
  0
VERTEX
  8
16
 10
116.2471
 20
84.2102
 30
0.0000
  0
SEQEND
  8
0
  0
POLYLINE
  8
16
 66
1
 10
0.0000
 20
0.0000
 30
0.0000
 40
0.1500
 41
0.1500
 70
0
  0
VERTEX
  8
16
 10
116.2471
 20
84.2852
 30
0.0000
 42
1.0000
  0
VERTEX
  8
16
 10
116.2471
 20
84.1352
 30
0.0000
  0
SEQEND
  8
0
  0
POLYLINE
  8
16
 66
1
 10
0.0000
 20
0.0000
 30
0.0000
 40
0.1500
 41
0.1500
 70
0
  0
VERTEX
  8
16
 10
116.5785
 20
84.1352
 30
0.0000
 42
1.0000
  0
VERTEX
  8
16
 10
116.5785
 20
84.2852
 30
0.0000
  0
SEQEND
  8
0
  0
POLYLINE
  8
16
 66
1
 10
0.0000
 20
0.0000
 30
0.0000
 40
0.3000
 41
0.3000
 70
0
  0
VERTEX
  8
16
 10
116.2471
 20
84.2102
 30
0.0000
  0
VERTEX
  8
16
 10
115.9409
 20
84.0834
 30
0.0000
  0
SEQEND
  8
0
  0
POLYLINE
  8
16
 66
1
 10
0.0000
 20
0.0000
 30
0.0000
 40
0.1500
 41
0.1500
 70
0
  0
VERTEX
  8
16
 10
115.9122
 20
84.1527
 30
0.0000
 42
1.0000
  0
VERTEX
  8
16
 10
115.9696
 20
84.0141
 30
0.0000
  0
SEQEND
  8
0
  0
POLYLINE
  8
16
 66
1
 10
0.0000
 20
0.0000
 30
0.0000
 40
0.1500
 41
0.1500
 70
0
  0
VERTEX
  8
16
 10
116.2758
 20
84.1409
 30
0.0000
 42
1.0000
  0
VERTEX
  8
16
 10
116.2184
 20
84.2795
 30
0.0000
  0
SEQEND
  8
0
  0
POLYLINE
  8
16
 66
1
 10
0.0000
 20
0.0000
 30
0.0000
 40
0.3000
 41
0.3000
 70
0
  0
VERTEX
  8
16
 10
115.9409
 20
84.0834
 30
0.0000
  0
VERTEX
  8
16
 10
115.7066
 20
83.8491
 30
0.0000
  0
SEQEND
  8
0
  0
POLYLINE
  8
16
 66
1
 10
0.0000
 20
0.0000
 30
0.0000
 40
0.1500
 41
0.1500
 70
0
  0
VERTEX
  8
16
 10
115.6536
 20
83.9021
 30
0.0000
 42
1.0000
  0
VERTEX
  8
16
 10
115.7596
 20
83.7960
 30
0.0000
  0
SEQEND
  8
0
  0
POLYLINE
  8
16
 66
1
 10
0.0000
 20
0.0000
 30
0.0000
 40
0.1500
 41
0.1500
 70
0
  0
VERTEX
  8
16
 10
115.9940
 20
84.0303
 30
0.0000
 42
1.0000
  0
VERTEX
  8
16
 10
115.8879
 20
84.1364
 30
0.0000
  0
SEQEND
  8
0
  0
POLYLINE
  8
16
 66
1
 10
0.0000
 20
0.0000
 30
0.0000
 40
0.3000
 41
0.3000
 70
0
  0
VERTEX
  8
16
 10
115.7066
 20
83.8491
 30
0.0000
  0
VERTEX
  8
16
 10
115.5798
 20
83.5429
 30
0.0000
  0
SEQEND
  8
0
  0
POLYLINE
  8
16
 66
1
 10
0.0000
 20
0.0000
 30
0.0000
 40
0.1500
 41
0.1500
 70
0
  0
VERTEX
  8
16
 10
115.5105
 20
83.5716
 30
0.0000
 42
1.0000
  0
VERTEX
  8
16
 10
115.6491
 20
83.5142
 30
0.0000
  0
SEQEND
  8
0
  0
POLYLINE
  8
16
 66
1
 10
0.0000
 20
0.0000
 30
0.0000
 40
0.1500
 41
0.1500
 70
0
  0
VERTEX
  8
16
 10
115.7759
 20
83.8204
 30
0.0000
 42
1.0000
  0
VERTEX
  8
16
 10
115.6373
 20
83.8778
 30
0.0000
  0
SEQEND
  8
0
  0
POLYLINE
  8
16
 66
1
 10
0.0000
 20
0.0000
 30
0.0000
 40
0.3000
 41
0.3000
 70
0
  0
VERTEX
  8
16
 10
115.5798
 20
83.5429
 30
0.0000
  0
VERTEX
  8
16
 10
115.5798
 20
83.2115
 30
0.0000
  0
SEQEND
  8
0
  0
POLYLINE
  8
16
 66
1
 10
0.0000
 20
0.0000
 30
0.0000
 40
0.1500
 41
0.1500
 70
0
  0
VERTEX
  8
16
 10
115.5048
 20
83.2115
 30
0.0000
 42
1.0000
  0
VERTEX
  8
16
 10
115.6548
 20
83.2115
 30
0.0000
  0
SEQEND
  8
0
  0
POLYLINE
  8
16
 66
1
 10
0.0000
 20
0.0000
 30
0.0000
 40
0.1500
 41
0.1500
 70
0
  0
VERTEX
  8
16
 10
115.6548
 20
83.5429
 30
0.0000
 42
1.0000
  0
VERTEX
  8
16
 10
115.5048
 20
83.5429
 30
0.0000
  0
SEQEND
  8
0
  0
POLYLINE
  8
16
 66
1
 10
0.0000
 20
0.0000
 30
0.0000
 40
0.3000
 41
0.3000
 70
0
  0
VERTEX
  8
16
 10
115.5798
 20
83.2115
 30
0.0000
  0
VERTEX
  8
16
 10
115.7040
 20
82.9117
 30
0.0000
  0
SEQEND
  8
0
  0
POLYLINE
  8
16
 66
1
 10
0.0000
 20
0.0000
 30
0.0000
 40
0.1500
 41
0.1500
 70
0
  0
VERTEX
  8
16
 10
115.6347
 20
82.8830
 30
0.0000
 42
1.0000
  0
VERTEX
  8
16
 10
115.7733
 20
82.9404
 30
0.0000
  0
SEQEND
  8
0
  0
POLYLINE
  8
16
 66
1
 10
0.0000
 20
0.0000
 30
0.0000
 40
0.1500
 41
0.1500
 70
0
  0
VERTEX
  8
16
 10
115.6491
 20
83.2402
 30
0.0000
 42
1.0000
  0
VERTEX
  8
16
 10
115.5105
 20
83.1828
 30
0.0000
  0
SEQEND
  8
0
  0
POLYLINE
  8
16
 66
1
 10
0.0000
 20
0.0000
 30
0.0000
 40
0.3000
 41
0.3000
 70
0
  0
VERTEX
  8
16
 10
115.7040
 20
82.9117
 30
0.0000
  0
VERTEX
  8
16
 10
115.7040
 20
81.8064
 30
0.0000
  0
SEQEND
  8
0
  0
POLYLINE
  8
16
 66
1
 10
0.0000
 20
0.0000
 30
0.0000
 40
0.1500
 41
0.1500
 70
0
  0
VERTEX
  8
16
 10
115.6290
 20
81.8064
 30
0.0000
 42
1.0000
  0
VERTEX
  8
16
 10
115.7790
 20
81.8064
 30
0.0000
  0
SEQEND
  8
0
  0
POLYLINE
  8
16
 66
1
 10
0.0000
 20
0.0000
 30
0.0000
 40
0.1500
 41
0.1500
 70
0
  0
VERTEX
  8
16
 10
115.7790
 20
82.9117
 30
0.0000
 42
1.0000
  0
VERTEX
  8
16
 10
115.6290
 20
82.9117
 30
0.0000
  0
SEQEND
  8
0
  0
POLYLINE
  8
16
 66
1
 10
0.0000
 20
0.0000
 30
0.0000
 40
0.3000
 41
0.3000
 70
0
  0
VERTEX
  8
16
 10
115.7040
 20
81.8064
 30
0.0000
  0
VERTEX
  8
16
 10
115.2164
 20
81.3188
 30
0.0000
  0
SEQEND
  8
0
  0
POLYLINE
  8
16
 66
1
 10
0.0000
 20
0.0000
 30
0.0000
 40
0.1500
 41
0.1500
 70
0
  0
VERTEX
  8
16
 10
115.1634
 20
81.3718
 30
0.0000
 42
1.0000
  0
VERTEX
  8
16
 10
115.2694
 20
81.2658
 30
0.0000
  0
SEQEND
  8
0
  0
POLYLINE
  8
16
 66
1
 10
0.0000
 20
0.0000
 30
0.0000
 40
0.1500
 41
0.1500
 70
0
  0
VERTEX
  8
16
 10
115.7570
 20
81.7534
 30
0.0000
 42
1.0000
  0
VERTEX
  8
16
 10
115.6510
 20
81.8594
 30
0.0000
  0
SEQEND
  8
0
  0
POLYLINE
  8
16
 66
1
 10
0.0000
 20
0.0000
 30
0.0000
 40
0.3000
 41
0.3000
 70
0
  0
VERTEX
  8
16
 10
115.2164
 20
81.3188
 30
0.0000
  0
VERTEX
  8
16
 10
112.1890
 20
81.3188
 30
0.0000
  0
SEQEND
  8
0
  0
POLYLINE
  8
16
 66
1
 10
0.0000
 20
0.0000
 30
0.0000
 40
0.1500
 41
0.1500
 70
0
  0
VERTEX
  8
16
 10
112.1890
 20
81.3938
 30
0.0000
 42
1.0000
  0
VERTEX
  8
16
 10
112.1890
 20
81.2438
 30
0.0000
  0
SEQEND
  8
0
  0
POLYLINE
  8
16
 66
1
 10
0.0000
 20
0.0000
 30
0.0000
 40
0.1500
 41
0.1500
 70
0
  0
VERTEX
  8
16
 10
115.2164
 20
81.2438
 30
0.0000
 42
1.0000
  0
VERTEX
  8
16
 10
115.2164
 20
81.3938
 30
0.0000
  0
SEQEND
  8
0
  0
POLYLINE
  8
16
 66
1
 10
0.0000
 20
0.0000
 30
0.0000
 40
0.3000
 41
0.3000
 70
0
  0
VERTEX
  8
16
 10
112.1890
 20
81.3188
 30
0.0000
  0
VERTEX
  8
16
 10
111.9285
 20
81.2109
 30
0.0000
  0
SEQEND
  8
0
  0
POLYLINE
  8
16
 66
1
 10
0.0000
 20
0.0000
 30
0.0000
 40
0.1500
 41
0.1500
 70
0
  0
VERTEX
  8
16
 10
111.8998
 20
81.2802
 30
0.0000
 42
1.0000
  0
VERTEX
  8
16
 10
111.9572
 20
81.1416
 30
0.0000
  0
SEQEND
  8
0
  0
POLYLINE
  8
16
 66
1
 10
0.0000
 20
0.0000
 30
0.0000
 40
0.1500
 41
0.1500
 70
0
  0
VERTEX
  8
16
 10
112.2177
 20
81.2495
 30
0.0000
 42
1.0000
  0
VERTEX
  8
16
 10
112.1603
 20
81.3881
 30
0.0000
  0
SEQEND
  8
0
  0
POLYLINE
  8
16
 66
1
 10
0.0000
 20
0.0000
 30
0.0000
 40
0.3000
 41
0.3000
 70
0
  0
VERTEX
  8
16
 10
111.9285
 20
81.2109
 30
0.0000
  0
VERTEX
  8
16
 10
111.3538
 20
80.6362
 30
0.0000
  0
SEQEND
  8
0
  0
POLYLINE
  8
16
 66
1
 10
0.0000
 20
0.0000
 30
0.0000
 40
0.1500
 41
0.1500
 70
0
  0
VERTEX
  8
16
 10
111.3008
 20
80.6892
 30
0.0000
 42
1.0000
  0
VERTEX
  8
16
 10
111.4068
 20
80.5832
 30
0.0000
  0
SEQEND
  8
0
  0
POLYLINE
  8
16
 66
1
 10
0.0000
 20
0.0000
 30
0.0000
 40
0.1500
 41
0.1500
 70
0
  0
VERTEX
  8
16
 10
111.9815
 20
81.1579
 30
0.0000
 42
1.0000
  0
VERTEX
  8
16
 10
111.8755
 20
81.2639
 30
0.0000
  0
SEQEND
  8
0
  0
POLYLINE
  8
16
 66
1
 10
0.0000
 20
0.0000
 30
0.0000
 40
0.3000
 41
0.3000
 70
0
  0
VERTEX
  8
16
 10
111.3538
 20
80.6362
 30
0.0000
  0
VERTEX
  8
16
 10
111.2562
 20
80.8719
 30
0.0000
  0
SEQEND
  8
0
  0
POLYLINE
  8
16
 66
1
 10
0.0000
 20
0.0000
 30
0.0000
 40
0.1500
 41
0.1500
 70
0
  0
VERTEX
  8
16
 10
111.3255
 20
80.9006
 30
0.0000
 42
1.0000
  0
VERTEX
  8
16
 10
111.1869
 20
80.8432
 30
0.0000
  0
SEQEND
  8
0
  0
POLYLINE
  8
16
 66
1
 10
0.0000
 20
0.0000
 30
0.0000
 40
0.1500
 41
0.1500
 70
0
  0
VERTEX
  8
16
 10
111.2845
 20
80.6075
 30
0.0000
 42
1.0000
  0
VERTEX
  8
16
 10
111.4231
 20
80.6649
 30
0.0000
  0
SEQEND
  8
0
  0
POLYLINE
  8
16
 66
1
 10
0.0000
 20
0.0000
 30
0.0000
 40
0.3000
 41
0.3000
 70
0
  0
VERTEX
  8
16
 10
111.2562
 20
80.8719
 30
0.0000
  0
VERTEX
  8
16
 10
111.0219
 20
81.1062
 30
0.0000
  0
SEQEND
  8
0
  0
POLYLINE
  8
16
 66
1
 10
0.0000
 20
0.0000
 30
0.0000
 40
0.1500
 41
0.1500
 70
0
  0
VERTEX
  8
16
 10
111.0749
 20
81.1592
 30
0.0000
 42
1.0000
  0
VERTEX
  8
16
 10
110.9688
 20
81.0531
 30
0.0000
  0
SEQEND
  8
0
  0
POLYLINE
  8
16
 66
1
 10
0.0000
 20
0.0000
 30
0.0000
 40
0.1500
 41
0.1500
 70
0
  0
VERTEX
  8
16
 10
111.2031
 20
80.8188
 30
0.0000
 42
1.0000
  0
VERTEX
  8
16
 10
111.3092
 20
80.9249
 30
0.0000
  0
SEQEND
  8
0
  0
POLYLINE
  8
16
 66
1
 10
0.0000
 20
0.0000
 30
0.0000
 40
0.3000
 41
0.3000
 70
0
  0
VERTEX
  8
16
 10
111.0219
 20
81.1062
 30
0.0000
  0
VERTEX
  8
16
 10
110.7157
 20
81.2330
 30
0.0000
  0
SEQEND
  8
0
  0
POLYLINE
  8
16
 66
1
 10
0.0000
 20
0.0000
 30
0.0000
 40
0.1500
 41
0.1500
 70
0
  0
VERTEX
  8
16
 10
110.7444
 20
81.3023
 30
0.0000
 42
1.0000
  0
VERTEX
  8
16
 10
110.6870
 20
81.1637
 30
0.0000
  0
SEQEND
  8
0
  0
POLYLINE
  8
16
 66
1
 10
0.0000
 20
0.0000
 30
0.0000
 40
0.1500
 41
0.1500
 70
0
  0
VERTEX
  8
16
 10
110.9932
 20
81.0369
 30
0.0000
 42
1.0000
  0
VERTEX
  8
16
 10
111.0506
 20
81.1755
 30
0.0000
  0
SEQEND
  8
0
  0
POLYLINE
  8
16
 66
1
 10
0.0000
 20
0.0000
 30
0.0000
 40
0.3000
 41
0.3000
 70
0
  0
VERTEX
  8
16
 10
110.7157
 20
81.2330
 30
0.0000
  0
VERTEX
  8
16
 10
110.3843
 20
81.2330
 30
0.0000
  0
SEQEND
  8
0
  0
POLYLINE
  8
16
 66
1
 10
0.0000
 20
0.0000
 30
0.0000
 40
0.1500
 41
0.1500
 70
0
  0
VERTEX
  8
16
 10
110.3843
 20
81.3080
 30
0.0000
 42
1.0000
  0
VERTEX
  8
16
 10
110.3843
 20
81.1580
 30
0.0000
  0
SEQEND
  8
0
  0
POLYLINE
  8
16
 66
1
 10
0.0000
 20
0.0000
 30
0.0000
 40
0.1500
 41
0.1500
 70
0
  0
VERTEX
  8
16
 10
110.7157
 20
81.1580
 30
0.0000
 42
1.0000
  0
VERTEX
  8
16
 10
110.7157
 20
81.3080
 30
0.0000
  0
SEQEND
  8
0
  0
POLYLINE
  8
16
 66
1
 10
0.0000
 20
0.0000
 30
0.0000
 40
0.3000
 41
0.3000
 70
0
  0
VERTEX
  8
16
 10
110.3843
 20
81.2330
 30
0.0000
  0
VERTEX
  8
16
 10
110.0781
 20
81.1062
 30
0.0000
  0
SEQEND
  8
0
  0
POLYLINE
  8
16
 66
1
 10
0.0000
 20
0.0000
 30
0.0000
 40
0.1500
 41
0.1500
 70
0
  0
VERTEX
  8
16
 10
110.0494
 20
81.1755
 30
0.0000
 42
1.0000
  0
VERTEX
  8
16
 10
110.1068
 20
81.0369
 30
0.0000
  0
SEQEND
  8
0
  0
POLYLINE
  8
16
 66
1
 10
0.0000
 20
0.0000
 30
0.0000
 40
0.1500
 41
0.1500
 70
0
  0
VERTEX
  8
16
 10
110.4130
 20
81.1637
 30
0.0000
 42
1.0000
  0
VERTEX
  8
16
 10
110.3556
 20
81.3023
 30
0.0000
  0
SEQEND
  8
0
  0
POLYLINE
  8
16
 66
1
 10
0.0000
 20
0.0000
 30
0.0000
 40
0.3000
 41
0.3000
 70
0
  0
VERTEX
  8
16
 10
110.0781
 20
81.1062
 30
0.0000
  0
VERTEX
  8
16
 10
109.8438
 20
80.8719
 30
0.0000
  0
SEQEND
  8
0
  0
POLYLINE
  8
16
 66
1
 10
0.0000
 20
0.0000
 30
0.0000
 40
0.1500
 41
0.1500
 70
0
  0
VERTEX
  8
16
 10
109.7908
 20
80.9249
 30
0.0000
 42
1.0000
  0
VERTEX
  8
16
 10
109.8968
 20
80.8188
 30
0.0000
  0
SEQEND
  8
0
  0
POLYLINE
  8
16
 66
1
 10
0.0000
 20
0.0000
 30
0.0000
 40
0.1500
 41
0.1500
 70
0
  0
VERTEX
  8
16
 10
110.1312
 20
81.0531
 30
0.0000
 42
1.0000
  0
VERTEX
  8
16
 10
110.0251
 20
81.1592
 30
0.0000
  0
SEQEND
  8
0
  0
POLYLINE
  8
16
 66
1
 10
0.0000
 20
0.0000
 30
0.0000
 40
0.3000
 41
0.3000
 70
0
  0
VERTEX
  8
16
 10
109.8438
 20
80.8719
 30
0.0000
  0
VERTEX
  8
16
 10
109.7196
 20
80.5720
 30
0.0000
  0
SEQEND
  8
0
  0
POLYLINE
  8
16
 66
1
 10
0.0000
 20
0.0000
 30
0.0000
 40
0.1500
 41
0.1500
 70
0
  0
VERTEX
  8
16
 10
109.6503
 20
80.6007
 30
0.0000
 42
1.0000
  0
VERTEX
  8
16
 10
109.7889
 20
80.5433
 30
0.0000
  0
SEQEND
  8
0
  0
POLYLINE
  8
16
 66
1
 10
0.0000
 20
0.0000
 30
0.0000
 40
0.1500
 41
0.1500
 70
0
  0
VERTEX
  8
16
 10
109.9131
 20
80.8432
 30
0.0000
 42
1.0000
  0
VERTEX
  8
16
 10
109.7745
 20
80.9006
 30
0.0000
  0
SEQEND
  8
0
  0
POLYLINE
  8
16
 66
1
 10
0.0000
 20
0.0000
 30
0.0000
 40
0.3000
 41
0.3000
 70
0
  0
VERTEX
  8
16
 10
109.7196
 20
80.5720
 30
0.0000
  0
VERTEX
  8
16
 10
109.1364
 20
79.9888
 30
0.0000
  0
SEQEND
  8
0
  0
POLYLINE
  8
16
 66
1
 10
0.0000
 20
0.0000
 30
0.0000
 40
0.1500
 41
0.1500
 70
0
  0
VERTEX
  8
16
 10
109.0834
 20
80.0418
 30
0.0000
 42
1.0000
  0
VERTEX
  8
16
 10
109.1894
 20
79.9358
 30
0.0000
  0
SEQEND
  8
0
  0
POLYLINE
  8
16
 66
1
 10
0.0000
 20
0.0000
 30
0.0000
 40
0.1500
 41
0.1500
 70
0
  0
VERTEX
  8
16
 10
109.7726
 20
80.5190
 30
0.0000
 42
1.0000
  0
VERTEX
  8
16
 10
109.6666
 20
80.6250
 30
0.0000
  0
SEQEND
  8
0
  0
POLYLINE
  8
16
 66
1
 10
0.0000
 20
0.0000
 30
0.0000
 40
0.3000
 41
0.3000
 70
0
  0
VERTEX
  8
16
 10
109.1364
 20
79.9888
 30
0.0000
  0
VERTEX
  8
16
 10
105.7790
 20
79.9888
 30
0.0000
  0
SEQEND
  8
0
  0
POLYLINE
  8
16
 66
1
 10
0.0000
 20
0.0000
 30
0.0000
 40
0.1500
 41
0.1500
 70
0
  0
VERTEX
  8
16
 10
105.7790
 20
80.0638
 30
0.0000
 42
1.0000
  0
VERTEX
  8
16
 10
105.7790
 20
79.9138
 30
0.0000
  0
SEQEND
  8
0
  0
POLYLINE
  8
16
 66
1
 10
0.0000
 20
0.0000
 30
0.0000
 40
0.1500
 41
0.1500
 70
0
  0
VERTEX
  8
16
 10
109.1364
 20
79.9138
 30
0.0000
 42
1.0000
  0
VERTEX
  8
16
 10
109.1364
 20
80.0638
 30
0.0000
  0
SEQEND
  8
0
  0
POLYLINE
  8
16
 66
1
 10
0.0000
 20
0.0000
 30
0.0000
 40
0.3000
 41
0.3000
 70
0
  0
VERTEX
  8
16
 10
105.7790
 20
79.9888
 30
0.0000
  0
VERTEX
  8
16
 10
105.5185
 20
79.8809
 30
0.0000
  0
SEQEND
  8
0
  0
POLYLINE
  8
16
 66
1
 10
0.0000
 20
0.0000
 30
0.0000
 40
0.1500
 41
0.1500
 70
0
  0
VERTEX
  8
16
 10
105.4898
 20
79.9502
 30
0.0000
 42
1.0000
  0
VERTEX
  8
16
 10
105.5472
 20
79.8116
 30
0.0000
  0
SEQEND
  8
0
  0
POLYLINE
  8
16
 66
1
 10
0.0000
 20
0.0000
 30
0.0000
 40
0.1500
 41
0.1500
 70
0
  0
VERTEX
  8
16
 10
105.8077
 20
79.9195
 30
0.0000
 42
1.0000
  0
VERTEX
  8
16
 10
105.7503
 20
80.0581
 30
0.0000
  0
SEQEND
  8
0
  0
POLYLINE
  8
16
 66
1
 10
0.0000
 20
0.0000
 30
0.0000
 40
0.3000
 41
0.3000
 70
0
  0
VERTEX
  8
16
 10
105.5185
 20
79.8809
 30
0.0000
  0
VERTEX
  8
16
 10
105.3191
 20
79.6815
 30
0.0000
  0
SEQEND
  8
0
  0
POLYLINE
  8
16
 66
1
 10
0.0000
 20
0.0000
 30
0.0000
 40
0.1500
 41
0.1500
 70
0
  0
VERTEX
  8
16
 10
105.2661
 20
79.7345
 30
0.0000
 42
1.0000
  0
VERTEX
  8
16
 10
105.3721
 20
79.6285
 30
0.0000
  0
SEQEND
  8
0
  0
POLYLINE
  8
16
 66
1
 10
0.0000
 20
0.0000
 30
0.0000
 40
0.1500
 41
0.1500
 70
0
  0
VERTEX
  8
16
 10
105.5715
 20
79.8279
 30
0.0000
 42
1.0000
  0
VERTEX
  8
16
 10
105.4655
 20
79.9339
 30
0.0000
  0
SEQEND
  8
0
  0
POLYLINE
  8
16
 66
1
 10
0.0000
 20
0.0000
 30
0.0000
 40
0.3000
 41
0.3000
 70
0
  0
VERTEX
  8
16
 10
105.3191
 20
79.6815
 30
0.0000
  0
VERTEX
  8
16
 10
103.0791
 20
77.4415
 30
0.0000
  0
SEQEND
  8
0
  0
POLYLINE
  8
16
 66
1
 10
0.0000
 20
0.0000
 30
0.0000
 40
0.1500
 41
0.1500
 70
0
  0
VERTEX
  8
16
 10
103.0261
 20
77.4945
 30
0.0000
 42
1.0000
  0
VERTEX
  8
16
 10
103.1321
 20
77.3885
 30
0.0000
  0
SEQEND
  8
0
  0
POLYLINE
  8
16
 66
1
 10
0.0000
 20
0.0000
 30
0.0000
 40
0.1500
 41
0.1500
 70
0
  0
VERTEX
  8
16
 10
105.3721
 20
79.6285
 30
0.0000
 42
1.0000
  0
VERTEX
  8
16
 10
105.2661
 20
79.7345
 30
0.0000
  0
SEQEND
  8
0
  0
POLYLINE
  8
16
 66
1
 10
0.0000
 20
0.0000
 30
0.0000
 40
0.3000
 41
0.3000
 70
0
  0
VERTEX
  8
16
 10
103.0791
 20
77.4415
 30
0.0000
  0
VERTEX
  8
16
 10
102.9973
 20
77.2440
 30
0.0000
  0
SEQEND
  8
0
  0
POLYLINE
  8
16
 66
1
 10
0.0000
 20
0.0000
 30
0.0000
 40
0.1500
 41
0.1500
 70
0
  0
VERTEX
  8
16
 10
102.9280
 20
77.2727
 30
0.0000
 42
1.0000
  0
VERTEX
  8
16
 10
103.0666
 20
77.2153
 30
0.0000
  0
SEQEND
  8
0
  0
POLYLINE
  8
16
 66
1
 10
0.0000
 20
0.0000
 30
0.0000
 40
0.1500
 41
0.1500
 70
0
  0
VERTEX
  8
16
 10
103.1484
 20
77.4128
 30
0.0000
 42
1.0000
  0
VERTEX
  8
16
 10
103.0098
 20
77.4702
 30
0.0000
  0
SEQEND
  8
0
  0
POLYLINE
  8
16
 66
1
 10
0.0000
 20
0.0000
 30
0.0000
 40
0.3000
 41
0.3000
 70
0
  0
VERTEX
  8
16
 10
102.9973
 20
77.2440
 30
0.0000
  0
VERTEX
  8
16
 10
102.6900
 20
77.2440
 30
0.0000
  0
SEQEND
  8
0
  0
POLYLINE
  8
16
 66
1
 10
0.0000
 20
0.0000
 30
0.0000
 40
0.1500
 41
0.1500
 70
0
  0
VERTEX
  8
16
 10
102.6900
 20
77.3190
 30
0.0000
 42
1.0000
  0
VERTEX
  8
16
 10
102.6900
 20
77.1690
 30
0.0000
  0
SEQEND
  8
0
  0
POLYLINE
  8
16
 66
1
 10
0.0000
 20
0.0000
 30
0.0000
 40
0.1500
 41
0.1500
 70
0
  0
VERTEX
  8
16
 10
102.9973
 20
77.1690
 30
0.0000
 42
1.0000
  0
VERTEX
  8
16
 10
102.9973
 20
77.3190
 30
0.0000
  0
SEQEND
  8
0
  0
POLYLINE
  8
16
 66
1
 10
0.0000
 20
0.0000
 30
0.0000
 40
0.3000
 41
0.3000
 70
0
  0
VERTEX
  8
16
 10
102.6900
 20
77.2440
 30
0.0000
  0
VERTEX
  8
16
 10
102.6900
 20
76.5150
 30
0.0000
  0
SEQEND
  8
0
  0
POLYLINE
  8
16
 66
1
 10
0.0000
 20
0.0000
 30
0.0000
 40
0.1500
 41
0.1500
 70
0
  0
VERTEX
  8
16
 10
102.6150
 20
76.5150
 30
0.0000
 42
1.0000
  0
VERTEX
  8
16
 10
102.7650
 20
76.5150
 30
0.0000
  0
SEQEND
  8
0
  0
POLYLINE
  8
16
 66
1
 10
0.0000
 20
0.0000
 30
0.0000
 40
0.1500
 41
0.1500
 70
0
  0
VERTEX
  8
16
 10
102.7650
 20
77.2440
 30
0.0000
 42
1.0000
  0
VERTEX
  8
16
 10
102.6150
 20
77.2440
 30
0.0000
  0
SEQEND
  8
0
  0
POLYLINE
  8
16
 66
1
 10
0.0000
 20
0.0000
 30
0.0000
 40
0.3000
 41
0.3000
 70
0
  0
VERTEX
  8
16
 10
102.6900
 20
76.5150
 30
0.0000
  0
VERTEX
  8
16
 10
102.6400
 20
76.5150
 30
0.0000
  0
SEQEND
  8
0
  0
POLYLINE
  8
16
 66
1
 10
0.0000
 20
0.0000
 30
0.0000
 40
0.1500
 41
0.1500
 70
0
  0
VERTEX
  8
16
 10
102.6400
 20
76.5900
 30
0.0000
 42
1.0000
  0
VERTEX
  8
16
 10
102.6400
 20
76.4400
 30
0.0000
  0
SEQEND
  8
0
  0
POLYLINE
  8
16
 66
1
 10
0.0000
 20
0.0000
 30
0.0000
 40
0.1500
 41
0.1500
 70
0
  0
VERTEX
  8
16
 10
102.6900
 20
76.4400
 30
0.0000
 42
1.0000
  0
VERTEX
  8
16
 10
102.6900
 20
76.5900
 30
0.0000
  0
SEQEND
  8
0
  0
POLYLINE
  8
16
 66
1
 10
0.0000
 20
0.0000
 30
0.0000
 40
0.3000
 41
0.3000
 70
0
  0
VERTEX
  8
16
 10
102.6400
 20
76.5150
 30
0.0000
  0
VERTEX
  8
16
 10
102.6400
 20
77.2440
 30
0.0000
  0
SEQEND
  8
0
  0
POLYLINE
  8
16
 66
1
 10
0.0000
 20
0.0000
 30
0.0000
 40
0.1500
 41
0.1500
 70
0
  0
VERTEX
  8
16
 10
102.7150
 20
77.2440
 30
0.0000
 42
1.0000
  0
VERTEX
  8
16
 10
102.5650
 20
77.2440
 30
0.0000
  0
SEQEND
  8
0
  0
POLYLINE
  8
16
 66
1
 10
0.0000
 20
0.0000
 30
0.0000
 40
0.1500
 41
0.1500
 70
0
  0
VERTEX
  8
16
 10
102.5650
 20
76.5150
 30
0.0000
 42
1.0000
  0
VERTEX
  8
16
 10
102.7150
 20
76.5150
 30
0.0000
  0
SEQEND
  8
0
  0
POLYLINE
  8
16
 66
1
 10
0.0000
 20
0.0000
 30
0.0000
 40
0.3000
 41
0.3000
 70
0
  0
VERTEX
  8
16
 10
102.6400
 20
77.2440
 30
0.0000
  0
VERTEX
  8
16
 10
102.2618
 20
77.2440
 30
0.0000
  0
SEQEND
  8
0
  0
POLYLINE
  8
16
 66
1
 10
0.0000
 20
0.0000
 30
0.0000
 40
0.1500
 41
0.1500
 70
0
  0
VERTEX
  8
16
 10
102.2618
 20
77.3190
 30
0.0000
 42
1.0000
  0
VERTEX
  8
16
 10
102.2618
 20
77.1690
 30
0.0000
  0
SEQEND
  8
0
  0
POLYLINE
  8
16
 66
1
 10
0.0000
 20
0.0000
 30
0.0000
 40
0.1500
 41
0.1500
 70
0
  0
VERTEX
  8
16
 10
102.6400
 20
77.1690
 30
0.0000
 42
1.0000
  0
VERTEX
  8
16
 10
102.6400
 20
77.3190
 30
0.0000
  0
SEQEND
  8
0
  0
POLYLINE
  8
16
 66
1
 10
0.0000
 20
0.0000
 30
0.0000
 40
0.3000
 41
0.3000
 70
0
  0
VERTEX
  8
16
 10
102.2618
 20
77.2440
 30
0.0000
  0
VERTEX
  8
16
 10
102.1591
 20
77.2165
 30
0.0000
  0
SEQEND
  8
0
  0
POLYLINE
  8
16
 66
1
 10
0.0000
 20
0.0000
 30
0.0000
 40
0.1500
 41
0.1500
 70
0
  0
VERTEX
  8
16
 10
102.1396
 20
77.2889
 30
0.0000
 42
1.0000
  0
VERTEX
  8
16
 10
102.1785
 20
77.1440
 30
0.0000
  0
SEQEND
  8
0
  0
POLYLINE
  8
16
 66
1
 10
0.0000
 20
0.0000
 30
0.0000
 40
0.1500
 41
0.1500
 70
0
  0
VERTEX
  8
16
 10
102.2812
 20
77.1716
 30
0.0000
 42
1.0000
  0
VERTEX
  8
16
 10
102.2424
 20
77.3164
 30
0.0000
  0
SEQEND
  8
0
  0
POLYLINE
  8
16
 66
1
 10
0.0000
 20
0.0000
 30
0.0000
 40
0.3000
 41
0.3000
 70
0
  0
VERTEX
  8
16
 10
102.1591
 20
77.2165
 30
0.0000
  0
VERTEX
  8
16
 10
102.0669
 20
77.1633
 30
0.0000
  0
SEQEND
  8
0
  0
POLYLINE
  8
16
 66
1
 10
0.0000
 20
0.0000
 30
0.0000
 40
0.1500
 41
0.1500
 70
0
  0
VERTEX
  8
16
 10
102.0294
 20
77.2282
 30
0.0000
 42
1.0000
  0
VERTEX
  8
16
 10
102.1044
 20
77.0983
 30
0.0000
  0
SEQEND
  8
0
  0
POLYLINE
  8
16
 66
1
 10
0.0000
 20
0.0000
 30
0.0000
 40
0.1500
 41
0.1500
 70
0
  0
VERTEX
  8
16
 10
102.1966
 20
77.1515
 30
0.0000
 42
1.0000
  0
VERTEX
  8
16
 10
102.1216
 20
77.2814
 30
0.0000
  0
SEQEND
  8
0
  0
POLYLINE
  8
16
 66
1
 10
0.0000
 20
0.0000
 30
0.0000
 40
0.3000
 41
0.3000
 70
0
  0
VERTEX
  8
16
 10
102.0669
 20
77.1633
 30
0.0000
  0
VERTEX
  8
16
 10
101.9917
 20
77.0881
 30
0.0000
  0
SEQEND
  8
0
  0
POLYLINE
  8
16
 66
1
 10
0.0000
 20
0.0000
 30
0.0000
 40
0.1500
 41
0.1500
 70
0
  0
VERTEX
  8
16
 10
101.9387
 20
77.1411
 30
0.0000
 42
1.0000
  0
VERTEX
  8
16
 10
102.0448
 20
77.0350
 30
0.0000
  0
SEQEND
  8
0
  0
POLYLINE
  8
16
 66
1
 10
0.0000
 20
0.0000
 30
0.0000
 40
0.1500
 41
0.1500
 70
0
  0
VERTEX
  8
16
 10
102.1200
 20
77.1102
 30
0.0000
 42
1.0000
  0
VERTEX
  8
16
 10
102.0139
 20
77.2163
 30
0.0000
  0
SEQEND
  8
0
  0
POLYLINE
  8
16
 66
1
 10
0.0000
 20
0.0000
 30
0.0000
 40
0.3000
 41
0.3000
 70
0
  0
VERTEX
  8
16
 10
101.9917
 20
77.0881
 30
0.0000
  0
VERTEX
  8
16
 10
101.9385
 20
76.9959
 30
0.0000
  0
SEQEND
  8
0
  0
POLYLINE
  8
16
 66
1
 10
0.0000
 20
0.0000
 30
0.0000
 40
0.1500
 41
0.1500
 70
0
  0
VERTEX
  8
16
 10
101.8736
 20
77.0334
 30
0.0000
 42
1.0000
  0
VERTEX
  8
16
 10
102.0035
 20
76.9584
 30
0.0000
  0
SEQEND
  8
0
  0
POLYLINE
  8
16
 66
1
 10
0.0000
 20
0.0000
 30
0.0000
 40
0.1500
 41
0.1500
 70
0
  0
VERTEX
  8
16
 10
102.0567
 20
77.0506
 30
0.0000
 42
1.0000
  0
VERTEX
  8
16
 10
101.9268
 20
77.1256
 30
0.0000
  0
SEQEND
  8
0
  0
POLYLINE
  8
16
 66
1
 10
0.0000
 20
0.0000
 30
0.0000
 40
0.3000
 41
0.3000
 70
0
  0
VERTEX
  8
16
 10
101.9385
 20
76.9959
 30
0.0000
  0
VERTEX
  8
16
 10
101.9110
 20
76.8932
 30
0.0000
  0
SEQEND
  8
0
  0
POLYLINE
  8
16
 66
1
 10
0.0000
 20
0.0000
 30
0.0000
 40
0.1500
 41
0.1500
 70
0
  0
VERTEX
  8
16
 10
101.8386
 20
76.9126
 30
0.0000
 42
1.0000
  0
VERTEX
  8
16
 10
101.9834
 20
76.8738
 30
0.0000
  0
SEQEND
  8
0
  0
POLYLINE
  8
16
 66
1
 10
0.0000
 20
0.0000
 30
0.0000
 40
0.1500
 41
0.1500
 70
0
  0
VERTEX
  8
16
 10
102.0110
 20
76.9765
 30
0.0000
 42
1.0000
  0
VERTEX
  8
16
 10
101.8661
 20
77.0153
 30
0.0000
  0
SEQEND
  8
0
  0
POLYLINE
  8
16
 66
1
 10
0.0000
 20
0.0000
 30
0.0000
 40
0.3000
 41
0.3000
 70
0
  0
VERTEX
  8
16
 10
101.9110
 20
76.8932
 30
0.0000
  0
VERTEX
  8
16
 10
101.9110
 20
76.5150
 30
0.0000
  0
SEQEND
  8
0
  0
POLYLINE
  8
16
 66
1
 10
0.0000
 20
0.0000
 30
0.0000
 40
0.1500
 41
0.1500
 70
0
  0
VERTEX
  8
16
 10
101.8360
 20
76.5150
 30
0.0000
 42
1.0000
  0
VERTEX
  8
16
 10
101.9860
 20
76.5150
 30
0.0000
  0
SEQEND
  8
0
  0
POLYLINE
  8
16
 66
1
 10
0.0000
 20
0.0000
 30
0.0000
 40
0.1500
 41
0.1500
 70
0
  0
VERTEX
  8
16
 10
101.9860
 20
76.8932
 30
0.0000
 42
1.0000
  0
VERTEX
  8
16
 10
101.8360
 20
76.8932
 30
0.0000
  0
SEQEND
  8
0
  0
POLYLINE
  8
16
 66
1
 10
0.0000
 20
0.0000
 30
0.0000
 40
0.3000
 41
0.3000
 70
0
  0
VERTEX
  8
16
 10
100.0473
 20
76.4576
 30
0.0000
  0
VERTEX
  8
16
 10
100.0473
 20
76.4576
 30
0.0000
  0
SEQEND
  8
0
  0
POLYLINE
  8
16
 66
1
 10
0.0000
 20
0.0000
 30
0.0000
 40
0.1500
 41
0.1500
 70
0
  0
VERTEX
  8
16
 10
99.9723
 20
76.4576
 30
0.0000
 42
1.0000
  0
VERTEX
  8
16
 10
100.1223
 20
76.4576
 30
0.0000
  0
SEQEND
  8
0
  0
POLYLINE
  8
16
 66
1
 10
0.0000
 20
0.0000
 30
0.0000
 40
0.1500
 41
0.1500
 70
0
  0
VERTEX
  8
16
 10
100.1223
 20
76.4576
 30
0.0000
 42
1.0000
  0
VERTEX
  8
16
 10
99.9723
 20
76.4576
 30
0.0000
  0
SEQEND
  8
0
  0
POLYLINE
  8
16
 66
1
 10
0.0000
 20
0.0000
 30
0.0000
 40
0.3000
 41
0.3000
 70
0
  0
VERTEX
  8
16
 10
100.0473
 20
76.4576
 30
0.0000
  0
VERTEX
  8
16
 10
100.3155
 20
76.2542
 30
0.0000
  0
SEQEND
  8
0
  0
POLYLINE
  8
16
 66
1
 10
0.0000
 20
0.0000
 30
0.0000
 40
0.1500
 41
0.1500
 70
0
  0
VERTEX
  8
16
 10
100.2702
 20
76.1945
 30
0.0000
 42
1.0000
  0
VERTEX
  8
16
 10
100.3608
 20
76.3140
 30
0.0000
  0
SEQEND
  8
0
  0
POLYLINE
  8
16
 66
1
 10
0.0000
 20
0.0000
 30
0.0000
 40
0.1500
 41
0.1500
 70
0
  0
VERTEX
  8
16
 10
100.0926
 20
76.5173
 30
0.0000
 42
1.0000
  0
VERTEX
  8
16
 10
100.0020
 20
76.3978
 30
0.0000
  0
SEQEND
  8
0
  0
POLYLINE
  8
16
 66
1
 10
0.0000
 20
0.0000
 30
0.0000
 40
0.3000
 41
0.3000
 70
0
  0
VERTEX
  8
16
 10
100.3155
 20
76.2542
 30
0.0000
  0
VERTEX
  8
16
 10
100.3508
 20
76.2274
 30
0.0000
  0
SEQEND
  8
0
  0
POLYLINE
  8
16
 66
1
 10
0.0000
 20
0.0000
 30
0.0000
 40
0.1500
 41
0.1500
 70
0
  0
VERTEX
  8
16
 10
100.3055
 20
76.1677
 30
0.0000
 42
1.0000
  0
VERTEX
  8
16
 10
100.3961
 20
76.2872
 30
0.0000
  0
SEQEND
  8
0
  0
POLYLINE
  8
16
 66
1
 10
0.0000
 20
0.0000
 30
0.0000
 40
0.1500
 41
0.1500
 70
0
  0
VERTEX
  8
16
 10
100.3608
 20
76.3140
 30
0.0000
 42
1.0000
  0
VERTEX
  8
16
 10
100.2701
 20
76.1945
 30
0.0000
  0
SEQEND
  8
0
  0
POLYLINE
  8
16
 66
1
 10
0.0000
 20
0.0000
 30
0.0000
 40
0.3000
 41
0.3000
 70
0
  0
VERTEX
  8
16
 10
100.3508
 20
76.2274
 30
0.0000
  0
VERTEX
  8
16
 10
100.7282
 20
76.2793
 30
0.0000
  0
SEQEND
  8
0
  0
POLYLINE
  8
16
 66
1
 10
0.0000
 20
0.0000
 30
0.0000
 40
0.1500
 41
0.1500
 70
0
  0
VERTEX
  8
16
 10
100.7384
 20
76.2050
 30
0.0000
 42
1.0000
  0
VERTEX
  8
16
 10
100.7180
 20
76.3536
 30
0.0000
  0
SEQEND
  8
0
  0
POLYLINE
  8
16
 66
1
 10
0.0000
 20
0.0000
 30
0.0000
 40
0.1500
 41
0.1500
 70
0
  0
VERTEX
  8
16
 10
100.3406
 20
76.3017
 30
0.0000
 42
1.0000
  0
VERTEX
  8
16
 10
100.3610
 20
76.1531
 30
0.0000
  0
SEQEND
  8
0
  0
POLYLINE
  8
16
 66
1
 10
0.0000
 20
0.0000
 30
0.0000
 40
0.3000
 41
0.3000
 70
0
  0
VERTEX
  8
16
 10
100.7282
 20
76.2793
 30
0.0000
  0
VERTEX
  8
16
 10
100.9583
 20
76.5828
 30
0.0000
  0
SEQEND
  8
0
  0
POLYLINE
  8
16
 66
1
 10
0.0000
 20
0.0000
 30
0.0000
 40
0.1500
 41
0.1500
 70
0
  0
VERTEX
  8
16
 10
101.0181
 20
76.5375
 30
0.0000
 42
1.0000
  0
VERTEX
  8
16
 10
100.8986
 20
76.6281
 30
0.0000
  0
SEQEND
  8
0
  0
POLYLINE
  8
16
 66
1
 10
0.0000
 20
0.0000
 30
0.0000
 40
0.1500
 41
0.1500
 70
0
  0
VERTEX
  8
16
 10
100.6684
 20
76.3246
 30
0.0000
 42
1.0000
  0
VERTEX
  8
16
 10
100.7879
 20
76.2340
 30
0.0000
  0
SEQEND
  8
0
  0
POLYLINE
  8
16
 66
1
 10
0.0000
 20
0.0000
 30
0.0000
 40
0.3000
 41
0.3000
 70
0
  0
VERTEX
  8
16
 10
100.9583
 20
76.5828
 30
0.0000
  0
VERTEX
  8
16
 10
100.9583
 20
76.5828
 30
0.0000
  0
SEQEND
  8
0
  0
POLYLINE
  8
16
 66
1
 10
0.0000
 20
0.0000
 30
0.0000
 40
0.1500
 41
0.1500
 70
0
  0
VERTEX
  8
16
 10
101.0333
 20
76.5828
 30
0.0000
 42
1.0000
  0
VERTEX
  8
16
 10
100.8833
 20
76.5828
 30
0.0000
  0
SEQEND
  8
0
  0
POLYLINE
  8
16
 66
1
 10
0.0000
 20
0.0000
 30
0.0000
 40
0.1500
 41
0.1500
 70
0
  0
VERTEX
  8
16
 10
100.8833
 20
76.5828
 30
0.0000
 42
1.0000
  0
VERTEX
  8
16
 10
101.0333
 20
76.5828
 30
0.0000
  0
SEQEND
  8
0
  0
POLYLINE
  8
16
 66
1
 10
0.0000
 20
0.0000
 30
0.0000
 40
0.3000
 41
0.3000
 70
0
  0
VERTEX
  8
16
 10
100.9583
 20
76.5828
 30
0.0000
  0
VERTEX
  8
16
 10
101.9842
 20
77.9356
 30
0.0000
  0
SEQEND
  8
0
  0
POLYLINE
  8
16
 66
1
 10
0.0000
 20
0.0000
 30
0.0000
 40
0.1500
 41
0.1500
 70
0
  0
VERTEX
  8
16
 10
102.0439
 20
77.8902
 30
0.0000
 42
1.0000
  0
VERTEX
  8
16
 10
101.9244
 20
77.9809
 30
0.0000
  0
SEQEND
  8
0
  0
POLYLINE
  8
16
 66
1
 10
0.0000
 20
0.0000
 30
0.0000
 40
0.1500
 41
0.1500
 70
0
  0
VERTEX
  8
16
 10
100.8986
 20
76.6281
 30
0.0000
 42
1.0000
  0
VERTEX
  8
16
 10
101.0181
 20
76.5375
 30
0.0000
  0
SEQEND
  8
0
  0
POLYLINE
  8
16
 66
1
 10
0.0000
 20
0.0000
 30
0.0000
 40
0.3000
 41
0.3000
 70
0
  0
VERTEX
  8
16
 10
101.9842
 20
77.9356
 30
0.0000
  0
VERTEX
  8
16
 10
102.1668
 20
78.1764
 30
0.0000
  0
SEQEND
  8
0
  0
POLYLINE
  8
16
 66
1
 10
0.0000
 20
0.0000
 30
0.0000
 40
0.1500
 41
0.1500
 70
0
  0
VERTEX
  8
16
 10
102.2266
 20
78.1311
 30
0.0000
 42
1.0000
  0
VERTEX
  8
16
 10
102.1070
 20
78.2217
 30
0.0000
  0
SEQEND
  8
0
  0
POLYLINE
  8
16
 66
1
 10
0.0000
 20
0.0000
 30
0.0000
 40
0.1500
 41
0.1500
 70
0
  0
VERTEX
  8
16
 10
101.9244
 20
77.9809
 30
0.0000
 42
1.0000
  0
VERTEX
  8
16
 10
102.0439
 20
77.8902
 30
0.0000
  0
SEQEND
  8
0
  0
POLYLINE
  8
16
 66
1
 10
0.0000
 20
0.0000
 30
0.0000
 40
0.3000
 41
0.3000
 70
0
  0
VERTEX
  8
16
 10
102.1668
 20
78.1764
 30
0.0000
  0
VERTEX
  8
16
 10
102.1149
 20
78.5538
 30
0.0000
  0
SEQEND
  8
0
  0
POLYLINE
  8
16
 66
1
 10
0.0000
 20
0.0000
 30
0.0000
 40
0.1500
 41
0.1500
 70
0
  0
VERTEX
  8
16
 10
102.1892
 20
78.5640
 30
0.0000
 42
1.0000
  0
VERTEX
  8
16
 10
102.0406
 20
78.5435
 30
0.0000
  0
SEQEND
  8
0
  0
POLYLINE
  8
16
 66
1
 10
0.0000
 20
0.0000
 30
0.0000
 40
0.1500
 41
0.1500
 70
0
  0
VERTEX
  8
16
 10
102.0925
 20
78.1662
 30
0.0000
 42
1.0000
  0
VERTEX
  8
16
 10
102.2411
 20
78.1866
 30
0.0000
  0
SEQEND
  8
0
  0
POLYLINE
  8
16
 66
1
 10
0.0000
 20
0.0000
 30
0.0000
 40
0.3000
 41
0.3000
 70
0
  0
VERTEX
  8
16
 10
102.1149
 20
78.5538
 30
0.0000
  0
VERTEX
  8
16
 10
101.4775
 20
79.0371
 30
0.0000
  0
SEQEND
  8
0
  0
POLYLINE
  8
16
 66
1
 10
0.0000
 20
0.0000
 30
0.0000
 40
0.1500
 41
0.1500
 70
0
  0
VERTEX
  8
16
 10
101.5228
 20
79.0969
 30
0.0000
 42
1.0000
  0
VERTEX
  8
16
 10
101.4322
 20
78.9774
 30
0.0000
  0
SEQEND
  8
0
  0
POLYLINE
  8
16
 66
1
 10
0.0000
 20
0.0000
 30
0.0000
 40
0.1500
 41
0.1500
 70
0
  0
VERTEX
  8
16
 10
102.0696
 20
78.4940
 30
0.0000
 42
1.0000
  0
VERTEX
  8
16
 10
102.1602
 20
78.6135
 30
0.0000
  0
SEQEND
  8
0
  0
POLYLINE
  8
16
 66
1
 10
0.0000
 20
0.0000
 30
0.0000
 40
0.3000
 41
0.3000
 70
0
  0
VERTEX
  8
16
 10
101.4775
 20
79.0371
 30
0.0000
  0
VERTEX
  8
16
 10
101.4775
 20
79.0371
 30
0.0000
  0
SEQEND
  8
0
  0
POLYLINE
  8
16
 66
1
 10
0.0000
 20
0.0000
 30
0.0000
 40
0.1500
 41
0.1500
 70
0
  0
VERTEX
  8
16
 10
101.5525
 20
79.0371
 30
0.0000
 42
1.0000
  0
VERTEX
  8
16
 10
101.4025
 20
79.0371
 30
0.0000
  0
SEQEND
  8
0
  0
POLYLINE
  8
16
 66
1
 10
0.0000
 20
0.0000
 30
0.0000
 40
0.1500
 41
0.1500
 70
0
  0
VERTEX
  8
16
 10
101.4025
 20
79.0371
 30
0.0000
 42
1.0000
  0
VERTEX
  8
16
 10
101.5525
 20
79.0371
 30
0.0000
  0
SEQEND
  8
0
  0
POLYLINE
  8
16
 66
1
 10
0.0000
 20
0.0000
 30
0.0000
 40
0.3000
 41
0.3000
 70
0
  0
VERTEX
  8
16
 10
101.4775
 20
79.0371
 30
0.0000
  0
VERTEX
  8
16
 10
101.1740
 20
79.2673
 30
0.0000
  0
SEQEND
  8
0
  0
POLYLINE
  8
16
 66
1
 10
0.0000
 20
0.0000
 30
0.0000
 40
0.1500
 41
0.1500
 70
0
  0
VERTEX
  8
16
 10
101.2193
 20
79.3271
 30
0.0000
 42
1.0000
  0
VERTEX
  8
16
 10
101.1287
 20
79.2075
 30
0.0000
  0
SEQEND
  8
0
  0
POLYLINE
  8
16
 66
1
 10
0.0000
 20
0.0000
 30
0.0000
 40
0.1500
 41
0.1500
 70
0
  0
VERTEX
  8
16
 10
101.4322
 20
78.9774
 30
0.0000
 42
1.0000
  0
VERTEX
  8
16
 10
101.5228
 20
79.0969
 30
0.0000
  0
SEQEND
  8
0
  0
POLYLINE
  8
16
 66
1
 10
0.0000
 20
0.0000
 30
0.0000
 40
0.3000
 41
0.3000
 70
0
  0
VERTEX
  8
16
 10
101.1740
 20
79.2673
 30
0.0000
  0
VERTEX
  8
16
 10
100.7966
 20
79.2154
 30
0.0000
  0
SEQEND
  8
0
  0
POLYLINE
  8
16
 66
1
 10
0.0000
 20
0.0000
 30
0.0000
 40
0.1500
 41
0.1500
 70
0
  0
VERTEX
  8
16
 10
100.7864
 20
79.2897
 30
0.0000
 42
1.0000
  0
VERTEX
  8
16
 10
100.8068
 20
79.1411
 30
0.0000
  0
SEQEND
  8
0
  0
POLYLINE
  8
16
 66
1
 10
0.0000
 20
0.0000
 30
0.0000
 40
0.1500
 41
0.1500
 70
0
  0
VERTEX
  8
16
 10
101.1842
 20
79.1930
 30
0.0000
 42
1.0000
  0
VERTEX
  8
16
 10
101.1638
 20
79.3416
 30
0.0000
  0
SEQEND
  8
0
  0
POLYLINE
  8
16
 66
1
 10
0.0000
 20
0.0000
 30
0.0000
 40
0.3000
 41
0.3000
 70
0
  0
VERTEX
  8
16
 10
100.7966
 20
79.2154
 30
0.0000
  0
VERTEX
  8
16
 10
100.7053
 20
79.0950
 30
0.0000
  0
SEQEND
  8
0
  0
POLYLINE
  8
16
 66
1
 10
0.0000
 20
0.0000
 30
0.0000
 40
0.1500
 41
0.1500
 70
0
  0
VERTEX
  8
16
 10
100.6455
 20
79.1403
 30
0.0000
 42
1.0000
  0
VERTEX
  8
16
 10
100.7651
 20
79.0497
 30
0.0000
  0
SEQEND
  8
0
  0
POLYLINE
  8
16
 66
1
 10
0.0000
 20
0.0000
 30
0.0000
 40
0.1500
 41
0.1500
 70
0
  0
VERTEX
  8
16
 10
100.8564
 20
79.1701
 30
0.0000
 42
1.0000
  0
VERTEX
  8
16
 10
100.7369
 20
79.2608
 30
0.0000
  0
SEQEND
  8
0
  0
POLYLINE
  8
16
 66
1
 10
0.0000
 20
0.0000
 30
0.0000
 40
0.3000
 41
0.3000
 70
0
  0
VERTEX
  8
16
 10
100.7053
 20
79.0950
 30
0.0000
  0
VERTEX
  8
16
 10
100.5665
 20
78.9119
 30
0.0000
  0
SEQEND
  8
0
  0
POLYLINE
  8
16
 66
1
 10
0.0000
 20
0.0000
 30
0.0000
 40
0.1500
 41
0.1500
 70
0
  0
VERTEX
  8
16
 10
100.5067
 20
78.9572
 30
0.0000
 42
1.0000
  0
VERTEX
  8
16
 10
100.6262
 20
78.8666
 30
0.0000
  0
SEQEND
  8
0
  0
POLYLINE
  8
16
 66
1
 10
0.0000
 20
0.0000
 30
0.0000
 40
0.1500
 41
0.1500
 70
0
  0
VERTEX
  8
16
 10
100.7651
 20
79.0497
 30
0.0000
 42
1.0000
  0
VERTEX
  8
16
 10
100.6455
 20
79.1403
 30
0.0000
  0
SEQEND
  8
0
  0
POLYLINE
  8
16
 66
1
 10
0.0000
 20
0.0000
 30
0.0000
 40
0.3000
 41
0.3000
 70
0
  0
VERTEX
  8
16
 10
100.5665
 20
78.9119
 30
0.0000
  0
VERTEX
  8
16
 10
99.3580
 20
77.3183
 30
0.0000
  0
SEQEND
  8
0
  0
POLYLINE
  8
16
 66
1
 10
0.0000
 20
0.0000
 30
0.0000
 40
0.1500
 41
0.1500
 70
0
  0
VERTEX
  8
16
 10
99.2982
 20
77.3636
 30
0.0000
 42
1.0000
  0
VERTEX
  8
16
 10
99.4178
 20
77.2730
 30
0.0000
  0
SEQEND
  8
0
  0
POLYLINE
  8
16
 66
1
 10
0.0000
 20
0.0000
 30
0.0000
 40
0.1500
 41
0.1500
 70
0
  0
VERTEX
  8
16
 10
100.6262
 20
78.8666
 30
0.0000
 42
1.0000
  0
VERTEX
  8
16
 10
100.5067
 20
78.9572
 30
0.0000
  0
SEQEND
  8
0
  0
POLYLINE
  8
16
 66
1
 10
0.0000
 20
0.0000
 30
0.0000
 40
0.3000
 41
0.3000
 70
0
  0
VERTEX
  8
16
 10
99.3580
 20
77.3183
 30
0.0000
  0
VERTEX
  8
16
 10
99.4099
 20
76.9410
 30
0.0000
  0
SEQEND
  8
0
  0
POLYLINE
  8
16
 66
1
 10
0.0000
 20
0.0000
 30
0.0000
 40
0.1500
 41
0.1500
 70
0
  0
VERTEX
  8
16
 10
99.3356
 20
76.9308
 30
0.0000
 42
1.0000
  0
VERTEX
  8
16
 10
99.4842
 20
76.9512
 30
0.0000
  0
SEQEND
  8
0
  0
POLYLINE
  8
16
 66
1
 10
0.0000
 20
0.0000
 30
0.0000
 40
0.1500
 41
0.1500
 70
0
  0
VERTEX
  8
16
 10
99.4323
 20
77.3285
 30
0.0000
 42
1.0000
  0
VERTEX
  8
16
 10
99.2837
 20
77.3081
 30
0.0000
  0
SEQEND
  8
0
  0
POLYLINE
  8
16
 66
1
 10
0.0000
 20
0.0000
 30
0.0000
 40
0.3000
 41
0.3000
 70
0
  0
VERTEX
  8
16
 10
99.4099
 20
76.9410
 30
0.0000
  0
VERTEX
  8
16
 10
99.4805
 20
76.8874
 30
0.0000
  0
SEQEND
  8
0
  0
POLYLINE
  8
16
 66
1
 10
0.0000
 20
0.0000
 30
0.0000
 40
0.1500
 41
0.1500
 70
0
  0
VERTEX
  8
16
 10
99.4352
 20
76.8276
 30
0.0000
 42
1.0000
  0
VERTEX
  8
16
 10
99.5259
 20
76.9471
 30
0.0000
  0
SEQEND
  8
0
  0
POLYLINE
  8
16
 66
1
 10
0.0000
 20
0.0000
 30
0.0000
 40
0.1500
 41
0.1500
 70
0
  0
VERTEX
  8
16
 10
99.4552
 20
77.0007
 30
0.0000
 42
1.0000
  0
VERTEX
  8
16
 10
99.3645
 20
76.8812
 30
0.0000
  0
SEQEND
  8
0
  0
POLYLINE
  8
16
 66
1
 10
0.0000
 20
0.0000
 30
0.0000
 40
0.3000
 41
0.3000
 70
0
  0
VERTEX
  8
16
 10
99.4805
 20
76.8874
 30
0.0000
  0
VERTEX
  8
16
 10
100.0473
 20
76.4576
 30
0.0000
  0
SEQEND
  8
0
  0
POLYLINE
  8
16
 66
1
 10
0.0000
 20
0.0000
 30
0.0000
 40
0.1500
 41
0.1500
 70
0
  0
VERTEX
  8
16
 10
100.0020
 20
76.3978
 30
0.0000
 42
1.0000
  0
VERTEX
  8
16
 10
100.0926
 20
76.5173
 30
0.0000
  0
SEQEND
  8
0
  0
POLYLINE
  8
16
 66
1
 10
0.0000
 20
0.0000
 30
0.0000
 40
0.1500
 41
0.1500
 70
0
  0
VERTEX
  8
16
 10
99.5259
 20
76.9471
 30
0.0000
 42
1.0000
  0
VERTEX
  8
16
 10
99.4352
 20
76.8276
 30
0.0000
  0
SEQEND
  8
0
  0
POLYLINE
  8
16
 66
1
 10
0.0000
 20
0.0000
 30
0.0000
 40
0.3000
 41
0.3000
 70
0
  0
VERTEX
  8
16
 10
104.8630
 20
88.9043
 30
0.0000
  0
VERTEX
  8
16
 10
104.8630
 20
89.2357
 30
0.0000
  0
SEQEND
  8
0
  0
POLYLINE
  8
16
 66
1
 10
0.0000
 20
0.0000
 30
0.0000
 40
0.1500
 41
0.1500
 70
0
  0
VERTEX
  8
16
 10
104.9380
 20
89.2357
 30
0.0000
 42
1.0000
  0
VERTEX
  8
16
 10
104.7880
 20
89.2357
 30
0.0000
  0
SEQEND
  8
0
  0
POLYLINE
  8
16
 66
1
 10
0.0000
 20
0.0000
 30
0.0000
 40
0.1500
 41
0.1500
 70
0
  0
VERTEX
  8
16
 10
104.7880
 20
88.9043
 30
0.0000
 42
1.0000
  0
VERTEX
  8
16
 10
104.9380
 20
88.9043
 30
0.0000
  0
SEQEND
  8
0
  0
POLYLINE
  8
16
 66
1
 10
0.0000
 20
0.0000
 30
0.0000
 40
0.3000
 41
0.3000
 70
0
  0
VERTEX
  8
16
 10
104.8630
 20
89.2357
 30
0.0000
  0
VERTEX
  8
16
 10
104.7362
 20
89.5419
 30
0.0000
  0
SEQEND
  8
0
  0
POLYLINE
  8
16
 66
1
 10
0.0000
 20
0.0000
 30
0.0000
 40
0.1500
 41
0.1500
 70
0
  0
VERTEX
  8
16
 10
104.8055
 20
89.5706
 30
0.0000
 42
1.0000
  0
VERTEX
  8
16
 10
104.6669
 20
89.5132
 30
0.0000
  0
SEQEND
  8
0
  0
POLYLINE
  8
16
 66
1
 10
0.0000
 20
0.0000
 30
0.0000
 40
0.1500
 41
0.1500
 70
0
  0
VERTEX
  8
16
 10
104.7937
 20
89.2070
 30
0.0000
 42
1.0000
  0
VERTEX
  8
16
 10
104.9323
 20
89.2644
 30
0.0000
  0
SEQEND
  8
0
  0
POLYLINE
  8
16
 66
1
 10
0.0000
 20
0.0000
 30
0.0000
 40
0.3000
 41
0.3000
 70
0
  0
VERTEX
  8
16
 10
104.7362
 20
89.5419
 30
0.0000
  0
VERTEX
  8
16
 10
104.5019
 20
89.7762
 30
0.0000
  0
SEQEND
  8
0
  0
POLYLINE
  8
16
 66
1
 10
0.0000
 20
0.0000
 30
0.0000
 40
0.1500
 41
0.1500
 70
0
  0
VERTEX
  8
16
 10
104.5549
 20
89.8292
 30
0.0000
 42
1.0000
  0
VERTEX
  8
16
 10
104.4488
 20
89.7231
 30
0.0000
  0
SEQEND
  8
0
  0
POLYLINE
  8
16
 66
1
 10
0.0000
 20
0.0000
 30
0.0000
 40
0.1500
 41
0.1500
 70
0
  0
VERTEX
  8
16
 10
104.6831
 20
89.4888
 30
0.0000
 42
1.0000
  0
VERTEX
  8
16
 10
104.7892
 20
89.5949
 30
0.0000
  0
SEQEND
  8
0
  0
POLYLINE
  8
16
 66
1
 10
0.0000
 20
0.0000
 30
0.0000
 40
0.3000
 41
0.3000
 70
0
  0
VERTEX
  8
16
 10
104.5019
 20
89.7762
 30
0.0000
  0
VERTEX
  8
16
 10
104.1957
 20
89.9030
 30
0.0000
  0
SEQEND
  8
0
  0
POLYLINE
  8
16
 66
1
 10
0.0000
 20
0.0000
 30
0.0000
 40
0.1500
 41
0.1500
 70
0
  0
VERTEX
  8
16
 10
104.2244
 20
89.9723
 30
0.0000
 42
1.0000
  0
VERTEX
  8
16
 10
104.1670
 20
89.8337
 30
0.0000
  0
SEQEND
  8
0
  0
POLYLINE
  8
16
 66
1
 10
0.0000
 20
0.0000
 30
0.0000
 40
0.1500
 41
0.1500
 70
0
  0
VERTEX
  8
16
 10
104.4732
 20
89.7069
 30
0.0000
 42
1.0000
  0
VERTEX
  8
16
 10
104.5306
 20
89.8455
 30
0.0000
  0
SEQEND
  8
0
  0
POLYLINE
  8
16
 66
1
 10
0.0000
 20
0.0000
 30
0.0000
 40
0.3000
 41
0.3000
 70
0
  0
VERTEX
  8
16
 10
104.1957
 20
89.9030
 30
0.0000
  0
VERTEX
  8
16
 10
103.8643
 20
89.9030
 30
0.0000
  0
SEQEND
  8
0
  0
POLYLINE
  8
16
 66
1
 10
0.0000
 20
0.0000
 30
0.0000
 40
0.1500
 41
0.1500
 70
0
  0
VERTEX
  8
16
 10
103.8643
 20
89.9780
 30
0.0000
 42
1.0000
  0
VERTEX
  8
16
 10
103.8643
 20
89.8280
 30
0.0000
  0
SEQEND
  8
0
  0
POLYLINE
  8
16
 66
1
 10
0.0000
 20
0.0000
 30
0.0000
 40
0.1500
 41
0.1500
 70
0
  0
VERTEX
  8
16
 10
104.1957
 20
89.8280
 30
0.0000
 42
1.0000
  0
VERTEX
  8
16
 10
104.1957
 20
89.9780
 30
0.0000
  0
SEQEND
  8
0
  0
POLYLINE
  8
16
 66
1
 10
0.0000
 20
0.0000
 30
0.0000
 40
0.3000
 41
0.3000
 70
0
  0
VERTEX
  8
16
 10
103.8643
 20
89.9030
 30
0.0000
  0
VERTEX
  8
16
 10
103.5645
 20
89.7788
 30
0.0000
  0
SEQEND
  8
0
  0
POLYLINE
  8
16
 66
1
 10
0.0000
 20
0.0000
 30
0.0000
 40
0.1500
 41
0.1500
 70
0
  0
VERTEX
  8
16
 10
103.5358
 20
89.8481
 30
0.0000
 42
1.0000
  0
VERTEX
  8
16
 10
103.5932
 20
89.7095
 30
0.0000
  0
SEQEND
  8
0
  0
POLYLINE
  8
16
 66
1
 10
0.0000
 20
0.0000
 30
0.0000
 40
0.1500
 41
0.1500
 70
0
  0
VERTEX
  8
16
 10
103.8930
 20
89.8337
 30
0.0000
 42
1.0000
  0
VERTEX
  8
16
 10
103.8356
 20
89.9723
 30
0.0000
  0
SEQEND
  8
0
  0
POLYLINE
  8
16
 66
1
 10
0.0000
 20
0.0000
 30
0.0000
 40
0.3000
 41
0.3000
 70
0
  0
VERTEX
  8
16
 10
103.5645
 20
89.7788
 30
0.0000
  0
VERTEX
  8
16
 10
102.6290
 20
89.7788
 30
0.0000
  0
SEQEND
  8
0
  0
POLYLINE
  8
16
 66
1
 10
0.0000
 20
0.0000
 30
0.0000
 40
0.1500
 41
0.1500
 70
0
  0
VERTEX
  8
16
 10
102.6290
 20
89.8538
 30
0.0000
 42
1.0000
  0
VERTEX
  8
16
 10
102.6290
 20
89.7038
 30
0.0000
  0
SEQEND
  8
0
  0
POLYLINE
  8
16
 66
1
 10
0.0000
 20
0.0000
 30
0.0000
 40
0.1500
 41
0.1500
 70
0
  0
VERTEX
  8
16
 10
103.5645
 20
89.7038
 30
0.0000
 42
1.0000
  0
VERTEX
  8
16
 10
103.5645
 20
89.8538
 30
0.0000
  0
SEQEND
  8
0
  0
POLYLINE
  8
16
 66
1
 10
0.0000
 20
0.0000
 30
0.0000
 40
0.3000
 41
0.3000
 70
0
  0
VERTEX
  8
16
 10
102.6290
 20
89.7788
 30
0.0000
  0
VERTEX
  8
16
 10
102.3685
 20
89.6709
 30
0.0000
  0
SEQEND
  8
0
  0
POLYLINE
  8
16
 66
1
 10
0.0000
 20
0.0000
 30
0.0000
 40
0.1500
 41
0.1500
 70
0
  0
VERTEX
  8
16
 10
102.3398
 20
89.7402
 30
0.0000
 42
1.0000
  0
VERTEX
  8
16
 10
102.3972
 20
89.6016
 30
0.0000
  0
SEQEND
  8
0
  0
POLYLINE
  8
16
 66
1
 10
0.0000
 20
0.0000
 30
0.0000
 40
0.1500
 41
0.1500
 70
0
  0
VERTEX
  8
16
 10
102.6577
 20
89.7095
 30
0.0000
 42
1.0000
  0
VERTEX
  8
16
 10
102.6003
 20
89.8481
 30
0.0000
  0
SEQEND
  8
0
  0
POLYLINE
  8
16
 66
1
 10
0.0000
 20
0.0000
 30
0.0000
 40
0.3000
 41
0.3000
 70
0
  0
VERTEX
  8
16
 10
102.3685
 20
89.6709
 30
0.0000
  0
VERTEX
  8
16
 10
101.9591
 20
89.2615
 30
0.0000
  0
SEQEND
  8
0
  0
POLYLINE
  8
16
 66
1
 10
0.0000
 20
0.0000
 30
0.0000
 40
0.1500
 41
0.1500
 70
0
  0
VERTEX
  8
16
 10
101.9061
 20
89.3145
 30
0.0000
 42
1.0000
  0
VERTEX
  8
16
 10
102.0121
 20
89.2085
 30
0.0000
  0
SEQEND
  8
0
  0
POLYLINE
  8
16
 66
1
 10
0.0000
 20
0.0000
 30
0.0000
 40
0.1500
 41
0.1500
 70
0
  0
VERTEX
  8
16
 10
102.4215
 20
89.6179
 30
0.0000
 42
1.0000
  0
VERTEX
  8
16
 10
102.3155
 20
89.7239
 30
0.0000
  0
SEQEND
  8
0
  0
POLYLINE
  8
16
 66
1
 10
0.0000
 20
0.0000
 30
0.0000
 40
0.3000
 41
0.3000
 70
0
  0
VERTEX
  8
16
 10
101.9591
 20
89.2615
 30
0.0000
  0
VERTEX
  8
16
 10
101.8512
 20
89.0010
 30
0.0000
  0
SEQEND
  8
0
  0
POLYLINE
  8
16
 66
1
 10
0.0000
 20
0.0000
 30
0.0000
 40
0.1500
 41
0.1500
 70
0
  0
VERTEX
  8
16
 10
101.7819
 20
89.0297
 30
0.0000
 42
1.0000
  0
VERTEX
  8
16
 10
101.9205
 20
88.9723
 30
0.0000
  0
SEQEND
  8
0
  0
POLYLINE
  8
16
 66
1
 10
0.0000
 20
0.0000
 30
0.0000
 40
0.1500
 41
0.1500
 70
0
  0
VERTEX
  8
16
 10
102.0284
 20
89.2328
 30
0.0000
 42
1.0000
  0
VERTEX
  8
16
 10
101.8898
 20
89.2902
 30
0.0000
  0
SEQEND
  8
0
  0
POLYLINE
  8
16
 66
1
 10
0.0000
 20
0.0000
 30
0.0000
 40
0.3000
 41
0.3000
 70
0
  0
VERTEX
  8
16
 10
101.8512
 20
89.0010
 30
0.0000
  0
VERTEX
  8
16
 10
101.8512
 20
86.8840
 30
0.0000
  0
SEQEND
  8
0
  0
POLYLINE
  8
16
 66
1
 10
0.0000
 20
0.0000
 30
0.0000
 40
0.1500
 41
0.1500
 70
0
  0
VERTEX
  8
16
 10
101.7762
 20
86.8840
 30
0.0000
 42
1.0000
  0
VERTEX
  8
16
 10
101.9262
 20
86.8840
 30
0.0000
  0
SEQEND
  8
0
  0
POLYLINE
  8
16
 66
1
 10
0.0000
 20
0.0000
 30
0.0000
 40
0.1500
 41
0.1500
 70
0
  0
VERTEX
  8
16
 10
101.9262
 20
89.0010
 30
0.0000
 42
1.0000
  0
VERTEX
  8
16
 10
101.7762
 20
89.0010
 30
0.0000
  0
SEQEND
  8
0
  0
POLYLINE
  8
16
 66
1
 10
0.0000
 20
0.0000
 30
0.0000
 40
0.3000
 41
0.3000
 70
0
  0
VERTEX
  8
16
 10
101.8512
 20
86.8840
 30
0.0000
  0
VERTEX
  8
16
 10
101.6100
 20
86.8840
 30
0.0000
  0
SEQEND
  8
0
  0
POLYLINE
  8
16
 66
1
 10
0.0000
 20
0.0000
 30
0.0000
 40
0.1500
 41
0.1500
 70
0
  0
VERTEX
  8
16
 10
101.6100
 20
86.9590
 30
0.0000
 42
1.0000
  0
VERTEX
  8
16
 10
101.6100
 20
86.8090
 30
0.0000
  0
SEQEND
  8
0
  0
POLYLINE
  8
16
 66
1
 10
0.0000
 20
0.0000
 30
0.0000
 40
0.1500
 41
0.1500
 70
0
  0
VERTEX
  8
16
 10
101.8512
 20
86.8090
 30
0.0000
 42
1.0000
  0
VERTEX
  8
16
 10
101.8512
 20
86.9590
 30
0.0000
  0
SEQEND
  8
0
  0
POLYLINE
  8
16
 66
1
 10
0.0000
 20
0.0000
 30
0.0000
 40
0.3000
 41
0.3000
 70
0
  0
VERTEX
  8
16
 10
101.6100
 20
86.8840
 30
0.0000
  0
VERTEX
  8
16
 10
101.6100
 20
85.8300
 30
0.0000
  0
SEQEND
  8
0
  0
POLYLINE
  8
16
 66
1
 10
0.0000
 20
0.0000
 30
0.0000
 40
0.1500
 41
0.1500
 70
0
  0
VERTEX
  8
16
 10
101.5350
 20
85.8300
 30
0.0000
 42
1.0000
  0
VERTEX
  8
16
 10
101.6850
 20
85.8300
 30
0.0000
  0
SEQEND
  8
0
  0
POLYLINE
  8
16
 66
1
 10
0.0000
 20
0.0000
 30
0.0000
 40
0.1500
 41
0.1500
 70
0
  0
VERTEX
  8
16
 10
101.6850
 20
86.8840
 30
0.0000
 42
1.0000
  0
VERTEX
  8
16
 10
101.5350
 20
86.8840
 30
0.0000
  0
SEQEND
  8
0
  0
POLYLINE
  8
16
 66
1
 10
0.0000
 20
0.0000
 30
0.0000
 40
0.3000
 41
0.3000
 70
0
  0
VERTEX
  8
16
 10
101.6100
 20
85.8300
 30
0.0000
  0
VERTEX
  8
16
 10
101.6100
 20
85.8300
 30
0.0000
  0
SEQEND
  8
0
  0
POLYLINE
  8
16
 66
1
 10
0.0000
 20
0.0000
 30
0.0000
 40
0.1500
 41
0.1500
 70
0
  0
VERTEX
  8
16
 10
101.6100
 20
85.9050
 30
0.0000
 42
1.0000
  0
VERTEX
  8
16
 10
101.6100
 20
85.7550
 30
0.0000
  0
SEQEND
  8
0
  0
POLYLINE
  8
16
 66
1
 10
0.0000
 20
0.0000
 30
0.0000
 40
0.1500
 41
0.1500
 70
0
  0
VERTEX
  8
16
 10
101.6100
 20
85.7550
 30
0.0000
 42
1.0000
  0
VERTEX
  8
16
 10
101.6100
 20
85.9050
 30
0.0000
  0
SEQEND
  8
0
  0
POLYLINE
  8
16
 66
1
 10
0.0000
 20
0.0000
 30
0.0000
 40
0.3000
 41
0.3000
 70
0
  0
VERTEX
  8
16
 10
101.6100
 20
85.8300
 30
0.0000
  0
VERTEX
  8
16
 10
101.6100
 20
86.8840
 30
0.0000
  0
SEQEND
  8
0
  0
POLYLINE
  8
16
 66
1
 10
0.0000
 20
0.0000
 30
0.0000
 40
0.1500
 41
0.1500
 70
0
  0
VERTEX
  8
16
 10
101.6850
 20
86.8840
 30
0.0000
 42
1.0000
  0
VERTEX
  8
16
 10
101.5350
 20
86.8840
 30
0.0000
  0
SEQEND
  8
0
  0
POLYLINE
  8
16
 66
1
 10
0.0000
 20
0.0000
 30
0.0000
 40
0.1500
 41
0.1500
 70
0
  0
VERTEX
  8
16
 10
101.5350
 20
85.8300
 30
0.0000
 42
1.0000
  0
VERTEX
  8
16
 10
101.6850
 20
85.8300
 30
0.0000
  0
SEQEND
  8
0
  0
POLYLINE
  8
16
 66
1
 10
0.0000
 20
0.0000
 30
0.0000
 40
0.3000
 41
0.3000
 70
0
  0
VERTEX
  8
16
 10
101.6100
 20
86.8840
 30
0.0000
  0
VERTEX
  8
16
 10
101.2568
 20
86.8840
 30
0.0000
  0
SEQEND
  8
0
  0
POLYLINE
  8
16
 66
1
 10
0.0000
 20
0.0000
 30
0.0000
 40
0.1500
 41
0.1500
 70
0
  0
VERTEX
  8
16
 10
101.2568
 20
86.9590
 30
0.0000
 42
1.0000
  0
VERTEX
  8
16
 10
101.2568
 20
86.8090
 30
0.0000
  0
SEQEND
  8
0
  0
POLYLINE
  8
16
 66
1
 10
0.0000
 20
0.0000
 30
0.0000
 40
0.1500
 41
0.1500
 70
0
  0
VERTEX
  8
16
 10
101.6100
 20
86.8090
 30
0.0000
 42
1.0000
  0
VERTEX
  8
16
 10
101.6100
 20
86.9590
 30
0.0000
  0
SEQEND
  8
0
  0
POLYLINE
  8
16
 66
1
 10
0.0000
 20
0.0000
 30
0.0000
 40
0.3000
 41
0.3000
 70
0
  0
VERTEX
  8
16
 10
101.2568
 20
86.8840
 30
0.0000
  0
VERTEX
  8
16
 10
101.1541
 20
86.8565
 30
0.0000
  0
SEQEND
  8
0
  0
POLYLINE
  8
16
 66
1
 10
0.0000
 20
0.0000
 30
0.0000
 40
0.1500
 41
0.1500
 70
0
  0
VERTEX
  8
16
 10
101.1346
 20
86.9289
 30
0.0000
 42
1.0000
  0
VERTEX
  8
16
 10
101.1735
 20
86.7840
 30
0.0000
  0
SEQEND
  8
0
  0
POLYLINE
  8
16
 66
1
 10
0.0000
 20
0.0000
 30
0.0000
 40
0.1500
 41
0.1500
 70
0
  0
VERTEX
  8
16
 10
101.2762
 20
86.8116
 30
0.0000
 42
1.0000
  0
VERTEX
  8
16
 10
101.2374
 20
86.9564
 30
0.0000
  0
SEQEND
  8
0
  0
POLYLINE
  8
16
 66
1
 10
0.0000
 20
0.0000
 30
0.0000
 40
0.3000
 41
0.3000
 70
0
  0
VERTEX
  8
16
 10
101.1541
 20
86.8565
 30
0.0000
  0
VERTEX
  8
16
 10
101.0619
 20
86.8033
 30
0.0000
  0
SEQEND
  8
0
  0
POLYLINE
  8
16
 66
1
 10
0.0000
 20
0.0000
 30
0.0000
 40
0.1500
 41
0.1500
 70
0
  0
VERTEX
  8
16
 10
101.0244
 20
86.8682
 30
0.0000
 42
1.0000
  0
VERTEX
  8
16
 10
101.0994
 20
86.7383
 30
0.0000
  0
SEQEND
  8
0
  0
POLYLINE
  8
16
 66
1
 10
0.0000
 20
0.0000
 30
0.0000
 40
0.1500
 41
0.1500
 70
0
  0
VERTEX
  8
16
 10
101.1916
 20
86.7915
 30
0.0000
 42
1.0000
  0
VERTEX
  8
16
 10
101.1166
 20
86.9214
 30
0.0000
  0
SEQEND
  8
0
  0
POLYLINE
  8
16
 66
1
 10
0.0000
 20
0.0000
 30
0.0000
 40
0.3000
 41
0.3000
 70
0
  0
VERTEX
  8
16
 10
101.0619
 20
86.8033
 30
0.0000
  0
VERTEX
  8
16
 10
100.9867
 20
86.7281
 30
0.0000
  0
SEQEND
  8
0
  0
POLYLINE
  8
16
 66
1
 10
0.0000
 20
0.0000
 30
0.0000
 40
0.1500
 41
0.1500
 70
0
  0
VERTEX
  8
16
 10
100.9337
 20
86.7811
 30
0.0000
 42
1.0000
  0
VERTEX
  8
16
 10
101.0398
 20
86.6750
 30
0.0000
  0
SEQEND
  8
0
  0
POLYLINE
  8
16
 66
1
 10
0.0000
 20
0.0000
 30
0.0000
 40
0.1500
 41
0.1500
 70
0
  0
VERTEX
  8
16
 10
101.1150
 20
86.7502
 30
0.0000
 42
1.0000
  0
VERTEX
  8
16
 10
101.0089
 20
86.8563
 30
0.0000
  0
SEQEND
  8
0
  0
POLYLINE
  8
16
 66
1
 10
0.0000
 20
0.0000
 30
0.0000
 40
0.3000
 41
0.3000
 70
0
  0
VERTEX
  8
16
 10
100.9867
 20
86.7281
 30
0.0000
  0
VERTEX
  8
16
 10
100.9335
 20
86.6359
 30
0.0000
  0
SEQEND
  8
0
  0
POLYLINE
  8
16
 66
1
 10
0.0000
 20
0.0000
 30
0.0000
 40
0.1500
 41
0.1500
 70
0
  0
VERTEX
  8
16
 10
100.8686
 20
86.6734
 30
0.0000
 42
1.0000
  0
VERTEX
  8
16
 10
100.9985
 20
86.5984
 30
0.0000
  0
SEQEND
  8
0
  0
POLYLINE
  8
16
 66
1
 10
0.0000
 20
0.0000
 30
0.0000
 40
0.1500
 41
0.1500
 70
0
  0
VERTEX
  8
16
 10
101.0517
 20
86.6906
 30
0.0000
 42
1.0000
  0
VERTEX
  8
16
 10
100.9218
 20
86.7656
 30
0.0000
  0
SEQEND
  8
0
  0
POLYLINE
  8
16
 66
1
 10
0.0000
 20
0.0000
 30
0.0000
 40
0.3000
 41
0.3000
 70
0
  0
VERTEX
  8
16
 10
100.9335
 20
86.6359
 30
0.0000
  0
VERTEX
  8
16
 10
100.9060
 20
86.5332
 30
0.0000
  0
SEQEND
  8
0
  0
POLYLINE
  8
16
 66
1
 10
0.0000
 20
0.0000
 30
0.0000
 40
0.1500
 41
0.1500
 70
0
  0
VERTEX
  8
16
 10
100.8336
 20
86.5526
 30
0.0000
 42
1.0000
  0
VERTEX
  8
16
 10
100.9784
 20
86.5138
 30
0.0000
  0
SEQEND
  8
0
  0
POLYLINE
  8
16
 66
1
 10
0.0000
 20
0.0000
 30
0.0000
 40
0.1500
 41
0.1500
 70
0
  0
VERTEX
  8
16
 10
101.0060
 20
86.6165
 30
0.0000
 42
1.0000
  0
VERTEX
  8
16
 10
100.8611
 20
86.6553
 30
0.0000
  0
SEQEND
  8
0
  0
POLYLINE
  8
16
 66
1
 10
0.0000
 20
0.0000
 30
0.0000
 40
0.3000
 41
0.3000
 70
0
  0
VERTEX
  8
16
 10
100.9060
 20
86.5332
 30
0.0000
  0
VERTEX
  8
16
 10
100.9060
 20
85.8300
 30
0.0000
  0
SEQEND
  8
0
  0
POLYLINE
  8
16
 66
1
 10
0.0000
 20
0.0000
 30
0.0000
 40
0.1500
 41
0.1500
 70
0
  0
VERTEX
  8
16
 10
100.8310
 20
85.8300
 30
0.0000
 42
1.0000
  0
VERTEX
  8
16
 10
100.9810
 20
85.8300
 30
0.0000
  0
SEQEND
  8
0
  0
POLYLINE
  8
16
 66
1
 10
0.0000
 20
0.0000
 30
0.0000
 40
0.1500
 41
0.1500
 70
0
  0
VERTEX
  8
16
 10
100.9810
 20
86.5332
 30
0.0000
 42
1.0000
  0
VERTEX
  8
16
 10
100.8310
 20
86.5332
 30
0.0000
  0
SEQEND
  8
0
  0
POLYLINE
  8
16
 66
1
 10
0.0000
 20
0.0000
 30
0.0000
 40
0.3000
 41
0.3000
 70
0
  0
VERTEX
  8
16
 10
100.9060
 20
85.8300
 30
0.0000
  0
VERTEX
  8
16
 10
101.6100
 20
85.8300
 30
0.0000
  0
SEQEND
  8
0
  0
POLYLINE
  8
16
 66
1
 10
0.0000
 20
0.0000
 30
0.0000
 40
0.1500
 41
0.1500
 70
0
  0
VERTEX
  8
16
 10
101.6100
 20
85.7550
 30
0.0000
 42
1.0000
  0
VERTEX
  8
16
 10
101.6100
 20
85.9050
 30
0.0000
  0
SEQEND
  8
0
  0
POLYLINE
  8
16
 66
1
 10
0.0000
 20
0.0000
 30
0.0000
 40
0.1500
 41
0.1500
 70
0
  0
VERTEX
  8
16
 10
100.9060
 20
85.9050
 30
0.0000
 42
1.0000
  0
VERTEX
  8
16
 10
100.9060
 20
85.7550
 30
0.0000
  0
SEQEND
  8
0
  0
POLYLINE
  8
16
 66
1
 10
0.0000
 20
0.0000
 30
0.0000
 40
0.3000
 41
0.3000
 70
0
  0
VERTEX
  8
16
 10
101.6100
 20
85.8300
 30
0.0000
  0
VERTEX
  8
16
 10
101.6100
 20
85.8300
 30
0.0000
  0
SEQEND
  8
0
  0
POLYLINE
  8
16
 66
1
 10
0.0000
 20
0.0000
 30
0.0000
 40
0.1500
 41
0.1500
 70
0
  0
VERTEX
  8
16
 10
101.5350
 20
85.8300
 30
0.0000
 42
1.0000
  0
VERTEX
  8
16
 10
101.6850
 20
85.8300
 30
0.0000
  0
SEQEND
  8
0
  0
POLYLINE
  8
16
 66
1
 10
0.0000
 20
0.0000
 30
0.0000
 40
0.1500
 41
0.1500
 70
0
  0
VERTEX
  8
16
 10
101.6850
 20
85.8300
 30
0.0000
 42
1.0000
  0
VERTEX
  8
16
 10
101.5350
 20
85.8300
 30
0.0000
  0
SEQEND
  8
0
  0
POLYLINE
  8
16
 66
1
 10
0.0000
 20
0.0000
 30
0.0000
 40
0.3000
 41
0.3000
 70
0
  0
VERTEX
  8
16
 10
101.6100
 20
85.8300
 30
0.0000
  0
VERTEX
  8
16
 10
100.9060
 20
85.8300
 30
0.0000
  0
SEQEND
  8
0
  0
POLYLINE
  8
16
 66
1
 10
0.0000
 20
0.0000
 30
0.0000
 40
0.1500
 41
0.1500
 70
0
  0
VERTEX
  8
16
 10
100.9060
 20
85.9050
 30
0.0000
 42
1.0000
  0
VERTEX
  8
16
 10
100.9060
 20
85.7550
 30
0.0000
  0
SEQEND
  8
0
  0
POLYLINE
  8
16
 66
1
 10
0.0000
 20
0.0000
 30
0.0000
 40
0.1500
 41
0.1500
 70
0
  0
VERTEX
  8
16
 10
101.6100
 20
85.7550
 30
0.0000
 42
1.0000
  0
VERTEX
  8
16
 10
101.6100
 20
85.9050
 30
0.0000
  0
SEQEND
  8
0
  0
POLYLINE
  8
16
 66
1
 10
0.0000
 20
0.0000
 30
0.0000
 40
0.3000
 41
0.3000
 70
0
  0
VERTEX
  8
16
 10
100.9060
 20
85.8300
 30
0.0000
  0
VERTEX
  8
16
 10
100.9060
 20
85.1268
 30
0.0000
  0
SEQEND
  8
0
  0
POLYLINE
  8
16
 66
1
 10
0.0000
 20
0.0000
 30
0.0000
 40
0.1500
 41
0.1500
 70
0
  0
VERTEX
  8
16
 10
100.8310
 20
85.1268
 30
0.0000
 42
1.0000
  0
VERTEX
  8
16
 10
100.9810
 20
85.1268
 30
0.0000
  0
SEQEND
  8
0
  0
POLYLINE
  8
16
 66
1
 10
0.0000
 20
0.0000
 30
0.0000
 40
0.1500
 41
0.1500
 70
0
  0
VERTEX
  8
16
 10
100.9810
 20
85.8300
 30
0.0000
 42
1.0000
  0
VERTEX
  8
16
 10
100.8310
 20
85.8300
 30
0.0000
  0
SEQEND
  8
0
  0
POLYLINE
  8
16
 66
1
 10
0.0000
 20
0.0000
 30
0.0000
 40
0.3000
 41
0.3000
 70
0
  0
VERTEX
  8
16
 10
100.9060
 20
85.1268
 30
0.0000
  0
VERTEX
  8
16
 10
100.9335
 20
85.0241
 30
0.0000
  0
SEQEND
  8
0
  0
POLYLINE
  8
16
 66
1
 10
0.0000
 20
0.0000
 30
0.0000
 40
0.1500
 41
0.1500
 70
0
  0
VERTEX
  8
16
 10
100.8611
 20
85.0046
 30
0.0000
 42
1.0000
  0
VERTEX
  8
16
 10
101.0060
 20
85.0435
 30
0.0000
  0
SEQEND
  8
0
  0
POLYLINE
  8
16
 66
1
 10
0.0000
 20
0.0000
 30
0.0000
 40
0.1500
 41
0.1500
 70
0
  0
VERTEX
  8
16
 10
100.9784
 20
85.1462
 30
0.0000
 42
1.0000
  0
VERTEX
  8
16
 10
100.8336
 20
85.1074
 30
0.0000
  0
SEQEND
  8
0
  0
POLYLINE
  8
16
 66
1
 10
0.0000
 20
0.0000
 30
0.0000
 40
0.3000
 41
0.3000
 70
0
  0
VERTEX
  8
16
 10
100.9335
 20
85.0241
 30
0.0000
  0
VERTEX
  8
16
 10
100.9867
 20
84.9319
 30
0.0000
  0
SEQEND
  8
0
  0
POLYLINE
  8
16
 66
1
 10
0.0000
 20
0.0000
 30
0.0000
 40
0.1500
 41
0.1500
 70
0
  0
VERTEX
  8
16
 10
100.9218
 20
84.8944
 30
0.0000
 42
1.0000
  0
VERTEX
  8
16
 10
101.0517
 20
84.9694
 30
0.0000
  0
SEQEND
  8
0
  0
POLYLINE
  8
16
 66
1
 10
0.0000
 20
0.0000
 30
0.0000
 40
0.1500
 41
0.1500
 70
0
  0
VERTEX
  8
16
 10
100.9985
 20
85.0616
 30
0.0000
 42
1.0000
  0
VERTEX
  8
16
 10
100.8686
 20
84.9866
 30
0.0000
  0
SEQEND
  8
0
  0
POLYLINE
  8
16
 66
1
 10
0.0000
 20
0.0000
 30
0.0000
 40
0.3000
 41
0.3000
 70
0
  0
VERTEX
  8
16
 10
100.9867
 20
84.9319
 30
0.0000
  0
VERTEX
  8
16
 10
101.0619
 20
84.8567
 30
0.0000
  0
SEQEND
  8
0
  0
POLYLINE
  8
16
 66
1
 10
0.0000
 20
0.0000
 30
0.0000
 40
0.1500
 41
0.1500
 70
0
  0
VERTEX
  8
16
 10
101.0089
 20
84.8037
 30
0.0000
 42
1.0000
  0
VERTEX
  8
16
 10
101.1150
 20
84.9098
 30
0.0000
  0
SEQEND
  8
0
  0
POLYLINE
  8
16
 66
1
 10
0.0000
 20
0.0000
 30
0.0000
 40
0.1500
 41
0.1500
 70
0
  0
VERTEX
  8
16
 10
101.0398
 20
84.9850
 30
0.0000
 42
1.0000
  0
VERTEX
  8
16
 10
100.9337
 20
84.8789
 30
0.0000
  0
SEQEND
  8
0
  0
POLYLINE
  8
16
 66
1
 10
0.0000
 20
0.0000
 30
0.0000
 40
0.3000
 41
0.3000
 70
0
  0
VERTEX
  8
16
 10
101.0619
 20
84.8567
 30
0.0000
  0
VERTEX
  8
16
 10
101.0999
 20
84.8348
 30
0.0000
  0
SEQEND
  8
0
  0
POLYLINE
  8
16
 66
1
 10
0.0000
 20
0.0000
 30
0.0000
 40
0.1500
 41
0.1500
 70
0
  0
VERTEX
  8
16
 10
101.0624
 20
84.7698
 30
0.0000
 42
1.0000
  0
VERTEX
  8
16
 10
101.1374
 20
84.8998
 30
0.0000
  0
SEQEND
  8
0
  0
POLYLINE
  8
16
 66
1
 10
0.0000
 20
0.0000
 30
0.0000
 40
0.1500
 41
0.1500
 70
0
  0
VERTEX
  8
16
 10
101.0994
 20
84.9217
 30
0.0000
 42
1.0000
  0
VERTEX
  8
16
 10
101.0244
 20
84.7918
 30
0.0000
  0
SEQEND
  8
0
  0
POLYLINE
  8
16
 66
1
 10
0.0000
 20
0.0000
 30
0.0000
 40
0.3000
 41
0.3000
 70
0
  0
VERTEX
  8
16
 10
101.0999
 20
84.8348
 30
0.0000
  0
VERTEX
  8
16
 10
100.1716
 20
84.8348
 30
0.0000
  0
SEQEND
  8
0
  0
POLYLINE
  8
16
 66
1
 10
0.0000
 20
0.0000
 30
0.0000
 40
0.1500
 41
0.1500
 70
0
  0
VERTEX
  8
16
 10
100.1716
 20
84.9098
 30
0.0000
 42
1.0000
  0
VERTEX
  8
16
 10
100.1716
 20
84.7598
 30
0.0000
  0
SEQEND
  8
0
  0
POLYLINE
  8
16
 66
1
 10
0.0000
 20
0.0000
 30
0.0000
 40
0.1500
 41
0.1500
 70
0
  0
VERTEX
  8
16
 10
101.0999
 20
84.7598
 30
0.0000
 42
1.0000
  0
VERTEX
  8
16
 10
101.0999
 20
84.9098
 30
0.0000
  0
SEQEND
  8
0
  0
POLYLINE
  8
16
 66
1
 10
0.0000
 20
0.0000
 30
0.0000
 40
0.3000
 41
0.3000
 70
0
  0
VERTEX
  8
16
 10
100.1716
 20
84.8348
 30
0.0000
  0
VERTEX
  8
16
 10
99.9052
 20
84.5684
 30
0.0000
  0
SEQEND
  8
0
  0
POLYLINE
  8
16
 66
1
 10
0.0000
 20
0.0000
 30
0.0000
 40
0.1500
 41
0.1500
 70
0
  0
VERTEX
  8
16
 10
99.8522
 20
84.6214
 30
0.0000
 42
1.0000
  0
VERTEX
  8
16
 10
99.9582
 20
84.5154
 30
0.0000
  0
SEQEND
  8
0
  0
POLYLINE
  8
16
 66
1
 10
0.0000
 20
0.0000
 30
0.0000
 40
0.1500
 41
0.1500
 70
0
  0
VERTEX
  8
16
 10
100.2246
 20
84.7818
 30
0.0000
 42
1.0000
  0
VERTEX
  8
16
 10
100.1186
 20
84.8878
 30
0.0000
  0
SEQEND
  8
0
  0
POLYLINE
  8
16
 66
1
 10
0.0000
 20
0.0000
 30
0.0000
 40
0.3000
 41
0.3000
 70
0
  0
VERTEX
  8
16
 10
99.9052
 20
84.5684
 30
0.0000
  0
VERTEX
  8
16
 10
99.9052
 20
82.8916
 30
0.0000
  0
SEQEND
  8
0
  0
POLYLINE
  8
16
 66
1
 10
0.0000
 20
0.0000
 30
0.0000
 40
0.1500
 41
0.1500
 70
0
  0
VERTEX
  8
16
 10
99.8302
 20
82.8916
 30
0.0000
 42
1.0000
  0
VERTEX
  8
16
 10
99.9802
 20
82.8916
 30
0.0000
  0
SEQEND
  8
0
  0
POLYLINE
  8
16
 66
1
 10
0.0000
 20
0.0000
 30
0.0000
 40
0.1500
 41
0.1500
 70
0
  0
VERTEX
  8
16
 10
99.9802
 20
84.5684
 30
0.0000
 42
1.0000
  0
VERTEX
  8
16
 10
99.8302
 20
84.5684
 30
0.0000
  0
SEQEND
  8
0
  0
POLYLINE
  8
16
 66
1
 10
0.0000
 20
0.0000
 30
0.0000
 40
0.3000
 41
0.3000
 70
0
  0
VERTEX
  8
16
 10
99.9052
 20
82.8916
 30
0.0000
  0
VERTEX
  8
16
 10
99.9512
 20
82.8456
 30
0.0000
  0
SEQEND
  8
0
  0
POLYLINE
  8
16
 66
1
 10
0.0000
 20
0.0000
 30
0.0000
 40
0.1500
 41
0.1500
 70
0
  0
VERTEX
  8
16
 10
99.8982
 20
82.7926
 30
0.0000
 42
1.0000
  0
VERTEX
  8
16
 10
100.0042
 20
82.8987
 30
0.0000
  0
SEQEND
  8
0
  0
POLYLINE
  8
16
 66
1
 10
0.0000
 20
0.0000
 30
0.0000
 40
0.1500
 41
0.1500
 70
0
  0
VERTEX
  8
16
 10
99.9582
 20
82.9446
 30
0.0000
 42
1.0000
  0
VERTEX
  8
16
 10
99.8522
 20
82.8386
 30
0.0000
  0
SEQEND
  8
0
  0
POLYLINE
  8
16
 66
1
 10
0.0000
 20
0.0000
 30
0.0000
 40
0.3000
 41
0.3000
 70
0
  0
VERTEX
  8
16
 10
99.9512
 20
82.8456
 30
0.0000
  0
VERTEX
  8
16
 10
99.9512
 20
82.5890
 30
0.0000
  0
SEQEND
  8
0
  0
POLYLINE
  8
16
 66
1
 10
0.0000
 20
0.0000
 30
0.0000
 40
0.1500
 41
0.1500
 70
0
  0
VERTEX
  8
16
 10
99.8762
 20
82.5890
 30
0.0000
 42
1.0000
  0
VERTEX
  8
16
 10
100.0262
 20
82.5890
 30
0.0000
  0
SEQEND
  8
0
  0
POLYLINE
  8
16
 66
1
 10
0.0000
 20
0.0000
 30
0.0000
 40
0.1500
 41
0.1500
 70
0
  0
VERTEX
  8
16
 10
100.0262
 20
82.8456
 30
0.0000
 42
1.0000
  0
VERTEX
  8
16
 10
99.8762
 20
82.8456
 30
0.0000
  0
SEQEND
  8
0
  0
POLYLINE
  8
16
 66
1
 10
0.0000
 20
0.0000
 30
0.0000
 40
0.3000
 41
0.3000
 70
0
  0
VERTEX
  8
16
 10
99.9512
 20
82.5890
 30
0.0000
  0
VERTEX
  8
16
 10
100.0591
 20
82.3285
 30
0.0000
  0
SEQEND
  8
0
  0
POLYLINE
  8
16
 66
1
 10
0.0000
 20
0.0000
 30
0.0000
 40
0.1500
 41
0.1500
 70
0
  0
VERTEX
  8
16
 10
99.9898
 20
82.2998
 30
0.0000
 42
1.0000
  0
VERTEX
  8
16
 10
100.1284
 20
82.3572
 30
0.0000
  0
SEQEND
  8
0
  0
POLYLINE
  8
16
 66
1
 10
0.0000
 20
0.0000
 30
0.0000
 40
0.1500
 41
0.1500
 70
0
  0
VERTEX
  8
16
 10
100.0205
 20
82.6177
 30
0.0000
 42
1.0000
  0
VERTEX
  8
16
 10
99.8819
 20
82.5603
 30
0.0000
  0
SEQEND
  8
0
  0
POLYLINE
  8
16
 66
1
 10
0.0000
 20
0.0000
 30
0.0000
 40
0.3000
 41
0.3000
 70
0
  0
VERTEX
  8
16
 10
100.0591
 20
82.3285
 30
0.0000
  0
VERTEX
  8
16
 10
101.0691
 20
81.3185
 30
0.0000
  0
SEQEND
  8
0
  0
POLYLINE
  8
16
 66
1
 10
0.0000
 20
0.0000
 30
0.0000
 40
0.1500
 41
0.1500
 70
0
  0
VERTEX
  8
16
 10
101.0161
 20
81.2655
 30
0.0000
 42
1.0000
  0
VERTEX
  8
16
 10
101.1221
 20
81.3715
 30
0.0000
  0
SEQEND
  8
0
  0
POLYLINE
  8
16
 66
1
 10
0.0000
 20
0.0000
 30
0.0000
 40
0.1500
 41
0.1500
 70
0
  0
VERTEX
  8
16
 10
100.1121
 20
82.3815
 30
0.0000
 42
1.0000
  0
VERTEX
  8
16
 10
100.0061
 20
82.2755
 30
0.0000
  0
SEQEND
  8
0
  0
POLYLINE
  8
16
 66
1
 10
0.0000
 20
0.0000
 30
0.0000
 40
0.3000
 41
0.3000
 70
0
  0
VERTEX
  8
16
 10
101.0691
 20
81.3185
 30
0.0000
  0
VERTEX
  8
16
 10
101.2685
 20
81.1191
 30
0.0000
  0
SEQEND
  8
0
  0
POLYLINE
  8
16
 66
1
 10
0.0000
 20
0.0000
 30
0.0000
 40
0.1500
 41
0.1500
 70
0
  0
VERTEX
  8
16
 10
101.2155
 20
81.0661
 30
0.0000
 42
1.0000
  0
VERTEX
  8
16
 10
101.3215
 20
81.1721
 30
0.0000
  0
SEQEND
  8
0
  0
POLYLINE
  8
16
 66
1
 10
0.0000
 20
0.0000
 30
0.0000
 40
0.1500
 41
0.1500
 70
0
  0
VERTEX
  8
16
 10
101.1221
 20
81.3715
 30
0.0000
 42
1.0000
  0
VERTEX
  8
16
 10
101.0161
 20
81.2655
 30
0.0000
  0
SEQEND
  8
0
  0
POLYLINE
  8
16
 66
1
 10
0.0000
 20
0.0000
 30
0.0000
 40
0.3000
 41
0.3000
 70
0
  0
VERTEX
  8
16
 10
101.2685
 20
81.1191
 30
0.0000
  0
VERTEX
  8
16
 10
101.5290
 20
81.0112
 30
0.0000
  0
SEQEND
  8
0
  0
POLYLINE
  8
16
 66
1
 10
0.0000
 20
0.0000
 30
0.0000
 40
0.1500
 41
0.1500
 70
0
  0
VERTEX
  8
16
 10
101.5003
 20
80.9419
 30
0.0000
 42
1.0000
  0
VERTEX
  8
16
 10
101.5577
 20
81.0805
 30
0.0000
  0
SEQEND
  8
0
  0
POLYLINE
  8
16
 66
1
 10
0.0000
 20
0.0000
 30
0.0000
 40
0.1500
 41
0.1500
 70
0
  0
VERTEX
  8
16
 10
101.2972
 20
81.1884
 30
0.0000
 42
1.0000
  0
VERTEX
  8
16
 10
101.2398
 20
81.0498
 30
0.0000
  0
SEQEND
  8
0
  0
POLYLINE
  8
16
 66
1
 10
0.0000
 20
0.0000
 30
0.0000
 40
0.3000
 41
0.3000
 70
0
  0
VERTEX
  8
16
 10
101.5290
 20
81.0112
 30
0.0000
  0
VERTEX
  8
16
 10
103.3164
 20
81.0112
 30
0.0000
  0
SEQEND
  8
0
  0
POLYLINE
  8
16
 66
1
 10
0.0000
 20
0.0000
 30
0.0000
 40
0.1500
 41
0.1500
 70
0
  0
VERTEX
  8
16
 10
103.3164
 20
80.9362
 30
0.0000
 42
1.0000
  0
VERTEX
  8
16
 10
103.3164
 20
81.0862
 30
0.0000
  0
SEQEND
  8
0
  0
POLYLINE
  8
16
 66
1
 10
0.0000
 20
0.0000
 30
0.0000
 40
0.1500
 41
0.1500
 70
0
  0
VERTEX
  8
16
 10
101.5290
 20
81.0862
 30
0.0000
 42
1.0000
  0
VERTEX
  8
16
 10
101.5290
 20
80.9362
 30
0.0000
  0
SEQEND
  8
0
  0
POLYLINE
  8
16
 66
1
 10
0.0000
 20
0.0000
 30
0.0000
 40
0.3000
 41
0.3000
 70
0
  0
VERTEX
  8
16
 10
103.3164
 20
81.0112
 30
0.0000
  0
VERTEX
  8
16
 10
103.5196
 20
80.8080
 30
0.0000
  0
SEQEND
  8
0
  0
POLYLINE
  8
16
 66
1
 10
0.0000
 20
0.0000
 30
0.0000
 40
0.1500
 41
0.1500
 70
0
  0
VERTEX
  8
16
 10
103.4666
 20
80.7550
 30
0.0000
 42
1.0000
  0
VERTEX
  8
16
 10
103.5726
 20
80.8610
 30
0.0000
  0
SEQEND
  8
0
  0
POLYLINE
  8
16
 66
1
 10
0.0000
 20
0.0000
 30
0.0000
 40
0.1500
 41
0.1500
 70
0
  0
VERTEX
  8
16
 10
103.3694
 20
81.0642
 30
0.0000
 42
1.0000
  0
VERTEX
  8
16
 10
103.2634
 20
80.9582
 30
0.0000
  0
SEQEND
  8
0
  0
POLYLINE
  8
16
 66
1
 10
0.0000
 20
0.0000
 30
0.0000
 40
0.3000
 41
0.3000
 70
0
  0
VERTEX
  8
16
 10
103.5196
 20
80.8080
 30
0.0000
  0
VERTEX
  8
16
 10
103.6438
 20
80.5081
 30
0.0000
  0
SEQEND
  8
0
  0
POLYLINE
  8
16
 66
1
 10
0.0000
 20
0.0000
 30
0.0000
 40
0.1500
 41
0.1500
 70
0
  0
VERTEX
  8
16
 10
103.5745
 20
80.4794
 30
0.0000
 42
1.0000
  0
VERTEX
  8
16
 10
103.7131
 20
80.5368
 30
0.0000
  0
SEQEND
  8
0
  0
POLYLINE
  8
16
 66
1
 10
0.0000
 20
0.0000
 30
0.0000
 40
0.1500
 41
0.1500
 70
0
  0
VERTEX
  8
16
 10
103.5889
 20
80.8367
 30
0.0000
 42
1.0000
  0
VERTEX
  8
16
 10
103.4503
 20
80.7793
 30
0.0000
  0
SEQEND
  8
0
  0
POLYLINE
  8
16
 66
1
 10
0.0000
 20
0.0000
 30
0.0000
 40
0.3000
 41
0.3000
 70
0
  0
VERTEX
  8
16
 10
103.6438
 20
80.5081
 30
0.0000
  0
VERTEX
  8
16
 10
103.8781
 20
80.2738
 30
0.0000
  0
SEQEND
  8
0
  0
POLYLINE
  8
16
 66
1
 10
0.0000
 20
0.0000
 30
0.0000
 40
0.1500
 41
0.1500
 70
0
  0
VERTEX
  8
16
 10
103.8251
 20
80.2208
 30
0.0000
 42
1.0000
  0
VERTEX
  8
16
 10
103.9312
 20
80.3268
 30
0.0000
  0
SEQEND
  8
0
  0
POLYLINE
  8
16
 66
1
 10
0.0000
 20
0.0000
 30
0.0000
 40
0.1500
 41
0.1500
 70
0
  0
VERTEX
  8
16
 10
103.6968
 20
80.5612
 30
0.0000
 42
1.0000
  0
VERTEX
  8
16
 10
103.5908
 20
80.4551
 30
0.0000
  0
SEQEND
  8
0
  0
POLYLINE
  8
16
 66
1
 10
0.0000
 20
0.0000
 30
0.0000
 40
0.3000
 41
0.3000
 70
0
  0
VERTEX
  8
16
 10
103.8781
 20
80.2738
 30
0.0000
  0
VERTEX
  8
16
 10
104.1843
 20
80.1470
 30
0.0000
  0
SEQEND
  8
0
  0
POLYLINE
  8
16
 66
1
 10
0.0000
 20
0.0000
 30
0.0000
 40
0.1500
 41
0.1500
 70
0
  0
VERTEX
  8
16
 10
104.1556
 20
80.0777
 30
0.0000
 42
1.0000
  0
VERTEX
  8
16
 10
104.2130
 20
80.2163
 30
0.0000
  0
SEQEND
  8
0
  0
POLYLINE
  8
16
 66
1
 10
0.0000
 20
0.0000
 30
0.0000
 40
0.1500
 41
0.1500
 70
0
  0
VERTEX
  8
16
 10
103.9068
 20
80.3431
 30
0.0000
 42
1.0000
  0
VERTEX
  8
16
 10
103.8494
 20
80.2045
 30
0.0000
  0
SEQEND
  8
0
  0
POLYLINE
  8
16
 66
1
 10
0.0000
 20
0.0000
 30
0.0000
 40
0.3000
 41
0.3000
 70
0
  0
VERTEX
  8
16
 10
104.1843
 20
80.1470
 30
0.0000
  0
VERTEX
  8
16
 10
104.5157
 20
80.1470
 30
0.0000
  0
SEQEND
  8
0
  0
POLYLINE
  8
16
 66
1
 10
0.0000
 20
0.0000
 30
0.0000
 40
0.1500
 41
0.1500
 70
0
  0
VERTEX
  8
16
 10
104.5157
 20
80.0720
 30
0.0000
 42
1.0000
  0
VERTEX
  8
16
 10
104.5157
 20
80.2220
 30
0.0000
  0
SEQEND
  8
0
  0
POLYLINE
  8
16
 66
1
 10
0.0000
 20
0.0000
 30
0.0000
 40
0.1500
 41
0.1500
 70
0
  0
VERTEX
  8
16
 10
104.1843
 20
80.2220
 30
0.0000
 42
1.0000
  0
VERTEX
  8
16
 10
104.1843
 20
80.0720
 30
0.0000
  0
SEQEND
  8
0
  0
POLYLINE
  8
16
 66
1
 10
0.0000
 20
0.0000
 30
0.0000
 40
0.3000
 41
0.3000
 70
0
  0
VERTEX
  8
16
 10
104.5157
 20
80.1470
 30
0.0000
  0
VERTEX
  8
16
 10
104.8219
 20
80.2738
 30
0.0000
  0
SEQEND
  8
0
  0
POLYLINE
  8
16
 66
1
 10
0.0000
 20
0.0000
 30
0.0000
 40
0.1500
 41
0.1500
 70
0
  0
VERTEX
  8
16
 10
104.8506
 20
80.2045
 30
0.0000
 42
1.0000
  0
VERTEX
  8
16
 10
104.7932
 20
80.3431
 30
0.0000
  0
SEQEND
  8
0
  0
POLYLINE
  8
16
 66
1
 10
0.0000
 20
0.0000
 30
0.0000
 40
0.1500
 41
0.1500
 70
0
  0
VERTEX
  8
16
 10
104.4870
 20
80.2163
 30
0.0000
 42
1.0000
  0
VERTEX
  8
16
 10
104.5444
 20
80.0777
 30
0.0000
  0
SEQEND
  8
0
  0
POLYLINE
  8
16
 66
1
 10
0.0000
 20
0.0000
 30
0.0000
 40
0.3000
 41
0.3000
 70
0
  0
VERTEX
  8
16
 10
104.8219
 20
80.2738
 30
0.0000
  0
VERTEX
  8
16
 10
105.0562
 20
80.5081
 30
0.0000
  0
SEQEND
  8
0
  0
POLYLINE
  8
16
 66
1
 10
0.0000
 20
0.0000
 30
0.0000
 40
0.1500
 41
0.1500
 70
0
  0
VERTEX
  8
16
 10
105.1092
 20
80.4551
 30
0.0000
 42
1.0000
  0
VERTEX
  8
16
 10
105.0031
 20
80.5612
 30
0.0000
  0
SEQEND
  8
0
  0
POLYLINE
  8
16
 66
1
 10
0.0000
 20
0.0000
 30
0.0000
 40
0.1500
 41
0.1500
 70
0
  0
VERTEX
  8
16
 10
104.7688
 20
80.3268
 30
0.0000
 42
1.0000
  0
VERTEX
  8
16
 10
104.8749
 20
80.2208
 30
0.0000
  0
SEQEND
  8
0
  0
POLYLINE
  8
16
 66
1
 10
0.0000
 20
0.0000
 30
0.0000
 40
0.3000
 41
0.3000
 70
0
  0
VERTEX
  8
16
 10
105.0562
 20
80.5081
 30
0.0000
  0
VERTEX
  8
16
 10
105.1830
 20
80.8143
 30
0.0000
  0
SEQEND
  8
0
  0
POLYLINE
  8
16
 66
1
 10
0.0000
 20
0.0000
 30
0.0000
 40
0.1500
 41
0.1500
 70
0
  0
VERTEX
  8
16
 10
105.2523
 20
80.7856
 30
0.0000
 42
1.0000
  0
VERTEX
  8
16
 10
105.1137
 20
80.8430
 30
0.0000
  0
SEQEND
  8
0
  0
POLYLINE
  8
16
 66
1
 10
0.0000
 20
0.0000
 30
0.0000
 40
0.1500
 41
0.1500
 70
0
  0
VERTEX
  8
16
 10
104.9869
 20
80.5368
 30
0.0000
 42
1.0000
  0
VERTEX
  8
16
 10
105.1255
 20
80.4794
 30
0.0000
  0
SEQEND
  8
0
  0
POLYLINE
  8
16
 66
1
 10
0.0000
 20
0.0000
 30
0.0000
 40
0.3000
 41
0.3000
 70
0
  0
VERTEX
  8
16
 10
105.1830
 20
80.8143
 30
0.0000
  0
VERTEX
  8
16
 10
105.1830
 20
81.1136
 30
0.0000
  0
SEQEND
  8
0
  0
POLYLINE
  8
16
 66
1
 10
0.0000
 20
0.0000
 30
0.0000
 40
0.1500
 41
0.1500
 70
0
  0
VERTEX
  8
16
 10
105.2580
 20
81.1136
 30
0.0000
 42
1.0000
  0
VERTEX
  8
16
 10
105.1080
 20
81.1136
 30
0.0000
  0
SEQEND
  8
0
  0
POLYLINE
  8
16
 66
1
 10
0.0000
 20
0.0000
 30
0.0000
 40
0.1500
 41
0.1500
 70
0
  0
VERTEX
  8
16
 10
105.1080
 20
80.8143
 30
0.0000
 42
1.0000
  0
VERTEX
  8
16
 10
105.2580
 20
80.8143
 30
0.0000
  0
SEQEND
  8
0
  0
POLYLINE
  8
16
 66
1
 10
0.0000
 20
0.0000
 30
0.0000
 40
0.3000
 41
0.3000
 70
0
  0
VERTEX
  8
16
 10
105.1830
 20
81.1136
 30
0.0000
  0
VERTEX
  8
16
 10
105.2339
 20
81.0626
 30
0.0000
  0
SEQEND
  8
0
  0
POLYLINE
  8
16
 66
1
 10
0.0000
 20
0.0000
 30
0.0000
 40
0.1500
 41
0.1500
 70
0
  0
VERTEX
  8
16
 10
105.1809
 20
81.0096
 30
0.0000
 42
1.0000
  0
VERTEX
  8
16
 10
105.2869
 20
81.1157
 30
0.0000
  0
SEQEND
  8
0
  0
POLYLINE
  8
16
 66
1
 10
0.0000
 20
0.0000
 30
0.0000
 40
0.1500
 41
0.1500
 70
0
  0
VERTEX
  8
16
 10
105.2360
 20
81.1666
 30
0.0000
 42
1.0000
  0
VERTEX
  8
16
 10
105.1300
 20
81.0605
 30
0.0000
  0
SEQEND
  8
0
  0
POLYLINE
  8
16
 66
1
 10
0.0000
 20
0.0000
 30
0.0000
 40
0.3000
 41
0.3000
 70
0
  0
VERTEX
  8
16
 10
105.2339
 20
81.0626
 30
0.0000
  0
VERTEX
  8
16
 10
105.2339
 20
81.0626
 30
0.0000
  0
SEQEND
  8
0
  0
POLYLINE
  8
16
 66
1
 10
0.0000
 20
0.0000
 30
0.0000
 40
0.1500
 41
0.1500
 70
0
  0
VERTEX
  8
16
 10
105.2339
 20
80.9876
 30
0.0000
 42
1.0000
  0
VERTEX
  8
16
 10
105.2339
 20
81.1376
 30
0.0000
  0
SEQEND
  8
0
  0
POLYLINE
  8
16
 66
1
 10
0.0000
 20
0.0000
 30
0.0000
 40
0.1500
 41
0.1500
 70
0
  0
VERTEX
  8
16
 10
105.2339
 20
81.1376
 30
0.0000
 42
1.0000
  0
VERTEX
  8
16
 10
105.2339
 20
80.9876
 30
0.0000
  0
SEQEND
  8
0
  0
POLYLINE
  8
16
 66
1
 10
0.0000
 20
0.0000
 30
0.0000
 40
0.3000
 41
0.3000
 70
0
  0
VERTEX
  8
16
 10
105.2339
 20
81.0626
 30
0.0000
  0
VERTEX
  8
16
 10
106.3086
 20
80.5150
 30
0.0000
  0
SEQEND
  8
0
  0
POLYLINE
  8
16
 66
1
 10
0.0000
 20
0.0000
 30
0.0000
 40
0.1500
 41
0.1500
 70
0
  0
VERTEX
  8
16
 10
106.2746
 20
80.4482
 30
0.0000
 42
1.0000
  0
VERTEX
  8
16
 10
106.3427
 20
80.5819
 30
0.0000
  0
SEQEND
  8
0
  0
POLYLINE
  8
16
 66
1
 10
0.0000
 20
0.0000
 30
0.0000
 40
0.1500
 41
0.1500
 70
0
  0
VERTEX
  8
16
 10
105.2680
 20
81.1295
 30
0.0000
 42
1.0000
  0
VERTEX
  8
16
 10
105.1999
 20
80.9958
 30
0.0000
  0
SEQEND
  8
0
  0
POLYLINE
  8
16
 66
1
 10
0.0000
 20
0.0000
 30
0.0000
 40
0.3000
 41
0.3000
 70
0
  0
VERTEX
  8
16
 10
106.3086
 20
80.5150
 30
0.0000
  0
VERTEX
  8
16
 10
106.3086
 20
80.5150
 30
0.0000
  0
SEQEND
  8
0
  0
POLYLINE
  8
16
 66
1
 10
0.0000
 20
0.0000
 30
0.0000
 40
0.1500
 41
0.1500
 70
0
  0
VERTEX
  8
16
 10
106.3086
 20
80.4400
 30
0.0000
 42
1.0000
  0
VERTEX
  8
16
 10
106.3086
 20
80.5900
 30
0.0000
  0
SEQEND
  8
0
  0
POLYLINE
  8
16
 66
1
 10
0.0000
 20
0.0000
 30
0.0000
 40
0.1500
 41
0.1500
 70
0
  0
VERTEX
  8
16
 10
106.3086
 20
80.5900
 30
0.0000
 42
1.0000
  0
VERTEX
  8
16
 10
106.3086
 20
80.4400
 30
0.0000
  0
SEQEND
  8
0
  0
POLYLINE
  8
16
 66
1
 10
0.0000
 20
0.0000
 30
0.0000
 40
0.3000
 41
0.3000
 70
0
  0
VERTEX
  8
16
 10
106.3086
 20
80.5150
 30
0.0000
  0
VERTEX
  8
16
 10
107.5000
 20
80.3263
 30
0.0000
  0
SEQEND
  8
0
  0
POLYLINE
  8
16
 66
1
 10
0.0000
 20
0.0000
 30
0.0000
 40
0.1500
 41
0.1500
 70
0
  0
VERTEX
  8
16
 10
107.4883
 20
80.2523
 30
0.0000
 42
1.0000
  0
VERTEX
  8
16
 10
107.5117
 20
80.4004
 30
0.0000
  0
SEQEND
  8
0
  0
POLYLINE
  8
16
 66
1
 10
0.0000
 20
0.0000
 30
0.0000
 40
0.1500
 41
0.1500
 70
0
  0
VERTEX
  8
16
 10
106.3204
 20
80.5891
 30
0.0000
 42
1.0000
  0
VERTEX
  8
16
 10
106.2969
 20
80.4410
 30
0.0000
  0
SEQEND
  8
0
  0
POLYLINE
  8
16
 66
1
 10
0.0000
 20
0.0000
 30
0.0000
 40
0.3000
 41
0.3000
 70
0
  0
VERTEX
  8
16
 10
107.5000
 20
80.3263
 30
0.0000
  0
VERTEX
  8
16
 10
107.5000
 20
80.3263
 30
0.0000
  0
SEQEND
  8
0
  0
POLYLINE
  8
16
 66
1
 10
0.0000
 20
0.0000
 30
0.0000
 40
0.1500
 41
0.1500
 70
0
  0
VERTEX
  8
16
 10
107.5000
 20
80.2513
 30
0.0000
 42
1.0000
  0
VERTEX
  8
16
 10
107.5000
 20
80.4013
 30
0.0000
  0
SEQEND
  8
0
  0
POLYLINE
  8
16
 66
1
 10
0.0000
 20
0.0000
 30
0.0000
 40
0.1500
 41
0.1500
 70
0
  0
VERTEX
  8
16
 10
107.5000
 20
80.4013
 30
0.0000
 42
1.0000
  0
VERTEX
  8
16
 10
107.5000
 20
80.2513
 30
0.0000
  0
SEQEND
  8
0
  0
POLYLINE
  8
16
 66
1
 10
0.0000
 20
0.0000
 30
0.0000
 40
0.3000
 41
0.3000
 70
0
  0
VERTEX
  8
16
 10
107.5000
 20
80.3263
 30
0.0000
  0
VERTEX
  8
16
 10
108.6914
 20
80.5150
 30
0.0000
  0
SEQEND
  8
0
  0
POLYLINE
  8
16
 66
1
 10
0.0000
 20
0.0000
 30
0.0000
 40
0.1500
 41
0.1500
 70
0
  0
VERTEX
  8
16
 10
108.7031
 20
80.4410
 30
0.0000
 42
1.0000
  0
VERTEX
  8
16
 10
108.6796
 20
80.5891
 30
0.0000
  0
SEQEND
  8
0
  0
POLYLINE
  8
16
 66
1
 10
0.0000
 20
0.0000
 30
0.0000
 40
0.1500
 41
0.1500
 70
0
  0
VERTEX
  8
16
 10
107.4883
 20
80.4004
 30
0.0000
 42
1.0000
  0
VERTEX
  8
16
 10
107.5117
 20
80.2523
 30
0.0000
  0
SEQEND
  8
0
  0
POLYLINE
  8
16
 66
1
 10
0.0000
 20
0.0000
 30
0.0000
 40
0.3000
 41
0.3000
 70
0
  0
VERTEX
  8
16
 10
108.6914
 20
80.5150
 30
0.0000
  0
VERTEX
  8
16
 10
109.7661
 20
81.0626
 30
0.0000
  0
SEQEND
  8
0
  0
POLYLINE
  8
16
 66
1
 10
0.0000
 20
0.0000
 30
0.0000
 40
0.1500
 41
0.1500
 70
0
  0
VERTEX
  8
16
 10
109.8001
 20
80.9958
 30
0.0000
 42
1.0000
  0
VERTEX
  8
16
 10
109.7320
 20
81.1295
 30
0.0000
  0
SEQEND
  8
0
  0
POLYLINE
  8
16
 66
1
 10
0.0000
 20
0.0000
 30
0.0000
 40
0.1500
 41
0.1500
 70
0
  0
VERTEX
  8
16
 10
108.6573
 20
80.5819
 30
0.0000
 42
1.0000
  0
VERTEX
  8
16
 10
108.7254
 20
80.4482
 30
0.0000
  0
SEQEND
  8
0
  0
POLYLINE
  8
16
 66
1
 10
0.0000
 20
0.0000
 30
0.0000
 40
0.3000
 41
0.3000
 70
0
  0
VERTEX
  8
16
 10
109.7661
 20
81.0626
 30
0.0000
  0
VERTEX
  8
16
 10
109.7661
 20
81.0626
 30
0.0000
  0
SEQEND
  8
0
  0
POLYLINE
  8
16
 66
1
 10
0.0000
 20
0.0000
 30
0.0000
 40
0.1500
 41
0.1500
 70
0
  0
VERTEX
  8
16
 10
109.8411
 20
81.0626
 30
0.0000
 42
1.0000
  0
VERTEX
  8
16
 10
109.6911
 20
81.0626
 30
0.0000
  0
SEQEND
  8
0
  0
POLYLINE
  8
16
 66
1
 10
0.0000
 20
0.0000
 30
0.0000
 40
0.1500
 41
0.1500
 70
0
  0
VERTEX
  8
16
 10
109.6911
 20
81.0626
 30
0.0000
 42
1.0000
  0
VERTEX
  8
16
 10
109.8411
 20
81.0626
 30
0.0000
  0
SEQEND
  8
0
  0
POLYLINE
  8
16
 66
1
 10
0.0000
 20
0.0000
 30
0.0000
 40
0.3000
 41
0.3000
 70
0
  0
VERTEX
  8
16
 10
109.7661
 20
81.0626
 30
0.0000
  0
VERTEX
  8
16
 10
110.6190
 20
81.9156
 30
0.0000
  0
SEQEND
  8
0
  0
POLYLINE
  8
16
 66
1
 10
0.0000
 20
0.0000
 30
0.0000
 40
0.1500
 41
0.1500
 70
0
  0
VERTEX
  8
16
 10
110.6720
 20
81.8625
 30
0.0000
 42
1.0000
  0
VERTEX
  8
16
 10
110.5660
 20
81.9686
 30
0.0000
  0
SEQEND
  8
0
  0
POLYLINE
  8
16
 66
1
 10
0.0000
 20
0.0000
 30
0.0000
 40
0.1500
 41
0.1500
 70
0
  0
VERTEX
  8
16
 10
109.7131
 20
81.1157
 30
0.0000
 42
1.0000
  0
VERTEX
  8
16
 10
109.8191
 20
81.0096
 30
0.0000
  0
SEQEND
  8
0
  0
POLYLINE
  8
16
 66
1
 10
0.0000
 20
0.0000
 30
0.0000
 40
0.3000
 41
0.3000
 70
0
  0
VERTEX
  8
16
 10
110.6190
 20
81.9156
 30
0.0000
  0
VERTEX
  8
16
 10
111.1666
 20
82.9903
 30
0.0000
  0
SEQEND
  8
0
  0
POLYLINE
  8
16
 66
1
 10
0.0000
 20
0.0000
 30
0.0000
 40
0.1500
 41
0.1500
 70
0
  0
VERTEX
  8
16
 10
111.2334
 20
82.9562
 30
0.0000
 42
1.0000
  0
VERTEX
  8
16
 10
111.0998
 20
83.0243
 30
0.0000
  0
SEQEND
  8
0
  0
POLYLINE
  8
16
 66
1
 10
0.0000
 20
0.0000
 30
0.0000
 40
0.1500
 41
0.1500
 70
0
  0
VERTEX
  8
16
 10
110.5522
 20
81.9496
 30
0.0000
 42
1.0000
  0
VERTEX
  8
16
 10
110.6858
 20
81.8815
 30
0.0000
  0
SEQEND
  8
0
  0
POLYLINE
  8
16
 66
1
 10
0.0000
 20
0.0000
 30
0.0000
 40
0.3000
 41
0.3000
 70
0
  0
VERTEX
  8
16
 10
111.1666
 20
82.9903
 30
0.0000
  0
VERTEX
  8
16
 10
111.3553
 20
84.1816
 30
0.0000
  0
SEQEND
  8
0
  0
POLYLINE
  8
16
 66
1
 10
0.0000
 20
0.0000
 30
0.0000
 40
0.1500
 41
0.1500
 70
0
  0
VERTEX
  8
16
 10
111.4294
 20
84.1699
 30
0.0000
 42
1.0000
  0
VERTEX
  8
16
 10
111.2812
 20
84.1934
 30
0.0000
  0
SEQEND
  8
0
  0
POLYLINE
  8
16
 66
1
 10
0.0000
 20
0.0000
 30
0.0000
 40
0.1500
 41
0.1500
 70
0
  0
VERTEX
  8
16
 10
111.0925
 20
83.0020
 30
0.0000
 42
1.0000
  0
VERTEX
  8
16
 10
111.2407
 20
82.9786
 30
0.0000
  0
SEQEND
  8
0
  0
POLYLINE
  8
16
 66
1
 10
0.0000
 20
0.0000
 30
0.0000
 40
0.3000
 41
0.3000
 70
0
  0
VERTEX
  8
16
 10
111.3553
 20
84.1816
 30
0.0000
  0
VERTEX
  8
16
 10
111.3553
 20
84.1816
 30
0.0000
  0
SEQEND
  8
0
  0
POLYLINE
  8
16
 66
1
 10
0.0000
 20
0.0000
 30
0.0000
 40
0.1500
 41
0.1500
 70
0
  0
VERTEX
  8
16
 10
111.3553
 20
84.1066
 30
0.0000
 42
1.0000
  0
VERTEX
  8
16
 10
111.3553
 20
84.2566
 30
0.0000
  0
SEQEND
  8
0
  0
POLYLINE
  8
16
 66
1
 10
0.0000
 20
0.0000
 30
0.0000
 40
0.1500
 41
0.1500
 70
0
  0
VERTEX
  8
16
 10
111.3553
 20
84.2566
 30
0.0000
 42
1.0000
  0
VERTEX
  8
16
 10
111.3553
 20
84.1066
 30
0.0000
  0
SEQEND
  8
0
  0
POLYLINE
  8
16
 66
1
 10
0.0000
 20
0.0000
 30
0.0000
 40
0.3000
 41
0.3000
 70
0
  0
VERTEX
  8
16
 10
111.3553
 20
84.1816
 30
0.0000
  0
VERTEX
  8
16
 10
111.1666
 20
85.3730
 30
0.0000
  0
SEQEND
  8
0
  0
POLYLINE
  8
16
 66
1
 10
0.0000
 20
0.0000
 30
0.0000
 40
0.1500
 41
0.1500
 70
0
  0
VERTEX
  8
16
 10
111.2407
 20
85.3847
 30
0.0000
 42
1.0000
  0
VERTEX
  8
16
 10
111.0925
 20
85.3613
 30
0.0000
  0
SEQEND
  8
0
  0
POLYLINE
  8
16
 66
1
 10
0.0000
 20
0.0000
 30
0.0000
 40
0.1500
 41
0.1500
 70
0
  0
VERTEX
  8
16
 10
111.2812
 20
84.1699
 30
0.0000
 42
1.0000
  0
VERTEX
  8
16
 10
111.4294
 20
84.1934
 30
0.0000
  0
SEQEND
  8
0
  0
POLYLINE
  8
16
 66
1
 10
0.0000
 20
0.0000
 30
0.0000
 40
0.3000
 41
0.3000
 70
0
  0
VERTEX
  8
16
 10
111.1666
 20
85.3730
 30
0.0000
  0
VERTEX
  8
16
 10
111.1666
 20
85.3730
 30
0.0000
  0
SEQEND
  8
0
  0
POLYLINE
  8
16
 66
1
 10
0.0000
 20
0.0000
 30
0.0000
 40
0.1500
 41
0.1500
 70
0
  0
VERTEX
  8
16
 10
111.2416
 20
85.3730
 30
0.0000
 42
1.0000
  0
VERTEX
  8
16
 10
111.0916
 20
85.3730
 30
0.0000
  0
SEQEND
  8
0
  0
POLYLINE
  8
16
 66
1
 10
0.0000
 20
0.0000
 30
0.0000
 40
0.1500
 41
0.1500
 70
0
  0
VERTEX
  8
16
 10
111.0916
 20
85.3730
 30
0.0000
 42
1.0000
  0
VERTEX
  8
16
 10
111.2416
 20
85.3730
 30
0.0000
  0
SEQEND
  8
0
  0
POLYLINE
  8
16
 66
1
 10
0.0000
 20
0.0000
 30
0.0000
 40
0.3000
 41
0.3000
 70
0
  0
VERTEX
  8
16
 10
111.1666
 20
85.3730
 30
0.0000
  0
VERTEX
  8
16
 10
110.6190
 20
86.4477
 30
0.0000
  0
SEQEND
  8
0
  0
POLYLINE
  8
16
 66
1
 10
0.0000
 20
0.0000
 30
0.0000
 40
0.1500
 41
0.1500
 70
0
  0
VERTEX
  8
16
 10
110.6858
 20
86.4818
 30
0.0000
 42
1.0000
  0
VERTEX
  8
16
 10
110.5522
 20
86.4137
 30
0.0000
  0
SEQEND
  8
0
  0
POLYLINE
  8
16
 66
1
 10
0.0000
 20
0.0000
 30
0.0000
 40
0.1500
 41
0.1500
 70
0
  0
VERTEX
  8
16
 10
111.0998
 20
85.3389
 30
0.0000
 42
1.0000
  0
VERTEX
  8
16
 10
111.2334
 20
85.4070
 30
0.0000
  0
SEQEND
  8
0
  0
POLYLINE
  8
16
 66
1
 10
0.0000
 20
0.0000
 30
0.0000
 40
0.3000
 41
0.3000
 70
0
  0
VERTEX
  8
16
 10
110.6190
 20
86.4477
 30
0.0000
  0
VERTEX
  8
16
 10
110.6190
 20
86.4477
 30
0.0000
  0
SEQEND
  8
0
  0
POLYLINE
  8
16
 66
1
 10
0.0000
 20
0.0000
 30
0.0000
 40
0.1500
 41
0.1500
 70
0
  0
VERTEX
  8
16
 10
110.6940
 20
86.4477
 30
0.0000
 42
1.0000
  0
VERTEX
  8
16
 10
110.5440
 20
86.4477
 30
0.0000
  0
SEQEND
  8
0
  0
POLYLINE
  8
16
 66
1
 10
0.0000
 20
0.0000
 30
0.0000
 40
0.1500
 41
0.1500
 70
0
  0
VERTEX
  8
16
 10
110.5440
 20
86.4477
 30
0.0000
 42
1.0000
  0
VERTEX
  8
16
 10
110.6940
 20
86.4477
 30
0.0000
  0
SEQEND
  8
0
  0
POLYLINE
  8
16
 66
1
 10
0.0000
 20
0.0000
 30
0.0000
 40
0.3000
 41
0.3000
 70
0
  0
VERTEX
  8
16
 10
110.6190
 20
86.4477
 30
0.0000
  0
VERTEX
  8
16
 10
109.7661
 20
87.3006
 30
0.0000
  0
SEQEND
  8
0
  0
POLYLINE
  8
16
 66
1
 10
0.0000
 20
0.0000
 30
0.0000
 40
0.1500
 41
0.1500
 70
0
  0
VERTEX
  8
16
 10
109.8191
 20
87.3537
 30
0.0000
 42
1.0000
  0
VERTEX
  8
16
 10
109.7131
 20
87.2476
 30
0.0000
  0
SEQEND
  8
0
  0
POLYLINE
  8
16
 66
1
 10
0.0000
 20
0.0000
 30
0.0000
 40
0.1500
 41
0.1500
 70
0
  0
VERTEX
  8
16
 10
110.5660
 20
86.3947
 30
0.0000
 42
1.0000
  0
VERTEX
  8
16
 10
110.6720
 20
86.5008
 30
0.0000
  0
SEQEND
  8
0
  0
POLYLINE
  8
16
 66
1
 10
0.0000
 20
0.0000
 30
0.0000
 40
0.3000
 41
0.3000
 70
0
  0
VERTEX
  8
16
 10
109.7661
 20
87.3006
 30
0.0000
  0
VERTEX
  8
16
 10
109.7661
 20
87.3006
 30
0.0000
  0
SEQEND
  8
0
  0
POLYLINE
  8
16
 66
1
 10
0.0000
 20
0.0000
 30
0.0000
 40
0.1500
 41
0.1500
 70
0
  0
VERTEX
  8
16
 10
109.7661
 20
87.3756
 30
0.0000
 42
1.0000
  0
VERTEX
  8
16
 10
109.7661
 20
87.2256
 30
0.0000
  0
SEQEND
  8
0
  0
POLYLINE
  8
16
 66
1
 10
0.0000
 20
0.0000
 30
0.0000
 40
0.1500
 41
0.1500
 70
0
  0
VERTEX
  8
16
 10
109.7661
 20
87.2256
 30
0.0000
 42
1.0000
  0
VERTEX
  8
16
 10
109.7661
 20
87.3756
 30
0.0000
  0
SEQEND
  8
0
  0
POLYLINE
  8
16
 66
1
 10
0.0000
 20
0.0000
 30
0.0000
 40
0.3000
 41
0.3000
 70
0
  0
VERTEX
  8
16
 10
109.7661
 20
87.3006
 30
0.0000
  0
VERTEX
  8
16
 10
108.6914
 20
87.8482
 30
0.0000
  0
SEQEND
  8
0
  0
POLYLINE
  8
16
 66
1
 10
0.0000
 20
0.0000
 30
0.0000
 40
0.1500
 41
0.1500
 70
0
  0
VERTEX
  8
16
 10
108.7254
 20
87.9151
 30
0.0000
 42
1.0000
  0
VERTEX
  8
16
 10
108.6573
 20
87.7814
 30
0.0000
  0
SEQEND
  8
0
  0
POLYLINE
  8
16
 66
1
 10
0.0000
 20
0.0000
 30
0.0000
 40
0.1500
 41
0.1500
 70
0
  0
VERTEX
  8
16
 10
109.7320
 20
87.2338
 30
0.0000
 42
1.0000
  0
VERTEX
  8
16
 10
109.8001
 20
87.3675
 30
0.0000
  0
SEQEND
  8
0
  0
POLYLINE
  8
16
 66
1
 10
0.0000
 20
0.0000
 30
0.0000
 40
0.3000
 41
0.3000
 70
0
  0
VERTEX
  8
16
 10
108.6914
 20
87.8482
 30
0.0000
  0
VERTEX
  8
16
 10
108.6913
 20
87.8482
 30
0.0000
  0
SEQEND
  8
0
  0
POLYLINE
  8
16
 66
1
 10
0.0000
 20
0.0000
 30
0.0000
 40
0.1500
 41
0.1500
 70
0
  0
VERTEX
  8
16
 10
108.6913
 20
87.9232
 30
0.0000
 42
1.0000
  0
VERTEX
  8
16
 10
108.6913
 20
87.7732
 30
0.0000
  0
SEQEND
  8
0
  0
POLYLINE
  8
16
 66
1
 10
0.0000
 20
0.0000
 30
0.0000
 40
0.1500
 41
0.1500
 70
0
  0
VERTEX
  8
16
 10
108.6914
 20
87.7732
 30
0.0000
 42
1.0000
  0
VERTEX
  8
16
 10
108.6914
 20
87.9232
 30
0.0000
  0
SEQEND
  8
0
  0
POLYLINE
  8
16
 66
1
 10
0.0000
 20
0.0000
 30
0.0000
 40
0.3000
 41
0.3000
 70
0
  0
VERTEX
  8
16
 10
108.6913
 20
87.8482
 30
0.0000
  0
VERTEX
  8
16
 10
107.5000
 20
88.0369
 30
0.0000
  0
SEQEND
  8
0
  0
POLYLINE
  8
16
 66
1
 10
0.0000
 20
0.0000
 30
0.0000
 40
0.1500
 41
0.1500
 70
0
  0
VERTEX
  8
16
 10
107.5117
 20
88.1110
 30
0.0000
 42
1.0000
  0
VERTEX
  8
16
 10
107.4883
 20
87.9629
 30
0.0000
  0
SEQEND
  8
0
  0
POLYLINE
  8
16
 66
1
 10
0.0000
 20
0.0000
 30
0.0000
 40
0.1500
 41
0.1500
 70
0
  0
VERTEX
  8
16
 10
108.6796
 20
87.7742
 30
0.0000
 42
1.0000
  0
VERTEX
  8
16
 10
108.7031
 20
87.9223
 30
0.0000
  0
SEQEND
  8
0
  0
POLYLINE
  8
16
 66
1
 10
0.0000
 20
0.0000
 30
0.0000
 40
0.3000
 41
0.3000
 70
0
  0
VERTEX
  8
16
 10
107.5000
 20
88.0369
 30
0.0000
  0
VERTEX
  8
16
 10
107.5000
 20
88.0369
 30
0.0000
  0
SEQEND
  8
0
  0
POLYLINE
  8
16
 66
1
 10
0.0000
 20
0.0000
 30
0.0000
 40
0.1500
 41
0.1500
 70
0
  0
VERTEX
  8
16
 10
107.5000
 20
88.1119
 30
0.0000
 42
1.0000
  0
VERTEX
  8
16
 10
107.5000
 20
87.9619
 30
0.0000
  0
SEQEND
  8
0
  0
POLYLINE
  8
16
 66
1
 10
0.0000
 20
0.0000
 30
0.0000
 40
0.1500
 41
0.1500
 70
0
  0
VERTEX
  8
16
 10
107.5000
 20
87.9619
 30
0.0000
 42
1.0000
  0
VERTEX
  8
16
 10
107.5000
 20
88.1119
 30
0.0000
  0
SEQEND
  8
0
  0
POLYLINE
  8
16
 66
1
 10
0.0000
 20
0.0000
 30
0.0000
 40
0.3000
 41
0.3000
 70
0
  0
VERTEX
  8
16
 10
107.5000
 20
88.0369
 30
0.0000
  0
VERTEX
  8
16
 10
106.3086
 20
87.8482
 30
0.0000
  0
SEQEND
  8
0
  0
POLYLINE
  8
16
 66
1
 10
0.0000
 20
0.0000
 30
0.0000
 40
0.1500
 41
0.1500
 70
0
  0
VERTEX
  8
16
 10
106.2969
 20
87.9223
 30
0.0000
 42
1.0000
  0
VERTEX
  8
16
 10
106.3204
 20
87.7742
 30
0.0000
  0
SEQEND
  8
0
  0
POLYLINE
  8
16
 66
1
 10
0.0000
 20
0.0000
 30
0.0000
 40
0.1500
 41
0.1500
 70
0
  0
VERTEX
  8
16
 10
107.5117
 20
87.9629
 30
0.0000
 42
1.0000
  0
VERTEX
  8
16
 10
107.4883
 20
88.1110
 30
0.0000
  0
SEQEND
  8
0
  0
POLYLINE
  8
16
 66
1
 10
0.0000
 20
0.0000
 30
0.0000
 40
0.3000
 41
0.3000
 70
0
  0
VERTEX
  8
16
 10
106.3086
 20
87.8482
 30
0.0000
  0
VERTEX
  8
16
 10
106.3086
 20
87.8482
 30
0.0000
  0
SEQEND
  8
0
  0
POLYLINE
  8
16
 66
1
 10
0.0000
 20
0.0000
 30
0.0000
 40
0.1500
 41
0.1500
 70
0
  0
VERTEX
  8
16
 10
106.3086
 20
87.9232
 30
0.0000
 42
1.0000
  0
VERTEX
  8
16
 10
106.3086
 20
87.7732
 30
0.0000
  0
SEQEND
  8
0
  0
POLYLINE
  8
16
 66
1
 10
0.0000
 20
0.0000
 30
0.0000
 40
0.1500
 41
0.1500
 70
0
  0
VERTEX
  8
16
 10
106.3086
 20
87.7732
 30
0.0000
 42
1.0000
  0
VERTEX
  8
16
 10
106.3086
 20
87.9232
 30
0.0000
  0
SEQEND
  8
0
  0
POLYLINE
  8
16
 66
1
 10
0.0000
 20
0.0000
 30
0.0000
 40
0.3000
 41
0.3000
 70
0
  0
VERTEX
  8
16
 10
106.3086
 20
87.8482
 30
0.0000
  0
VERTEX
  8
16
 10
105.2339
 20
87.3006
 30
0.0000
  0
SEQEND
  8
0
  0
POLYLINE
  8
16
 66
1
 10
0.0000
 20
0.0000
 30
0.0000
 40
0.1500
 41
0.1500
 70
0
  0
VERTEX
  8
16
 10
105.1999
 20
87.3675
 30
0.0000
 42
1.0000
  0
VERTEX
  8
16
 10
105.2680
 20
87.2338
 30
0.0000
  0
SEQEND
  8
0
  0
POLYLINE
  8
16
 66
1
 10
0.0000
 20
0.0000
 30
0.0000
 40
0.1500
 41
0.1500
 70
0
  0
VERTEX
  8
16
 10
106.3427
 20
87.7814
 30
0.0000
 42
1.0000
  0
VERTEX
  8
16
 10
106.2746
 20
87.9151
 30
0.0000
  0
SEQEND
  8
0
  0
POLYLINE
  8
16
 66
1
 10
0.0000
 20
0.0000
 30
0.0000
 40
0.3000
 41
0.3000
 70
0
  0
VERTEX
  8
16
 10
105.2339
 20
87.3006
 30
0.0000
  0
VERTEX
  8
16
 10
105.2339
 20
87.3006
 30
0.0000
  0
SEQEND
  8
0
  0
POLYLINE
  8
16
 66
1
 10
0.0000
 20
0.0000
 30
0.0000
 40
0.1500
 41
0.1500
 70
0
  0
VERTEX
  8
16
 10
105.2339
 20
87.3756
 30
0.0000
 42
1.0000
  0
VERTEX
  8
16
 10
105.2339
 20
87.2256
 30
0.0000
  0
SEQEND
  8
0
  0
POLYLINE
  8
16
 66
1
 10
0.0000
 20
0.0000
 30
0.0000
 40
0.1500
 41
0.1500
 70
0
  0
VERTEX
  8
16
 10
105.2339
 20
87.2256
 30
0.0000
 42
1.0000
  0
VERTEX
  8
16
 10
105.2339
 20
87.3756
 30
0.0000
  0
SEQEND
  8
0
  0
POLYLINE
  8
16
 66
1
 10
0.0000
 20
0.0000
 30
0.0000
 40
0.3000
 41
0.3000
 70
0
  0
VERTEX
  8
16
 10
105.2339
 20
87.3006
 30
0.0000
  0
VERTEX
  8
16
 10
104.3810
 20
86.4477
 30
0.0000
  0
SEQEND
  8
0
  0
POLYLINE
  8
16
 66
1
 10
0.0000
 20
0.0000
 30
0.0000
 40
0.1500
 41
0.1500
 70
0
  0
VERTEX
  8
16
 10
104.3280
 20
86.5008
 30
0.0000
 42
1.0000
  0
VERTEX
  8
16
 10
104.4340
 20
86.3947
 30
0.0000
  0
SEQEND
  8
0
  0
POLYLINE
  8
16
 66
1
 10
0.0000
 20
0.0000
 30
0.0000
 40
0.1500
 41
0.1500
 70
0
  0
VERTEX
  8
16
 10
105.2869
 20
87.2476
 30
0.0000
 42
1.0000
  0
VERTEX
  8
16
 10
105.1809
 20
87.3537
 30
0.0000
  0
SEQEND
  8
0
  0
POLYLINE
  8
16
 66
1
 10
0.0000
 20
0.0000
 30
0.0000
 40
0.3000
 41
0.3000
 70
0
  0
VERTEX
  8
16
 10
104.3810
 20
86.4477
 30
0.0000
  0
VERTEX
  8
16
 10
104.3810
 20
86.4477
 30
0.0000
  0
SEQEND
  8
0
  0
POLYLINE
  8
16
 66
1
 10
0.0000
 20
0.0000
 30
0.0000
 40
0.1500
 41
0.1500
 70
0
  0
VERTEX
  8
16
 10
104.3060
 20
86.4477
 30
0.0000
 42
1.0000
  0
VERTEX
  8
16
 10
104.4560
 20
86.4477
 30
0.0000
  0
SEQEND
  8
0
  0
POLYLINE
  8
16
 66
1
 10
0.0000
 20
0.0000
 30
0.0000
 40
0.1500
 41
0.1500
 70
0
  0
VERTEX
  8
16
 10
104.4560
 20
86.4477
 30
0.0000
 42
1.0000
  0
VERTEX
  8
16
 10
104.3060
 20
86.4477
 30
0.0000
  0
SEQEND
  8
0
  0
POLYLINE
  8
16
 66
1
 10
0.0000
 20
0.0000
 30
0.0000
 40
0.3000
 41
0.3000
 70
0
  0
VERTEX
  8
16
 10
104.3810
 20
86.4477
 30
0.0000
  0
VERTEX
  8
16
 10
103.8334
 20
85.3730
 30
0.0000
  0
SEQEND
  8
0
  0
POLYLINE
  8
16
 66
1
 10
0.0000
 20
0.0000
 30
0.0000
 40
0.1500
 41
0.1500
 70
0
  0
VERTEX
  8
16
 10
103.7666
 20
85.4070
 30
0.0000
 42
1.0000
  0
VERTEX
  8
16
 10
103.9002
 20
85.3389
 30
0.0000
  0
SEQEND
  8
0
  0
POLYLINE
  8
16
 66
1
 10
0.0000
 20
0.0000
 30
0.0000
 40
0.1500
 41
0.1500
 70
0
  0
VERTEX
  8
16
 10
104.4478
 20
86.4137
 30
0.0000
 42
1.0000
  0
VERTEX
  8
16
 10
104.3142
 20
86.4818
 30
0.0000
  0
SEQEND
  8
0
  0
POLYLINE
  8
16
 66
1
 10
0.0000
 20
0.0000
 30
0.0000
 40
0.3000
 41
0.3000
 70
0
  0
VERTEX
  8
16
 10
103.8334
 20
85.3730
 30
0.0000
  0
VERTEX
  8
16
 10
103.8334
 20
85.3730
 30
0.0000
  0
SEQEND
  8
0
  0
POLYLINE
  8
16
 66
1
 10
0.0000
 20
0.0000
 30
0.0000
 40
0.1500
 41
0.1500
 70
0
  0
VERTEX
  8
16
 10
103.7584
 20
85.3730
 30
0.0000
 42
1.0000
  0
VERTEX
  8
16
 10
103.9084
 20
85.3730
 30
0.0000
  0
SEQEND
  8
0
  0
POLYLINE
  8
16
 66
1
 10
0.0000
 20
0.0000
 30
0.0000
 40
0.1500
 41
0.1500
 70
0
  0
VERTEX
  8
16
 10
103.9084
 20
85.3730
 30
0.0000
 42
1.0000
  0
VERTEX
  8
16
 10
103.7584
 20
85.3730
 30
0.0000
  0
SEQEND
  8
0
  0
POLYLINE
  8
16
 66
1
 10
0.0000
 20
0.0000
 30
0.0000
 40
0.3000
 41
0.3000
 70
0
  0
VERTEX
  8
16
 10
103.8334
 20
85.3730
 30
0.0000
  0
VERTEX
  8
16
 10
103.6447
 20
84.1816
 30
0.0000
  0
SEQEND
  8
0
  0
POLYLINE
  8
16
 66
1
 10
0.0000
 20
0.0000
 30
0.0000
 40
0.1500
 41
0.1500
 70
0
  0
VERTEX
  8
16
 10
103.5706
 20
84.1934
 30
0.0000
 42
1.0000
  0
VERTEX
  8
16
 10
103.7188
 20
84.1699
 30
0.0000
  0
SEQEND
  8
0
  0
POLYLINE
  8
16
 66
1
 10
0.0000
 20
0.0000
 30
0.0000
 40
0.1500
 41
0.1500
 70
0
  0
VERTEX
  8
16
 10
103.9075
 20
85.3613
 30
0.0000
 42
1.0000
  0
VERTEX
  8
16
 10
103.7593
 20
85.3847
 30
0.0000
  0
SEQEND
  8
0
  0
POLYLINE
  8
16
 66
1
 10
0.0000
 20
0.0000
 30
0.0000
 40
0.3000
 41
0.3000
 70
0
  0
VERTEX
  8
16
 10
103.6447
 20
84.1816
 30
0.0000
  0
VERTEX
  8
16
 10
103.6447
 20
84.1816
 30
0.0000
  0
SEQEND
  8
0
  0
POLYLINE
  8
16
 66
1
 10
0.0000
 20
0.0000
 30
0.0000
 40
0.1500
 41
0.1500
 70
0
  0
VERTEX
  8
16
 10
103.5697
 20
84.1816
 30
0.0000
 42
1.0000
  0
VERTEX
  8
16
 10
103.7197
 20
84.1816
 30
0.0000
  0
SEQEND
  8
0
  0
POLYLINE
  8
16
 66
1
 10
0.0000
 20
0.0000
 30
0.0000
 40
0.1500
 41
0.1500
 70
0
  0
VERTEX
  8
16
 10
103.7197
 20
84.1816
 30
0.0000
 42
1.0000
  0
VERTEX
  8
16
 10
103.5697
 20
84.1816
 30
0.0000
  0
SEQEND
  8
0
  0
POLYLINE
  8
16
 66
1
 10
0.0000
 20
0.0000
 30
0.0000
 40
0.3000
 41
0.3000
 70
0
  0
VERTEX
  8
16
 10
103.6447
 20
84.1816
 30
0.0000
  0
VERTEX
  8
16
 10
103.8334
 20
82.9903
 30
0.0000
  0
SEQEND
  8
0
  0
POLYLINE
  8
16
 66
1
 10
0.0000
 20
0.0000
 30
0.0000
 40
0.1500
 41
0.1500
 70
0
  0
VERTEX
  8
16
 10
103.7593
 20
82.9786
 30
0.0000
 42
1.0000
  0
VERTEX
  8
16
 10
103.9075
 20
83.0020
 30
0.0000
  0
SEQEND
  8
0
  0
POLYLINE
  8
16
 66
1
 10
0.0000
 20
0.0000
 30
0.0000
 40
0.1500
 41
0.1500
 70
0
  0
VERTEX
  8
16
 10
103.7188
 20
84.1934
 30
0.0000
 42
1.0000
  0
VERTEX
  8
16
 10
103.5706
 20
84.1699
 30
0.0000
  0
SEQEND
  8
0
  0
POLYLINE
  8
16
 66
1
 10
0.0000
 20
0.0000
 30
0.0000
 40
0.3000
 41
0.3000
 70
0
  0
VERTEX
  8
16
 10
103.8334
 20
82.9903
 30
0.0000
  0
VERTEX
  8
16
 10
103.8334
 20
82.9903
 30
0.0000
  0
SEQEND
  8
0
  0
POLYLINE
  8
16
 66
1
 10
0.0000
 20
0.0000
 30
0.0000
 40
0.1500
 41
0.1500
 70
0
  0
VERTEX
  8
16
 10
103.7584
 20
82.9903
 30
0.0000
 42
1.0000
  0
VERTEX
  8
16
 10
103.9084
 20
82.9903
 30
0.0000
  0
SEQEND
  8
0
  0
POLYLINE
  8
16
 66
1
 10
0.0000
 20
0.0000
 30
0.0000
 40
0.1500
 41
0.1500
 70
0
  0
VERTEX
  8
16
 10
103.9084
 20
82.9903
 30
0.0000
 42
1.0000
  0
VERTEX
  8
16
 10
103.7584
 20
82.9903
 30
0.0000
  0
SEQEND
  8
0
  0
POLYLINE
  8
16
 66
1
 10
0.0000
 20
0.0000
 30
0.0000
 40
0.3000
 41
0.3000
 70
0
  0
VERTEX
  8
16
 10
103.8334
 20
82.9903
 30
0.0000
  0
VERTEX
  8
16
 10
104.3438
 20
81.9886
 30
0.0000
  0
SEQEND
  8
0
  0
POLYLINE
  8
16
 66
1
 10
0.0000
 20
0.0000
 30
0.0000
 40
0.1500
 41
0.1500
 70
0
  0
VERTEX
  8
16
 10
104.2769
 20
81.9546
 30
0.0000
 42
1.0000
  0
VERTEX
  8
16
 10
104.4106
 20
82.0227
 30
0.0000
  0
SEQEND
  8
0
  0
POLYLINE
  8
16
 66
1
 10
0.0000
 20
0.0000
 30
0.0000
 40
0.1500
 41
0.1500
 70
0
  0
VERTEX
  8
16
 10
103.9002
 20
83.0243
 30
0.0000
 42
1.0000
  0
VERTEX
  8
16
 10
103.7666
 20
82.9562
 30
0.0000
  0
SEQEND
  8
0
  0
POLYLINE
  8
16
 66
1
 10
0.0000
 20
0.0000
 30
0.0000
 40
0.3000
 41
0.3000
 70
0
  0
VERTEX
  8
16
 10
104.3438
 20
81.9886
 30
0.0000
  0
VERTEX
  8
16
 10
104.0115
 20
82.3209
 30
0.0000
  0
SEQEND
  8
0
  0
POLYLINE
  8
16
 66
1
 10
0.0000
 20
0.0000
 30
0.0000
 40
0.1500
 41
0.1500
 70
0
  0
VERTEX
  8
16
 10
104.0645
 20
82.3739
 30
0.0000
 42
1.0000
  0
VERTEX
  8
16
 10
103.9585
 20
82.2679
 30
0.0000
  0
SEQEND
  8
0
  0
POLYLINE
  8
16
 66
1
 10
0.0000
 20
0.0000
 30
0.0000
 40
0.1500
 41
0.1500
 70
0
  0
VERTEX
  8
16
 10
104.2907
 20
81.9356
 30
0.0000
 42
1.0000
  0
VERTEX
  8
16
 10
104.3968
 20
82.0416
 30
0.0000
  0
SEQEND
  8
0
  0
POLYLINE
  8
16
 66
1
 10
0.0000
 20
0.0000
 30
0.0000
 40
0.3000
 41
0.3000
 70
0
  0
VERTEX
  8
16
 10
104.0115
 20
82.3209
 30
0.0000
  0
VERTEX
  8
16
 10
103.7510
 20
82.4288
 30
0.0000
  0
SEQEND
  8
0
  0
POLYLINE
  8
16
 66
1
 10
0.0000
 20
0.0000
 30
0.0000
 40
0.1500
 41
0.1500
 70
0
  0
VERTEX
  8
16
 10
103.7797
 20
82.4981
 30
0.0000
 42
1.0000
  0
VERTEX
  8
16
 10
103.7223
 20
82.3595
 30
0.0000
  0
SEQEND
  8
0
  0
POLYLINE
  8
16
 66
1
 10
0.0000
 20
0.0000
 30
0.0000
 40
0.1500
 41
0.1500
 70
0
  0
VERTEX
  8
16
 10
103.9828
 20
82.2516
 30
0.0000
 42
1.0000
  0
VERTEX
  8
16
 10
104.0402
 20
82.3902
 30
0.0000
  0
SEQEND
  8
0
  0
POLYLINE
  8
16
 66
1
 10
0.0000
 20
0.0000
 30
0.0000
 40
0.3000
 41
0.3000
 70
0
  0
VERTEX
  8
16
 10
103.7510
 20
82.4288
 30
0.0000
  0
VERTEX
  8
16
 10
101.9636
 20
82.4288
 30
0.0000
  0
SEQEND
  8
0
  0
POLYLINE
  8
16
 66
1
 10
0.0000
 20
0.0000
 30
0.0000
 40
0.1500
 41
0.1500
 70
0
  0
VERTEX
  8
16
 10
101.9636
 20
82.5038
 30
0.0000
 42
1.0000
  0
VERTEX
  8
16
 10
101.9636
 20
82.3538
 30
0.0000
  0
SEQEND
  8
0
  0
POLYLINE
  8
16
 66
1
 10
0.0000
 20
0.0000
 30
0.0000
 40
0.1500
 41
0.1500
 70
0
  0
VERTEX
  8
16
 10
103.7510
 20
82.3538
 30
0.0000
 42
1.0000
  0
VERTEX
  8
16
 10
103.7510
 20
82.5038
 30
0.0000
  0
SEQEND
  8
0
  0
POLYLINE
  8
16
 66
1
 10
0.0000
 20
0.0000
 30
0.0000
 40
0.3000
 41
0.3000
 70
0
  0
VERTEX
  8
16
 10
101.9636
 20
82.4288
 30
0.0000
  0
VERTEX
  8
16
 10
101.4148
 20
82.9776
 30
0.0000
  0
SEQEND
  8
0
  0
POLYLINE
  8
16
 66
1
 10
0.0000
 20
0.0000
 30
0.0000
 40
0.1500
 41
0.1500
 70
0
  0
VERTEX
  8
16
 10
101.4678
 20
83.0306
 30
0.0000
 42
1.0000
  0
VERTEX
  8
16
 10
101.3618
 20
82.9246
 30
0.0000
  0
SEQEND
  8
0
  0
POLYLINE
  8
16
 66
1
 10
0.0000
 20
0.0000
 30
0.0000
 40
0.1500
 41
0.1500
 70
0
  0
VERTEX
  8
16
 10
101.9106
 20
82.3758
 30
0.0000
 42
1.0000
  0
VERTEX
  8
16
 10
102.0166
 20
82.4818
 30
0.0000
  0
SEQEND
  8
0
  0
POLYLINE
  8
16
 66
1
 10
0.0000
 20
0.0000
 30
0.0000
 40
0.3000
 41
0.3000
 70
0
  0
VERTEX
  8
16
 10
101.4148
 20
82.9776
 30
0.0000
  0
VERTEX
  8
16
 10
101.4148
 20
84.5684
 30
0.0000
  0
SEQEND
  8
0
  0
POLYLINE
  8
16
 66
1
 10
0.0000
 20
0.0000
 30
0.0000
 40
0.1500
 41
0.1500
 70
0
  0
VERTEX
  8
16
 10
101.4898
 20
84.5684
 30
0.0000
 42
1.0000
  0
VERTEX
  8
16
 10
101.3398
 20
84.5684
 30
0.0000
  0
SEQEND
  8
0
  0
POLYLINE
  8
16
 66
1
 10
0.0000
 20
0.0000
 30
0.0000
 40
0.1500
 41
0.1500
 70
0
  0
VERTEX
  8
16
 10
101.3398
 20
82.9776
 30
0.0000
 42
1.0000
  0
VERTEX
  8
16
 10
101.4898
 20
82.9776
 30
0.0000
  0
SEQEND
  8
0
  0
POLYLINE
  8
16
 66
1
 10
0.0000
 20
0.0000
 30
0.0000
 40
0.3000
 41
0.3000
 70
0
  0
VERTEX
  8
16
 10
101.4148
 20
84.5684
 30
0.0000
  0
VERTEX
  8
16
 10
101.1890
 20
84.7942
 30
0.0000
  0
SEQEND
  8
0
  0
POLYLINE
  8
16
 66
1
 10
0.0000
 20
0.0000
 30
0.0000
 40
0.1500
 41
0.1500
 70
0
  0
VERTEX
  8
16
 10
101.2420
 20
84.8472
 30
0.0000
 42
1.0000
  0
VERTEX
  8
16
 10
101.1360
 20
84.7411
 30
0.0000
  0
SEQEND
  8
0
  0
POLYLINE
  8
16
 66
1
 10
0.0000
 20
0.0000
 30
0.0000
 40
0.1500
 41
0.1500
 70
0
  0
VERTEX
  8
16
 10
101.3618
 20
84.5154
 30
0.0000
 42
1.0000
  0
VERTEX
  8
16
 10
101.4678
 20
84.6214
 30
0.0000
  0
SEQEND
  8
0
  0
POLYLINE
  8
16
 66
1
 10
0.0000
 20
0.0000
 30
0.0000
 40
0.3000
 41
0.3000
 70
0
  0
VERTEX
  8
16
 10
101.1890
 20
84.7942
 30
0.0000
  0
VERTEX
  8
16
 10
101.2568
 20
84.7760
 30
0.0000
  0
SEQEND
  8
0
  0
POLYLINE
  8
16
 66
1
 10
0.0000
 20
0.0000
 30
0.0000
 40
0.1500
 41
0.1500
 70
0
  0
VERTEX
  8
16
 10
101.2374
 20
84.7036
 30
0.0000
 42
1.0000
  0
VERTEX
  8
16
 10
101.2762
 20
84.8484
 30
0.0000
  0
SEQEND
  8
0
  0
POLYLINE
  8
16
 66
1
 10
0.0000
 20
0.0000
 30
0.0000
 40
0.1500
 41
0.1500
 70
0
  0
VERTEX
  8
16
 10
101.2084
 20
84.8666
 30
0.0000
 42
1.0000
  0
VERTEX
  8
16
 10
101.1696
 20
84.7217
 30
0.0000
  0
SEQEND
  8
0
  0
POLYLINE
  8
16
 66
1
 10
0.0000
 20
0.0000
 30
0.0000
 40
0.3000
 41
0.3000
 70
0
  0
VERTEX
  8
16
 10
101.2568
 20
84.7760
 30
0.0000
  0
VERTEX
  8
16
 10
101.6100
 20
84.7760
 30
0.0000
  0
SEQEND
  8
0
  0
POLYLINE
  8
16
 66
1
 10
0.0000
 20
0.0000
 30
0.0000
 40
0.1500
 41
0.1500
 70
0
  0
VERTEX
  8
16
 10
101.6100
 20
84.7010
 30
0.0000
 42
1.0000
  0
VERTEX
  8
16
 10
101.6100
 20
84.8510
 30
0.0000
  0
SEQEND
  8
0
  0
POLYLINE
  8
16
 66
1
 10
0.0000
 20
0.0000
 30
0.0000
 40
0.1500
 41
0.1500
 70
0
  0
VERTEX
  8
16
 10
101.2568
 20
84.8510
 30
0.0000
 42
1.0000
  0
VERTEX
  8
16
 10
101.2568
 20
84.7010
 30
0.0000
  0
SEQEND
  8
0
  0
POLYLINE
  8
16
 66
1
 10
0.0000
 20
0.0000
 30
0.0000
 40
0.3000
 41
0.3000
 70
0
  0
VERTEX
  8
16
 10
101.6100
 20
84.7760
 30
0.0000
  0
VERTEX
  8
16
 10
101.6100
 20
85.8300
 30
0.0000
  0
SEQEND
  8
0
  0
POLYLINE
  8
16
 66
1
 10
0.0000
 20
0.0000
 30
0.0000
 40
0.1500
 41
0.1500
 70
0
  0
VERTEX
  8
16
 10
101.6850
 20
85.8300
 30
0.0000
 42
1.0000
  0
VERTEX
  8
16
 10
101.5350
 20
85.8300
 30
0.0000
  0
SEQEND
  8
0
  0
POLYLINE
  8
16
 66
1
 10
0.0000
 20
0.0000
 30
0.0000
 40
0.1500
 41
0.1500
 70
0
  0
VERTEX
  8
16
 10
101.5350
 20
84.7760
 30
0.0000
 42
1.0000
  0
VERTEX
  8
16
 10
101.6850
 20
84.7760
 30
0.0000
  0
SEQEND
  8
0
  0
POLYLINE
  8
16
 66
1
 10
0.0000
 20
0.0000
 30
0.0000
 40
0.3000
 41
0.3000
 70
0
  0
VERTEX
  8
16
 10
101.6100
 20
85.8300
 30
0.0000
  0
VERTEX
  8
16
 10
101.6100
 20
85.8300
 30
0.0000
  0
SEQEND
  8
0
  0
POLYLINE
  8
16
 66
1
 10
0.0000
 20
0.0000
 30
0.0000
 40
0.1500
 41
0.1500
 70
0
  0
VERTEX
  8
16
 10
101.6100
 20
85.7550
 30
0.0000
 42
1.0000
  0
VERTEX
  8
16
 10
101.6100
 20
85.9050
 30
0.0000
  0
SEQEND
  8
0
  0
POLYLINE
  8
16
 66
1
 10
0.0000
 20
0.0000
 30
0.0000
 40
0.1500
 41
0.1500
 70
0
  0
VERTEX
  8
16
 10
101.6100
 20
85.9050
 30
0.0000
 42
1.0000
  0
VERTEX
  8
16
 10
101.6100
 20
85.7550
 30
0.0000
  0
SEQEND
  8
0
  0
POLYLINE
  8
16
 66
1
 10
0.0000
 20
0.0000
 30
0.0000
 40
0.3000
 41
0.3000
 70
0
  0
VERTEX
  8
16
 10
101.6100
 20
85.8300
 30
0.0000
  0
VERTEX
  8
16
 10
101.6100
 20
84.7760
 30
0.0000
  0
SEQEND
  8
0
  0
POLYLINE
  8
16
 66
1
 10
0.0000
 20
0.0000
 30
0.0000
 40
0.1500
 41
0.1500
 70
0
  0
VERTEX
  8
16
 10
101.5350
 20
84.7760
 30
0.0000
 42
1.0000
  0
VERTEX
  8
16
 10
101.6850
 20
84.7760
 30
0.0000
  0
SEQEND
  8
0
  0
POLYLINE
  8
16
 66
1
 10
0.0000
 20
0.0000
 30
0.0000
 40
0.1500
 41
0.1500
 70
0
  0
VERTEX
  8
16
 10
101.6850
 20
85.8300
 30
0.0000
 42
1.0000
  0
VERTEX
  8
16
 10
101.5350
 20
85.8300
 30
0.0000
  0
SEQEND
  8
0
  0
POLYLINE
  8
16
 66
1
 10
0.0000
 20
0.0000
 30
0.0000
 40
0.3000
 41
0.3000
 70
0
  0
VERTEX
  8
16
 10
101.6100
 20
84.7760
 30
0.0000
  0
VERTEX
  8
16
 10
101.8512
 20
84.7760
 30
0.0000
  0
SEQEND
  8
0
  0
POLYLINE
  8
16
 66
1
 10
0.0000
 20
0.0000
 30
0.0000
 40
0.1500
 41
0.1500
 70
0
  0
VERTEX
  8
16
 10
101.8512
 20
84.7010
 30
0.0000
 42
1.0000
  0
VERTEX
  8
16
 10
101.8512
 20
84.8510
 30
0.0000
  0
SEQEND
  8
0
  0
POLYLINE
  8
16
 66
1
 10
0.0000
 20
0.0000
 30
0.0000
 40
0.1500
 41
0.1500
 70
0
  0
VERTEX
  8
16
 10
101.6100
 20
84.8510
 30
0.0000
 42
1.0000
  0
VERTEX
  8
16
 10
101.6100
 20
84.7010
 30
0.0000
  0
SEQEND
  8
0
  0
POLYLINE
  8
16
 66
1
 10
0.0000
 20
0.0000
 30
0.0000
 40
0.3000
 41
0.3000
 70
0
  0
VERTEX
  8
16
 10
101.8512
 20
84.7760
 30
0.0000
  0
VERTEX
  8
16
 10
101.8512
 20
84.6144
 30
0.0000
  0
SEQEND
  8
0
  0
POLYLINE
  8
16
 66
1
 10
0.0000
 20
0.0000
 30
0.0000
 40
0.1500
 41
0.1500
 70
0
  0
VERTEX
  8
16
 10
101.7762
 20
84.6144
 30
0.0000
 42
1.0000
  0
VERTEX
  8
16
 10
101.9262
 20
84.6144
 30
0.0000
  0
SEQEND
  8
0
  0
POLYLINE
  8
16
 66
1
 10
0.0000
 20
0.0000
 30
0.0000
 40
0.1500
 41
0.1500
 70
0
  0
VERTEX
  8
16
 10
101.9262
 20
84.7760
 30
0.0000
 42
1.0000
  0
VERTEX
  8
16
 10
101.7762
 20
84.7760
 30
0.0000
  0
SEQEND
  8
0
  0
POLYLINE
  8
16
 66
1
 10
0.0000
 20
0.0000
 30
0.0000
 40
0.3000
 41
0.3000
 70
0
  0
VERTEX
  8
16
 10
101.8512
 20
84.6144
 30
0.0000
  0
VERTEX
  8
16
 10
101.8052
 20
84.5684
 30
0.0000
  0
SEQEND
  8
0
  0
POLYLINE
  8
16
 66
1
 10
0.0000
 20
0.0000
 30
0.0000
 40
0.1500
 41
0.1500
 70
0
  0
VERTEX
  8
16
 10
101.7522
 20
84.6214
 30
0.0000
 42
1.0000
  0
VERTEX
  8
16
 10
101.8582
 20
84.5153
 30
0.0000
  0
SEQEND
  8
0
  0
POLYLINE
  8
16
 66
1
 10
0.0000
 20
0.0000
 30
0.0000
 40
0.1500
 41
0.1500
 70
0
  0
VERTEX
  8
16
 10
101.9042
 20
84.5613
 30
0.0000
 42
1.0000
  0
VERTEX
  8
16
 10
101.7982
 20
84.6674
 30
0.0000
  0
SEQEND
  8
0
  0
POLYLINE
  8
16
 66
1
 10
0.0000
 20
0.0000
 30
0.0000
 40
0.3000
 41
0.3000
 70
0
  0
VERTEX
  8
16
 10
101.8052
 20
84.5684
 30
0.0000
  0
VERTEX
  8
16
 10
101.8052
 20
82.8916
 30
0.0000
  0
SEQEND
  8
0
  0
POLYLINE
  8
16
 66
1
 10
0.0000
 20
0.0000
 30
0.0000
 40
0.1500
 41
0.1500
 70
0
  0
VERTEX
  8
16
 10
101.7302
 20
82.8916
 30
0.0000
 42
1.0000
  0
VERTEX
  8
16
 10
101.8802
 20
82.8916
 30
0.0000
  0
SEQEND
  8
0
  0
POLYLINE
  8
16
 66
1
 10
0.0000
 20
0.0000
 30
0.0000
 40
0.1500
 41
0.1500
 70
0
  0
VERTEX
  8
16
 10
101.8802
 20
84.5684
 30
0.0000
 42
1.0000
  0
VERTEX
  8
16
 10
101.7302
 20
84.5684
 30
0.0000
  0
SEQEND
  8
0
  0
POLYLINE
  8
16
 66
1
 10
0.0000
 20
0.0000
 30
0.0000
 40
0.3000
 41
0.3000
 70
0
  0
VERTEX
  8
16
 10
101.8052
 20
82.8916
 30
0.0000
  0
VERTEX
  8
16
 10
102.0716
 20
82.6252
 30
0.0000
  0
SEQEND
  8
0
  0
POLYLINE
  8
16
 66
1
 10
0.0000
 20
0.0000
 30
0.0000
 40
0.1500
 41
0.1500
 70
0
  0
VERTEX
  8
16
 10
102.0186
 20
82.5722
 30
0.0000
 42
1.0000
  0
VERTEX
  8
16
 10
102.1246
 20
82.6782
 30
0.0000
  0
SEQEND
  8
0
  0
POLYLINE
  8
16
 66
1
 10
0.0000
 20
0.0000
 30
0.0000
 40
0.1500
 41
0.1500
 70
0
  0
VERTEX
  8
16
 10
101.8582
 20
82.9446
 30
0.0000
 42
1.0000
  0
VERTEX
  8
16
 10
101.7522
 20
82.8386
 30
0.0000
  0
SEQEND
  8
0
  0
POLYLINE
  8
16
 66
1
 10
0.0000
 20
0.0000
 30
0.0000
 40
0.3000
 41
0.3000
 70
0
  0
VERTEX
  8
16
 10
102.0716
 20
82.6252
 30
0.0000
  0
VERTEX
  8
16
 10
103.0484
 20
82.6252
 30
0.0000
  0
SEQEND
  8
0
  0
POLYLINE
  8
16
 66
1
 10
0.0000
 20
0.0000
 30
0.0000
 40
0.1500
 41
0.1500
 70
0
  0
VERTEX
  8
16
 10
103.0484
 20
82.5502
 30
0.0000
 42
1.0000
  0
VERTEX
  8
16
 10
103.0484
 20
82.7002
 30
0.0000
  0
SEQEND
  8
0
  0
POLYLINE
  8
16
 66
1
 10
0.0000
 20
0.0000
 30
0.0000
 40
0.1500
 41
0.1500
 70
0
  0
VERTEX
  8
16
 10
102.0716
 20
82.7002
 30
0.0000
 42
1.0000
  0
VERTEX
  8
16
 10
102.0716
 20
82.5502
 30
0.0000
  0
SEQEND
  8
0
  0
POLYLINE
  8
16
 66
1
 10
0.0000
 20
0.0000
 30
0.0000
 40
0.3000
 41
0.3000
 70
0
  0
VERTEX
  8
16
 10
103.0484
 20
82.6252
 30
0.0000
  0
VERTEX
  8
16
 10
103.3148
 20
82.8916
 30
0.0000
  0
SEQEND
  8
0
  0
POLYLINE
  8
16
 66
1
 10
0.0000
 20
0.0000
 30
0.0000
 40
0.1500
 41
0.1500
 70
0
  0
VERTEX
  8
16
 10
103.3678
 20
82.8386
 30
0.0000
 42
1.0000
  0
VERTEX
  8
16
 10
103.2618
 20
82.9446
 30
0.0000
  0
SEQEND
  8
0
  0
POLYLINE
  8
16
 66
1
 10
0.0000
 20
0.0000
 30
0.0000
 40
0.1500
 41
0.1500
 70
0
  0
VERTEX
  8
16
 10
102.9954
 20
82.6782
 30
0.0000
 42
1.0000
  0
VERTEX
  8
16
 10
103.1014
 20
82.5722
 30
0.0000
  0
SEQEND
  8
0
  0
POLYLINE
  8
16
 66
1
 10
0.0000
 20
0.0000
 30
0.0000
 40
0.3000
 41
0.3000
 70
0
  0
VERTEX
  8
16
 10
103.3148
 20
82.8916
 30
0.0000
  0
VERTEX
  8
16
 10
103.3148
 20
84.5684
 30
0.0000
  0
SEQEND
  8
0
  0
POLYLINE
  8
16
 66
1
 10
0.0000
 20
0.0000
 30
0.0000
 40
0.1500
 41
0.1500
 70
0
  0
VERTEX
  8
16
 10
103.3898
 20
84.5684
 30
0.0000
 42
1.0000
  0
VERTEX
  8
16
 10
103.2398
 20
84.5684
 30
0.0000
  0
SEQEND
  8
0
  0
POLYLINE
  8
16
 66
1
 10
0.0000
 20
0.0000
 30
0.0000
 40
0.1500
 41
0.1500
 70
0
  0
VERTEX
  8
16
 10
103.2398
 20
82.8916
 30
0.0000
 42
1.0000
  0
VERTEX
  8
16
 10
103.3898
 20
82.8916
 30
0.0000
  0
SEQEND
  8
0
  0
POLYLINE
  8
16
 66
1
 10
0.0000
 20
0.0000
 30
0.0000
 40
0.3000
 41
0.3000
 70
0
  0
VERTEX
  8
16
 10
103.3148
 20
84.5684
 30
0.0000
  0
VERTEX
  8
16
 10
103.2688
 20
84.6144
 30
0.0000
  0
SEQEND
  8
0
  0
POLYLINE
  8
16
 66
1
 10
0.0000
 20
0.0000
 30
0.0000
 40
0.1500
 41
0.1500
 70
0
  0
VERTEX
  8
16
 10
103.3218
 20
84.6674
 30
0.0000
 42
1.0000
  0
VERTEX
  8
16
 10
103.2158
 20
84.5613
 30
0.0000
  0
SEQEND
  8
0
  0
POLYLINE
  8
16
 66
1
 10
0.0000
 20
0.0000
 30
0.0000
 40
0.1500
 41
0.1500
 70
0
  0
VERTEX
  8
16
 10
103.2618
 20
84.5153
 30
0.0000
 42
1.0000
  0
VERTEX
  8
16
 10
103.3678
 20
84.6214
 30
0.0000
  0
SEQEND
  8
0
  0
POLYLINE
  8
16
 66
1
 10
0.0000
 20
0.0000
 30
0.0000
 40
0.3000
 41
0.3000
 70
0
  0
VERTEX
  8
16
 10
103.2688
 20
84.6144
 30
0.0000
  0
VERTEX
  8
16
 10
103.2688
 20
88.3612
 30
0.0000
  0
SEQEND
  8
0
  0
POLYLINE
  8
16
 66
1
 10
0.0000
 20
0.0000
 30
0.0000
 40
0.1500
 41
0.1500
 70
0
  0
VERTEX
  8
16
 10
103.3438
 20
88.3612
 30
0.0000
 42
1.0000
  0
VERTEX
  8
16
 10
103.1938
 20
88.3612
 30
0.0000
  0
SEQEND
  8
0
  0
POLYLINE
  8
16
 66
1
 10
0.0000
 20
0.0000
 30
0.0000
 40
0.1500
 41
0.1500
 70
0
  0
VERTEX
  8
16
 10
103.1938
 20
84.6144
 30
0.0000
 42
1.0000
  0
VERTEX
  8
16
 10
103.3438
 20
84.6144
 30
0.0000
  0
SEQEND
  8
0
  0
POLYLINE
  8
16
 66
1
 10
0.0000
 20
0.0000
 30
0.0000
 40
0.3000
 41
0.3000
 70
0
  0
VERTEX
  8
16
 10
103.2688
 20
88.3612
 30
0.0000
  0
VERTEX
  8
16
 10
103.5645
 20
88.3612
 30
0.0000
  0
SEQEND
  8
0
  0
POLYLINE
  8
16
 66
1
 10
0.0000
 20
0.0000
 30
0.0000
 40
0.1500
 41
0.1500
 70
0
  0
VERTEX
  8
16
 10
103.5645
 20
88.2862
 30
0.0000
 42
1.0000
  0
VERTEX
  8
16
 10
103.5645
 20
88.4362
 30
0.0000
  0
SEQEND
  8
0
  0
POLYLINE
  8
16
 66
1
 10
0.0000
 20
0.0000
 30
0.0000
 40
0.1500
 41
0.1500
 70
0
  0
VERTEX
  8
16
 10
103.2688
 20
88.4362
 30
0.0000
 42
1.0000
  0
VERTEX
  8
16
 10
103.2688
 20
88.2862
 30
0.0000
  0
SEQEND
  8
0
  0
POLYLINE
  8
16
 66
1
 10
0.0000
 20
0.0000
 30
0.0000
 40
0.3000
 41
0.3000
 70
0
  0
VERTEX
  8
16
 10
103.5645
 20
88.3612
 30
0.0000
  0
VERTEX
  8
16
 10
103.8643
 20
88.2370
 30
0.0000
  0
SEQEND
  8
0
  0
POLYLINE
  8
16
 66
1
 10
0.0000
 20
0.0000
 30
0.0000
 40
0.1500
 41
0.1500
 70
0
  0
VERTEX
  8
16
 10
103.8356
 20
88.1677
 30
0.0000
 42
1.0000
  0
VERTEX
  8
16
 10
103.8930
 20
88.3063
 30
0.0000
  0
SEQEND
  8
0
  0
POLYLINE
  8
16
 66
1
 10
0.0000
 20
0.0000
 30
0.0000
 40
0.1500
 41
0.1500
 70
0
  0
VERTEX
  8
16
 10
103.5932
 20
88.4305
 30
0.0000
 42
1.0000
  0
VERTEX
  8
16
 10
103.5358
 20
88.2919
 30
0.0000
  0
SEQEND
  8
0
  0
POLYLINE
  8
16
 66
1
 10
0.0000
 20
0.0000
 30
0.0000
 40
0.3000
 41
0.3000
 70
0
  0
VERTEX
  8
16
 10
103.8643
 20
88.2370
 30
0.0000
  0
VERTEX
  8
16
 10
104.1957
 20
88.2370
 30
0.0000
  0
SEQEND
  8
0
  0
POLYLINE
  8
16
 66
1
 10
0.0000
 20
0.0000
 30
0.0000
 40
0.1500
 41
0.1500
 70
0
  0
VERTEX
  8
16
 10
104.1957
 20
88.1620
 30
0.0000
 42
1.0000
  0
VERTEX
  8
16
 10
104.1957
 20
88.3120
 30
0.0000
  0
SEQEND
  8
0
  0
POLYLINE
  8
16
 66
1
 10
0.0000
 20
0.0000
 30
0.0000
 40
0.1500
 41
0.1500
 70
0
  0
VERTEX
  8
16
 10
103.8643
 20
88.3120
 30
0.0000
 42
1.0000
  0
VERTEX
  8
16
 10
103.8643
 20
88.1620
 30
0.0000
  0
SEQEND
  8
0
  0
POLYLINE
  8
16
 66
1
 10
0.0000
 20
0.0000
 30
0.0000
 40
0.3000
 41
0.3000
 70
0
  0
VERTEX
  8
16
 10
104.1957
 20
88.2370
 30
0.0000
  0
VERTEX
  8
16
 10
104.5019
 20
88.3638
 30
0.0000
  0
SEQEND
  8
0
  0
POLYLINE
  8
16
 66
1
 10
0.0000
 20
0.0000
 30
0.0000
 40
0.1500
 41
0.1500
 70
0
  0
VERTEX
  8
16
 10
104.5306
 20
88.2945
 30
0.0000
 42
1.0000
  0
VERTEX
  8
16
 10
104.4732
 20
88.4331
 30
0.0000
  0
SEQEND
  8
0
  0
POLYLINE
  8
16
 66
1
 10
0.0000
 20
0.0000
 30
0.0000
 40
0.1500
 41
0.1500
 70
0
  0
VERTEX
  8
16
 10
104.1670
 20
88.3063
 30
0.0000
 42
1.0000
  0
VERTEX
  8
16
 10
104.2244
 20
88.1677
 30
0.0000
  0
SEQEND
  8
0
  0
POLYLINE
  8
16
 66
1
 10
0.0000
 20
0.0000
 30
0.0000
 40
0.3000
 41
0.3000
 70
0
  0
VERTEX
  8
16
 10
104.5019
 20
88.3638
 30
0.0000
  0
VERTEX
  8
16
 10
104.7362
 20
88.5981
 30
0.0000
  0
SEQEND
  8
0
  0
POLYLINE
  8
16
 66
1
 10
0.0000
 20
0.0000
 30
0.0000
 40
0.1500
 41
0.1500
 70
0
  0
VERTEX
  8
16
 10
104.7892
 20
88.5451
 30
0.0000
 42
1.0000
  0
VERTEX
  8
16
 10
104.6831
 20
88.6512
 30
0.0000
  0
SEQEND
  8
0
  0
POLYLINE
  8
16
 66
1
 10
0.0000
 20
0.0000
 30
0.0000
 40
0.1500
 41
0.1500
 70
0
  0
VERTEX
  8
16
 10
104.4488
 20
88.4168
 30
0.0000
 42
1.0000
  0
VERTEX
  8
16
 10
104.5549
 20
88.3108
 30
0.0000
  0
SEQEND
  8
0
  0
POLYLINE
  8
16
 66
1
 10
0.0000
 20
0.0000
 30
0.0000
 40
0.3000
 41
0.3000
 70
0
  0
VERTEX
  8
16
 10
104.7362
 20
88.5981
 30
0.0000
  0
VERTEX
  8
16
 10
104.8630
 20
88.9043
 30
0.0000
  0
SEQEND
  8
0
  0
POLYLINE
  8
16
 66
1
 10
0.0000
 20
0.0000
 30
0.0000
 40
0.1500
 41
0.1500
 70
0
  0
VERTEX
  8
16
 10
104.9323
 20
88.8756
 30
0.0000
 42
1.0000
  0
VERTEX
  8
16
 10
104.7937
 20
88.9330
 30
0.0000
  0
SEQEND
  8
0
  0
POLYLINE
  8
16
 66
1
 10
0.0000
 20
0.0000
 30
0.0000
 40
0.1500
 41
0.1500
 70
0
  0
VERTEX
  8
16
 10
104.6669
 20
88.6268
 30
0.0000
 42
1.0000
  0
VERTEX
  8
16
 10
104.8055
 20
88.5694
 30
0.0000
  0
SEQEND
  8
0
  0
POLYLINE
  8
16
 66
1
 10
0.0000
 20
0.0000
 30
0.0000
 40
0.3000
 41
0.3000
 70
0
  0
VERTEX
  8
16
 10
99.2786
 20
70.2000
 30
0.0000
  0
VERTEX
  8
16
 10
115.7346
 20
70.2000
 30
0.0000
  0
SEQEND
  8
0
  0
POLYLINE
  8
16
 66
1
 10
0.0000
 20
0.0000
 30
0.0000
 40
0.1500
 41
0.1500
 70
0
  0
VERTEX
  8
16
 10
115.7346
 20
70.1250
 30
0.0000
 42
1.0000
  0
VERTEX
  8
16
 10
115.7346
 20
70.2750
 30
0.0000
  0
SEQEND
  8
0
  0
POLYLINE
  8
16
 66
1
 10
0.0000
 20
0.0000
 30
0.0000
 40
0.1500
 41
0.1500
 70
0
  0
VERTEX
  8
16
 10
99.2786
 20
70.2750
 30
0.0000
 42
1.0000
  0
VERTEX
  8
16
 10
99.2786
 20
70.1250
 30
0.0000
  0
SEQEND
  8
0
  0
POLYLINE
  8
16
 66
1
 10
0.0000
 20
0.0000
 30
0.0000
 40
0.3000
 41
0.3000
 70
0
  0
VERTEX
  8
16
 10
99.0911
 20
70.5000
 30
0.0000
  0
VERTEX
  8
16
 10
115.9220
 20
70.5000
 30
0.0000
  0
SEQEND
  8
0
  0
POLYLINE
  8
16
 66
1
 10
0.0000
 20
0.0000
 30
0.0000
 40
0.1500
 41
0.1500
 70
0
  0
VERTEX
  8
16
 10
115.9220
 20
70.4250
 30
0.0000
 42
1.0000
  0
VERTEX
  8
16
 10
115.9220
 20
70.5750
 30
0.0000
  0
SEQEND
  8
0
  0
POLYLINE
  8
16
 66
1
 10
0.0000
 20
0.0000
 30
0.0000
 40
0.1500
 41
0.1500
 70
0
  0
VERTEX
  8
16
 10
99.0911
 20
70.5750
 30
0.0000
 42
1.0000
  0
VERTEX
  8
16
 10
99.0911
 20
70.4250
 30
0.0000
  0
SEQEND
  8
0
  0
POLYLINE
  8
16
 66
1
 10
0.0000
 20
0.0000
 30
0.0000
 40
0.3000
 41
0.3000
 70
0
  0
VERTEX
  8
16
 10
98.9037
 20
70.8000
 30
0.0000
  0
VERTEX
  8
16
 10
116.1095
 20
70.8000
 30
0.0000
  0
SEQEND
  8
0
  0
POLYLINE
  8
16
 66
1
 10
0.0000
 20
0.0000
 30
0.0000
 40
0.1500
 41
0.1500
 70
0
  0
VERTEX
  8
16
 10
116.1095
 20
70.7250
 30
0.0000
 42
1.0000
  0
VERTEX
  8
16
 10
116.1095
 20
70.8750
 30
0.0000
  0
SEQEND
  8
0
  0
POLYLINE
  8
16
 66
1
 10
0.0000
 20
0.0000
 30
0.0000
 40
0.1500
 41
0.1500
 70
0
  0
VERTEX
  8
16
 10
98.9037
 20
70.8750
 30
0.0000
 42
1.0000
  0
VERTEX
  8
16
 10
98.9037
 20
70.7250
 30
0.0000
  0
SEQEND
  8
0
  0
POLYLINE
  8
16
 66
1
 10
0.0000
 20
0.0000
 30
0.0000
 40
0.3000
 41
0.3000
 70
0
  0
VERTEX
  8
16
 10
98.7162
 20
71.1000
 30
0.0000
  0
VERTEX
  8
16
 10
116.2970
 20
71.1000
 30
0.0000
  0
SEQEND
  8
0
  0
POLYLINE
  8
16
 66
1
 10
0.0000
 20
0.0000
 30
0.0000
 40
0.1500
 41
0.1500
 70
0
  0
VERTEX
  8
16
 10
116.2970
 20
71.0250
 30
0.0000
 42
1.0000
  0
VERTEX
  8
16
 10
116.2970
 20
71.1750
 30
0.0000
  0
SEQEND
  8
0
  0
POLYLINE
  8
16
 66
1
 10
0.0000
 20
0.0000
 30
0.0000
 40
0.1500
 41
0.1500
 70
0
  0
VERTEX
  8
16
 10
98.7162
 20
71.1750
 30
0.0000
 42
1.0000
  0
VERTEX
  8
16
 10
98.7162
 20
71.0250
 30
0.0000
  0
SEQEND
  8
0
  0
POLYLINE
  8
16
 66
1
 10
0.0000
 20
0.0000
 30
0.0000
 40
0.3000
 41
0.3000
 70
0
  0
VERTEX
  8
16
 10
98.5288
 20
71.4000
 30
0.0000
  0
VERTEX
  8
16
 10
116.4844
 20
71.4000
 30
0.0000
  0
SEQEND
  8
0
  0
POLYLINE
  8
16
 66
1
 10
0.0000
 20
0.0000
 30
0.0000
 40
0.1500
 41
0.1500
 70
0
  0
VERTEX
  8
16
 10
116.4844
 20
71.3250
 30
0.0000
 42
1.0000
  0
VERTEX
  8
16
 10
116.4844
 20
71.4750
 30
0.0000
  0
SEQEND
  8
0
  0
POLYLINE
  8
16
 66
1
 10
0.0000
 20
0.0000
 30
0.0000
 40
0.1500
 41
0.1500
 70
0
  0
VERTEX
  8
16
 10
98.5288
 20
71.4750
 30
0.0000
 42
1.0000
  0
VERTEX
  8
16
 10
98.5288
 20
71.3250
 30
0.0000
  0
SEQEND
  8
0
  0
POLYLINE
  8
16
 66
1
 10
0.0000
 20
0.0000
 30
0.0000
 40
0.3000
 41
0.3000
 70
0
  0
VERTEX
  8
16
 10
98.3413
 20
71.7000
 30
0.0000
  0
VERTEX
  8
16
 10
116.6719
 20
71.7000
 30
0.0000
  0
SEQEND
  8
0
  0
POLYLINE
  8
16
 66
1
 10
0.0000
 20
0.0000
 30
0.0000
 40
0.1500
 41
0.1500
 70
0
  0
VERTEX
  8
16
 10
116.6719
 20
71.6250
 30
0.0000
 42
1.0000
  0
VERTEX
  8
16
 10
116.6719
 20
71.7750
 30
0.0000
  0
SEQEND
  8
0
  0
POLYLINE
  8
16
 66
1
 10
0.0000
 20
0.0000
 30
0.0000
 40
0.1500
 41
0.1500
 70
0
  0
VERTEX
  8
16
 10
98.3413
 20
71.7750
 30
0.0000
 42
1.0000
  0
VERTEX
  8
16
 10
98.3413
 20
71.6250
 30
0.0000
  0
SEQEND
  8
0
  0
POLYLINE
  8
16
 66
1
 10
0.0000
 20
0.0000
 30
0.0000
 40
0.3000
 41
0.3000
 70
0
  0
VERTEX
  8
16
 10
98.1539
 20
72.0000
 30
0.0000
  0
VERTEX
  8
16
 10
116.8593
 20
72.0000
 30
0.0000
  0
SEQEND
  8
0
  0
POLYLINE
  8
16
 66
1
 10
0.0000
 20
0.0000
 30
0.0000
 40
0.1500
 41
0.1500
 70
0
  0
VERTEX
  8
16
 10
116.8593
 20
71.9250
 30
0.0000
 42
1.0000
  0
VERTEX
  8
16
 10
116.8593
 20
72.0750
 30
0.0000
  0
SEQEND
  8
0
  0
POLYLINE
  8
16
 66
1
 10
0.0000
 20
0.0000
 30
0.0000
 40
0.1500
 41
0.1500
 70
0
  0
VERTEX
  8
16
 10
98.1539
 20
72.0750
 30
0.0000
 42
1.0000
  0
VERTEX
  8
16
 10
98.1539
 20
71.9250
 30
0.0000
  0
SEQEND
  8
0
  0
POLYLINE
  8
16
 66
1
 10
0.0000
 20
0.0000
 30
0.0000
 40
0.3000
 41
0.3000
 70
0
  0
VERTEX
  8
16
 10
97.9664
 20
72.3000
 30
0.0000
  0
VERTEX
  8
16
 10
117.0468
 20
72.3000
 30
0.0000
  0
SEQEND
  8
0
  0
POLYLINE
  8
16
 66
1
 10
0.0000
 20
0.0000
 30
0.0000
 40
0.1500
 41
0.1500
 70
0
  0
VERTEX
  8
16
 10
117.0468
 20
72.2250
 30
0.0000
 42
1.0000
  0
VERTEX
  8
16
 10
117.0468
 20
72.3750
 30
0.0000
  0
SEQEND
  8
0
  0
POLYLINE
  8
16
 66
1
 10
0.0000
 20
0.0000
 30
0.0000
 40
0.1500
 41
0.1500
 70
0
  0
VERTEX
  8
16
 10
97.9664
 20
72.3750
 30
0.0000
 42
1.0000
  0
VERTEX
  8
16
 10
97.9664
 20
72.2250
 30
0.0000
  0
SEQEND
  8
0
  0
POLYLINE
  8
16
 66
1
 10
0.0000
 20
0.0000
 30
0.0000
 40
0.3000
 41
0.3000
 70
0
  0
VERTEX
  8
16
 10
97.7789
 20
72.6000
 30
0.0000
  0
VERTEX
  8
16
 10
100.6164
 20
72.6000
 30
0.0000
  0
SEQEND
  8
0
  0
POLYLINE
  8
16
 66
1
 10
0.0000
 20
0.0000
 30
0.0000
 40
0.1500
 41
0.1500
 70
0
  0
VERTEX
  8
16
 10
100.6164
 20
72.5250
 30
0.0000
 42
1.0000
  0
VERTEX
  8
16
 10
100.6164
 20
72.6750
 30
0.0000
  0
SEQEND
  8
0
  0
POLYLINE
  8
16
 66
1
 10
0.0000
 20
0.0000
 30
0.0000
 40
0.1500
 41
0.1500
 70
0
  0
VERTEX
  8
16
 10
97.7789
 20
72.6750
 30
0.0000
 42
1.0000
  0
VERTEX
  8
16
 10
97.7789
 20
72.5250
 30
0.0000
  0
SEQEND
  8
0
  0
POLYLINE
  8
16
 66
1
 10
0.0000
 20
0.0000
 30
0.0000
 40
0.3000
 41
0.3000
 70
0
  0
VERTEX
  8
16
 10
102.0956
 20
72.6000
 30
0.0000
  0
VERTEX
  8
16
 10
113.0603
 20
72.6000
 30
0.0000
  0
SEQEND
  8
0
  0
POLYLINE
  8
16
 66
1
 10
0.0000
 20
0.0000
 30
0.0000
 40
0.1500
 41
0.1500
 70
0
  0
VERTEX
  8
16
 10
113.0603
 20
72.5250
 30
0.0000
 42
1.0000
  0
VERTEX
  8
16
 10
113.0603
 20
72.6750
 30
0.0000
  0
SEQEND
  8
0
  0
POLYLINE
  8
16
 66
1
 10
0.0000
 20
0.0000
 30
0.0000
 40
0.1500
 41
0.1500
 70
0
  0
VERTEX
  8
16
 10
102.0956
 20
72.6750
 30
0.0000
 42
1.0000
  0
VERTEX
  8
16
 10
102.0956
 20
72.5250
 30
0.0000
  0
SEQEND
  8
0
  0
POLYLINE
  8
16
 66
1
 10
0.0000
 20
0.0000
 30
0.0000
 40
0.3000
 41
0.3000
 70
0
  0
VERTEX
  8
16
 10
114.5396
 20
72.6000
 30
0.0000
  0
VERTEX
  8
16
 10
117.2343
 20
72.6000
 30
0.0000
  0
SEQEND
  8
0
  0
POLYLINE
  8
16
 66
1
 10
0.0000
 20
0.0000
 30
0.0000
 40
0.1500
 41
0.1500
 70
0
  0
VERTEX
  8
16
 10
117.2343
 20
72.5250
 30
0.0000
 42
1.0000
  0
VERTEX
  8
16
 10
117.2343
 20
72.6750
 30
0.0000
  0
SEQEND
  8
0
  0
POLYLINE
  8
16
 66
1
 10
0.0000
 20
0.0000
 30
0.0000
 40
0.1500
 41
0.1500
 70
0
  0
VERTEX
  8
16
 10
114.5396
 20
72.6750
 30
0.0000
 42
1.0000
  0
VERTEX
  8
16
 10
114.5396
 20
72.5250
 30
0.0000
  0
SEQEND
  8
0
  0
POLYLINE
  8
16
 66
1
 10
0.0000
 20
0.0000
 30
0.0000
 40
0.3000
 41
0.3000
 70
0
  0
VERTEX
  8
16
 10
97.5915
 20
72.9000
 30
0.0000
  0
VERTEX
  8
16
 10
100.3163
 20
72.9000
 30
0.0000
  0
SEQEND
  8
0
  0
POLYLINE
  8
16
 66
1
 10
0.0000
 20
0.0000
 30
0.0000
 40
0.1500
 41
0.1500
 70
0
  0
VERTEX
  8
16
 10
100.3163
 20
72.8250
 30
0.0000
 42
1.0000
  0
VERTEX
  8
16
 10
100.3163
 20
72.9750
 30
0.0000
  0
SEQEND
  8
0
  0
POLYLINE
  8
16
 66
1
 10
0.0000
 20
0.0000
 30
0.0000
 40
0.1500
 41
0.1500
 70
0
  0
VERTEX
  8
16
 10
97.5915
 20
72.9750
 30
0.0000
 42
1.0000
  0
VERTEX
  8
16
 10
97.5915
 20
72.8250
 30
0.0000
  0
SEQEND
  8
0
  0
POLYLINE
  8
16
 66
1
 10
0.0000
 20
0.0000
 30
0.0000
 40
0.3000
 41
0.3000
 70
0
  0
VERTEX
  8
16
 10
102.3956
 20
72.9000
 30
0.0000
  0
VERTEX
  8
16
 10
112.7604
 20
72.9000
 30
0.0000
  0
SEQEND
  8
0
  0
POLYLINE
  8
16
 66
1
 10
0.0000
 20
0.0000
 30
0.0000
 40
0.1500
 41
0.1500
 70
0
  0
VERTEX
  8
16
 10
112.7604
 20
72.8250
 30
0.0000
 42
1.0000
  0
VERTEX
  8
16
 10
112.7604
 20
72.9750
 30
0.0000
  0
SEQEND
  8
0
  0
POLYLINE
  8
16
 66
1
 10
0.0000
 20
0.0000
 30
0.0000
 40
0.1500
 41
0.1500
 70
0
  0
VERTEX
  8
16
 10
102.3956
 20
72.9750
 30
0.0000
 42
1.0000
  0
VERTEX
  8
16
 10
102.3956
 20
72.8250
 30
0.0000
  0
SEQEND
  8
0
  0
POLYLINE
  8
16
 66
1
 10
0.0000
 20
0.0000
 30
0.0000
 40
0.3000
 41
0.3000
 70
0
  0
VERTEX
  8
16
 10
114.8396
 20
72.9000
 30
0.0000
  0
VERTEX
  8
16
 10
117.4217
 20
72.9000
 30
0.0000
  0
SEQEND
  8
0
  0
POLYLINE
  8
16
 66
1
 10
0.0000
 20
0.0000
 30
0.0000
 40
0.1500
 41
0.1500
 70
0
  0
VERTEX
  8
16
 10
117.4217
 20
72.8250
 30
0.0000
 42
1.0000
  0
VERTEX
  8
16
 10
117.4217
 20
72.9750
 30
0.0000
  0
SEQEND
  8
0
  0
POLYLINE
  8
16
 66
1
 10
0.0000
 20
0.0000
 30
0.0000
 40
0.1500
 41
0.1500
 70
0
  0
VERTEX
  8
16
 10
114.8396
 20
72.9750
 30
0.0000
 42
1.0000
  0
VERTEX
  8
16
 10
114.8396
 20
72.8250
 30
0.0000
  0
SEQEND
  8
0
  0
POLYLINE
  8
16
 66
1
 10
0.0000
 20
0.0000
 30
0.0000
 40
0.3000
 41
0.3000
 70
0
  0
VERTEX
  8
16
 10
97.4040
 20
73.2000
 30
0.0000
  0
VERTEX
  8
16
 10
100.2129
 20
73.2000
 30
0.0000
  0
SEQEND
  8
0
  0
POLYLINE
  8
16
 66
1
 10
0.0000
 20
0.0000
 30
0.0000
 40
0.1500
 41
0.1500
 70
0
  0
VERTEX
  8
16
 10
100.2129
 20
73.1250
 30
0.0000
 42
1.0000
  0
VERTEX
  8
16
 10
100.2129
 20
73.2750
 30
0.0000
  0
SEQEND
  8
0
  0
POLYLINE
  8
16
 66
1
 10
0.0000
 20
0.0000
 30
0.0000
 40
0.1500
 41
0.1500
 70
0
  0
VERTEX
  8
16
 10
97.4040
 20
73.2750
 30
0.0000
 42
1.0000
  0
VERTEX
  8
16
 10
97.4040
 20
73.1250
 30
0.0000
  0
SEQEND
  8
0
  0
POLYLINE
  8
16
 66
1
 10
0.0000
 20
0.0000
 30
0.0000
 40
0.3000
 41
0.3000
 70
0
  0
VERTEX
  8
16
 10
102.4991
 20
73.2000
 30
0.0000
  0
VERTEX
  8
16
 10
112.6569
 20
73.2000
 30
0.0000
  0
SEQEND
  8
0
  0
POLYLINE
  8
16
 66
1
 10
0.0000
 20
0.0000
 30
0.0000
 40
0.1500
 41
0.1500
 70
0
  0
VERTEX
  8
16
 10
112.6569
 20
73.1250
 30
0.0000
 42
1.0000
  0
VERTEX
  8
16
 10
112.6569
 20
73.2750
 30
0.0000
  0
SEQEND
  8
0
  0
POLYLINE
  8
16
 66
1
 10
0.0000
 20
0.0000
 30
0.0000
 40
0.1500
 41
0.1500
 70
0
  0
VERTEX
  8
16
 10
102.4991
 20
73.2750
 30
0.0000
 42
1.0000
  0
VERTEX
  8
16
 10
102.4991
 20
73.1250
 30
0.0000
  0
SEQEND
  8
0
  0
POLYLINE
  8
16
 66
1
 10
0.0000
 20
0.0000
 30
0.0000
 40
0.3000
 41
0.3000
 70
0
  0
VERTEX
  8
16
 10
114.9431
 20
73.2000
 30
0.0000
  0
VERTEX
  8
16
 10
117.6092
 20
73.2000
 30
0.0000
  0
SEQEND
  8
0
  0
POLYLINE
  8
16
 66
1
 10
0.0000
 20
0.0000
 30
0.0000
 40
0.1500
 41
0.1500
 70
0
  0
VERTEX
  8
16
 10
117.6092
 20
73.1250
 30
0.0000
 42
1.0000
  0
VERTEX
  8
16
 10
117.6092
 20
73.2750
 30
0.0000
  0
SEQEND
  8
0
  0
POLYLINE
  8
16
 66
1
 10
0.0000
 20
0.0000
 30
0.0000
 40
0.1500
 41
0.1500
 70
0
  0
VERTEX
  8
16
 10
114.9431
 20
73.2750
 30
0.0000
 42
1.0000
  0
VERTEX
  8
16
 10
114.9431
 20
73.1250
 30
0.0000
  0
SEQEND
  8
0
  0
POLYLINE
  8
16
 66
1
 10
0.0000
 20
0.0000
 30
0.0000
 40
0.3000
 41
0.3000
 70
0
  0
VERTEX
  8
16
 10
97.2166
 20
73.5000
 30
0.0000
  0
VERTEX
  8
16
 10
100.1325
 20
73.5000
 30
0.0000
  0
SEQEND
  8
0
  0
POLYLINE
  8
16
 66
1
 10
0.0000
 20
0.0000
 30
0.0000
 40
0.1500
 41
0.1500
 70
0
  0
VERTEX
  8
16
 10
100.1325
 20
73.4250
 30
0.0000
 42
1.0000
  0
VERTEX
  8
16
 10
100.1325
 20
73.5750
 30
0.0000
  0
SEQEND
  8
0
  0
POLYLINE
  8
16
 66
1
 10
0.0000
 20
0.0000
 30
0.0000
 40
0.1500
 41
0.1500
 70
0
  0
VERTEX
  8
16
 10
97.2166
 20
73.5750
 30
0.0000
 42
1.0000
  0
VERTEX
  8
16
 10
97.2166
 20
73.4250
 30
0.0000
  0
SEQEND
  8
0
  0
POLYLINE
  8
16
 66
1
 10
0.0000
 20
0.0000
 30
0.0000
 40
0.3000
 41
0.3000
 70
0
  0
VERTEX
  8
16
 10
102.5795
 20
73.5000
 30
0.0000
  0
VERTEX
  8
16
 10
112.5765
 20
73.5000
 30
0.0000
  0
SEQEND
  8
0
  0
POLYLINE
  8
16
 66
1
 10
0.0000
 20
0.0000
 30
0.0000
 40
0.1500
 41
0.1500
 70
0
  0
VERTEX
  8
16
 10
112.5765
 20
73.4250
 30
0.0000
 42
1.0000
  0
VERTEX
  8
16
 10
112.5765
 20
73.5750
 30
0.0000
  0
SEQEND
  8
0
  0
POLYLINE
  8
16
 66
1
 10
0.0000
 20
0.0000
 30
0.0000
 40
0.1500
 41
0.1500
 70
0
  0
VERTEX
  8
16
 10
102.5795
 20
73.5750
 30
0.0000
 42
1.0000
  0
VERTEX
  8
16
 10
102.5795
 20
73.4250
 30
0.0000
  0
SEQEND
  8
0
  0
POLYLINE
  8
16
 66
1
 10
0.0000
 20
0.0000
 30
0.0000
 40
0.3000
 41
0.3000
 70
0
  0
VERTEX
  8
16
 10
115.0235
 20
73.5000
 30
0.0000
  0
VERTEX
  8
16
 10
117.7966
 20
73.5000
 30
0.0000
  0
SEQEND
  8
0
  0
POLYLINE
  8
16
 66
1
 10
0.0000
 20
0.0000
 30
0.0000
 40
0.1500
 41
0.1500
 70
0
  0
VERTEX
  8
16
 10
117.7966
 20
73.4250
 30
0.0000
 42
1.0000
  0
VERTEX
  8
16
 10
117.7966
 20
73.5750
 30
0.0000
  0
SEQEND
  8
0
  0
POLYLINE
  8
16
 66
1
 10
0.0000
 20
0.0000
 30
0.0000
 40
0.1500
 41
0.1500
 70
0
  0
VERTEX
  8
16
 10
115.0235
 20
73.5750
 30
0.0000
 42
1.0000
  0
VERTEX
  8
16
 10
115.0235
 20
73.4250
 30
0.0000
  0
SEQEND
  8
0
  0
POLYLINE
  8
16
 66
1
 10
0.0000
 20
0.0000
 30
0.0000
 40
0.3000
 41
0.3000
 70
0
  0
VERTEX
  8
16
 10
97.0291
 20
73.8000
 30
0.0000
  0
VERTEX
  8
16
 10
100.1861
 20
73.8000
 30
0.0000
  0
SEQEND
  8
0
  0
POLYLINE
  8
16
 66
1
 10
0.0000
 20
0.0000
 30
0.0000
 40
0.1500
 41
0.1500
 70
0
  0
VERTEX
  8
16
 10
100.1861
 20
73.7250
 30
0.0000
 42
1.0000
  0
VERTEX
  8
16
 10
100.1861
 20
73.8750
 30
0.0000
  0
SEQEND
  8
0
  0
POLYLINE
  8
16
 66
1
 10
0.0000
 20
0.0000
 30
0.0000
 40
0.1500
 41
0.1500
 70
0
  0
VERTEX
  8
16
 10
97.0291
 20
73.8750
 30
0.0000
 42
1.0000
  0
VERTEX
  8
16
 10
97.0291
 20
73.7250
 30
0.0000
  0
SEQEND
  8
0
  0
POLYLINE
  8
16
 66
1
 10
0.0000
 20
0.0000
 30
0.0000
 40
0.3000
 41
0.3000
 70
0
  0
VERTEX
  8
16
 10
102.5259
 20
73.8000
 30
0.0000
  0
VERTEX
  8
16
 10
106.1168
 20
73.8000
 30
0.0000
  0
SEQEND
  8
0
  0
POLYLINE
  8
16
 66
1
 10
0.0000
 20
0.0000
 30
0.0000
 40
0.1500
 41
0.1500
 70
0
  0
VERTEX
  8
16
 10
106.1168
 20
73.7250
 30
0.0000
 42
1.0000
  0
VERTEX
  8
16
 10
106.1168
 20
73.8750
 30
0.0000
  0
SEQEND
  8
0
  0
POLYLINE
  8
16
 66
1
 10
0.0000
 20
0.0000
 30
0.0000
 40
0.1500
 41
0.1500
 70
0
  0
VERTEX
  8
16
 10
102.5259
 20
73.8750
 30
0.0000
 42
1.0000
  0
VERTEX
  8
16
 10
102.5259
 20
73.7250
 30
0.0000
  0
SEQEND
  8
0
  0
POLYLINE
  8
16
 66
1
 10
0.0000
 20
0.0000
 30
0.0000
 40
0.3000
 41
0.3000
 70
0
  0
VERTEX
  8
16
 10
111.8524
 20
73.8000
 30
0.0000
  0
VERTEX
  8
16
 10
112.6301
 20
73.8000
 30
0.0000
  0
SEQEND
  8
0
  0
POLYLINE
  8
16
 66
1
 10
0.0000
 20
0.0000
 30
0.0000
 40
0.1500
 41
0.1500
 70
0
  0
VERTEX
  8
16
 10
112.6301
 20
73.7250
 30
0.0000
 42
1.0000
  0
VERTEX
  8
16
 10
112.6301
 20
73.8750
 30
0.0000
  0
SEQEND
  8
0
  0
POLYLINE
  8
16
 66
1
 10
0.0000
 20
0.0000
 30
0.0000
 40
0.1500
 41
0.1500
 70
0
  0
VERTEX
  8
16
 10
111.8524
 20
73.8750
 30
0.0000
 42
1.0000
  0
VERTEX
  8
16
 10
111.8524
 20
73.7250
 30
0.0000
  0
SEQEND
  8
0
  0
POLYLINE
  8
16
 66
1
 10
0.0000
 20
0.0000
 30
0.0000
 40
0.3000
 41
0.3000
 70
0
  0
VERTEX
  8
16
 10
114.9699
 20
73.8000
 30
0.0000
  0
VERTEX
  8
16
 10
117.9841
 20
73.8000
 30
0.0000
  0
SEQEND
  8
0
  0
POLYLINE
  8
16
 66
1
 10
0.0000
 20
0.0000
 30
0.0000
 40
0.1500
 41
0.1500
 70
0
  0
VERTEX
  8
16
 10
117.9841
 20
73.7250
 30
0.0000
 42
1.0000
  0
VERTEX
  8
16
 10
117.9841
 20
73.8750
 30
0.0000
  0
SEQEND
  8
0
  0
POLYLINE
  8
16
 66
1
 10
0.0000
 20
0.0000
 30
0.0000
 40
0.1500
 41
0.1500
 70
0
  0
VERTEX
  8
16
 10
114.9699
 20
73.8750
 30
0.0000
 42
1.0000
  0
VERTEX
  8
16
 10
114.9699
 20
73.7250
 30
0.0000
  0
SEQEND
  8
0
  0
POLYLINE
  8
16
 66
1
 10
0.0000
 20
0.0000
 30
0.0000
 40
0.3000
 41
0.3000
 70
0
  0
VERTEX
  8
16
 10
97.0164
 20
74.1000
 30
0.0000
  0
VERTEX
  8
16
 10
100.2665
 20
74.1000
 30
0.0000
  0
SEQEND
  8
0
  0
POLYLINE
  8
16
 66
1
 10
0.0000
 20
0.0000
 30
0.0000
 40
0.1500
 41
0.1500
 70
0
  0
VERTEX
  8
16
 10
100.2665
 20
74.0250
 30
0.0000
 42
1.0000
  0
VERTEX
  8
16
 10
100.2665
 20
74.1750
 30
0.0000
  0
SEQEND
  8
0
  0
POLYLINE
  8
16
 66
1
 10
0.0000
 20
0.0000
 30
0.0000
 40
0.1500
 41
0.1500
 70
0
  0
VERTEX
  8
16
 10
97.0164
 20
74.1750
 30
0.0000
 42
1.0000
  0
VERTEX
  8
16
 10
97.0164
 20
74.0250
 30
0.0000
  0
SEQEND
  8
0
  0
POLYLINE
  8
16
 66
1
 10
0.0000
 20
0.0000
 30
0.0000
 40
0.3000
 41
0.3000
 70
0
  0
VERTEX
  8
16
 10
102.4455
 20
74.1000
 30
0.0000
  0
VERTEX
  8
16
 10
106.0552
 20
74.1000
 30
0.0000
  0
SEQEND
  8
0
  0
POLYLINE
  8
16
 66
1
 10
0.0000
 20
0.0000
 30
0.0000
 40
0.1500
 41
0.1500
 70
0
  0
VERTEX
  8
16
 10
106.0552
 20
74.0250
 30
0.0000
 42
1.0000
  0
VERTEX
  8
16
 10
106.0552
 20
74.1750
 30
0.0000
  0
SEQEND
  8
0
  0
POLYLINE
  8
16
 66
1
 10
0.0000
 20
0.0000
 30
0.0000
 40
0.1500
 41
0.1500
 70
0
  0
VERTEX
  8
16
 10
102.4455
 20
74.1750
 30
0.0000
 42
1.0000
  0
VERTEX
  8
16
 10
102.4455
 20
74.0250
 30
0.0000
  0
SEQEND
  8
0
  0
POLYLINE
  8
16
 66
1
 10
0.0000
 20
0.0000
 30
0.0000
 40
0.3000
 41
0.3000
 70
0
  0
VERTEX
  8
16
 10
112.1524
 20
74.1000
 30
0.0000
  0
VERTEX
  8
16
 10
112.7105
 20
74.1000
 30
0.0000
  0
SEQEND
  8
0
  0
POLYLINE
  8
16
 66
1
 10
0.0000
 20
0.0000
 30
0.0000
 40
0.1500
 41
0.1500
 70
0
  0
VERTEX
  8
16
 10
112.7105
 20
74.0250
 30
0.0000
 42
1.0000
  0
VERTEX
  8
16
 10
112.7105
 20
74.1750
 30
0.0000
  0
SEQEND
  8
0
  0
POLYLINE
  8
16
 66
1
 10
0.0000
 20
0.0000
 30
0.0000
 40
0.1500
 41
0.1500
 70
0
  0
VERTEX
  8
16
 10
112.1524
 20
74.1750
 30
0.0000
 42
1.0000
  0
VERTEX
  8
16
 10
112.1524
 20
74.0250
 30
0.0000
  0
SEQEND
  8
0
  0
POLYLINE
  8
16
 66
1
 10
0.0000
 20
0.0000
 30
0.0000
 40
0.3000
 41
0.3000
 70
0
  0
VERTEX
  8
16
 10
114.8895
 20
74.1000
 30
0.0000
  0
VERTEX
  8
16
 10
117.9968
 20
74.1000
 30
0.0000
  0
SEQEND
  8
0
  0
POLYLINE
  8
16
 66
1
 10
0.0000
 20
0.0000
 30
0.0000
 40
0.1500
 41
0.1500
 70
0
  0
VERTEX
  8
16
 10
117.9968
 20
74.0250
 30
0.0000
 42
1.0000
  0
VERTEX
  8
16
 10
117.9968
 20
74.1750
 30
0.0000
  0
SEQEND
  8
0
  0
POLYLINE
  8
16
 66
1
 10
0.0000
 20
0.0000
 30
0.0000
 40
0.1500
 41
0.1500
 70
0
  0
VERTEX
  8
16
 10
114.8895
 20
74.1750
 30
0.0000
 42
1.0000
  0
VERTEX
  8
16
 10
114.8895
 20
74.0250
 30
0.0000
  0
SEQEND
  8
0
  0
POLYLINE
  8
16
 66
1
 10
0.0000
 20
0.0000
 30
0.0000
 40
0.3000
 41
0.3000
 70
0
  0
VERTEX
  8
16
 10
97.0164
 20
74.4000
 30
0.0000
  0
VERTEX
  8
16
 10
100.5164
 20
74.4000
 30
0.0000
  0
SEQEND
  8
0
  0
POLYLINE
  8
16
 66
1
 10
0.0000
 20
0.0000
 30
0.0000
 40
0.1500
 41
0.1500
 70
0
  0
VERTEX
  8
16
 10
100.5164
 20
74.3250
 30
0.0000
 42
1.0000
  0
VERTEX
  8
16
 10
100.5164
 20
74.4750
 30
0.0000
  0
SEQEND
  8
0
  0
POLYLINE
  8
16
 66
1
 10
0.0000
 20
0.0000
 30
0.0000
 40
0.1500
 41
0.1500
 70
0
  0
VERTEX
  8
16
 10
97.0164
 20
74.4750
 30
0.0000
 42
1.0000
  0
VERTEX
  8
16
 10
97.0164
 20
74.3250
 30
0.0000
  0
SEQEND
  8
0
  0
POLYLINE
  8
16
 66
1
 10
0.0000
 20
0.0000
 30
0.0000
 40
0.3000
 41
0.3000
 70
0
  0
VERTEX
  8
16
 10
103.2182
 20
74.4000
 30
0.0000
  0
VERTEX
  8
16
 10
106.0552
 20
74.4000
 30
0.0000
  0
SEQEND
  8
0
  0
POLYLINE
  8
16
 66
1
 10
0.0000
 20
0.0000
 30
0.0000
 40
0.1500
 41
0.1500
 70
0
  0
VERTEX
  8
16
 10
106.0552
 20
74.3250
 30
0.0000
 42
1.0000
  0
VERTEX
  8
16
 10
106.0552
 20
74.4750
 30
0.0000
  0
SEQEND
  8
0
  0
POLYLINE
  8
16
 66
1
 10
0.0000
 20
0.0000
 30
0.0000
 40
0.1500
 41
0.1500
 70
0
  0
VERTEX
  8
16
 10
103.2182
 20
74.4750
 30
0.0000
 42
1.0000
  0
VERTEX
  8
16
 10
103.2182
 20
74.3250
 30
0.0000
  0
SEQEND
  8
0
  0
POLYLINE
  8
16
 66
1
 10
0.0000
 20
0.0000
 30
0.0000
 40
0.3000
 41
0.3000
 70
0
  0
VERTEX
  8
16
 10
116.9774
 20
74.4000
 30
0.0000
  0
VERTEX
  8
16
 10
117.9968
 20
74.4000
 30
0.0000
  0
SEQEND
  8
0
  0
POLYLINE
  8
16
 66
1
 10
0.0000
 20
0.0000
 30
0.0000
 40
0.1500
 41
0.1500
 70
0
  0
VERTEX
  8
16
 10
117.9968
 20
74.3250
 30
0.0000
 42
1.0000
  0
VERTEX
  8
16
 10
117.9968
 20
74.4750
 30
0.0000
  0
SEQEND
  8
0
  0
POLYLINE
  8
16
 66
1
 10
0.0000
 20
0.0000
 30
0.0000
 40
0.1500
 41
0.1500
 70
0
  0
VERTEX
  8
16
 10
116.9774
 20
74.4750
 30
0.0000
 42
1.0000
  0
VERTEX
  8
16
 10
116.9774
 20
74.3250
 30
0.0000
  0
SEQEND
  8
0
  0
POLYLINE
  8
16
 66
1
 10
0.0000
 20
0.0000
 30
0.0000
 40
0.3000
 41
0.3000
 70
0
  0
VERTEX
  8
16
 10
97.0164
 20
74.7000
 30
0.0000
  0
VERTEX
  8
16
 10
101.0317
 20
74.7000
 30
0.0000
  0
SEQEND
  8
0
  0
POLYLINE
  8
16
 66
1
 10
0.0000
 20
0.0000
 30
0.0000
 40
0.1500
 41
0.1500
 70
0
  0
VERTEX
  8
16
 10
101.0317
 20
74.6250
 30
0.0000
 42
1.0000
  0
VERTEX
  8
16
 10
101.0317
 20
74.7750
 30
0.0000
  0
SEQEND
  8
0
  0
POLYLINE
  8
16
 66
1
 10
0.0000
 20
0.0000
 30
0.0000
 40
0.1500
 41
0.1500
 70
0
  0
VERTEX
  8
16
 10
97.0164
 20
74.7750
 30
0.0000
 42
1.0000
  0
VERTEX
  8
16
 10
97.0164
 20
74.6250
 30
0.0000
  0
SEQEND
  8
0
  0
POLYLINE
  8
16
 66
1
 10
0.0000
 20
0.0000
 30
0.0000
 40
0.3000
 41
0.3000
 70
0
  0
VERTEX
  8
16
 10
101.6803
 20
74.7000
 30
0.0000
  0
VERTEX
  8
16
 10
101.8602
 20
74.7000
 30
0.0000
  0
SEQEND
  8
0
  0
POLYLINE
  8
16
 66
1
 10
0.0000
 20
0.0000
 30
0.0000
 40
0.1500
 41
0.1500
 70
0
  0
VERTEX
  8
16
 10
101.8602
 20
74.6250
 30
0.0000
 42
1.0000
  0
VERTEX
  8
16
 10
101.8602
 20
74.7750
 30
0.0000
  0
SEQEND
  8
0
  0
POLYLINE
  8
16
 66
1
 10
0.0000
 20
0.0000
 30
0.0000
 40
0.1500
 41
0.1500
 70
0
  0
VERTEX
  8
16
 10
101.6803
 20
74.7750
 30
0.0000
 42
1.0000
  0
VERTEX
  8
16
 10
101.6803
 20
74.6250
 30
0.0000
  0
SEQEND
  8
0
  0
POLYLINE
  8
16
 66
1
 10
0.0000
 20
0.0000
 30
0.0000
 40
0.3000
 41
0.3000
 70
0
  0
VERTEX
  8
16
 10
104.1924
 20
74.7000
 30
0.0000
  0
VERTEX
  8
16
 10
105.8076
 20
74.7000
 30
0.0000
  0
SEQEND
  8
0
  0
POLYLINE
  8
16
 66
1
 10
0.0000
 20
0.0000
 30
0.0000
 40
0.1500
 41
0.1500
 70
0
  0
VERTEX
  8
16
 10
105.8076
 20
74.6250
 30
0.0000
 42
1.0000
  0
VERTEX
  8
16
 10
105.8076
 20
74.7750
 30
0.0000
  0
SEQEND
  8
0
  0
POLYLINE
  8
16
 66
1
 10
0.0000
 20
0.0000
 30
0.0000
 40
0.1500
 41
0.1500
 70
0
  0
VERTEX
  8
16
 10
104.1924
 20
74.7750
 30
0.0000
 42
1.0000
  0
VERTEX
  8
16
 10
104.1924
 20
74.6250
 30
0.0000
  0
SEQEND
  8
0
  0
POLYLINE
  8
16
 66
1
 10
0.0000
 20
0.0000
 30
0.0000
 40
0.3000
 41
0.3000
 70
0
  0
VERTEX
  8
16
 10
117.2774
 20
74.7000
 30
0.0000
  0
VERTEX
  8
16
 10
117.9968
 20
74.7000
 30
0.0000
  0
SEQEND
  8
0
  0
POLYLINE
  8
16
 66
1
 10
0.0000
 20
0.0000
 30
0.0000
 40
0.1500
 41
0.1500
 70
0
  0
VERTEX
  8
16
 10
117.9968
 20
74.6250
 30
0.0000
 42
1.0000
  0
VERTEX
  8
16
 10
117.9968
 20
74.7750
 30
0.0000
  0
SEQEND
  8
0
  0
POLYLINE
  8
16
 66
1
 10
0.0000
 20
0.0000
 30
0.0000
 40
0.1500
 41
0.1500
 70
0
  0
VERTEX
  8
16
 10
117.2774
 20
74.7750
 30
0.0000
 42
1.0000
  0
VERTEX
  8
16
 10
117.2774
 20
74.6250
 30
0.0000
  0
SEQEND
  8
0
  0
POLYLINE
  8
16
 66
1
 10
0.0000
 20
0.0000
 30
0.0000
 40
0.3000
 41
0.3000
 70
0
  0
VERTEX
  8
16
 10
97.0164
 20
75.0000
 30
0.0000
  0
VERTEX
  8
16
 10
101.8602
 20
75.0000
 30
0.0000
  0
SEQEND
  8
0
  0
POLYLINE
  8
16
 66
1
 10
0.0000
 20
0.0000
 30
0.0000
 40
0.1500
 41
0.1500
 70
0
  0
VERTEX
  8
16
 10
101.8602
 20
74.9250
 30
0.0000
 42
1.0000
  0
VERTEX
  8
16
 10
101.8602
 20
75.0750
 30
0.0000
  0
SEQEND
  8
0
  0
POLYLINE
  8
16
 66
1
 10
0.0000
 20
0.0000
 30
0.0000
 40
0.1500
 41
0.1500
 70
0
  0
VERTEX
  8
16
 10
97.0164
 20
75.0750
 30
0.0000
 42
1.0000
  0
VERTEX
  8
16
 10
97.0164
 20
74.9250
 30
0.0000
  0
SEQEND
  8
0
  0
POLYLINE
  8
16
 66
1
 10
0.0000
 20
0.0000
 30
0.0000
 40
0.3000
 41
0.3000
 70
0
  0
VERTEX
  8
16
 10
104.3685
 20
75.0000
 30
0.0000
  0
VERTEX
  8
16
 10
105.5076
 20
75.0000
 30
0.0000
  0
SEQEND
  8
0
  0
POLYLINE
  8
16
 66
1
 10
0.0000
 20
0.0000
 30
0.0000
 40
0.1500
 41
0.1500
 70
0
  0
VERTEX
  8
16
 10
105.5076
 20
74.9250
 30
0.0000
 42
1.0000
  0
VERTEX
  8
16
 10
105.5076
 20
75.0750
 30
0.0000
  0
SEQEND
  8
0
  0
POLYLINE
  8
16
 66
1
 10
0.0000
 20
0.0000
 30
0.0000
 40
0.1500
 41
0.1500
 70
0
  0
VERTEX
  8
16
 10
104.3685
 20
75.0750
 30
0.0000
 42
1.0000
  0
VERTEX
  8
16
 10
104.3685
 20
74.9250
 30
0.0000
  0
SEQEND
  8
0
  0
POLYLINE
  8
16
 66
1
 10
0.0000
 20
0.0000
 30
0.0000
 40
0.3000
 41
0.3000
 70
0
  0
VERTEX
  8
16
 10
117.5774
 20
75.0000
 30
0.0000
  0
VERTEX
  8
16
 10
117.9968
 20
75.0000
 30
0.0000
  0
SEQEND
  8
0
  0
POLYLINE
  8
16
 66
1
 10
0.0000
 20
0.0000
 30
0.0000
 40
0.1500
 41
0.1500
 70
0
  0
VERTEX
  8
16
 10
117.9968
 20
74.9250
 30
0.0000
 42
1.0000
  0
VERTEX
  8
16
 10
117.9968
 20
75.0750
 30
0.0000
  0
SEQEND
  8
0
  0
POLYLINE
  8
16
 66
1
 10
0.0000
 20
0.0000
 30
0.0000
 40
0.1500
 41
0.1500
 70
0
  0
VERTEX
  8
16
 10
117.5774
 20
75.0750
 30
0.0000
 42
1.0000
  0
VERTEX
  8
16
 10
117.5774
 20
74.9250
 30
0.0000
  0
SEQEND
  8
0
  0
POLYLINE
  8
16
 66
1
 10
0.0000
 20
0.0000
 30
0.0000
 40
0.3000
 41
0.3000
 70
0
  0
VERTEX
  8
16
 10
97.0164
 20
75.3000
 30
0.0000
  0
VERTEX
  8
16
 10
101.8602
 20
75.3000
 30
0.0000
  0
SEQEND
  8
0
  0
POLYLINE
  8
16
 66
1
 10
0.0000
 20
0.0000
 30
0.0000
 40
0.1500
 41
0.1500
 70
0
  0
VERTEX
  8
16
 10
101.8602
 20
75.2250
 30
0.0000
 42
1.0000
  0
VERTEX
  8
16
 10
101.8602
 20
75.3750
 30
0.0000
  0
SEQEND
  8
0
  0
POLYLINE
  8
16
 66
1
 10
0.0000
 20
0.0000
 30
0.0000
 40
0.1500
 41
0.1500
 70
0
  0
VERTEX
  8
16
 10
97.0164
 20
75.3750
 30
0.0000
 42
1.0000
  0
VERTEX
  8
16
 10
97.0164
 20
75.2250
 30
0.0000
  0
SEQEND
  8
0
  0
POLYLINE
  8
16
 66
1
 10
0.0000
 20
0.0000
 30
0.0000
 40
0.3000
 41
0.3000
 70
0
  0
VERTEX
  8
16
 10
117.8774
 20
75.3000
 30
0.0000
  0
VERTEX
  8
16
 10
117.9968
 20
75.3000
 30
0.0000
  0
SEQEND
  8
0
  0
POLYLINE
  8
16
 66
1
 10
0.0000
 20
0.0000
 30
0.0000
 40
0.1500
 41
0.1500
 70
0
  0
VERTEX
  8
16
 10
117.9968
 20
75.2250
 30
0.0000
 42
1.0000
  0
VERTEX
  8
16
 10
117.9968
 20
75.3750
 30
0.0000
  0
SEQEND
  8
0
  0
POLYLINE
  8
16
 66
1
 10
0.0000
 20
0.0000
 30
0.0000
 40
0.1500
 41
0.1500
 70
0
  0
VERTEX
  8
16
 10
117.8774
 20
75.3750
 30
0.0000
 42
1.0000
  0
VERTEX
  8
16
 10
117.8774
 20
75.2250
 30
0.0000
  0
SEQEND
  8
0
  0
POLYLINE
  8
16
 66
1
 10
0.0000
 20
0.0000
 30
0.0000
 40
0.3000
 41
0.3000
 70
0
  0
VERTEX
  8
16
 10
97.0164
 20
75.6000
 30
0.0000
  0
VERTEX
  8
16
 10
101.8602
 20
75.6000
 30
0.0000
  0
SEQEND
  8
0
  0
POLYLINE
  8
16
 66
1
 10
0.0000
 20
0.0000
 30
0.0000
 40
0.1500
 41
0.1500
 70
0
  0
VERTEX
  8
16
 10
101.8602
 20
75.5250
 30
0.0000
 42
1.0000
  0
VERTEX
  8
16
 10
101.8602
 20
75.6750
 30
0.0000
  0
SEQEND
  8
0
  0
POLYLINE
  8
16
 66
1
 10
0.0000
 20
0.0000
 30
0.0000
 40
0.1500
 41
0.1500
 70
0
  0
VERTEX
  8
16
 10
97.0164
 20
75.6750
 30
0.0000
 42
1.0000
  0
VERTEX
  8
16
 10
97.0164
 20
75.5250
 30
0.0000
  0
SEQEND
  8
0
  0
POLYLINE
  8
16
 66
1
 10
0.0000
 20
0.0000
 30
0.0000
 40
0.3000
 41
0.3000
 70
0
  0
VERTEX
  8
16
 10
97.0164
 20
75.9000
 30
0.0000
  0
VERTEX
  8
16
 10
101.9871
 20
75.9000
 30
0.0000
  0
SEQEND
  8
0
  0
POLYLINE
  8
16
 66
1
 10
0.0000
 20
0.0000
 30
0.0000
 40
0.1500
 41
0.1500
 70
0
  0
VERTEX
  8
16
 10
101.9871
 20
75.8250
 30
0.0000
 42
1.0000
  0
VERTEX
  8
16
 10
101.9871
 20
75.9750
 30
0.0000
  0
SEQEND
  8
0
  0
POLYLINE
  8
16
 66
1
 10
0.0000
 20
0.0000
 30
0.0000
 40
0.1500
 41
0.1500
 70
0
  0
VERTEX
  8
16
 10
97.0164
 20
75.9750
 30
0.0000
 42
1.0000
  0
VERTEX
  8
16
 10
97.0164
 20
75.8250
 30
0.0000
  0
SEQEND
  8
0
  0
POLYLINE
  8
16
 66
1
 10
0.0000
 20
0.0000
 30
0.0000
 40
0.3000
 41
0.3000
 70
0
  0
VERTEX
  8
16
 10
97.0164
 20
76.2000
 30
0.0000
  0
VERTEX
  8
16
 10
101.9110
 20
76.2000
 30
0.0000
  0
SEQEND
  8
0
  0
POLYLINE
  8
16
 66
1
 10
0.0000
 20
0.0000
 30
0.0000
 40
0.1500
 41
0.1500
 70
0
  0
VERTEX
  8
16
 10
101.9110
 20
76.1250
 30
0.0000
 42
1.0000
  0
VERTEX
  8
16
 10
101.9110
 20
76.2750
 30
0.0000
  0
SEQEND
  8
0
  0
POLYLINE
  8
16
 66
1
 10
0.0000
 20
0.0000
 30
0.0000
 40
0.1500
 41
0.1500
 70
0
  0
VERTEX
  8
16
 10
97.0164
 20
76.2750
 30
0.0000
 42
1.0000
  0
VERTEX
  8
16
 10
97.0164
 20
76.1250
 30
0.0000
  0
SEQEND
  8
0
  0
POLYLINE
  8
16
 66
1
 10
0.0000
 20
0.0000
 30
0.0000
 40
0.3000
 41
0.3000
 70
0
  0
VERTEX
  8
16
 10
97.0164
 20
76.5000
 30
0.0000
  0
VERTEX
  8
16
 10
99.9914
 20
76.5000
 30
0.0000
  0
SEQEND
  8
0
  0
POLYLINE
  8
16
 66
1
 10
0.0000
 20
0.0000
 30
0.0000
 40
0.1500
 41
0.1500
 70
0
  0
VERTEX
  8
16
 10
99.9914
 20
76.4250
 30
0.0000
 42
1.0000
  0
VERTEX
  8
16
 10
99.9914
 20
76.5750
 30
0.0000
  0
SEQEND
  8
0
  0
POLYLINE
  8
16
 66
1
 10
0.0000
 20
0.0000
 30
0.0000
 40
0.1500
 41
0.1500
 70
0
  0
VERTEX
  8
16
 10
97.0164
 20
76.5750
 30
0.0000
 42
1.0000
  0
VERTEX
  8
16
 10
97.0164
 20
76.4250
 30
0.0000
  0
SEQEND
  8
0
  0
POLYLINE
  8
16
 66
1
 10
0.0000
 20
0.0000
 30
0.0000
 40
0.3000
 41
0.3000
 70
0
  0
VERTEX
  8
16
 10
100.8955
 20
76.5000
 30
0.0000
  0
VERTEX
  8
16
 10
102.6400
 20
76.5000
 30
0.0000
  0
SEQEND
  8
0
  0
POLYLINE
  8
16
 66
1
 10
0.0000
 20
0.0000
 30
0.0000
 40
0.1500
 41
0.1500
 70
0
  0
VERTEX
  8
16
 10
102.6400
 20
76.4250
 30
0.0000
 42
1.0000
  0
VERTEX
  8
16
 10
102.6400
 20
76.5750
 30
0.0000
  0
SEQEND
  8
0
  0
POLYLINE
  8
16
 66
1
 10
0.0000
 20
0.0000
 30
0.0000
 40
0.1500
 41
0.1500
 70
0
  0
VERTEX
  8
16
 10
100.8955
 20
76.5750
 30
0.0000
 42
1.0000
  0
VERTEX
  8
16
 10
100.8955
 20
76.4250
 30
0.0000
  0
SEQEND
  8
0
  0
POLYLINE
  8
16
 66
1
 10
0.0000
 20
0.0000
 30
0.0000
 40
0.3000
 41
0.3000
 70
0
  0
VERTEX
  8
16
 10
97.0164
 20
76.8000
 30
0.0000
  0
VERTEX
  8
16
 10
99.5958
 20
76.8000
 30
0.0000
  0
SEQEND
  8
0
  0
POLYLINE
  8
16
 66
1
 10
0.0000
 20
0.0000
 30
0.0000
 40
0.1500
 41
0.1500
 70
0
  0
VERTEX
  8
16
 10
99.5958
 20
76.7250
 30
0.0000
 42
1.0000
  0
VERTEX
  8
16
 10
99.5958
 20
76.8750
 30
0.0000
  0
SEQEND
  8
0
  0
POLYLINE
  8
16
 66
1
 10
0.0000
 20
0.0000
 30
0.0000
 40
0.1500
 41
0.1500
 70
0
  0
VERTEX
  8
16
 10
97.0164
 20
76.8750
 30
0.0000
 42
1.0000
  0
VERTEX
  8
16
 10
97.0164
 20
76.7250
 30
0.0000
  0
SEQEND
  8
0
  0
POLYLINE
  8
16
 66
1
 10
0.0000
 20
0.0000
 30
0.0000
 40
0.3000
 41
0.3000
 70
0
  0
VERTEX
  8
16
 10
101.1230
 20
76.8000
 30
0.0000
  0
VERTEX
  8
16
 10
101.9110
 20
76.8000
 30
0.0000
  0
SEQEND
  8
0
  0
POLYLINE
  8
16
 66
1
 10
0.0000
 20
0.0000
 30
0.0000
 40
0.1500
 41
0.1500
 70
0
  0
VERTEX
  8
16
 10
101.9110
 20
76.7250
 30
0.0000
 42
1.0000
  0
VERTEX
  8
16
 10
101.9110
 20
76.8750
 30
0.0000
  0
SEQEND
  8
0
  0
POLYLINE
  8
16
 66
1
 10
0.0000
 20
0.0000
 30
0.0000
 40
0.1500
 41
0.1500
 70
0
  0
VERTEX
  8
16
 10
101.1230
 20
76.8750
 30
0.0000
 42
1.0000
  0
VERTEX
  8
16
 10
101.1230
 20
76.7250
 30
0.0000
  0
SEQEND
  8
0
  0
POLYLINE
  8
16
 66
1
 10
0.0000
 20
0.0000
 30
0.0000
 40
0.3000
 41
0.3000
 70
0
  0
VERTEX
  8
16
 10
102.6400
 20
76.8000
 30
0.0000
  0
VERTEX
  8
16
 10
102.6900
 20
76.8000
 30
0.0000
  0
SEQEND
  8
0
  0
POLYLINE
  8
16
 66
1
 10
0.0000
 20
0.0000
 30
0.0000
 40
0.1500
 41
0.1500
 70
0
  0
VERTEX
  8
16
 10
102.6900
 20
76.7250
 30
0.0000
 42
1.0000
  0
VERTEX
  8
16
 10
102.6900
 20
76.8750
 30
0.0000
  0
SEQEND
  8
0
  0
POLYLINE
  8
16
 66
1
 10
0.0000
 20
0.0000
 30
0.0000
 40
0.1500
 41
0.1500
 70
0
  0
VERTEX
  8
16
 10
102.6400
 20
76.8750
 30
0.0000
 42
1.0000
  0
VERTEX
  8
16
 10
102.6400
 20
76.7250
 30
0.0000
  0
SEQEND
  8
0
  0
POLYLINE
  8
16
 66
1
 10
0.0000
 20
0.0000
 30
0.0000
 40
0.3000
 41
0.3000
 70
0
  0
VERTEX
  8
16
 10
97.0164
 20
77.1000
 30
0.0000
  0
VERTEX
  8
16
 10
99.3880
 20
77.1000
 30
0.0000
  0
SEQEND
  8
0
  0
POLYLINE
  8
16
 66
1
 10
0.0000
 20
0.0000
 30
0.0000
 40
0.1500
 41
0.1500
 70
0
  0
VERTEX
  8
16
 10
99.3880
 20
77.0250
 30
0.0000
 42
1.0000
  0
VERTEX
  8
16
 10
99.3880
 20
77.1750
 30
0.0000
  0
SEQEND
  8
0
  0
POLYLINE
  8
16
 66
1
 10
0.0000
 20
0.0000
 30
0.0000
 40
0.1500
 41
0.1500
 70
0
  0
VERTEX
  8
16
 10
97.0164
 20
77.1750
 30
0.0000
 42
1.0000
  0
VERTEX
  8
16
 10
97.0164
 20
77.0250
 30
0.0000
  0
SEQEND
  8
0
  0
POLYLINE
  8
16
 66
1
 10
0.0000
 20
0.0000
 30
0.0000
 40
0.3000
 41
0.3000
 70
0
  0
VERTEX
  8
16
 10
101.3505
 20
77.1000
 30
0.0000
  0
VERTEX
  8
16
 10
102.0037
 20
77.1000
 30
0.0000
  0
SEQEND
  8
0
  0
POLYLINE
  8
16
 66
1
 10
0.0000
 20
0.0000
 30
0.0000
 40
0.1500
 41
0.1500
 70
0
  0
VERTEX
  8
16
 10
102.0037
 20
77.0250
 30
0.0000
 42
1.0000
  0
VERTEX
  8
16
 10
102.0037
 20
77.1750
 30
0.0000
  0
SEQEND
  8
0
  0
POLYLINE
  8
16
 66
1
 10
0.0000
 20
0.0000
 30
0.0000
 40
0.1500
 41
0.1500
 70
0
  0
VERTEX
  8
16
 10
101.3505
 20
77.1750
 30
0.0000
 42
1.0000
  0
VERTEX
  8
16
 10
101.3505
 20
77.0250
 30
0.0000
  0
SEQEND
  8
0
  0
POLYLINE
  8
16
 66
1
 10
0.0000
 20
0.0000
 30
0.0000
 40
0.3000
 41
0.3000
 70
0
  0
VERTEX
  8
16
 10
102.6400
 20
77.1000
 30
0.0000
  0
VERTEX
  8
16
 10
102.6900
 20
77.1000
 30
0.0000
  0
SEQEND
  8
0
  0
POLYLINE
  8
16
 66
1
 10
0.0000
 20
0.0000
 30
0.0000
 40
0.1500
 41
0.1500
 70
0
  0
VERTEX
  8
16
 10
102.6900
 20
77.0250
 30
0.0000
 42
1.0000
  0
VERTEX
  8
16
 10
102.6900
 20
77.1750
 30
0.0000
  0
SEQEND
  8
0
  0
POLYLINE
  8
16
 66
1
 10
0.0000
 20
0.0000
 30
0.0000
 40
0.1500
 41
0.1500
 70
0
  0
VERTEX
  8
16
 10
102.6400
 20
77.1750
 30
0.0000
 42
1.0000
  0
VERTEX
  8
16
 10
102.6400
 20
77.0250
 30
0.0000
  0
SEQEND
  8
0
  0
POLYLINE
  8
16
 66
1
 10
0.0000
 20
0.0000
 30
0.0000
 40
0.3000
 41
0.3000
 70
0
  0
VERTEX
  8
16
 10
97.0164
 20
77.4000
 30
0.0000
  0
VERTEX
  8
16
 10
99.4199
 20
77.4000
 30
0.0000
  0
SEQEND
  8
0
  0
POLYLINE
  8
16
 66
1
 10
0.0000
 20
0.0000
 30
0.0000
 40
0.1500
 41
0.1500
 70
0
  0
VERTEX
  8
16
 10
99.4199
 20
77.3250
 30
0.0000
 42
1.0000
  0
VERTEX
  8
16
 10
99.4199
 20
77.4750
 30
0.0000
  0
SEQEND
  8
0
  0
POLYLINE
  8
16
 66
1
 10
0.0000
 20
0.0000
 30
0.0000
 40
0.1500
 41
0.1500
 70
0
  0
VERTEX
  8
16
 10
97.0164
 20
77.4750
 30
0.0000
 42
1.0000
  0
VERTEX
  8
16
 10
97.0164
 20
77.3250
 30
0.0000
  0
SEQEND
  8
0
  0
POLYLINE
  8
16
 66
1
 10
0.0000
 20
0.0000
 30
0.0000
 40
0.3000
 41
0.3000
 70
0
  0
VERTEX
  8
16
 10
101.5780
 20
77.4000
 30
0.0000
  0
VERTEX
  8
16
 10
103.0619
 20
77.4000
 30
0.0000
  0
SEQEND
  8
0
  0
POLYLINE
  8
16
 66
1
 10
0.0000
 20
0.0000
 30
0.0000
 40
0.1500
 41
0.1500
 70
0
  0
VERTEX
  8
16
 10
103.0619
 20
77.3250
 30
0.0000
 42
1.0000
  0
VERTEX
  8
16
 10
103.0619
 20
77.4750
 30
0.0000
  0
SEQEND
  8
0
  0
POLYLINE
  8
16
 66
1
 10
0.0000
 20
0.0000
 30
0.0000
 40
0.1500
 41
0.1500
 70
0
  0
VERTEX
  8
16
 10
101.5780
 20
77.4750
 30
0.0000
 42
1.0000
  0
VERTEX
  8
16
 10
101.5780
 20
77.3250
 30
0.0000
  0
SEQEND
  8
0
  0
POLYLINE
  8
16
 66
1
 10
0.0000
 20
0.0000
 30
0.0000
 40
0.3000
 41
0.3000
 70
0
  0
VERTEX
  8
16
 10
97.0164
 20
77.7000
 30
0.0000
  0
VERTEX
  8
16
 10
99.6474
 20
77.7000
 30
0.0000
  0
SEQEND
  8
0
  0
POLYLINE
  8
16
 66
1
 10
0.0000
 20
0.0000
 30
0.0000
 40
0.1500
 41
0.1500
 70
0
  0
VERTEX
  8
16
 10
99.6474
 20
77.6250
 30
0.0000
 42
1.0000
  0
VERTEX
  8
16
 10
99.6474
 20
77.7750
 30
0.0000
  0
SEQEND
  8
0
  0
POLYLINE
  8
16
 66
1
 10
0.0000
 20
0.0000
 30
0.0000
 40
0.1500
 41
0.1500
 70
0
  0
VERTEX
  8
16
 10
97.0164
 20
77.7750
 30
0.0000
 42
1.0000
  0
VERTEX
  8
16
 10
97.0164
 20
77.6250
 30
0.0000
  0
SEQEND
  8
0
  0
POLYLINE
  8
16
 66
1
 10
0.0000
 20
0.0000
 30
0.0000
 40
0.3000
 41
0.3000
 70
0
  0
VERTEX
  8
16
 10
101.8055
 20
77.7000
 30
0.0000
  0
VERTEX
  8
16
 10
103.3376
 20
77.7000
 30
0.0000
  0
SEQEND
  8
0
  0
POLYLINE
  8
16
 66
1
 10
0.0000
 20
0.0000
 30
0.0000
 40
0.1500
 41
0.1500
 70
0
  0
VERTEX
  8
16
 10
103.3376
 20
77.6250
 30
0.0000
 42
1.0000
  0
VERTEX
  8
16
 10
103.3376
 20
77.7750
 30
0.0000
  0
SEQEND
  8
0
  0
POLYLINE
  8
16
 66
1
 10
0.0000
 20
0.0000
 30
0.0000
 40
0.1500
 41
0.1500
 70
0
  0
VERTEX
  8
16
 10
101.8055
 20
77.7750
 30
0.0000
 42
1.0000
  0
VERTEX
  8
16
 10
101.8055
 20
77.6250
 30
0.0000
  0
SEQEND
  8
0
  0
POLYLINE
  8
16
 66
1
 10
0.0000
 20
0.0000
 30
0.0000
 40
0.3000
 41
0.3000
 70
0
  0
VERTEX
  8
16
 10
116.2487
 20
77.7000
 30
0.0000
  0
VERTEX
  8
16
 10
116.4928
 20
77.7000
 30
0.0000
  0
SEQEND
  8
0
  0
POLYLINE
  8
16
 66
1
 10
0.0000
 20
0.0000
 30
0.0000
 40
0.1500
 41
0.1500
 70
0
  0
VERTEX
  8
16
 10
116.4928
 20
77.6250
 30
0.0000
 42
1.0000
  0
VERTEX
  8
16
 10
116.4928
 20
77.7750
 30
0.0000
  0
SEQEND
  8
0
  0
POLYLINE
  8
16
 66
1
 10
0.0000
 20
0.0000
 30
0.0000
 40
0.1500
 41
0.1500
 70
0
  0
VERTEX
  8
16
 10
116.2487
 20
77.7750
 30
0.0000
 42
1.0000
  0
VERTEX
  8
16
 10
116.2487
 20
77.6250
 30
0.0000
  0
SEQEND
  8
0
  0
POLYLINE
  8
16
 66
1
 10
0.0000
 20
0.0000
 30
0.0000
 40
0.3000
 41
0.3000
 70
0
  0
VERTEX
  8
16
 10
97.0164
 20
78.0000
 30
0.0000
  0
VERTEX
  8
16
 10
99.8749
 20
78.0000
 30
0.0000
  0
SEQEND
  8
0
  0
POLYLINE
  8
16
 66
1
 10
0.0000
 20
0.0000
 30
0.0000
 40
0.1500
 41
0.1500
 70
0
  0
VERTEX
  8
16
 10
99.8749
 20
77.9250
 30
0.0000
 42
1.0000
  0
VERTEX
  8
16
 10
99.8749
 20
78.0750
 30
0.0000
  0
SEQEND
  8
0
  0
POLYLINE
  8
16
 66
1
 10
0.0000
 20
0.0000
 30
0.0000
 40
0.1500
 41
0.1500
 70
0
  0
VERTEX
  8
16
 10
97.0164
 20
78.0750
 30
0.0000
 42
1.0000
  0
VERTEX
  8
16
 10
97.0164
 20
77.9250
 30
0.0000
  0
SEQEND
  8
0
  0
POLYLINE
  8
16
 66
1
 10
0.0000
 20
0.0000
 30
0.0000
 40
0.3000
 41
0.3000
 70
0
  0
VERTEX
  8
16
 10
102.0330
 20
78.0000
 30
0.0000
  0
VERTEX
  8
16
 10
103.6376
 20
78.0000
 30
0.0000
  0
SEQEND
  8
0
  0
POLYLINE
  8
16
 66
1
 10
0.0000
 20
0.0000
 30
0.0000
 40
0.1500
 41
0.1500
 70
0
  0
VERTEX
  8
16
 10
103.6376
 20
77.9250
 30
0.0000
 42
1.0000
  0
VERTEX
  8
16
 10
103.6376
 20
78.0750
 30
0.0000
  0
SEQEND
  8
0
  0
POLYLINE
  8
16
 66
1
 10
0.0000
 20
0.0000
 30
0.0000
 40
0.1500
 41
0.1500
 70
0
  0
VERTEX
  8
16
 10
102.0330
 20
78.0750
 30
0.0000
 42
1.0000
  0
VERTEX
  8
16
 10
102.0330
 20
77.9250
 30
0.0000
  0
SEQEND
  8
0
  0
POLYLINE
  8
16
 66
1
 10
0.0000
 20
0.0000
 30
0.0000
 40
0.3000
 41
0.3000
 70
0
  0
VERTEX
  8
16
 10
115.9487
 20
78.0000
 30
0.0000
  0
VERTEX
  8
16
 10
116.6570
 20
78.0000
 30
0.0000
  0
SEQEND
  8
0
  0
POLYLINE
  8
16
 66
1
 10
0.0000
 20
0.0000
 30
0.0000
 40
0.1500
 41
0.1500
 70
0
  0
VERTEX
  8
16
 10
116.6570
 20
77.9250
 30
0.0000
 42
1.0000
  0
VERTEX
  8
16
 10
116.6570
 20
78.0750
 30
0.0000
  0
SEQEND
  8
0
  0
POLYLINE
  8
16
 66
1
 10
0.0000
 20
0.0000
 30
0.0000
 40
0.1500
 41
0.1500
 70
0
  0
VERTEX
  8
16
 10
115.9487
 20
78.0750
 30
0.0000
 42
1.0000
  0
VERTEX
  8
16
 10
115.9487
 20
77.9250
 30
0.0000
  0
SEQEND
  8
0
  0
POLYLINE
  8
16
 66
1
 10
0.0000
 20
0.0000
 30
0.0000
 40
0.3000
 41
0.3000
 70
0
  0
VERTEX
  8
16
 10
117.9330
 20
78.0000
 30
0.0000
  0
VERTEX
  8
16
 10
117.9968
 20
78.0000
 30
0.0000
  0
SEQEND
  8
0
  0
POLYLINE
  8
16
 66
1
 10
0.0000
 20
0.0000
 30
0.0000
 40
0.1500
 41
0.1500
 70
0
  0
VERTEX
  8
16
 10
117.9968
 20
77.9250
 30
0.0000
 42
1.0000
  0
VERTEX
  8
16
 10
117.9968
 20
78.0750
 30
0.0000
  0
SEQEND
  8
0
  0
POLYLINE
  8
16
 66
1
 10
0.0000
 20
0.0000
 30
0.0000
 40
0.1500
 41
0.1500
 70
0
  0
VERTEX
  8
16
 10
117.9330
 20
78.0750
 30
0.0000
 42
1.0000
  0
VERTEX
  8
16
 10
117.9330
 20
77.9250
 30
0.0000
  0
SEQEND
  8
0
  0
POLYLINE
  8
16
 66
1
 10
0.0000
 20
0.0000
 30
0.0000
 40
0.3000
 41
0.3000
 70
0
  0
VERTEX
  8
16
 10
97.0164
 20
78.3000
 30
0.0000
  0
VERTEX
  8
16
 10
100.1024
 20
78.3000
 30
0.0000
  0
SEQEND
  8
0
  0
POLYLINE
  8
16
 66
1
 10
0.0000
 20
0.0000
 30
0.0000
 40
0.1500
 41
0.1500
 70
0
  0
VERTEX
  8
16
 10
100.1024
 20
78.2250
 30
0.0000
 42
1.0000
  0
VERTEX
  8
16
 10
100.1024
 20
78.3750
 30
0.0000
  0
SEQEND
  8
0
  0
POLYLINE
  8
16
 66
1
 10
0.0000
 20
0.0000
 30
0.0000
 40
0.1500
 41
0.1500
 70
0
  0
VERTEX
  8
16
 10
97.0164
 20
78.3750
 30
0.0000
 42
1.0000
  0
VERTEX
  8
16
 10
97.0164
 20
78.2250
 30
0.0000
  0
SEQEND
  8
0
  0
POLYLINE
  8
16
 66
1
 10
0.0000
 20
0.0000
 30
0.0000
 40
0.3000
 41
0.3000
 70
0
  0
VERTEX
  8
16
 10
102.1498
 20
78.3000
 30
0.0000
  0
VERTEX
  8
16
 10
103.9376
 20
78.3000
 30
0.0000
  0
SEQEND
  8
0
  0
POLYLINE
  8
16
 66
1
 10
0.0000
 20
0.0000
 30
0.0000
 40
0.1500
 41
0.1500
 70
0
  0
VERTEX
  8
16
 10
103.9376
 20
78.2250
 30
0.0000
 42
1.0000
  0
VERTEX
  8
16
 10
103.9376
 20
78.3750
 30
0.0000
  0
SEQEND
  8
0
  0
POLYLINE
  8
16
 66
1
 10
0.0000
 20
0.0000
 30
0.0000
 40
0.1500
 41
0.1500
 70
0
  0
VERTEX
  8
16
 10
102.1498
 20
78.3750
 30
0.0000
 42
1.0000
  0
VERTEX
  8
16
 10
102.1498
 20
78.2250
 30
0.0000
  0
SEQEND
  8
0
  0
POLYLINE
  8
16
 66
1
 10
0.0000
 20
0.0000
 30
0.0000
 40
0.3000
 41
0.3000
 70
0
  0
VERTEX
  8
16
 10
115.6487
 20
78.3000
 30
0.0000
  0
VERTEX
  8
16
 10
117.9968
 20
78.3000
 30
0.0000
  0
SEQEND
  8
0
  0
POLYLINE
  8
16
 66
1
 10
0.0000
 20
0.0000
 30
0.0000
 40
0.1500
 41
0.1500
 70
0
  0
VERTEX
  8
16
 10
117.9968
 20
78.2250
 30
0.0000
 42
1.0000
  0
VERTEX
  8
16
 10
117.9968
 20
78.3750
 30
0.0000
  0
SEQEND
  8
0
  0
POLYLINE
  8
16
 66
1
 10
0.0000
 20
0.0000
 30
0.0000
 40
0.1500
 41
0.1500
 70
0
  0
VERTEX
  8
16
 10
115.6487
 20
78.3750
 30
0.0000
 42
1.0000
  0
VERTEX
  8
16
 10
115.6487
 20
78.2250
 30
0.0000
  0
SEQEND
  8
0
  0
POLYLINE
  8
16
 66
1
 10
0.0000
 20
0.0000
 30
0.0000
 40
0.3000
 41
0.3000
 70
0
  0
VERTEX
  8
16
 10
97.0164
 20
78.6000
 30
0.0000
  0
VERTEX
  8
16
 10
100.3299
 20
78.6000
 30
0.0000
  0
SEQEND
  8
0
  0
POLYLINE
  8
16
 66
1
 10
0.0000
 20
0.0000
 30
0.0000
 40
0.1500
 41
0.1500
 70
0
  0
VERTEX
  8
16
 10
100.3299
 20
78.5250
 30
0.0000
 42
1.0000
  0
VERTEX
  8
16
 10
100.3299
 20
78.6750
 30
0.0000
  0
SEQEND
  8
0
  0
POLYLINE
  8
16
 66
1
 10
0.0000
 20
0.0000
 30
0.0000
 40
0.1500
 41
0.1500
 70
0
  0
VERTEX
  8
16
 10
97.0164
 20
78.6750
 30
0.0000
 42
1.0000
  0
VERTEX
  8
16
 10
97.0164
 20
78.5250
 30
0.0000
  0
SEQEND
  8
0
  0
POLYLINE
  8
16
 66
1
 10
0.0000
 20
0.0000
 30
0.0000
 40
0.3000
 41
0.3000
 70
0
  0
VERTEX
  8
16
 10
102.0540
 20
78.6000
 30
0.0000
  0
VERTEX
  8
16
 10
104.2376
 20
78.6000
 30
0.0000
  0
SEQEND
  8
0
  0
POLYLINE
  8
16
 66
1
 10
0.0000
 20
0.0000
 30
0.0000
 40
0.1500
 41
0.1500
 70
0
  0
VERTEX
  8
16
 10
104.2376
 20
78.5250
 30
0.0000
 42
1.0000
  0
VERTEX
  8
16
 10
104.2376
 20
78.6750
 30
0.0000
  0
SEQEND
  8
0
  0
POLYLINE
  8
16
 66
1
 10
0.0000
 20
0.0000
 30
0.0000
 40
0.1500
 41
0.1500
 70
0
  0
VERTEX
  8
16
 10
102.0540
 20
78.6750
 30
0.0000
 42
1.0000
  0
VERTEX
  8
16
 10
102.0540
 20
78.5250
 30
0.0000
  0
SEQEND
  8
0
  0
POLYLINE
  8
16
 66
1
 10
0.0000
 20
0.0000
 30
0.0000
 40
0.3000
 41
0.3000
 70
0
  0
VERTEX
  8
16
 10
115.3487
 20
78.6000
 30
0.0000
  0
VERTEX
  8
16
 10
117.9968
 20
78.6000
 30
0.0000
  0
SEQEND
  8
0
  0
POLYLINE
  8
16
 66
1
 10
0.0000
 20
0.0000
 30
0.0000
 40
0.1500
 41
0.1500
 70
0
  0
VERTEX
  8
16
 10
117.9968
 20
78.5250
 30
0.0000
 42
1.0000
  0
VERTEX
  8
16
 10
117.9968
 20
78.6750
 30
0.0000
  0
SEQEND
  8
0
  0
POLYLINE
  8
16
 66
1
 10
0.0000
 20
0.0000
 30
0.0000
 40
0.1500
 41
0.1500
 70
0
  0
VERTEX
  8
16
 10
115.3487
 20
78.6750
 30
0.0000
 42
1.0000
  0
VERTEX
  8
16
 10
115.3487
 20
78.5250
 30
0.0000
  0
SEQEND
  8
0
  0
POLYLINE
  8
16
 66
1
 10
0.0000
 20
0.0000
 30
0.0000
 40
0.3000
 41
0.3000
 70
0
  0
VERTEX
  8
16
 10
97.0164
 20
78.9000
 30
0.0000
  0
VERTEX
  8
16
 10
100.5574
 20
78.9000
 30
0.0000
  0
SEQEND
  8
0
  0
POLYLINE
  8
16
 66
1
 10
0.0000
 20
0.0000
 30
0.0000
 40
0.1500
 41
0.1500
 70
0
  0
VERTEX
  8
16
 10
100.5574
 20
78.8250
 30
0.0000
 42
1.0000
  0
VERTEX
  8
16
 10
100.5574
 20
78.9750
 30
0.0000
  0
SEQEND
  8
0
  0
POLYLINE
  8
16
 66
1
 10
0.0000
 20
0.0000
 30
0.0000
 40
0.1500
 41
0.1500
 70
0
  0
VERTEX
  8
16
 10
97.0164
 20
78.9750
 30
0.0000
 42
1.0000
  0
VERTEX
  8
16
 10
97.0164
 20
78.8250
 30
0.0000
  0
SEQEND
  8
0
  0
POLYLINE
  8
16
 66
1
 10
0.0000
 20
0.0000
 30
0.0000
 40
0.3000
 41
0.3000
 70
0
  0
VERTEX
  8
16
 10
101.6583
 20
78.9000
 30
0.0000
  0
VERTEX
  8
16
 10
104.5376
 20
78.9000
 30
0.0000
  0
SEQEND
  8
0
  0
POLYLINE
  8
16
 66
1
 10
0.0000
 20
0.0000
 30
0.0000
 40
0.1500
 41
0.1500
 70
0
  0
VERTEX
  8
16
 10
104.5376
 20
78.8250
 30
0.0000
 42
1.0000
  0
VERTEX
  8
16
 10
104.5376
 20
78.9750
 30
0.0000
  0
SEQEND
  8
0
  0
POLYLINE
  8
16
 66
1
 10
0.0000
 20
0.0000
 30
0.0000
 40
0.1500
 41
0.1500
 70
0
  0
VERTEX
  8
16
 10
101.6583
 20
78.9750
 30
0.0000
 42
1.0000
  0
VERTEX
  8
16
 10
101.6583
 20
78.8250
 30
0.0000
  0
SEQEND
  8
0
  0
POLYLINE
  8
16
 66
1
 10
0.0000
 20
0.0000
 30
0.0000
 40
0.3000
 41
0.3000
 70
0
  0
VERTEX
  8
16
 10
115.0487
 20
78.9000
 30
0.0000
  0
VERTEX
  8
16
 10
117.9968
 20
78.9000
 30
0.0000
  0
SEQEND
  8
0
  0
POLYLINE
  8
16
 66
1
 10
0.0000
 20
0.0000
 30
0.0000
 40
0.1500
 41
0.1500
 70
0
  0
VERTEX
  8
16
 10
117.9968
 20
78.8250
 30
0.0000
 42
1.0000
  0
VERTEX
  8
16
 10
117.9968
 20
78.9750
 30
0.0000
  0
SEQEND
  8
0
  0
POLYLINE
  8
16
 66
1
 10
0.0000
 20
0.0000
 30
0.0000
 40
0.1500
 41
0.1500
 70
0
  0
VERTEX
  8
16
 10
115.0487
 20
78.9750
 30
0.0000
 42
1.0000
  0
VERTEX
  8
16
 10
115.0487
 20
78.8250
 30
0.0000
  0
SEQEND
  8
0
  0
POLYLINE
  8
16
 66
1
 10
0.0000
 20
0.0000
 30
0.0000
 40
0.3000
 41
0.3000
 70
0
  0
VERTEX
  8
16
 10
97.0164
 20
79.2000
 30
0.0000
  0
VERTEX
  8
16
 10
100.7849
 20
79.2000
 30
0.0000
  0
SEQEND
  8
0
  0
POLYLINE
  8
16
 66
1
 10
0.0000
 20
0.0000
 30
0.0000
 40
0.1500
 41
0.1500
 70
0
  0
VERTEX
  8
16
 10
100.7849
 20
79.1250
 30
0.0000
 42
1.0000
  0
VERTEX
  8
16
 10
100.7849
 20
79.2750
 30
0.0000
  0
SEQEND
  8
0
  0
POLYLINE
  8
16
 66
1
 10
0.0000
 20
0.0000
 30
0.0000
 40
0.1500
 41
0.1500
 70
0
  0
VERTEX
  8
16
 10
97.0164
 20
79.2750
 30
0.0000
 42
1.0000
  0
VERTEX
  8
16
 10
97.0164
 20
79.1250
 30
0.0000
  0
SEQEND
  8
0
  0
POLYLINE
  8
16
 66
1
 10
0.0000
 20
0.0000
 30
0.0000
 40
0.3000
 41
0.3000
 70
0
  0
VERTEX
  8
16
 10
101.2627
 20
79.2000
 30
0.0000
  0
VERTEX
  8
16
 10
104.8376
 20
79.2000
 30
0.0000
  0
SEQEND
  8
0
  0
POLYLINE
  8
16
 66
1
 10
0.0000
 20
0.0000
 30
0.0000
 40
0.1500
 41
0.1500
 70
0
  0
VERTEX
  8
16
 10
104.8376
 20
79.1250
 30
0.0000
 42
1.0000
  0
VERTEX
  8
16
 10
104.8376
 20
79.2750
 30
0.0000
  0
SEQEND
  8
0
  0
POLYLINE
  8
16
 66
1
 10
0.0000
 20
0.0000
 30
0.0000
 40
0.1500
 41
0.1500
 70
0
  0
VERTEX
  8
16
 10
101.2627
 20
79.2750
 30
0.0000
 42
1.0000
  0
VERTEX
  8
16
 10
101.2627
 20
79.1250
 30
0.0000
  0
SEQEND
  8
0
  0
POLYLINE
  8
16
 66
1
 10
0.0000
 20
0.0000
 30
0.0000
 40
0.3000
 41
0.3000
 70
0
  0
VERTEX
  8
16
 10
114.7487
 20
79.2000
 30
0.0000
  0
VERTEX
  8
16
 10
117.9968
 20
79.2000
 30
0.0000
  0
SEQEND
  8
0
  0
POLYLINE
  8
16
 66
1
 10
0.0000
 20
0.0000
 30
0.0000
 40
0.1500
 41
0.1500
 70
0
  0
VERTEX
  8
16
 10
117.9968
 20
79.1250
 30
0.0000
 42
1.0000
  0
VERTEX
  8
16
 10
117.9968
 20
79.2750
 30
0.0000
  0
SEQEND
  8
0
  0
POLYLINE
  8
16
 66
1
 10
0.0000
 20
0.0000
 30
0.0000
 40
0.1500
 41
0.1500
 70
0
  0
VERTEX
  8
16
 10
114.7487
 20
79.2750
 30
0.0000
 42
1.0000
  0
VERTEX
  8
16
 10
114.7487
 20
79.1250
 30
0.0000
  0
SEQEND
  8
0
  0
POLYLINE
  8
16
 66
1
 10
0.0000
 20
0.0000
 30
0.0000
 40
0.3000
 41
0.3000
 70
0
  0
VERTEX
  8
16
 10
97.0164
 20
79.5000
 30
0.0000
  0
VERTEX
  8
16
 10
105.1376
 20
79.5000
 30
0.0000
  0
SEQEND
  8
0
  0
POLYLINE
  8
16
 66
1
 10
0.0000
 20
0.0000
 30
0.0000
 40
0.1500
 41
0.1500
 70
0
  0
VERTEX
  8
16
 10
105.1376
 20
79.4250
 30
0.0000
 42
1.0000
  0
VERTEX
  8
16
 10
105.1376
 20
79.5750
 30
0.0000
  0
SEQEND
  8
0
  0
POLYLINE
  8
16
 66
1
 10
0.0000
 20
0.0000
 30
0.0000
 40
0.1500
 41
0.1500
 70
0
  0
VERTEX
  8
16
 10
97.0164
 20
79.5750
 30
0.0000
 42
1.0000
  0
VERTEX
  8
16
 10
97.0164
 20
79.4250
 30
0.0000
  0
SEQEND
  8
0
  0
POLYLINE
  8
16
 66
1
 10
0.0000
 20
0.0000
 30
0.0000
 40
0.3000
 41
0.3000
 70
0
  0
VERTEX
  8
16
 10
114.4487
 20
79.5000
 30
0.0000
  0
VERTEX
  8
16
 10
117.9968
 20
79.5000
 30
0.0000
  0
SEQEND
  8
0
  0
POLYLINE
  8
16
 66
1
 10
0.0000
 20
0.0000
 30
0.0000
 40
0.1500
 41
0.1500
 70
0
  0
VERTEX
  8
16
 10
117.9968
 20
79.4250
 30
0.0000
 42
1.0000
  0
VERTEX
  8
16
 10
117.9968
 20
79.5750
 30
0.0000
  0
SEQEND
  8
0
  0
POLYLINE
  8
16
 66
1
 10
0.0000
 20
0.0000
 30
0.0000
 40
0.1500
 41
0.1500
 70
0
  0
VERTEX
  8
16
 10
114.4487
 20
79.5750
 30
0.0000
 42
1.0000
  0
VERTEX
  8
16
 10
114.4487
 20
79.4250
 30
0.0000
  0
SEQEND
  8
0
  0
POLYLINE
  8
16
 66
1
 10
0.0000
 20
0.0000
 30
0.0000
 40
0.3000
 41
0.3000
 70
0
  0
VERTEX
  8
16
 10
97.0164
 20
79.8000
 30
0.0000
  0
VERTEX
  8
16
 10
105.4376
 20
79.8000
 30
0.0000
  0
SEQEND
  8
0
  0
POLYLINE
  8
16
 66
1
 10
0.0000
 20
0.0000
 30
0.0000
 40
0.1500
 41
0.1500
 70
0
  0
VERTEX
  8
16
 10
105.4376
 20
79.7250
 30
0.0000
 42
1.0000
  0
VERTEX
  8
16
 10
105.4376
 20
79.8750
 30
0.0000
  0
SEQEND
  8
0
  0
POLYLINE
  8
16
 66
1
 10
0.0000
 20
0.0000
 30
0.0000
 40
0.1500
 41
0.1500
 70
0
  0
VERTEX
  8
16
 10
97.0164
 20
79.8750
 30
0.0000
 42
1.0000
  0
VERTEX
  8
16
 10
97.0164
 20
79.7250
 30
0.0000
  0
SEQEND
  8
0
  0
POLYLINE
  8
16
 66
1
 10
0.0000
 20
0.0000
 30
0.0000
 40
0.3000
 41
0.3000
 70
0
  0
VERTEX
  8
16
 10
114.1487
 20
79.8000
 30
0.0000
  0
VERTEX
  8
16
 10
117.9968
 20
79.8000
 30
0.0000
  0
SEQEND
  8
0
  0
POLYLINE
  8
16
 66
1
 10
0.0000
 20
0.0000
 30
0.0000
 40
0.1500
 41
0.1500
 70
0
  0
VERTEX
  8
16
 10
117.9968
 20
79.7250
 30
0.0000
 42
1.0000
  0
VERTEX
  8
16
 10
117.9968
 20
79.8750
 30
0.0000
  0
SEQEND
  8
0
  0
POLYLINE
  8
16
 66
1
 10
0.0000
 20
0.0000
 30
0.0000
 40
0.1500
 41
0.1500
 70
0
  0
VERTEX
  8
16
 10
114.1487
 20
79.8750
 30
0.0000
 42
1.0000
  0
VERTEX
  8
16
 10
114.1487
 20
79.7250
 30
0.0000
  0
SEQEND
  8
0
  0
POLYLINE
  8
16
 66
1
 10
0.0000
 20
0.0000
 30
0.0000
 40
0.3000
 41
0.3000
 70
0
  0
VERTEX
  8
16
 10
97.0164
 20
80.1000
 30
0.0000
  0
VERTEX
  8
16
 10
109.2476
 20
80.1000
 30
0.0000
  0
SEQEND
  8
0
  0
POLYLINE
  8
16
 66
1
 10
0.0000
 20
0.0000
 30
0.0000
 40
0.1500
 41
0.1500
 70
0
  0
VERTEX
  8
16
 10
109.2476
 20
80.0250
 30
0.0000
 42
1.0000
  0
VERTEX
  8
16
 10
109.2476
 20
80.1750
 30
0.0000
  0
SEQEND
  8
0
  0
POLYLINE
  8
16
 66
1
 10
0.0000
 20
0.0000
 30
0.0000
 40
0.1500
 41
0.1500
 70
0
  0
VERTEX
  8
16
 10
97.0164
 20
80.1750
 30
0.0000
 42
1.0000
  0
VERTEX
  8
16
 10
97.0164
 20
80.0250
 30
0.0000
  0
SEQEND
  8
0
  0
POLYLINE
  8
16
 66
1
 10
0.0000
 20
0.0000
 30
0.0000
 40
0.3000
 41
0.3000
 70
0
  0
VERTEX
  8
16
 10
116.0024
 20
80.1000
 30
0.0000
  0
VERTEX
  8
16
 10
117.9968
 20
80.1000
 30
0.0000
  0
SEQEND
  8
0
  0
POLYLINE
  8
16
 66
1
 10
0.0000
 20
0.0000
 30
0.0000
 40
0.1500
 41
0.1500
 70
0
  0
VERTEX
  8
16
 10
117.9968
 20
80.0250
 30
0.0000
 42
1.0000
  0
VERTEX
  8
16
 10
117.9968
 20
80.1750
 30
0.0000
  0
SEQEND
  8
0
  0
POLYLINE
  8
16
 66
1
 10
0.0000
 20
0.0000
 30
0.0000
 40
0.1500
 41
0.1500
 70
0
  0
VERTEX
  8
16
 10
116.0024
 20
80.1750
 30
0.0000
 42
1.0000
  0
VERTEX
  8
16
 10
116.0024
 20
80.0250
 30
0.0000
  0
SEQEND
  8
0
  0
POLYLINE
  8
16
 66
1
 10
0.0000
 20
0.0000
 30
0.0000
 40
0.3000
 41
0.3000
 70
0
  0
VERTEX
  8
16
 10
97.0164
 20
80.4000
 30
0.0000
  0
VERTEX
  8
16
 10
103.7520
 20
80.4000
 30
0.0000
  0
SEQEND
  8
0
  0
POLYLINE
  8
16
 66
1
 10
0.0000
 20
0.0000
 30
0.0000
 40
0.1500
 41
0.1500
 70
0
  0
VERTEX
  8
16
 10
103.7520
 20
80.3250
 30
0.0000
 42
1.0000
  0
VERTEX
  8
16
 10
103.7520
 20
80.4750
 30
0.0000
  0
SEQEND
  8
0
  0
POLYLINE
  8
16
 66
1
 10
0.0000
 20
0.0000
 30
0.0000
 40
0.1500
 41
0.1500
 70
0
  0
VERTEX
  8
16
 10
97.0164
 20
80.4750
 30
0.0000
 42
1.0000
  0
VERTEX
  8
16
 10
97.0164
 20
80.3250
 30
0.0000
  0
SEQEND
  8
0
  0
POLYLINE
  8
16
 66
1
 10
0.0000
 20
0.0000
 30
0.0000
 40
0.3000
 41
0.3000
 70
0
  0
VERTEX
  8
16
 10
104.9480
 20
80.4000
 30
0.0000
  0
VERTEX
  8
16
 10
107.0349
 20
80.4000
 30
0.0000
  0
SEQEND
  8
0
  0
POLYLINE
  8
16
 66
1
 10
0.0000
 20
0.0000
 30
0.0000
 40
0.1500
 41
0.1500
 70
0
  0
VERTEX
  8
16
 10
107.0349
 20
80.3250
 30
0.0000
 42
1.0000
  0
VERTEX
  8
16
 10
107.0349
 20
80.4750
 30
0.0000
  0
SEQEND
  8
0
  0
POLYLINE
  8
16
 66
1
 10
0.0000
 20
0.0000
 30
0.0000
 40
0.1500
 41
0.1500
 70
0
  0
VERTEX
  8
16
 10
104.9480
 20
80.4750
 30
0.0000
 42
1.0000
  0
VERTEX
  8
16
 10
104.9480
 20
80.3250
 30
0.0000
  0
SEQEND
  8
0
  0
POLYLINE
  8
16
 66
1
 10
0.0000
 20
0.0000
 30
0.0000
 40
0.3000
 41
0.3000
 70
0
  0
VERTEX
  8
16
 10
107.9651
 20
80.4000
 30
0.0000
  0
VERTEX
  8
16
 10
109.5476
 20
80.4000
 30
0.0000
  0
SEQEND
  8
0
  0
POLYLINE
  8
16
 66
1
 10
0.0000
 20
0.0000
 30
0.0000
 40
0.1500
 41
0.1500
 70
0
  0
VERTEX
  8
16
 10
109.5476
 20
80.3250
 30
0.0000
 42
1.0000
  0
VERTEX
  8
16
 10
109.5476
 20
80.4750
 30
0.0000
  0
SEQEND
  8
0
  0
POLYLINE
  8
16
 66
1
 10
0.0000
 20
0.0000
 30
0.0000
 40
0.1500
 41
0.1500
 70
0
  0
VERTEX
  8
16
 10
107.9651
 20
80.4750
 30
0.0000
 42
1.0000
  0
VERTEX
  8
16
 10
107.9651
 20
80.3250
 30
0.0000
  0
SEQEND
  8
0
  0
POLYLINE
  8
16
 66
1
 10
0.0000
 20
0.0000
 30
0.0000
 40
0.3000
 41
0.3000
 70
0
  0
VERTEX
  8
16
 10
116.3024
 20
80.4000
 30
0.0000
  0
VERTEX
  8
16
 10
117.9968
 20
80.4000
 30
0.0000
  0
SEQEND
  8
0
  0
POLYLINE
  8
16
 66
1
 10
0.0000
 20
0.0000
 30
0.0000
 40
0.1500
 41
0.1500
 70
0
  0
VERTEX
  8
16
 10
117.9968
 20
80.3250
 30
0.0000
 42
1.0000
  0
VERTEX
  8
16
 10
117.9968
 20
80.4750
 30
0.0000
  0
SEQEND
  8
0
  0
POLYLINE
  8
16
 66
1
 10
0.0000
 20
0.0000
 30
0.0000
 40
0.1500
 41
0.1500
 70
0
  0
VERTEX
  8
16
 10
116.3024
 20
80.4750
 30
0.0000
 42
1.0000
  0
VERTEX
  8
16
 10
116.3024
 20
80.3250
 30
0.0000
  0
SEQEND
  8
0
  0
POLYLINE
  8
16
 66
1
 10
0.0000
 20
0.0000
 30
0.0000
 40
0.3000
 41
0.3000
 70
0
  0
VERTEX
  8
16
 10
97.0164
 20
80.7000
 30
0.0000
  0
VERTEX
  8
16
 10
103.5643
 20
80.7000
 30
0.0000
  0
SEQEND
  8
0
  0
POLYLINE
  8
16
 66
1
 10
0.0000
 20
0.0000
 30
0.0000
 40
0.1500
 41
0.1500
 70
0
  0
VERTEX
  8
16
 10
103.5643
 20
80.6250
 30
0.0000
 42
1.0000
  0
VERTEX
  8
16
 10
103.5643
 20
80.7750
 30
0.0000
  0
SEQEND
  8
0
  0
POLYLINE
  8
16
 66
1
 10
0.0000
 20
0.0000
 30
0.0000
 40
0.1500
 41
0.1500
 70
0
  0
VERTEX
  8
16
 10
97.0164
 20
80.7750
 30
0.0000
 42
1.0000
  0
VERTEX
  8
16
 10
97.0164
 20
80.6250
 30
0.0000
  0
SEQEND
  8
0
  0
POLYLINE
  8
16
 66
1
 10
0.0000
 20
0.0000
 30
0.0000
 40
0.3000
 41
0.3000
 70
0
  0
VERTEX
  8
16
 10
105.1356
 20
80.7000
 30
0.0000
  0
VERTEX
  8
16
 10
105.9456
 20
80.7000
 30
0.0000
  0
SEQEND
  8
0
  0
POLYLINE
  8
16
 66
1
 10
0.0000
 20
0.0000
 30
0.0000
 40
0.1500
 41
0.1500
 70
0
  0
VERTEX
  8
16
 10
105.9456
 20
80.6250
 30
0.0000
 42
1.0000
  0
VERTEX
  8
16
 10
105.9456
 20
80.7750
 30
0.0000
  0
SEQEND
  8
0
  0
POLYLINE
  8
16
 66
1
 10
0.0000
 20
0.0000
 30
0.0000
 40
0.1500
 41
0.1500
 70
0
  0
VERTEX
  8
16
 10
105.1356
 20
80.7750
 30
0.0000
 42
1.0000
  0
VERTEX
  8
16
 10
105.1356
 20
80.6250
 30
0.0000
  0
SEQEND
  8
0
  0
POLYLINE
  8
16
 66
1
 10
0.0000
 20
0.0000
 30
0.0000
 40
0.3000
 41
0.3000
 70
0
  0
VERTEX
  8
16
 10
109.0544
 20
80.7000
 30
0.0000
  0
VERTEX
  8
16
 10
109.7726
 20
80.7000
 30
0.0000
  0
SEQEND
  8
0
  0
POLYLINE
  8
16
 66
1
 10
0.0000
 20
0.0000
 30
0.0000
 40
0.1500
 41
0.1500
 70
0
  0
VERTEX
  8
16
 10
109.7726
 20
80.6250
 30
0.0000
 42
1.0000
  0
VERTEX
  8
16
 10
109.7726
 20
80.7750
 30
0.0000
  0
SEQEND
  8
0
  0
POLYLINE
  8
16
 66
1
 10
0.0000
 20
0.0000
 30
0.0000
 40
0.1500
 41
0.1500
 70
0
  0
VERTEX
  8
16
 10
109.0544
 20
80.7750
 30
0.0000
 42
1.0000
  0
VERTEX
  8
16
 10
109.0544
 20
80.6250
 30
0.0000
  0
SEQEND
  8
0
  0
POLYLINE
  8
16
 66
1
 10
0.0000
 20
0.0000
 30
0.0000
 40
0.3000
 41
0.3000
 70
0
  0
VERTEX
  8
16
 10
111.3274
 20
80.7000
 30
0.0000
  0
VERTEX
  8
16
 10
111.4176
 20
80.7000
 30
0.0000
  0
SEQEND
  8
0
  0
POLYLINE
  8
16
 66
1
 10
0.0000
 20
0.0000
 30
0.0000
 40
0.1500
 41
0.1500
 70
0
  0
VERTEX
  8
16
 10
111.4176
 20
80.6250
 30
0.0000
 42
1.0000
  0
VERTEX
  8
16
 10
111.4176
 20
80.7750
 30
0.0000
  0
SEQEND
  8
0
  0
POLYLINE
  8
16
 66
1
 10
0.0000
 20
0.0000
 30
0.0000
 40
0.1500
 41
0.1500
 70
0
  0
VERTEX
  8
16
 10
111.3274
 20
80.7750
 30
0.0000
 42
1.0000
  0
VERTEX
  8
16
 10
111.3274
 20
80.6250
 30
0.0000
  0
SEQEND
  8
0
  0
POLYLINE
  8
16
 66
1
 10
0.0000
 20
0.0000
 30
0.0000
 40
0.3000
 41
0.3000
 70
0
  0
VERTEX
  8
16
 10
116.6024
 20
80.7000
 30
0.0000
  0
VERTEX
  8
16
 10
117.9968
 20
80.7000
 30
0.0000
  0
SEQEND
  8
0
  0
POLYLINE
  8
16
 66
1
 10
0.0000
 20
0.0000
 30
0.0000
 40
0.1500
 41
0.1500
 70
0
  0
VERTEX
  8
16
 10
117.9968
 20
80.6250
 30
0.0000
 42
1.0000
  0
VERTEX
  8
16
 10
117.9968
 20
80.7750
 30
0.0000
  0
SEQEND
  8
0
  0
POLYLINE
  8
16
 66
1
 10
0.0000
 20
0.0000
 30
0.0000
 40
0.1500
 41
0.1500
 70
0
  0
VERTEX
  8
16
 10
116.6024
 20
80.7750
 30
0.0000
 42
1.0000
  0
VERTEX
  8
16
 10
116.6024
 20
80.6250
 30
0.0000
  0
SEQEND
  8
0
  0
POLYLINE
  8
16
 66
1
 10
0.0000
 20
0.0000
 30
0.0000
 40
0.3000
 41
0.3000
 70
0
  0
VERTEX
  8
16
 10
97.0164
 20
81.0000
 30
0.0000
  0
VERTEX
  8
16
 10
103.3276
 20
81.0000
 30
0.0000
  0
SEQEND
  8
0
  0
POLYLINE
  8
16
 66
1
 10
0.0000
 20
0.0000
 30
0.0000
 40
0.1500
 41
0.1500
 70
0
  0
VERTEX
  8
16
 10
103.3276
 20
80.9250
 30
0.0000
 42
1.0000
  0
VERTEX
  8
16
 10
103.3276
 20
81.0750
 30
0.0000
  0
SEQEND
  8
0
  0
POLYLINE
  8
16
 66
1
 10
0.0000
 20
0.0000
 30
0.0000
 40
0.1500
 41
0.1500
 70
0
  0
VERTEX
  8
16
 10
97.0164
 20
81.0750
 30
0.0000
 42
1.0000
  0
VERTEX
  8
16
 10
97.0164
 20
80.9250
 30
0.0000
  0
SEQEND
  8
0
  0
POLYLINE
  8
16
 66
1
 10
0.0000
 20
0.0000
 30
0.0000
 40
0.3000
 41
0.3000
 70
0
  0
VERTEX
  8
16
 10
105.1830
 20
81.0000
 30
0.0000
  0
VERTEX
  8
16
 10
105.3568
 20
81.0000
 30
0.0000
  0
SEQEND
  8
0
  0
POLYLINE
  8
16
 66
1
 10
0.0000
 20
0.0000
 30
0.0000
 40
0.1500
 41
0.1500
 70
0
  0
VERTEX
  8
16
 10
105.3568
 20
80.9250
 30
0.0000
 42
1.0000
  0
VERTEX
  8
16
 10
105.3568
 20
81.0750
 30
0.0000
  0
SEQEND
  8
0
  0
POLYLINE
  8
16
 66
1
 10
0.0000
 20
0.0000
 30
0.0000
 40
0.1500
 41
0.1500
 70
0
  0
VERTEX
  8
16
 10
105.1830
 20
81.0750
 30
0.0000
 42
1.0000
  0
VERTEX
  8
16
 10
105.1830
 20
80.9250
 30
0.0000
  0
SEQEND
  8
0
  0
POLYLINE
  8
16
 66
1
 10
0.0000
 20
0.0000
 30
0.0000
 40
0.3000
 41
0.3000
 70
0
  0
VERTEX
  8
16
 10
109.6432
 20
81.0000
 30
0.0000
  0
VERTEX
  8
16
 10
109.9720
 20
81.0000
 30
0.0000
  0
SEQEND
  8
0
  0
POLYLINE
  8
16
 66
1
 10
0.0000
 20
0.0000
 30
0.0000
 40
0.1500
 41
0.1500
 70
0
  0
VERTEX
  8
16
 10
109.9720
 20
80.9250
 30
0.0000
 42
1.0000
  0
VERTEX
  8
16
 10
109.9720
 20
81.0750
 30
0.0000
  0
SEQEND
  8
0
  0
POLYLINE
  8
16
 66
1
 10
0.0000
 20
0.0000
 30
0.0000
 40
0.1500
 41
0.1500
 70
0
  0
VERTEX
  8
16
 10
109.6432
 20
81.0750
 30
0.0000
 42
1.0000
  0
VERTEX
  8
16
 10
109.6432
 20
80.9250
 30
0.0000
  0
SEQEND
  8
0
  0
POLYLINE
  8
16
 66
1
 10
0.0000
 20
0.0000
 30
0.0000
 40
0.3000
 41
0.3000
 70
0
  0
VERTEX
  8
16
 10
111.1280
 20
81.0000
 30
0.0000
  0
VERTEX
  8
16
 10
111.7176
 20
81.0000
 30
0.0000
  0
SEQEND
  8
0
  0
POLYLINE
  8
16
 66
1
 10
0.0000
 20
0.0000
 30
0.0000
 40
0.1500
 41
0.1500
 70
0
  0
VERTEX
  8
16
 10
111.7176
 20
80.9250
 30
0.0000
 42
1.0000
  0
VERTEX
  8
16
 10
111.7176
 20
81.0750
 30
0.0000
  0
SEQEND
  8
0
  0
POLYLINE
  8
16
 66
1
 10
0.0000
 20
0.0000
 30
0.0000
 40
0.1500
 41
0.1500
 70
0
  0
VERTEX
  8
16
 10
111.1280
 20
81.0750
 30
0.0000
 42
1.0000
  0
VERTEX
  8
16
 10
111.1280
 20
80.9250
 30
0.0000
  0
SEQEND
  8
0
  0
POLYLINE
  8
16
 66
1
 10
0.0000
 20
0.0000
 30
0.0000
 40
0.3000
 41
0.3000
 70
0
  0
VERTEX
  8
16
 10
116.9024
 20
81.0000
 30
0.0000
  0
VERTEX
  8
16
 10
117.9968
 20
81.0000
 30
0.0000
  0
SEQEND
  8
0
  0
POLYLINE
  8
16
 66
1
 10
0.0000
 20
0.0000
 30
0.0000
 40
0.1500
 41
0.1500
 70
0
  0
VERTEX
  8
16
 10
117.9968
 20
80.9250
 30
0.0000
 42
1.0000
  0
VERTEX
  8
16
 10
117.9968
 20
81.0750
 30
0.0000
  0
SEQEND
  8
0
  0
POLYLINE
  8
16
 66
1
 10
0.0000
 20
0.0000
 30
0.0000
 40
0.1500
 41
0.1500
 70
0
  0
VERTEX
  8
16
 10
116.9024
 20
81.0750
 30
0.0000
 42
1.0000
  0
VERTEX
  8
16
 10
116.9024
 20
80.9250
 30
0.0000
  0
SEQEND
  8
0
  0
POLYLINE
  8
16
 66
1
 10
0.0000
 20
0.0000
 30
0.0000
 40
0.3000
 41
0.3000
 70
0
  0
VERTEX
  8
16
 10
97.0164
 20
81.3000
 30
0.0000
  0
VERTEX
  8
16
 10
101.0876
 20
81.3000
 30
0.0000
  0
SEQEND
  8
0
  0
POLYLINE
  8
16
 66
1
 10
0.0000
 20
0.0000
 30
0.0000
 40
0.1500
 41
0.1500
 70
0
  0
VERTEX
  8
16
 10
101.0876
 20
81.2250
 30
0.0000
 42
1.0000
  0
VERTEX
  8
16
 10
101.0876
 20
81.3750
 30
0.0000
  0
SEQEND
  8
0
  0
POLYLINE
  8
16
 66
1
 10
0.0000
 20
0.0000
 30
0.0000
 40
0.1500
 41
0.1500
 70
0
  0
VERTEX
  8
16
 10
97.0164
 20
81.3750
 30
0.0000
 42
1.0000
  0
VERTEX
  8
16
 10
97.0164
 20
81.2250
 30
0.0000
  0
SEQEND
  8
0
  0
POLYLINE
  8
16
 66
1
 10
0.0000
 20
0.0000
 30
0.0000
 40
0.3000
 41
0.3000
 70
0
  0
VERTEX
  8
16
 10
110.0034
 20
81.3000
 30
0.0000
  0
VERTEX
  8
16
 10
112.1436
 20
81.3000
 30
0.0000
  0
SEQEND
  8
0
  0
POLYLINE
  8
16
 66
1
 10
0.0000
 20
0.0000
 30
0.0000
 40
0.1500
 41
0.1500
 70
0
  0
VERTEX
  8
16
 10
112.1436
 20
81.2250
 30
0.0000
 42
1.0000
  0
VERTEX
  8
16
 10
112.1436
 20
81.3750
 30
0.0000
  0
SEQEND
  8
0
  0
POLYLINE
  8
16
 66
1
 10
0.0000
 20
0.0000
 30
0.0000
 40
0.1500
 41
0.1500
 70
0
  0
VERTEX
  8
16
 10
110.0034
 20
81.3750
 30
0.0000
 42
1.0000
  0
VERTEX
  8
16
 10
110.0034
 20
81.2250
 30
0.0000
  0
SEQEND
  8
0
  0
POLYLINE
  8
16
 66
1
 10
0.0000
 20
0.0000
 30
0.0000
 40
0.3000
 41
0.3000
 70
0
  0
VERTEX
  8
16
 10
117.0919
 20
81.3000
 30
0.0000
  0
VERTEX
  8
16
 10
117.9968
 20
81.3000
 30
0.0000
  0
SEQEND
  8
0
  0
POLYLINE
  8
16
 66
1
 10
0.0000
 20
0.0000
 30
0.0000
 40
0.1500
 41
0.1500
 70
0
  0
VERTEX
  8
16
 10
117.9968
 20
81.2250
 30
0.0000
 42
1.0000
  0
VERTEX
  8
16
 10
117.9968
 20
81.3750
 30
0.0000
  0
SEQEND
  8
0
  0
POLYLINE
  8
16
 66
1
 10
0.0000
 20
0.0000
 30
0.0000
 40
0.1500
 41
0.1500
 70
0
  0
VERTEX
  8
16
 10
117.0919
 20
81.3750
 30
0.0000
 42
1.0000
  0
VERTEX
  8
16
 10
117.0919
 20
81.2250
 30
0.0000
  0
SEQEND
  8
0
  0
POLYLINE
  8
16
 66
1
 10
0.0000
 20
0.0000
 30
0.0000
 40
0.3000
 41
0.3000
 70
0
  0
VERTEX
  8
16
 10
97.0164
 20
81.6000
 30
0.0000
  0
VERTEX
  8
16
 10
100.7876
 20
81.6000
 30
0.0000
  0
SEQEND
  8
0
  0
POLYLINE
  8
16
 66
1
 10
0.0000
 20
0.0000
 30
0.0000
 40
0.1500
 41
0.1500
 70
0
  0
VERTEX
  8
16
 10
100.7876
 20
81.5250
 30
0.0000
 42
1.0000
  0
VERTEX
  8
16
 10
100.7876
 20
81.6750
 30
0.0000
  0
SEQEND
  8
0
  0
POLYLINE
  8
16
 66
1
 10
0.0000
 20
0.0000
 30
0.0000
 40
0.1500
 41
0.1500
 70
0
  0
VERTEX
  8
16
 10
97.0164
 20
81.6750
 30
0.0000
 42
1.0000
  0
VERTEX
  8
16
 10
97.0164
 20
81.5250
 30
0.0000
  0
SEQEND
  8
0
  0
POLYLINE
  8
16
 66
1
 10
0.0000
 20
0.0000
 30
0.0000
 40
0.3000
 41
0.3000
 70
0
  0
VERTEX
  8
16
 10
110.3034
 20
81.6000
 30
0.0000
  0
VERTEX
  8
16
 10
115.4976
 20
81.6000
 30
0.0000
  0
SEQEND
  8
0
  0
POLYLINE
  8
16
 66
1
 10
0.0000
 20
0.0000
 30
0.0000
 40
0.1500
 41
0.1500
 70
0
  0
VERTEX
  8
16
 10
115.4976
 20
81.5250
 30
0.0000
 42
1.0000
  0
VERTEX
  8
16
 10
115.4976
 20
81.6750
 30
0.0000
  0
SEQEND
  8
0
  0
POLYLINE
  8
16
 66
1
 10
0.0000
 20
0.0000
 30
0.0000
 40
0.1500
 41
0.1500
 70
0
  0
VERTEX
  8
16
 10
110.3034
 20
81.6750
 30
0.0000
 42
1.0000
  0
VERTEX
  8
16
 10
110.3034
 20
81.5250
 30
0.0000
  0
SEQEND
  8
0
  0
POLYLINE
  8
16
 66
1
 10
0.0000
 20
0.0000
 30
0.0000
 40
0.3000
 41
0.3000
 70
0
  0
VERTEX
  8
16
 10
117.1216
 20
81.6000
 30
0.0000
  0
VERTEX
  8
16
 10
117.9968
 20
81.6000
 30
0.0000
  0
SEQEND
  8
0
  0
POLYLINE
  8
16
 66
1
 10
0.0000
 20
0.0000
 30
0.0000
 40
0.1500
 41
0.1500
 70
0
  0
VERTEX
  8
16
 10
117.9968
 20
81.5250
 30
0.0000
 42
1.0000
  0
VERTEX
  8
16
 10
117.9968
 20
81.6750
 30
0.0000
  0
SEQEND
  8
0
  0
POLYLINE
  8
16
 66
1
 10
0.0000
 20
0.0000
 30
0.0000
 40
0.1500
 41
0.1500
 70
0
  0
VERTEX
  8
16
 10
117.1216
 20
81.6750
 30
0.0000
 42
1.0000
  0
VERTEX
  8
16
 10
117.1216
 20
81.5250
 30
0.0000
  0
SEQEND
  8
0
  0
POLYLINE
  8
16
 66
1
 10
0.0000
 20
0.0000
 30
0.0000
 40
0.3000
 41
0.3000
 70
0
  0
VERTEX
  8
16
 10
97.0164
 20
81.9000
 30
0.0000
  0
VERTEX
  8
16
 10
100.4876
 20
81.9000
 30
0.0000
  0
SEQEND
  8
0
  0
POLYLINE
  8
16
 66
1
 10
0.0000
 20
0.0000
 30
0.0000
 40
0.1500
 41
0.1500
 70
0
  0
VERTEX
  8
16
 10
100.4876
 20
81.8250
 30
0.0000
 42
1.0000
  0
VERTEX
  8
16
 10
100.4876
 20
81.9750
 30
0.0000
  0
SEQEND
  8
0
  0
POLYLINE
  8
16
 66
1
 10
0.0000
 20
0.0000
 30
0.0000
 40
0.1500
 41
0.1500
 70
0
  0
VERTEX
  8
16
 10
97.0164
 20
81.9750
 30
0.0000
 42
1.0000
  0
VERTEX
  8
16
 10
97.0164
 20
81.8250
 30
0.0000
  0
SEQEND
  8
0
  0
POLYLINE
  8
16
 66
1
 10
0.0000
 20
0.0000
 30
0.0000
 40
0.3000
 41
0.3000
 70
0
  0
VERTEX
  8
16
 10
110.6034
 20
81.9000
 30
0.0000
  0
VERTEX
  8
16
 10
115.7040
 20
81.9000
 30
0.0000
  0
SEQEND
  8
0
  0
POLYLINE
  8
16
 66
1
 10
0.0000
 20
0.0000
 30
0.0000
 40
0.1500
 41
0.1500
 70
0
  0
VERTEX
  8
16
 10
115.7040
 20
81.8250
 30
0.0000
 42
1.0000
  0
VERTEX
  8
16
 10
115.7040
 20
81.9750
 30
0.0000
  0
SEQEND
  8
0
  0
POLYLINE
  8
16
 66
1
 10
0.0000
 20
0.0000
 30
0.0000
 40
0.1500
 41
0.1500
 70
0
  0
VERTEX
  8
16
 10
110.6034
 20
81.9750
 30
0.0000
 42
1.0000
  0
VERTEX
  8
16
 10
110.6034
 20
81.8250
 30
0.0000
  0
SEQEND
  8
0
  0
POLYLINE
  8
16
 66
1
 10
0.0000
 20
0.0000
 30
0.0000
 40
0.3000
 41
0.3000
 70
0
  0
VERTEX
  8
16
 10
117.1216
 20
81.9000
 30
0.0000
  0
VERTEX
  8
16
 10
117.9968
 20
81.9000
 30
0.0000
  0
SEQEND
  8
0
  0
POLYLINE
  8
16
 66
1
 10
0.0000
 20
0.0000
 30
0.0000
 40
0.1500
 41
0.1500
 70
0
  0
VERTEX
  8
16
 10
117.9968
 20
81.8250
 30
0.0000
 42
1.0000
  0
VERTEX
  8
16
 10
117.9968
 20
81.9750
 30
0.0000
  0
SEQEND
  8
0
  0
POLYLINE
  8
16
 66
1
 10
0.0000
 20
0.0000
 30
0.0000
 40
0.1500
 41
0.1500
 70
0
  0
VERTEX
  8
16
 10
117.1216
 20
81.9750
 30
0.0000
 42
1.0000
  0
VERTEX
  8
16
 10
117.1216
 20
81.8250
 30
0.0000
  0
SEQEND
  8
0
  0
POLYLINE
  8
16
 66
1
 10
0.0000
 20
0.0000
 30
0.0000
 40
0.3000
 41
0.3000
 70
0
  0
VERTEX
  8
16
 10
97.0164
 20
82.2000
 30
0.0000
  0
VERTEX
  8
16
 10
100.1876
 20
82.2000
 30
0.0000
  0
SEQEND
  8
0
  0
POLYLINE
  8
16
 66
1
 10
0.0000
 20
0.0000
 30
0.0000
 40
0.1500
 41
0.1500
 70
0
  0
VERTEX
  8
16
 10
100.1876
 20
82.1250
 30
0.0000
 42
1.0000
  0
VERTEX
  8
16
 10
100.1876
 20
82.2750
 30
0.0000
  0
SEQEND
  8
0
  0
POLYLINE
  8
16
 66
1
 10
0.0000
 20
0.0000
 30
0.0000
 40
0.1500
 41
0.1500
 70
0
  0
VERTEX
  8
16
 10
97.0164
 20
82.2750
 30
0.0000
 42
1.0000
  0
VERTEX
  8
16
 10
97.0164
 20
82.1250
 30
0.0000
  0
SEQEND
  8
0
  0
POLYLINE
  8
16
 66
1
 10
0.0000
 20
0.0000
 30
0.0000
 40
0.3000
 41
0.3000
 70
0
  0
VERTEX
  8
16
 10
104.1324
 20
82.2000
 30
0.0000
  0
VERTEX
  8
16
 10
104.2361
 20
82.2000
 30
0.0000
  0
SEQEND
  8
0
  0
POLYLINE
  8
16
 66
1
 10
0.0000
 20
0.0000
 30
0.0000
 40
0.1500
 41
0.1500
 70
0
  0
VERTEX
  8
16
 10
104.2361
 20
82.1250
 30
0.0000
 42
1.0000
  0
VERTEX
  8
16
 10
104.2361
 20
82.2750
 30
0.0000
  0
SEQEND
  8
0
  0
POLYLINE
  8
16
 66
1
 10
0.0000
 20
0.0000
 30
0.0000
 40
0.1500
 41
0.1500
 70
0
  0
VERTEX
  8
16
 10
104.1324
 20
82.2750
 30
0.0000
 42
1.0000
  0
VERTEX
  8
16
 10
104.1324
 20
82.1250
 30
0.0000
  0
SEQEND
  8
0
  0
POLYLINE
  8
16
 66
1
 10
0.0000
 20
0.0000
 30
0.0000
 40
0.3000
 41
0.3000
 70
0
  0
VERTEX
  8
16
 10
110.7639
 20
82.2000
 30
0.0000
  0
VERTEX
  8
16
 10
115.7040
 20
82.2000
 30
0.0000
  0
SEQEND
  8
0
  0
POLYLINE
  8
16
 66
1
 10
0.0000
 20
0.0000
 30
0.0000
 40
0.1500
 41
0.1500
 70
0
  0
VERTEX
  8
16
 10
115.7040
 20
82.1250
 30
0.0000
 42
1.0000
  0
VERTEX
  8
16
 10
115.7040
 20
82.2750
 30
0.0000
  0
SEQEND
  8
0
  0
POLYLINE
  8
16
 66
1
 10
0.0000
 20
0.0000
 30
0.0000
 40
0.1500
 41
0.1500
 70
0
  0
VERTEX
  8
16
 10
110.7639
 20
82.2750
 30
0.0000
 42
1.0000
  0
VERTEX
  8
16
 10
110.7639
 20
82.1250
 30
0.0000
  0
SEQEND
  8
0
  0
POLYLINE
  8
16
 66
1
 10
0.0000
 20
0.0000
 30
0.0000
 40
0.3000
 41
0.3000
 70
0
  0
VERTEX
  8
16
 10
117.1216
 20
82.2000
 30
0.0000
  0
VERTEX
  8
16
 10
117.9968
 20
82.2000
 30
0.0000
  0
SEQEND
  8
0
  0
POLYLINE
  8
16
 66
1
 10
0.0000
 20
0.0000
 30
0.0000
 40
0.1500
 41
0.1500
 70
0
  0
VERTEX
  8
16
 10
117.9968
 20
82.1250
 30
0.0000
 42
1.0000
  0
VERTEX
  8
16
 10
117.9968
 20
82.2750
 30
0.0000
  0
SEQEND
  8
0
  0
POLYLINE
  8
16
 66
1
 10
0.0000
 20
0.0000
 30
0.0000
 40
0.1500
 41
0.1500
 70
0
  0
VERTEX
  8
16
 10
117.1216
 20
82.2750
 30
0.0000
 42
1.0000
  0
VERTEX
  8
16
 10
117.1216
 20
82.1250
 30
0.0000
  0
SEQEND
  8
0
  0
POLYLINE
  8
16
 66
1
 10
0.0000
 20
0.0000
 30
0.0000
 40
0.3000
 41
0.3000
 70
0
  0
VERTEX
  8
16
 10
97.0164
 20
82.5000
 30
0.0000
  0
VERTEX
  8
16
 10
99.9881
 20
82.5000
 30
0.0000
  0
SEQEND
  8
0
  0
POLYLINE
  8
16
 66
1
 10
0.0000
 20
0.0000
 30
0.0000
 40
0.1500
 41
0.1500
 70
0
  0
VERTEX
  8
16
 10
99.9881
 20
82.4250
 30
0.0000
 42
1.0000
  0
VERTEX
  8
16
 10
99.9881
 20
82.5750
 30
0.0000
  0
SEQEND
  8
0
  0
POLYLINE
  8
16
 66
1
 10
0.0000
 20
0.0000
 30
0.0000
 40
0.1500
 41
0.1500
 70
0
  0
VERTEX
  8
16
 10
97.0164
 20
82.5750
 30
0.0000
 42
1.0000
  0
VERTEX
  8
16
 10
97.0164
 20
82.4250
 30
0.0000
  0
SEQEND
  8
0
  0
POLYLINE
  8
16
 66
1
 10
0.0000
 20
0.0000
 30
0.0000
 40
0.3000
 41
0.3000
 70
0
  0
VERTEX
  8
16
 10
101.8924
 20
82.5000
 30
0.0000
  0
VERTEX
  8
16
 10
104.0832
 20
82.5000
 30
0.0000
  0
SEQEND
  8
0
  0
POLYLINE
  8
16
 66
1
 10
0.0000
 20
0.0000
 30
0.0000
 40
0.1500
 41
0.1500
 70
0
  0
VERTEX
  8
16
 10
104.0832
 20
82.4250
 30
0.0000
 42
1.0000
  0
VERTEX
  8
16
 10
104.0832
 20
82.5750
 30
0.0000
  0
SEQEND
  8
0
  0
POLYLINE
  8
16
 66
1
 10
0.0000
 20
0.0000
 30
0.0000
 40
0.1500
 41
0.1500
 70
0
  0
VERTEX
  8
16
 10
101.8924
 20
82.5750
 30
0.0000
 42
1.0000
  0
VERTEX
  8
16
 10
101.8924
 20
82.4250
 30
0.0000
  0
SEQEND
  8
0
  0
POLYLINE
  8
16
 66
1
 10
0.0000
 20
0.0000
 30
0.0000
 40
0.3000
 41
0.3000
 70
0
  0
VERTEX
  8
16
 10
110.9168
 20
82.5000
 30
0.0000
  0
VERTEX
  8
16
 10
115.7040
 20
82.5000
 30
0.0000
  0
SEQEND
  8
0
  0
POLYLINE
  8
16
 66
1
 10
0.0000
 20
0.0000
 30
0.0000
 40
0.1500
 41
0.1500
 70
0
  0
VERTEX
  8
16
 10
115.7040
 20
82.4250
 30
0.0000
 42
1.0000
  0
VERTEX
  8
16
 10
115.7040
 20
82.5750
 30
0.0000
  0
SEQEND
  8
0
  0
POLYLINE
  8
16
 66
1
 10
0.0000
 20
0.0000
 30
0.0000
 40
0.1500
 41
0.1500
 70
0
  0
VERTEX
  8
16
 10
110.9168
 20
82.5750
 30
0.0000
 42
1.0000
  0
VERTEX
  8
16
 10
110.9168
 20
82.4250
 30
0.0000
  0
SEQEND
  8
0
  0
POLYLINE
  8
16
 66
1
 10
0.0000
 20
0.0000
 30
0.0000
 40
0.3000
 41
0.3000
 70
0
  0
VERTEX
  8
16
 10
117.1216
 20
82.5000
 30
0.0000
  0
VERTEX
  8
16
 10
117.9968
 20
82.5000
 30
0.0000
  0
SEQEND
  8
0
  0
POLYLINE
  8
16
 66
1
 10
0.0000
 20
0.0000
 30
0.0000
 40
0.1500
 41
0.1500
 70
0
  0
VERTEX
  8
16
 10
117.9968
 20
82.4250
 30
0.0000
 42
1.0000
  0
VERTEX
  8
16
 10
117.9968
 20
82.5750
 30
0.0000
  0
SEQEND
  8
0
  0
POLYLINE
  8
16
 66
1
 10
0.0000
 20
0.0000
 30
0.0000
 40
0.1500
 41
0.1500
 70
0
  0
VERTEX
  8
16
 10
117.1216
 20
82.5750
 30
0.0000
 42
1.0000
  0
VERTEX
  8
16
 10
117.1216
 20
82.4250
 30
0.0000
  0
SEQEND
  8
0
  0
POLYLINE
  8
16
 66
1
 10
0.0000
 20
0.0000
 30
0.0000
 40
0.3000
 41
0.3000
 70
0
  0
VERTEX
  8
16
 10
97.0164
 20
82.8000
 30
0.0000
  0
VERTEX
  8
16
 10
99.9512
 20
82.8000
 30
0.0000
  0
SEQEND
  8
0
  0
POLYLINE
  8
16
 66
1
 10
0.0000
 20
0.0000
 30
0.0000
 40
0.1500
 41
0.1500
 70
0
  0
VERTEX
  8
16
 10
99.9512
 20
82.7250
 30
0.0000
 42
1.0000
  0
VERTEX
  8
16
 10
99.9512
 20
82.8750
 30
0.0000
  0
SEQEND
  8
0
  0
POLYLINE
  8
16
 66
1
 10
0.0000
 20
0.0000
 30
0.0000
 40
0.1500
 41
0.1500
 70
0
  0
VERTEX
  8
16
 10
97.0164
 20
82.8750
 30
0.0000
 42
1.0000
  0
VERTEX
  8
16
 10
97.0164
 20
82.7250
 30
0.0000
  0
SEQEND
  8
0
  0
POLYLINE
  8
16
 66
1
 10
0.0000
 20
0.0000
 30
0.0000
 40
0.3000
 41
0.3000
 70
0
  0
VERTEX
  8
16
 10
101.5924
 20
82.8000
 30
0.0000
  0
VERTEX
  8
16
 10
101.8968
 20
82.8000
 30
0.0000
  0
SEQEND
  8
0
  0
POLYLINE
  8
16
 66
1
 10
0.0000
 20
0.0000
 30
0.0000
 40
0.1500
 41
0.1500
 70
0
  0
VERTEX
  8
16
 10
101.8968
 20
82.7250
 30
0.0000
 42
1.0000
  0
VERTEX
  8
16
 10
101.8968
 20
82.8750
 30
0.0000
  0
SEQEND
  8
0
  0
POLYLINE
  8
16
 66
1
 10
0.0000
 20
0.0000
 30
0.0000
 40
0.1500
 41
0.1500
 70
0
  0
VERTEX
  8
16
 10
101.5924
 20
82.8750
 30
0.0000
 42
1.0000
  0
VERTEX
  8
16
 10
101.5924
 20
82.7250
 30
0.0000
  0
SEQEND
  8
0
  0
POLYLINE
  8
16
 66
1
 10
0.0000
 20
0.0000
 30
0.0000
 40
0.3000
 41
0.3000
 70
0
  0
VERTEX
  8
16
 10
103.2232
 20
82.8000
 30
0.0000
  0
VERTEX
  8
16
 10
103.9303
 20
82.8000
 30
0.0000
  0
SEQEND
  8
0
  0
POLYLINE
  8
16
 66
1
 10
0.0000
 20
0.0000
 30
0.0000
 40
0.1500
 41
0.1500
 70
0
  0
VERTEX
  8
16
 10
103.9303
 20
82.7250
 30
0.0000
 42
1.0000
  0
VERTEX
  8
16
 10
103.9303
 20
82.8750
 30
0.0000
  0
SEQEND
  8
0
  0
POLYLINE
  8
16
 66
1
 10
0.0000
 20
0.0000
 30
0.0000
 40
0.1500
 41
0.1500
 70
0
  0
VERTEX
  8
16
 10
103.2232
 20
82.8750
 30
0.0000
 42
1.0000
  0
VERTEX
  8
16
 10
103.2232
 20
82.7250
 30
0.0000
  0
SEQEND
  8
0
  0
POLYLINE
  8
16
 66
1
 10
0.0000
 20
0.0000
 30
0.0000
 40
0.3000
 41
0.3000
 70
0
  0
VERTEX
  8
16
 10
111.0696
 20
82.8000
 30
0.0000
  0
VERTEX
  8
16
 10
115.7040
 20
82.8000
 30
0.0000
  0
SEQEND
  8
0
  0
POLYLINE
  8
16
 66
1
 10
0.0000
 20
0.0000
 30
0.0000
 40
0.1500
 41
0.1500
 70
0
  0
VERTEX
  8
16
 10
115.7040
 20
82.7250
 30
0.0000
 42
1.0000
  0
VERTEX
  8
16
 10
115.7040
 20
82.8750
 30
0.0000
  0
SEQEND
  8
0
  0
POLYLINE
  8
16
 66
1
 10
0.0000
 20
0.0000
 30
0.0000
 40
0.1500
 41
0.1500
 70
0
  0
VERTEX
  8
16
 10
111.0696
 20
82.8750
 30
0.0000
 42
1.0000
  0
VERTEX
  8
16
 10
111.0696
 20
82.7250
 30
0.0000
  0
SEQEND
  8
0
  0
POLYLINE
  8
16
 66
1
 10
0.0000
 20
0.0000
 30
0.0000
 40
0.3000
 41
0.3000
 70
0
  0
VERTEX
  8
16
 10
117.1216
 20
82.8000
 30
0.0000
  0
VERTEX
  8
16
 10
117.9968
 20
82.8000
 30
0.0000
  0
SEQEND
  8
0
  0
POLYLINE
  8
16
 66
1
 10
0.0000
 20
0.0000
 30
0.0000
 40
0.1500
 41
0.1500
 70
0
  0
VERTEX
  8
16
 10
117.9968
 20
82.7250
 30
0.0000
 42
1.0000
  0
VERTEX
  8
16
 10
117.9968
 20
82.8750
 30
0.0000
  0
SEQEND
  8
0
  0
POLYLINE
  8
16
 66
1
 10
0.0000
 20
0.0000
 30
0.0000
 40
0.1500
 41
0.1500
 70
0
  0
VERTEX
  8
16
 10
117.1216
 20
82.8750
 30
0.0000
 42
1.0000
  0
VERTEX
  8
16
 10
117.1216
 20
82.7250
 30
0.0000
  0
SEQEND
  8
0
  0
POLYLINE
  8
16
 66
1
 10
0.0000
 20
0.0000
 30
0.0000
 40
0.3000
 41
0.3000
 70
0
  0
VERTEX
  8
16
 10
97.0164
 20
83.1000
 30
0.0000
  0
VERTEX
  8
16
 10
99.9052
 20
83.1000
 30
0.0000
  0
SEQEND
  8
0
  0
POLYLINE
  8
16
 66
1
 10
0.0000
 20
0.0000
 30
0.0000
 40
0.1500
 41
0.1500
 70
0
  0
VERTEX
  8
16
 10
99.9052
 20
83.0250
 30
0.0000
 42
1.0000
  0
VERTEX
  8
16
 10
99.9052
 20
83.1750
 30
0.0000
  0
SEQEND
  8
0
  0
POLYLINE
  8
16
 66
1
 10
0.0000
 20
0.0000
 30
0.0000
 40
0.1500
 41
0.1500
 70
0
  0
VERTEX
  8
16
 10
97.0164
 20
83.1750
 30
0.0000
 42
1.0000
  0
VERTEX
  8
16
 10
97.0164
 20
83.0250
 30
0.0000
  0
SEQEND
  8
0
  0
POLYLINE
  8
16
 66
1
 10
0.0000
 20
0.0000
 30
0.0000
 40
0.3000
 41
0.3000
 70
0
  0
VERTEX
  8
16
 10
101.4148
 20
83.1000
 30
0.0000
  0
VERTEX
  8
16
 10
101.8052
 20
83.1000
 30
0.0000
  0
SEQEND
  8
0
  0
POLYLINE
  8
16
 66
1
 10
0.0000
 20
0.0000
 30
0.0000
 40
0.1500
 41
0.1500
 70
0
  0
VERTEX
  8
16
 10
101.8052
 20
83.0250
 30
0.0000
 42
1.0000
  0
VERTEX
  8
16
 10
101.8052
 20
83.1750
 30
0.0000
  0
SEQEND
  8
0
  0
POLYLINE
  8
16
 66
1
 10
0.0000
 20
0.0000
 30
0.0000
 40
0.1500
 41
0.1500
 70
0
  0
VERTEX
  8
16
 10
101.4148
 20
83.1750
 30
0.0000
 42
1.0000
  0
VERTEX
  8
16
 10
101.4148
 20
83.0250
 30
0.0000
  0
SEQEND
  8
0
  0
POLYLINE
  8
16
 66
1
 10
0.0000
 20
0.0000
 30
0.0000
 40
0.3000
 41
0.3000
 70
0
  0
VERTEX
  8
16
 10
103.3148
 20
83.1000
 30
0.0000
  0
VERTEX
  8
16
 10
103.8160
 20
83.1000
 30
0.0000
  0
SEQEND
  8
0
  0
POLYLINE
  8
16
 66
1
 10
0.0000
 20
0.0000
 30
0.0000
 40
0.1500
 41
0.1500
 70
0
  0
VERTEX
  8
16
 10
103.8160
 20
83.0250
 30
0.0000
 42
1.0000
  0
VERTEX
  8
16
 10
103.8160
 20
83.1750
 30
0.0000
  0
SEQEND
  8
0
  0
POLYLINE
  8
16
 66
1
 10
0.0000
 20
0.0000
 30
0.0000
 40
0.1500
 41
0.1500
 70
0
  0
VERTEX
  8
16
 10
103.3148
 20
83.1750
 30
0.0000
 42
1.0000
  0
VERTEX
  8
16
 10
103.3148
 20
83.0250
 30
0.0000
  0
SEQEND
  8
0
  0
POLYLINE
  8
16
 66
1
 10
0.0000
 20
0.0000
 30
0.0000
 40
0.3000
 41
0.3000
 70
0
  0
VERTEX
  8
16
 10
111.1840
 20
83.1000
 30
0.0000
  0
VERTEX
  8
16
 10
115.6260
 20
83.1000
 30
0.0000
  0
SEQEND
  8
0
  0
POLYLINE
  8
16
 66
1
 10
0.0000
 20
0.0000
 30
0.0000
 40
0.1500
 41
0.1500
 70
0
  0
VERTEX
  8
16
 10
115.6260
 20
83.0250
 30
0.0000
 42
1.0000
  0
VERTEX
  8
16
 10
115.6260
 20
83.1750
 30
0.0000
  0
SEQEND
  8
0
  0
POLYLINE
  8
16
 66
1
 10
0.0000
 20
0.0000
 30
0.0000
 40
0.1500
 41
0.1500
 70
0
  0
VERTEX
  8
16
 10
111.1840
 20
83.1750
 30
0.0000
 42
1.0000
  0
VERTEX
  8
16
 10
111.1840
 20
83.0250
 30
0.0000
  0
SEQEND
  8
0
  0
POLYLINE
  8
16
 66
1
 10
0.0000
 20
0.0000
 30
0.0000
 40
0.3000
 41
0.3000
 70
0
  0
VERTEX
  8
16
 10
117.1996
 20
83.1000
 30
0.0000
  0
VERTEX
  8
16
 10
117.9968
 20
83.1000
 30
0.0000
  0
SEQEND
  8
0
  0
POLYLINE
  8
16
 66
1
 10
0.0000
 20
0.0000
 30
0.0000
 40
0.1500
 41
0.1500
 70
0
  0
VERTEX
  8
16
 10
117.9968
 20
83.0250
 30
0.0000
 42
1.0000
  0
VERTEX
  8
16
 10
117.9968
 20
83.1750
 30
0.0000
  0
SEQEND
  8
0
  0
POLYLINE
  8
16
 66
1
 10
0.0000
 20
0.0000
 30
0.0000
 40
0.1500
 41
0.1500
 70
0
  0
VERTEX
  8
16
 10
117.1996
 20
83.1750
 30
0.0000
 42
1.0000
  0
VERTEX
  8
16
 10
117.1996
 20
83.0250
 30
0.0000
  0
SEQEND
  8
0
  0
POLYLINE
  8
16
 66
1
 10
0.0000
 20
0.0000
 30
0.0000
 40
0.3000
 41
0.3000
 70
0
  0
VERTEX
  8
16
 10
97.0164
 20
83.4000
 30
0.0000
  0
VERTEX
  8
16
 10
99.9052
 20
83.4000
 30
0.0000
  0
SEQEND
  8
0
  0
POLYLINE
  8
16
 66
1
 10
0.0000
 20
0.0000
 30
0.0000
 40
0.1500
 41
0.1500
 70
0
  0
VERTEX
  8
16
 10
99.9052
 20
83.3250
 30
0.0000
 42
1.0000
  0
VERTEX
  8
16
 10
99.9052
 20
83.4750
 30
0.0000
  0
SEQEND
  8
0
  0
POLYLINE
  8
16
 66
1
 10
0.0000
 20
0.0000
 30
0.0000
 40
0.1500
 41
0.1500
 70
0
  0
VERTEX
  8
16
 10
97.0164
 20
83.4750
 30
0.0000
 42
1.0000
  0
VERTEX
  8
16
 10
97.0164
 20
83.3250
 30
0.0000
  0
SEQEND
  8
0
  0
POLYLINE
  8
16
 66
1
 10
0.0000
 20
0.0000
 30
0.0000
 40
0.3000
 41
0.3000
 70
0
  0
VERTEX
  8
16
 10
101.4148
 20
83.4000
 30
0.0000
  0
VERTEX
  8
16
 10
101.8052
 20
83.4000
 30
0.0000
  0
SEQEND
  8
0
  0
POLYLINE
  8
16
 66
1
 10
0.0000
 20
0.0000
 30
0.0000
 40
0.1500
 41
0.1500
 70
0
  0
VERTEX
  8
16
 10
101.8052
 20
83.3250
 30
0.0000
 42
1.0000
  0
VERTEX
  8
16
 10
101.8052
 20
83.4750
 30
0.0000
  0
SEQEND
  8
0
  0
POLYLINE
  8
16
 66
1
 10
0.0000
 20
0.0000
 30
0.0000
 40
0.1500
 41
0.1500
 70
0
  0
VERTEX
  8
16
 10
101.4148
 20
83.4750
 30
0.0000
 42
1.0000
  0
VERTEX
  8
16
 10
101.4148
 20
83.3250
 30
0.0000
  0
SEQEND
  8
0
  0
POLYLINE
  8
16
 66
1
 10
0.0000
 20
0.0000
 30
0.0000
 40
0.3000
 41
0.3000
 70
0
  0
VERTEX
  8
16
 10
103.3148
 20
83.4000
 30
0.0000
  0
VERTEX
  8
16
 10
103.7685
 20
83.4000
 30
0.0000
  0
SEQEND
  8
0
  0
POLYLINE
  8
16
 66
1
 10
0.0000
 20
0.0000
 30
0.0000
 40
0.1500
 41
0.1500
 70
0
  0
VERTEX
  8
16
 10
103.7685
 20
83.3250
 30
0.0000
 42
1.0000
  0
VERTEX
  8
16
 10
103.7685
 20
83.4750
 30
0.0000
  0
SEQEND
  8
0
  0
POLYLINE
  8
16
 66
1
 10
0.0000
 20
0.0000
 30
0.0000
 40
0.1500
 41
0.1500
 70
0
  0
VERTEX
  8
16
 10
103.3148
 20
83.4750
 30
0.0000
 42
1.0000
  0
VERTEX
  8
16
 10
103.3148
 20
83.3250
 30
0.0000
  0
SEQEND
  8
0
  0
POLYLINE
  8
16
 66
1
 10
0.0000
 20
0.0000
 30
0.0000
 40
0.3000
 41
0.3000
 70
0
  0
VERTEX
  8
16
 10
111.2315
 20
83.4000
 30
0.0000
  0
VERTEX
  8
16
 10
115.5798
 20
83.4000
 30
0.0000
  0
SEQEND
  8
0
  0
POLYLINE
  8
16
 66
1
 10
0.0000
 20
0.0000
 30
0.0000
 40
0.1500
 41
0.1500
 70
0
  0
VERTEX
  8
16
 10
115.5798
 20
83.3250
 30
0.0000
 42
1.0000
  0
VERTEX
  8
16
 10
115.5798
 20
83.4750
 30
0.0000
  0
SEQEND
  8
0
  0
POLYLINE
  8
16
 66
1
 10
0.0000
 20
0.0000
 30
0.0000
 40
0.1500
 41
0.1500
 70
0
  0
VERTEX
  8
16
 10
111.2315
 20
83.4750
 30
0.0000
 42
1.0000
  0
VERTEX
  8
16
 10
111.2315
 20
83.3250
 30
0.0000
  0
SEQEND
  8
0
  0
POLYLINE
  8
16
 66
1
 10
0.0000
 20
0.0000
 30
0.0000
 40
0.3000
 41
0.3000
 70
0
  0
VERTEX
  8
16
 10
117.2458
 20
83.4000
 30
0.0000
  0
VERTEX
  8
16
 10
117.9968
 20
83.4000
 30
0.0000
  0
SEQEND
  8
0
  0
POLYLINE
  8
16
 66
1
 10
0.0000
 20
0.0000
 30
0.0000
 40
0.1500
 41
0.1500
 70
0
  0
VERTEX
  8
16
 10
117.9968
 20
83.3250
 30
0.0000
 42
1.0000
  0
VERTEX
  8
16
 10
117.9968
 20
83.4750
 30
0.0000
  0
SEQEND
  8
0
  0
POLYLINE
  8
16
 66
1
 10
0.0000
 20
0.0000
 30
0.0000
 40
0.1500
 41
0.1500
 70
0
  0
VERTEX
  8
16
 10
117.2458
 20
83.4750
 30
0.0000
 42
1.0000
  0
VERTEX
  8
16
 10
117.2458
 20
83.3250
 30
0.0000
  0
SEQEND
  8
0
  0
POLYLINE
  8
16
 66
1
 10
0.0000
 20
0.0000
 30
0.0000
 40
0.3000
 41
0.3000
 70
0
  0
VERTEX
  8
16
 10
97.0164
 20
83.7000
 30
0.0000
  0
VERTEX
  8
16
 10
99.9052
 20
83.7000
 30
0.0000
  0
SEQEND
  8
0
  0
POLYLINE
  8
16
 66
1
 10
0.0000
 20
0.0000
 30
0.0000
 40
0.1500
 41
0.1500
 70
0
  0
VERTEX
  8
16
 10
99.9052
 20
83.6250
 30
0.0000
 42
1.0000
  0
VERTEX
  8
16
 10
99.9052
 20
83.7750
 30
0.0000
  0
SEQEND
  8
0
  0
POLYLINE
  8
16
 66
1
 10
0.0000
 20
0.0000
 30
0.0000
 40
0.1500
 41
0.1500
 70
0
  0
VERTEX
  8
16
 10
97.0164
 20
83.7750
 30
0.0000
 42
1.0000
  0
VERTEX
  8
16
 10
97.0164
 20
83.6250
 30
0.0000
  0
SEQEND
  8
0
  0
POLYLINE
  8
16
 66
1
 10
0.0000
 20
0.0000
 30
0.0000
 40
0.3000
 41
0.3000
 70
0
  0
VERTEX
  8
16
 10
101.4148
 20
83.7000
 30
0.0000
  0
VERTEX
  8
16
 10
101.8052
 20
83.7000
 30
0.0000
  0
SEQEND
  8
0
  0
POLYLINE
  8
16
 66
1
 10
0.0000
 20
0.0000
 30
0.0000
 40
0.1500
 41
0.1500
 70
0
  0
VERTEX
  8
16
 10
101.8052
 20
83.6250
 30
0.0000
 42
1.0000
  0
VERTEX
  8
16
 10
101.8052
 20
83.7750
 30
0.0000
  0
SEQEND
  8
0
  0
POLYLINE
  8
16
 66
1
 10
0.0000
 20
0.0000
 30
0.0000
 40
0.1500
 41
0.1500
 70
0
  0
VERTEX
  8
16
 10
101.4148
 20
83.7750
 30
0.0000
 42
1.0000
  0
VERTEX
  8
16
 10
101.4148
 20
83.6250
 30
0.0000
  0
SEQEND
  8
0
  0
POLYLINE
  8
16
 66
1
 10
0.0000
 20
0.0000
 30
0.0000
 40
0.3000
 41
0.3000
 70
0
  0
VERTEX
  8
16
 10
103.3148
 20
83.7000
 30
0.0000
  0
VERTEX
  8
16
 10
103.7210
 20
83.7000
 30
0.0000
  0
SEQEND
  8
0
  0
POLYLINE
  8
16
 66
1
 10
0.0000
 20
0.0000
 30
0.0000
 40
0.1500
 41
0.1500
 70
0
  0
VERTEX
  8
16
 10
103.7210
 20
83.6250
 30
0.0000
 42
1.0000
  0
VERTEX
  8
16
 10
103.7210
 20
83.7750
 30
0.0000
  0
SEQEND
  8
0
  0
POLYLINE
  8
16
 66
1
 10
0.0000
 20
0.0000
 30
0.0000
 40
0.1500
 41
0.1500
 70
0
  0
VERTEX
  8
16
 10
103.3148
 20
83.7750
 30
0.0000
 42
1.0000
  0
VERTEX
  8
16
 10
103.3148
 20
83.6250
 30
0.0000
  0
SEQEND
  8
0
  0
POLYLINE
  8
16
 66
1
 10
0.0000
 20
0.0000
 30
0.0000
 40
0.3000
 41
0.3000
 70
0
  0
VERTEX
  8
16
 10
111.2790
 20
83.7000
 30
0.0000
  0
VERTEX
  8
16
 10
115.6449
 20
83.7000
 30
0.0000
  0
SEQEND
  8
0
  0
POLYLINE
  8
16
 66
1
 10
0.0000
 20
0.0000
 30
0.0000
 40
0.1500
 41
0.1500
 70
0
  0
VERTEX
  8
16
 10
115.6449
 20
83.6250
 30
0.0000
 42
1.0000
  0
VERTEX
  8
16
 10
115.6449
 20
83.7750
 30
0.0000
  0
SEQEND
  8
0
  0
POLYLINE
  8
16
 66
1
 10
0.0000
 20
0.0000
 30
0.0000
 40
0.1500
 41
0.1500
 70
0
  0
VERTEX
  8
16
 10
111.2790
 20
83.7750
 30
0.0000
 42
1.0000
  0
VERTEX
  8
16
 10
111.2790
 20
83.6250
 30
0.0000
  0
SEQEND
  8
0
  0
POLYLINE
  8
16
 66
1
 10
0.0000
 20
0.0000
 30
0.0000
 40
0.3000
 41
0.3000
 70
0
  0
VERTEX
  8
16
 10
117.1807
 20
83.7000
 30
0.0000
  0
VERTEX
  8
16
 10
117.9968
 20
83.7000
 30
0.0000
  0
SEQEND
  8
0
  0
POLYLINE
  8
16
 66
1
 10
0.0000
 20
0.0000
 30
0.0000
 40
0.1500
 41
0.1500
 70
0
  0
VERTEX
  8
16
 10
117.9968
 20
83.6250
 30
0.0000
 42
1.0000
  0
VERTEX
  8
16
 10
117.9968
 20
83.7750
 30
0.0000
  0
SEQEND
  8
0
  0
POLYLINE
  8
16
 66
1
 10
0.0000
 20
0.0000
 30
0.0000
 40
0.1500
 41
0.1500
 70
0
  0
VERTEX
  8
16
 10
117.1807
 20
83.7750
 30
0.0000
 42
1.0000
  0
VERTEX
  8
16
 10
117.1807
 20
83.6250
 30
0.0000
  0
SEQEND
  8
0
  0
POLYLINE
  8
16
 66
1
 10
0.0000
 20
0.0000
 30
0.0000
 40
0.3000
 41
0.3000
 70
0
  0
VERTEX
  8
16
 10
97.0164
 20
84.0000
 30
0.0000
  0
VERTEX
  8
16
 10
99.9052
 20
84.0000
 30
0.0000
  0
SEQEND
  8
0
  0
POLYLINE
  8
16
 66
1
 10
0.0000
 20
0.0000
 30
0.0000
 40
0.1500
 41
0.1500
 70
0
  0
VERTEX
  8
16
 10
99.9052
 20
83.9250
 30
0.0000
 42
1.0000
  0
VERTEX
  8
16
 10
99.9052
 20
84.0750
 30
0.0000
  0
SEQEND
  8
0
  0
POLYLINE
  8
16
 66
1
 10
0.0000
 20
0.0000
 30
0.0000
 40
0.1500
 41
0.1500
 70
0
  0
VERTEX
  8
16
 10
97.0164
 20
84.0750
 30
0.0000
 42
1.0000
  0
VERTEX
  8
16
 10
97.0164
 20
83.9250
 30
0.0000
  0
SEQEND
  8
0
  0
POLYLINE
  8
16
 66
1
 10
0.0000
 20
0.0000
 30
0.0000
 40
0.3000
 41
0.3000
 70
0
  0
VERTEX
  8
16
 10
101.4148
 20
84.0000
 30
0.0000
  0
VERTEX
  8
16
 10
101.8052
 20
84.0000
 30
0.0000
  0
SEQEND
  8
0
  0
POLYLINE
  8
16
 66
1
 10
0.0000
 20
0.0000
 30
0.0000
 40
0.1500
 41
0.1500
 70
0
  0
VERTEX
  8
16
 10
101.8052
 20
83.9250
 30
0.0000
 42
1.0000
  0
VERTEX
  8
16
 10
101.8052
 20
84.0750
 30
0.0000
  0
SEQEND
  8
0
  0
POLYLINE
  8
16
 66
1
 10
0.0000
 20
0.0000
 30
0.0000
 40
0.1500
 41
0.1500
 70
0
  0
VERTEX
  8
16
 10
101.4148
 20
84.0750
 30
0.0000
 42
1.0000
  0
VERTEX
  8
16
 10
101.4148
 20
83.9250
 30
0.0000
  0
SEQEND
  8
0
  0
POLYLINE
  8
16
 66
1
 10
0.0000
 20
0.0000
 30
0.0000
 40
0.3000
 41
0.3000
 70
0
  0
VERTEX
  8
16
 10
103.3148
 20
84.0000
 30
0.0000
  0
VERTEX
  8
16
 10
103.6735
 20
84.0000
 30
0.0000
  0
SEQEND
  8
0
  0
POLYLINE
  8
16
 66
1
 10
0.0000
 20
0.0000
 30
0.0000
 40
0.1500
 41
0.1500
 70
0
  0
VERTEX
  8
16
 10
103.6735
 20
83.9250
 30
0.0000
 42
1.0000
  0
VERTEX
  8
16
 10
103.6735
 20
84.0750
 30
0.0000
  0
SEQEND
  8
0
  0
POLYLINE
  8
16
 66
1
 10
0.0000
 20
0.0000
 30
0.0000
 40
0.1500
 41
0.1500
 70
0
  0
VERTEX
  8
16
 10
103.3148
 20
84.0750
 30
0.0000
 42
1.0000
  0
VERTEX
  8
16
 10
103.3148
 20
83.9250
 30
0.0000
  0
SEQEND
  8
0
  0
POLYLINE
  8
16
 66
1
 10
0.0000
 20
0.0000
 30
0.0000
 40
0.3000
 41
0.3000
 70
0
  0
VERTEX
  8
16
 10
111.3265
 20
84.0000
 30
0.0000
  0
VERTEX
  8
16
 10
115.8576
 20
84.0000
 30
0.0000
  0
SEQEND
  8
0
  0
POLYLINE
  8
16
 66
1
 10
0.0000
 20
0.0000
 30
0.0000
 40
0.1500
 41
0.1500
 70
0
  0
VERTEX
  8
16
 10
115.8576
 20
83.9250
 30
0.0000
 42
1.0000
  0
VERTEX
  8
16
 10
115.8576
 20
84.0750
 30
0.0000
  0
SEQEND
  8
0
  0
POLYLINE
  8
16
 66
1
 10
0.0000
 20
0.0000
 30
0.0000
 40
0.1500
 41
0.1500
 70
0
  0
VERTEX
  8
16
 10
111.3265
 20
84.0750
 30
0.0000
 42
1.0000
  0
VERTEX
  8
16
 10
111.3265
 20
83.9250
 30
0.0000
  0
SEQEND
  8
0
  0
POLYLINE
  8
16
 66
1
 10
0.0000
 20
0.0000
 30
0.0000
 40
0.3000
 41
0.3000
 70
0
  0
VERTEX
  8
16
 10
116.9680
 20
84.0000
 30
0.0000
  0
VERTEX
  8
16
 10
117.9968
 20
84.0000
 30
0.0000
  0
SEQEND
  8
0
  0
POLYLINE
  8
16
 66
1
 10
0.0000
 20
0.0000
 30
0.0000
 40
0.1500
 41
0.1500
 70
0
  0
VERTEX
  8
16
 10
117.9968
 20
83.9250
 30
0.0000
 42
1.0000
  0
VERTEX
  8
16
 10
117.9968
 20
84.0750
 30
0.0000
  0
SEQEND
  8
0
  0
POLYLINE
  8
16
 66
1
 10
0.0000
 20
0.0000
 30
0.0000
 40
0.1500
 41
0.1500
 70
0
  0
VERTEX
  8
16
 10
116.9680
 20
84.0750
 30
0.0000
 42
1.0000
  0
VERTEX
  8
16
 10
116.9680
 20
83.9250
 30
0.0000
  0
SEQEND
  8
0
  0
POLYLINE
  8
16
 66
1
 10
0.0000
 20
0.0000
 30
0.0000
 40
0.3000
 41
0.3000
 70
0
  0
VERTEX
  8
16
 10
97.0164
 20
84.3000
 30
0.0000
  0
VERTEX
  8
16
 10
99.9052
 20
84.3000
 30
0.0000
  0
SEQEND
  8
0
  0
POLYLINE
  8
16
 66
1
 10
0.0000
 20
0.0000
 30
0.0000
 40
0.1500
 41
0.1500
 70
0
  0
VERTEX
  8
16
 10
99.9052
 20
84.2250
 30
0.0000
 42
1.0000
  0
VERTEX
  8
16
 10
99.9052
 20
84.3750
 30
0.0000
  0
SEQEND
  8
0
  0
POLYLINE
  8
16
 66
1
 10
0.0000
 20
0.0000
 30
0.0000
 40
0.1500
 41
0.1500
 70
0
  0
VERTEX
  8
16
 10
97.0164
 20
84.3750
 30
0.0000
 42
1.0000
  0
VERTEX
  8
16
 10
97.0164
 20
84.2250
 30
0.0000
  0
SEQEND
  8
0
  0
POLYLINE
  8
16
 66
1
 10
0.0000
 20
0.0000
 30
0.0000
 40
0.3000
 41
0.3000
 70
0
  0
VERTEX
  8
16
 10
101.4148
 20
84.3000
 30
0.0000
  0
VERTEX
  8
16
 10
101.8052
 20
84.3000
 30
0.0000
  0
SEQEND
  8
0
  0
POLYLINE
  8
16
 66
1
 10
0.0000
 20
0.0000
 30
0.0000
 40
0.1500
 41
0.1500
 70
0
  0
VERTEX
  8
16
 10
101.8052
 20
84.2250
 30
0.0000
 42
1.0000
  0
VERTEX
  8
16
 10
101.8052
 20
84.3750
 30
0.0000
  0
SEQEND
  8
0
  0
POLYLINE
  8
16
 66
1
 10
0.0000
 20
0.0000
 30
0.0000
 40
0.1500
 41
0.1500
 70
0
  0
VERTEX
  8
16
 10
101.4148
 20
84.3750
 30
0.0000
 42
1.0000
  0
VERTEX
  8
16
 10
101.4148
 20
84.2250
 30
0.0000
  0
SEQEND
  8
0
  0
POLYLINE
  8
16
 66
1
 10
0.0000
 20
0.0000
 30
0.0000
 40
0.3000
 41
0.3000
 70
0
  0
VERTEX
  8
16
 10
103.3148
 20
84.3000
 30
0.0000
  0
VERTEX
  8
16
 10
103.6634
 20
84.3000
 30
0.0000
  0
SEQEND
  8
0
  0
POLYLINE
  8
16
 66
1
 10
0.0000
 20
0.0000
 30
0.0000
 40
0.1500
 41
0.1500
 70
0
  0
VERTEX
  8
16
 10
103.6634
 20
84.2250
 30
0.0000
 42
1.0000
  0
VERTEX
  8
16
 10
103.6634
 20
84.3750
 30
0.0000
  0
SEQEND
  8
0
  0
POLYLINE
  8
16
 66
1
 10
0.0000
 20
0.0000
 30
0.0000
 40
0.1500
 41
0.1500
 70
0
  0
VERTEX
  8
16
 10
103.3148
 20
84.3750
 30
0.0000
 42
1.0000
  0
VERTEX
  8
16
 10
103.3148
 20
84.2250
 30
0.0000
  0
SEQEND
  8
0
  0
POLYLINE
  8
16
 66
1
 10
0.0000
 20
0.0000
 30
0.0000
 40
0.3000
 41
0.3000
 70
0
  0
VERTEX
  8
16
 10
111.3366
 20
84.3000
 30
0.0000
  0
VERTEX
  8
16
 10
117.9968
 20
84.3000
 30
0.0000
  0
SEQEND
  8
0
  0
POLYLINE
  8
16
 66
1
 10
0.0000
 20
0.0000
 30
0.0000
 40
0.1500
 41
0.1500
 70
0
  0
VERTEX
  8
16
 10
117.9968
 20
84.2250
 30
0.0000
 42
1.0000
  0
VERTEX
  8
16
 10
117.9968
 20
84.3750
 30
0.0000
  0
SEQEND
  8
0
  0
POLYLINE
  8
16
 66
1
 10
0.0000
 20
0.0000
 30
0.0000
 40
0.1500
 41
0.1500
 70
0
  0
VERTEX
  8
16
 10
111.3366
 20
84.3750
 30
0.0000
 42
1.0000
  0
VERTEX
  8
16
 10
111.3366
 20
84.2250
 30
0.0000
  0
SEQEND
  8
0
  0
POLYLINE
  8
16
 66
1
 10
0.0000
 20
0.0000
 30
0.0000
 40
0.3000
 41
0.3000
 70
0
  0
VERTEX
  8
16
 10
97.0164
 20
84.6000
 30
0.0000
  0
VERTEX
  8
16
 10
99.9368
 20
84.6000
 30
0.0000
  0
SEQEND
  8
0
  0
POLYLINE
  8
16
 66
1
 10
0.0000
 20
0.0000
 30
0.0000
 40
0.1500
 41
0.1500
 70
0
  0
VERTEX
  8
16
 10
99.9368
 20
84.5250
 30
0.0000
 42
1.0000
  0
VERTEX
  8
16
 10
99.9368
 20
84.6750
 30
0.0000
  0
SEQEND
  8
0
  0
POLYLINE
  8
16
 66
1
 10
0.0000
 20
0.0000
 30
0.0000
 40
0.1500
 41
0.1500
 70
0
  0
VERTEX
  8
16
 10
97.0164
 20
84.6750
 30
0.0000
 42
1.0000
  0
VERTEX
  8
16
 10
97.0164
 20
84.5250
 30
0.0000
  0
SEQEND
  8
0
  0
POLYLINE
  8
16
 66
1
 10
0.0000
 20
0.0000
 30
0.0000
 40
0.3000
 41
0.3000
 70
0
  0
VERTEX
  8
16
 10
101.3832
 20
84.6000
 30
0.0000
  0
VERTEX
  8
16
 10
101.8368
 20
84.6000
 30
0.0000
  0
SEQEND
  8
0
  0
POLYLINE
  8
16
 66
1
 10
0.0000
 20
0.0000
 30
0.0000
 40
0.1500
 41
0.1500
 70
0
  0
VERTEX
  8
16
 10
101.8368
 20
84.5250
 30
0.0000
 42
1.0000
  0
VERTEX
  8
16
 10
101.8368
 20
84.6750
 30
0.0000
  0
SEQEND
  8
0
  0
POLYLINE
  8
16
 66
1
 10
0.0000
 20
0.0000
 30
0.0000
 40
0.1500
 41
0.1500
 70
0
  0
VERTEX
  8
16
 10
101.3832
 20
84.6750
 30
0.0000
 42
1.0000
  0
VERTEX
  8
16
 10
101.3832
 20
84.5250
 30
0.0000
  0
SEQEND
  8
0
  0
POLYLINE
  8
16
 66
1
 10
0.0000
 20
0.0000
 30
0.0000
 40
0.3000
 41
0.3000
 70
0
  0
VERTEX
  8
16
 10
103.2832
 20
84.6000
 30
0.0000
  0
VERTEX
  8
16
 10
103.7110
 20
84.6000
 30
0.0000
  0
SEQEND
  8
0
  0
POLYLINE
  8
16
 66
1
 10
0.0000
 20
0.0000
 30
0.0000
 40
0.1500
 41
0.1500
 70
0
  0
VERTEX
  8
16
 10
103.7110
 20
84.5250
 30
0.0000
 42
1.0000
  0
VERTEX
  8
16
 10
103.7110
 20
84.6750
 30
0.0000
  0
SEQEND
  8
0
  0
POLYLINE
  8
16
 66
1
 10
0.0000
 20
0.0000
 30
0.0000
 40
0.1500
 41
0.1500
 70
0
  0
VERTEX
  8
16
 10
103.2832
 20
84.6750
 30
0.0000
 42
1.0000
  0
VERTEX
  8
16
 10
103.2832
 20
84.5250
 30
0.0000
  0
SEQEND
  8
0
  0
POLYLINE
  8
16
 66
1
 10
0.0000
 20
0.0000
 30
0.0000
 40
0.3000
 41
0.3000
 70
0
  0
VERTEX
  8
16
 10
111.2890
 20
84.6000
 30
0.0000
  0
VERTEX
  8
16
 10
117.9968
 20
84.6000
 30
0.0000
  0
SEQEND
  8
0
  0
POLYLINE
  8
16
 66
1
 10
0.0000
 20
0.0000
 30
0.0000
 40
0.1500
 41
0.1500
 70
0
  0
VERTEX
  8
16
 10
117.9968
 20
84.5250
 30
0.0000
 42
1.0000
  0
VERTEX
  8
16
 10
117.9968
 20
84.6750
 30
0.0000
  0
SEQEND
  8
0
  0
POLYLINE
  8
16
 66
1
 10
0.0000
 20
0.0000
 30
0.0000
 40
0.1500
 41
0.1500
 70
0
  0
VERTEX
  8
16
 10
111.2890
 20
84.6750
 30
0.0000
 42
1.0000
  0
VERTEX
  8
16
 10
111.2890
 20
84.5250
 30
0.0000
  0
SEQEND
  8
0
  0
POLYLINE
  8
16
 66
1
 10
0.0000
 20
0.0000
 30
0.0000
 40
0.3000
 41
0.3000
 70
0
  0
VERTEX
  8
16
 10
97.0164
 20
84.9000
 30
0.0000
  0
VERTEX
  8
16
 10
101.0187
 20
84.9000
 30
0.0000
  0
SEQEND
  8
0
  0
POLYLINE
  8
16
 66
1
 10
0.0000
 20
0.0000
 30
0.0000
 40
0.1500
 41
0.1500
 70
0
  0
VERTEX
  8
16
 10
101.0187
 20
84.8250
 30
0.0000
 42
1.0000
  0
VERTEX
  8
16
 10
101.0187
 20
84.9750
 30
0.0000
  0
SEQEND
  8
0
  0
POLYLINE
  8
16
 66
1
 10
0.0000
 20
0.0000
 30
0.0000
 40
0.1500
 41
0.1500
 70
0
  0
VERTEX
  8
16
 10
97.0164
 20
84.9750
 30
0.0000
 42
1.0000
  0
VERTEX
  8
16
 10
97.0164
 20
84.8250
 30
0.0000
  0
SEQEND
  8
0
  0
POLYLINE
  8
16
 66
1
 10
0.0000
 20
0.0000
 30
0.0000
 40
0.3000
 41
0.3000
 70
0
  0
VERTEX
  8
16
 10
101.6100
 20
84.9000
 30
0.0000
  0
VERTEX
  8
16
 10
101.6100
 20
84.9000
 30
0.0000
  0
SEQEND
  8
0
  0
POLYLINE
  8
16
 66
1
 10
0.0000
 20
0.0000
 30
0.0000
 40
0.1500
 41
0.1500
 70
0
  0
VERTEX
  8
16
 10
101.6100
 20
84.8250
 30
0.0000
 42
1.0000
  0
VERTEX
  8
16
 10
101.6100
 20
84.9750
 30
0.0000
  0
SEQEND
  8
0
  0
POLYLINE
  8
16
 66
1
 10
0.0000
 20
0.0000
 30
0.0000
 40
0.1500
 41
0.1500
 70
0
  0
VERTEX
  8
16
 10
101.6100
 20
84.9750
 30
0.0000
 42
1.0000
  0
VERTEX
  8
16
 10
101.6100
 20
84.8250
 30
0.0000
  0
SEQEND
  8
0
  0
POLYLINE
  8
16
 66
1
 10
0.0000
 20
0.0000
 30
0.0000
 40
0.3000
 41
0.3000
 70
0
  0
VERTEX
  8
16
 10
103.2688
 20
84.9000
 30
0.0000
  0
VERTEX
  8
16
 10
103.7585
 20
84.9000
 30
0.0000
  0
SEQEND
  8
0
  0
POLYLINE
  8
16
 66
1
 10
0.0000
 20
0.0000
 30
0.0000
 40
0.1500
 41
0.1500
 70
0
  0
VERTEX
  8
16
 10
103.7585
 20
84.8250
 30
0.0000
 42
1.0000
  0
VERTEX
  8
16
 10
103.7585
 20
84.9750
 30
0.0000
  0
SEQEND
  8
0
  0
POLYLINE
  8
16
 66
1
 10
0.0000
 20
0.0000
 30
0.0000
 40
0.1500
 41
0.1500
 70
0
  0
VERTEX
  8
16
 10
103.2688
 20
84.9750
 30
0.0000
 42
1.0000
  0
VERTEX
  8
16
 10
103.2688
 20
84.8250
 30
0.0000
  0
SEQEND
  8
0
  0
POLYLINE
  8
16
 66
1
 10
0.0000
 20
0.0000
 30
0.0000
 40
0.3000
 41
0.3000
 70
0
  0
VERTEX
  8
16
 10
111.2415
 20
84.9000
 30
0.0000
  0
VERTEX
  8
16
 10
117.9968
 20
84.9000
 30
0.0000
  0
SEQEND
  8
0
  0
POLYLINE
  8
16
 66
1
 10
0.0000
 20
0.0000
 30
0.0000
 40
0.1500
 41
0.1500
 70
0
  0
VERTEX
  8
16
 10
117.9968
 20
84.8250
 30
0.0000
 42
1.0000
  0
VERTEX
  8
16
 10
117.9968
 20
84.9750
 30
0.0000
  0
SEQEND
  8
0
  0
POLYLINE
  8
16
 66
1
 10
0.0000
 20
0.0000
 30
0.0000
 40
0.1500
 41
0.1500
 70
0
  0
VERTEX
  8
16
 10
111.2415
 20
84.9750
 30
0.0000
 42
1.0000
  0
VERTEX
  8
16
 10
111.2415
 20
84.8250
 30
0.0000
  0
SEQEND
  8
0
  0
POLYLINE
  8
16
 66
1
 10
0.0000
 20
0.0000
 30
0.0000
 40
0.3000
 41
0.3000
 70
0
  0
VERTEX
  8
16
 10
97.0164
 20
85.2000
 30
0.0000
  0
VERTEX
  8
16
 10
100.9060
 20
85.2000
 30
0.0000
  0
SEQEND
  8
0
  0
POLYLINE
  8
16
 66
1
 10
0.0000
 20
0.0000
 30
0.0000
 40
0.1500
 41
0.1500
 70
0
  0
VERTEX
  8
16
 10
100.9060
 20
85.1250
 30
0.0000
 42
1.0000
  0
VERTEX
  8
16
 10
100.9060
 20
85.2750
 30
0.0000
  0
SEQEND
  8
0
  0
POLYLINE
  8
16
 66
1
 10
0.0000
 20
0.0000
 30
0.0000
 40
0.1500
 41
0.1500
 70
0
  0
VERTEX
  8
16
 10
97.0164
 20
85.2750
 30
0.0000
 42
1.0000
  0
VERTEX
  8
16
 10
97.0164
 20
85.1250
 30
0.0000
  0
SEQEND
  8
0
  0
POLYLINE
  8
16
 66
1
 10
0.0000
 20
0.0000
 30
0.0000
 40
0.3000
 41
0.3000
 70
0
  0
VERTEX
  8
16
 10
101.6100
 20
85.2000
 30
0.0000
  0
VERTEX
  8
16
 10
101.6100
 20
85.2000
 30
0.0000
  0
SEQEND
  8
0
  0
POLYLINE
  8
16
 66
1
 10
0.0000
 20
0.0000
 30
0.0000
 40
0.1500
 41
0.1500
 70
0
  0
VERTEX
  8
16
 10
101.6100
 20
85.1250
 30
0.0000
 42
1.0000
  0
VERTEX
  8
16
 10
101.6100
 20
85.2750
 30
0.0000
  0
SEQEND
  8
0
  0
POLYLINE
  8
16
 66
1
 10
0.0000
 20
0.0000
 30
0.0000
 40
0.1500
 41
0.1500
 70
0
  0
VERTEX
  8
16
 10
101.6100
 20
85.2750
 30
0.0000
 42
1.0000
  0
VERTEX
  8
16
 10
101.6100
 20
85.1250
 30
0.0000
  0
SEQEND
  8
0
  0
POLYLINE
  8
16
 66
1
 10
0.0000
 20
0.0000
 30
0.0000
 40
0.3000
 41
0.3000
 70
0
  0
VERTEX
  8
16
 10
103.2688
 20
85.2000
 30
0.0000
  0
VERTEX
  8
16
 10
103.8060
 20
85.2000
 30
0.0000
  0
SEQEND
  8
0
  0
POLYLINE
  8
16
 66
1
 10
0.0000
 20
0.0000
 30
0.0000
 40
0.1500
 41
0.1500
 70
0
  0
VERTEX
  8
16
 10
103.8060
 20
85.1250
 30
0.0000
 42
1.0000
  0
VERTEX
  8
16
 10
103.8060
 20
85.2750
 30
0.0000
  0
SEQEND
  8
0
  0
POLYLINE
  8
16
 66
1
 10
0.0000
 20
0.0000
 30
0.0000
 40
0.1500
 41
0.1500
 70
0
  0
VERTEX
  8
16
 10
103.2688
 20
85.2750
 30
0.0000
 42
1.0000
  0
VERTEX
  8
16
 10
103.2688
 20
85.1250
 30
0.0000
  0
SEQEND
  8
0
  0
POLYLINE
  8
16
 66
1
 10
0.0000
 20
0.0000
 30
0.0000
 40
0.3000
 41
0.3000
 70
0
  0
VERTEX
  8
16
 10
111.1940
 20
85.2000
 30
0.0000
  0
VERTEX
  8
16
 10
117.9968
 20
85.2000
 30
0.0000
  0
SEQEND
  8
0
  0
POLYLINE
  8
16
 66
1
 10
0.0000
 20
0.0000
 30
0.0000
 40
0.1500
 41
0.1500
 70
0
  0
VERTEX
  8
16
 10
117.9968
 20
85.1250
 30
0.0000
 42
1.0000
  0
VERTEX
  8
16
 10
117.9968
 20
85.2750
 30
0.0000
  0
SEQEND
  8
0
  0
POLYLINE
  8
16
 66
1
 10
0.0000
 20
0.0000
 30
0.0000
 40
0.1500
 41
0.1500
 70
0
  0
VERTEX
  8
16
 10
111.1940
 20
85.2750
 30
0.0000
 42
1.0000
  0
VERTEX
  8
16
 10
111.1940
 20
85.1250
 30
0.0000
  0
SEQEND
  8
0
  0
POLYLINE
  8
16
 66
1
 10
0.0000
 20
0.0000
 30
0.0000
 40
0.3000
 41
0.3000
 70
0
  0
VERTEX
  8
16
 10
97.0164
 20
85.5000
 30
0.0000
  0
VERTEX
  8
16
 10
100.9060
 20
85.5000
 30
0.0000
  0
SEQEND
  8
0
  0
POLYLINE
  8
16
 66
1
 10
0.0000
 20
0.0000
 30
0.0000
 40
0.1500
 41
0.1500
 70
0
  0
VERTEX
  8
16
 10
100.9060
 20
85.4250
 30
0.0000
 42
1.0000
  0
VERTEX
  8
16
 10
100.9060
 20
85.5750
 30
0.0000
  0
SEQEND
  8
0
  0
POLYLINE
  8
16
 66
1
 10
0.0000
 20
0.0000
 30
0.0000
 40
0.1500
 41
0.1500
 70
0
  0
VERTEX
  8
16
 10
97.0164
 20
85.5750
 30
0.0000
 42
1.0000
  0
VERTEX
  8
16
 10
97.0164
 20
85.4250
 30
0.0000
  0
SEQEND
  8
0
  0
POLYLINE
  8
16
 66
1
 10
0.0000
 20
0.0000
 30
0.0000
 40
0.3000
 41
0.3000
 70
0
  0
VERTEX
  8
16
 10
101.6100
 20
85.5000
 30
0.0000
  0
VERTEX
  8
16
 10
101.6100
 20
85.5000
 30
0.0000
  0
SEQEND
  8
0
  0
POLYLINE
  8
16
 66
1
 10
0.0000
 20
0.0000
 30
0.0000
 40
0.1500
 41
0.1500
 70
0
  0
VERTEX
  8
16
 10
101.6100
 20
85.4250
 30
0.0000
 42
1.0000
  0
VERTEX
  8
16
 10
101.6100
 20
85.5750
 30
0.0000
  0
SEQEND
  8
0
  0
POLYLINE
  8
16
 66
1
 10
0.0000
 20
0.0000
 30
0.0000
 40
0.1500
 41
0.1500
 70
0
  0
VERTEX
  8
16
 10
101.6100
 20
85.5750
 30
0.0000
 42
1.0000
  0
VERTEX
  8
16
 10
101.6100
 20
85.4250
 30
0.0000
  0
SEQEND
  8
0
  0
POLYLINE
  8
16
 66
1
 10
0.0000
 20
0.0000
 30
0.0000
 40
0.3000
 41
0.3000
 70
0
  0
VERTEX
  8
16
 10
103.2688
 20
85.5000
 30
0.0000
  0
VERTEX
  8
16
 10
103.8981
 20
85.5000
 30
0.0000
  0
SEQEND
  8
0
  0
POLYLINE
  8
16
 66
1
 10
0.0000
 20
0.0000
 30
0.0000
 40
0.1500
 41
0.1500
 70
0
  0
VERTEX
  8
16
 10
103.8981
 20
85.4250
 30
0.0000
 42
1.0000
  0
VERTEX
  8
16
 10
103.8981
 20
85.5750
 30
0.0000
  0
SEQEND
  8
0
  0
POLYLINE
  8
16
 66
1
 10
0.0000
 20
0.0000
 30
0.0000
 40
0.1500
 41
0.1500
 70
0
  0
VERTEX
  8
16
 10
103.2688
 20
85.5750
 30
0.0000
 42
1.0000
  0
VERTEX
  8
16
 10
103.2688
 20
85.4250
 30
0.0000
  0
SEQEND
  8
0
  0
POLYLINE
  8
16
 66
1
 10
0.0000
 20
0.0000
 30
0.0000
 40
0.3000
 41
0.3000
 70
0
  0
VERTEX
  8
16
 10
111.1019
 20
85.5000
 30
0.0000
  0
VERTEX
  8
16
 10
117.9968
 20
85.5000
 30
0.0000
  0
SEQEND
  8
0
  0
POLYLINE
  8
16
 66
1
 10
0.0000
 20
0.0000
 30
0.0000
 40
0.1500
 41
0.1500
 70
0
  0
VERTEX
  8
16
 10
117.9968
 20
85.4250
 30
0.0000
 42
1.0000
  0
VERTEX
  8
16
 10
117.9968
 20
85.5750
 30
0.0000
  0
SEQEND
  8
0
  0
POLYLINE
  8
16
 66
1
 10
0.0000
 20
0.0000
 30
0.0000
 40
0.1500
 41
0.1500
 70
0
  0
VERTEX
  8
16
 10
111.1019
 20
85.5750
 30
0.0000
 42
1.0000
  0
VERTEX
  8
16
 10
111.1019
 20
85.4250
 30
0.0000
  0
SEQEND
  8
0
  0
POLYLINE
  8
16
 66
1
 10
0.0000
 20
0.0000
 30
0.0000
 40
0.3000
 41
0.3000
 70
0
  0
VERTEX
  8
16
 10
97.0164
 20
85.8000
 30
0.0000
  0
VERTEX
  8
16
 10
100.9060
 20
85.8000
 30
0.0000
  0
SEQEND
  8
0
  0
POLYLINE
  8
16
 66
1
 10
0.0000
 20
0.0000
 30
0.0000
 40
0.1500
 41
0.1500
 70
0
  0
VERTEX
  8
16
 10
100.9060
 20
85.7250
 30
0.0000
 42
1.0000
  0
VERTEX
  8
16
 10
100.9060
 20
85.8750
 30
0.0000
  0
SEQEND
  8
0
  0
POLYLINE
  8
16
 66
1
 10
0.0000
 20
0.0000
 30
0.0000
 40
0.1500
 41
0.1500
 70
0
  0
VERTEX
  8
16
 10
97.0164
 20
85.8750
 30
0.0000
 42
1.0000
  0
VERTEX
  8
16
 10
97.0164
 20
85.7250
 30
0.0000
  0
SEQEND
  8
0
  0
POLYLINE
  8
16
 66
1
 10
0.0000
 20
0.0000
 30
0.0000
 40
0.3000
 41
0.3000
 70
0
  0
VERTEX
  8
16
 10
101.6100
 20
85.8000
 30
0.0000
  0
VERTEX
  8
16
 10
101.6100
 20
85.8000
 30
0.0000
  0
SEQEND
  8
0
  0
POLYLINE
  8
16
 66
1
 10
0.0000
 20
0.0000
 30
0.0000
 40
0.1500
 41
0.1500
 70
0
  0
VERTEX
  8
16
 10
101.6100
 20
85.7250
 30
0.0000
 42
1.0000
  0
VERTEX
  8
16
 10
101.6100
 20
85.8750
 30
0.0000
  0
SEQEND
  8
0
  0
POLYLINE
  8
16
 66
1
 10
0.0000
 20
0.0000
 30
0.0000
 40
0.1500
 41
0.1500
 70
0
  0
VERTEX
  8
16
 10
101.6100
 20
85.8750
 30
0.0000
 42
1.0000
  0
VERTEX
  8
16
 10
101.6100
 20
85.7250
 30
0.0000
  0
SEQEND
  8
0
  0
POLYLINE
  8
16
 66
1
 10
0.0000
 20
0.0000
 30
0.0000
 40
0.3000
 41
0.3000
 70
0
  0
VERTEX
  8
16
 10
103.2688
 20
85.8000
 30
0.0000
  0
VERTEX
  8
16
 10
104.0510
 20
85.8000
 30
0.0000
  0
SEQEND
  8
0
  0
POLYLINE
  8
16
 66
1
 10
0.0000
 20
0.0000
 30
0.0000
 40
0.1500
 41
0.1500
 70
0
  0
VERTEX
  8
16
 10
104.0510
 20
85.7250
 30
0.0000
 42
1.0000
  0
VERTEX
  8
16
 10
104.0510
 20
85.8750
 30
0.0000
  0
SEQEND
  8
0
  0
POLYLINE
  8
16
 66
1
 10
0.0000
 20
0.0000
 30
0.0000
 40
0.1500
 41
0.1500
 70
0
  0
VERTEX
  8
16
 10
103.2688
 20
85.8750
 30
0.0000
 42
1.0000
  0
VERTEX
  8
16
 10
103.2688
 20
85.7250
 30
0.0000
  0
SEQEND
  8
0
  0
POLYLINE
  8
16
 66
1
 10
0.0000
 20
0.0000
 30
0.0000
 40
0.3000
 41
0.3000
 70
0
  0
VERTEX
  8
16
 10
110.9490
 20
85.8000
 30
0.0000
  0
VERTEX
  8
16
 10
117.9968
 20
85.8000
 30
0.0000
  0
SEQEND
  8
0
  0
POLYLINE
  8
16
 66
1
 10
0.0000
 20
0.0000
 30
0.0000
 40
0.1500
 41
0.1500
 70
0
  0
VERTEX
  8
16
 10
117.9968
 20
85.7250
 30
0.0000
 42
1.0000
  0
VERTEX
  8
16
 10
117.9968
 20
85.8750
 30
0.0000
  0
SEQEND
  8
0
  0
POLYLINE
  8
16
 66
1
 10
0.0000
 20
0.0000
 30
0.0000
 40
0.1500
 41
0.1500
 70
0
  0
VERTEX
  8
16
 10
110.9490
 20
85.8750
 30
0.0000
 42
1.0000
  0
VERTEX
  8
16
 10
110.9490
 20
85.7250
 30
0.0000
  0
SEQEND
  8
0
  0
POLYLINE
  8
16
 66
1
 10
0.0000
 20
0.0000
 30
0.0000
 40
0.3000
 41
0.3000
 70
0
  0
VERTEX
  8
16
 10
97.0164
 20
86.1000
 30
0.0000
  0
VERTEX
  8
16
 10
100.9060
 20
86.1000
 30
0.0000
  0
SEQEND
  8
0
  0
POLYLINE
  8
16
 66
1
 10
0.0000
 20
0.0000
 30
0.0000
 40
0.1500
 41
0.1500
 70
0
  0
VERTEX
  8
16
 10
100.9060
 20
86.0250
 30
0.0000
 42
1.0000
  0
VERTEX
  8
16
 10
100.9060
 20
86.1750
 30
0.0000
  0
SEQEND
  8
0
  0
POLYLINE
  8
16
 66
1
 10
0.0000
 20
0.0000
 30
0.0000
 40
0.1500
 41
0.1500
 70
0
  0
VERTEX
  8
16
 10
97.0164
 20
86.1750
 30
0.0000
 42
1.0000
  0
VERTEX
  8
16
 10
97.0164
 20
86.0250
 30
0.0000
  0
SEQEND
  8
0
  0
POLYLINE
  8
16
 66
1
 10
0.0000
 20
0.0000
 30
0.0000
 40
0.3000
 41
0.3000
 70
0
  0
VERTEX
  8
16
 10
101.6100
 20
86.1000
 30
0.0000
  0
VERTEX
  8
16
 10
101.6100
 20
86.1000
 30
0.0000
  0
SEQEND
  8
0
  0
POLYLINE
  8
16
 66
1
 10
0.0000
 20
0.0000
 30
0.0000
 40
0.1500
 41
0.1500
 70
0
  0
VERTEX
  8
16
 10
101.6100
 20
86.0250
 30
0.0000
 42
1.0000
  0
VERTEX
  8
16
 10
101.6100
 20
86.1750
 30
0.0000
  0
SEQEND
  8
0
  0
POLYLINE
  8
16
 66
1
 10
0.0000
 20
0.0000
 30
0.0000
 40
0.1500
 41
0.1500
 70
0
  0
VERTEX
  8
16
 10
101.6100
 20
86.1750
 30
0.0000
 42
1.0000
  0
VERTEX
  8
16
 10
101.6100
 20
86.0250
 30
0.0000
  0
SEQEND
  8
0
  0
POLYLINE
  8
16
 66
1
 10
0.0000
 20
0.0000
 30
0.0000
 40
0.3000
 41
0.3000
 70
0
  0
VERTEX
  8
16
 10
103.2688
 20
86.1000
 30
0.0000
  0
VERTEX
  8
16
 10
104.2038
 20
86.1000
 30
0.0000
  0
SEQEND
  8
0
  0
POLYLINE
  8
16
 66
1
 10
0.0000
 20
0.0000
 30
0.0000
 40
0.1500
 41
0.1500
 70
0
  0
VERTEX
  8
16
 10
104.2038
 20
86.0250
 30
0.0000
 42
1.0000
  0
VERTEX
  8
16
 10
104.2038
 20
86.1750
 30
0.0000
  0
SEQEND
  8
0
  0
POLYLINE
  8
16
 66
1
 10
0.0000
 20
0.0000
 30
0.0000
 40
0.1500
 41
0.1500
 70
0
  0
VERTEX
  8
16
 10
103.2688
 20
86.1750
 30
0.0000
 42
1.0000
  0
VERTEX
  8
16
 10
103.2688
 20
86.0250
 30
0.0000
  0
SEQEND
  8
0
  0
POLYLINE
  8
16
 66
1
 10
0.0000
 20
0.0000
 30
0.0000
 40
0.3000
 41
0.3000
 70
0
  0
VERTEX
  8
16
 10
110.7962
 20
86.1000
 30
0.0000
  0
VERTEX
  8
16
 10
117.9968
 20
86.1000
 30
0.0000
  0
SEQEND
  8
0
  0
POLYLINE
  8
16
 66
1
 10
0.0000
 20
0.0000
 30
0.0000
 40
0.1500
 41
0.1500
 70
0
  0
VERTEX
  8
16
 10
117.9968
 20
86.0250
 30
0.0000
 42
1.0000
  0
VERTEX
  8
16
 10
117.9968
 20
86.1750
 30
0.0000
  0
SEQEND
  8
0
  0
POLYLINE
  8
16
 66
1
 10
0.0000
 20
0.0000
 30
0.0000
 40
0.1500
 41
0.1500
 70
0
  0
VERTEX
  8
16
 10
110.7962
 20
86.1750
 30
0.0000
 42
1.0000
  0
VERTEX
  8
16
 10
110.7962
 20
86.0250
 30
0.0000
  0
SEQEND
  8
0
  0
POLYLINE
  8
16
 66
1
 10
0.0000
 20
0.0000
 30
0.0000
 40
0.3000
 41
0.3000
 70
0
  0
VERTEX
  8
16
 10
97.0164
 20
86.4000
 30
0.0000
  0
VERTEX
  8
16
 10
100.9060
 20
86.4000
 30
0.0000
  0
SEQEND
  8
0
  0
POLYLINE
  8
16
 66
1
 10
0.0000
 20
0.0000
 30
0.0000
 40
0.1500
 41
0.1500
 70
0
  0
VERTEX
  8
16
 10
100.9060
 20
86.3250
 30
0.0000
 42
1.0000
  0
VERTEX
  8
16
 10
100.9060
 20
86.4750
 30
0.0000
  0
SEQEND
  8
0
  0
POLYLINE
  8
16
 66
1
 10
0.0000
 20
0.0000
 30
0.0000
 40
0.1500
 41
0.1500
 70
0
  0
VERTEX
  8
16
 10
97.0164
 20
86.4750
 30
0.0000
 42
1.0000
  0
VERTEX
  8
16
 10
97.0164
 20
86.3250
 30
0.0000
  0
SEQEND
  8
0
  0
POLYLINE
  8
16
 66
1
 10
0.0000
 20
0.0000
 30
0.0000
 40
0.3000
 41
0.3000
 70
0
  0
VERTEX
  8
16
 10
101.6100
 20
86.4000
 30
0.0000
  0
VERTEX
  8
16
 10
101.6100
 20
86.4000
 30
0.0000
  0
SEQEND
  8
0
  0
POLYLINE
  8
16
 66
1
 10
0.0000
 20
0.0000
 30
0.0000
 40
0.1500
 41
0.1500
 70
0
  0
VERTEX
  8
16
 10
101.6100
 20
86.3250
 30
0.0000
 42
1.0000
  0
VERTEX
  8
16
 10
101.6100
 20
86.4750
 30
0.0000
  0
SEQEND
  8
0
  0
POLYLINE
  8
16
 66
1
 10
0.0000
 20
0.0000
 30
0.0000
 40
0.1500
 41
0.1500
 70
0
  0
VERTEX
  8
16
 10
101.6100
 20
86.4750
 30
0.0000
 42
1.0000
  0
VERTEX
  8
16
 10
101.6100
 20
86.3250
 30
0.0000
  0
SEQEND
  8
0
  0
POLYLINE
  8
16
 66
1
 10
0.0000
 20
0.0000
 30
0.0000
 40
0.3000
 41
0.3000
 70
0
  0
VERTEX
  8
16
 10
103.2688
 20
86.4000
 30
0.0000
  0
VERTEX
  8
16
 10
104.3567
 20
86.4000
 30
0.0000
  0
SEQEND
  8
0
  0
POLYLINE
  8
16
 66
1
 10
0.0000
 20
0.0000
 30
0.0000
 40
0.1500
 41
0.1500
 70
0
  0
VERTEX
  8
16
 10
104.3567
 20
86.3250
 30
0.0000
 42
1.0000
  0
VERTEX
  8
16
 10
104.3567
 20
86.4750
 30
0.0000
  0
SEQEND
  8
0
  0
POLYLINE
  8
16
 66
1
 10
0.0000
 20
0.0000
 30
0.0000
 40
0.1500
 41
0.1500
 70
0
  0
VERTEX
  8
16
 10
103.2688
 20
86.4750
 30
0.0000
 42
1.0000
  0
VERTEX
  8
16
 10
103.2688
 20
86.3250
 30
0.0000
  0
SEQEND
  8
0
  0
POLYLINE
  8
16
 66
1
 10
0.0000
 20
0.0000
 30
0.0000
 40
0.3000
 41
0.3000
 70
0
  0
VERTEX
  8
16
 10
110.6433
 20
86.4000
 30
0.0000
  0
VERTEX
  8
16
 10
117.9968
 20
86.4000
 30
0.0000
  0
SEQEND
  8
0
  0
POLYLINE
  8
16
 66
1
 10
0.0000
 20
0.0000
 30
0.0000
 40
0.1500
 41
0.1500
 70
0
  0
VERTEX
  8
16
 10
117.9968
 20
86.3250
 30
0.0000
 42
1.0000
  0
VERTEX
  8
16
 10
117.9968
 20
86.4750
 30
0.0000
  0
SEQEND
  8
0
  0
POLYLINE
  8
16
 66
1
 10
0.0000
 20
0.0000
 30
0.0000
 40
0.1500
 41
0.1500
 70
0
  0
VERTEX
  8
16
 10
110.6433
 20
86.4750
 30
0.0000
 42
1.0000
  0
VERTEX
  8
16
 10
110.6433
 20
86.3250
 30
0.0000
  0
SEQEND
  8
0
  0
POLYLINE
  8
16
 66
1
 10
0.0000
 20
0.0000
 30
0.0000
 40
0.3000
 41
0.3000
 70
0
  0
VERTEX
  8
16
 10
97.0164
 20
86.7000
 30
0.0000
  0
VERTEX
  8
16
 10
100.9705
 20
86.7000
 30
0.0000
  0
SEQEND
  8
0
  0
POLYLINE
  8
16
 66
1
 10
0.0000
 20
0.0000
 30
0.0000
 40
0.1500
 41
0.1500
 70
0
  0
VERTEX
  8
16
 10
100.9705
 20
86.6250
 30
0.0000
 42
1.0000
  0
VERTEX
  8
16
 10
100.9705
 20
86.7750
 30
0.0000
  0
SEQEND
  8
0
  0
POLYLINE
  8
16
 66
1
 10
0.0000
 20
0.0000
 30
0.0000
 40
0.1500
 41
0.1500
 70
0
  0
VERTEX
  8
16
 10
97.0164
 20
86.7750
 30
0.0000
 42
1.0000
  0
VERTEX
  8
16
 10
97.0164
 20
86.6250
 30
0.0000
  0
SEQEND
  8
0
  0
POLYLINE
  8
16
 66
1
 10
0.0000
 20
0.0000
 30
0.0000
 40
0.3000
 41
0.3000
 70
0
  0
VERTEX
  8
16
 10
101.6100
 20
86.7000
 30
0.0000
  0
VERTEX
  8
16
 10
101.6100
 20
86.7000
 30
0.0000
  0
SEQEND
  8
0
  0
POLYLINE
  8
16
 66
1
 10
0.0000
 20
0.0000
 30
0.0000
 40
0.1500
 41
0.1500
 70
0
  0
VERTEX
  8
16
 10
101.6100
 20
86.6250
 30
0.0000
 42
1.0000
  0
VERTEX
  8
16
 10
101.6100
 20
86.7750
 30
0.0000
  0
SEQEND
  8
0
  0
POLYLINE
  8
16
 66
1
 10
0.0000
 20
0.0000
 30
0.0000
 40
0.1500
 41
0.1500
 70
0
  0
VERTEX
  8
16
 10
101.6100
 20
86.7750
 30
0.0000
 42
1.0000
  0
VERTEX
  8
16
 10
101.6100
 20
86.6250
 30
0.0000
  0
SEQEND
  8
0
  0
POLYLINE
  8
16
 66
1
 10
0.0000
 20
0.0000
 30
0.0000
 40
0.3000
 41
0.3000
 70
0
  0
VERTEX
  8
16
 10
103.2688
 20
86.7000
 30
0.0000
  0
VERTEX
  8
16
 10
104.6333
 20
86.7000
 30
0.0000
  0
SEQEND
  8
0
  0
POLYLINE
  8
16
 66
1
 10
0.0000
 20
0.0000
 30
0.0000
 40
0.1500
 41
0.1500
 70
0
  0
VERTEX
  8
16
 10
104.6333
 20
86.6250
 30
0.0000
 42
1.0000
  0
VERTEX
  8
16
 10
104.6333
 20
86.7750
 30
0.0000
  0
SEQEND
  8
0
  0
POLYLINE
  8
16
 66
1
 10
0.0000
 20
0.0000
 30
0.0000
 40
0.1500
 41
0.1500
 70
0
  0
VERTEX
  8
16
 10
103.2688
 20
86.7750
 30
0.0000
 42
1.0000
  0
VERTEX
  8
16
 10
103.2688
 20
86.6250
 30
0.0000
  0
SEQEND
  8
0
  0
POLYLINE
  8
16
 66
1
 10
0.0000
 20
0.0000
 30
0.0000
 40
0.3000
 41
0.3000
 70
0
  0
VERTEX
  8
16
 10
110.3667
 20
86.7000
 30
0.0000
  0
VERTEX
  8
16
 10
117.9968
 20
86.7000
 30
0.0000
  0
SEQEND
  8
0
  0
POLYLINE
  8
16
 66
1
 10
0.0000
 20
0.0000
 30
0.0000
 40
0.1500
 41
0.1500
 70
0
  0
VERTEX
  8
16
 10
117.9968
 20
86.6250
 30
0.0000
 42
1.0000
  0
VERTEX
  8
16
 10
117.9968
 20
86.7750
 30
0.0000
  0
SEQEND
  8
0
  0
POLYLINE
  8
16
 66
1
 10
0.0000
 20
0.0000
 30
0.0000
 40
0.1500
 41
0.1500
 70
0
  0
VERTEX
  8
16
 10
110.3667
 20
86.7750
 30
0.0000
 42
1.0000
  0
VERTEX
  8
16
 10
110.3667
 20
86.6250
 30
0.0000
  0
SEQEND
  8
0
  0
POLYLINE
  8
16
 66
1
 10
0.0000
 20
0.0000
 30
0.0000
 40
0.3000
 41
0.3000
 70
0
  0
VERTEX
  8
16
 10
97.0164
 20
87.0000
 30
0.0000
  0
VERTEX
  8
16
 10
101.8512
 20
87.0000
 30
0.0000
  0
SEQEND
  8
0
  0
POLYLINE
  8
16
 66
1
 10
0.0000
 20
0.0000
 30
0.0000
 40
0.1500
 41
0.1500
 70
0
  0
VERTEX
  8
16
 10
101.8512
 20
86.9250
 30
0.0000
 42
1.0000
  0
VERTEX
  8
16
 10
101.8512
 20
87.0750
 30
0.0000
  0
SEQEND
  8
0
  0
POLYLINE
  8
16
 66
1
 10
0.0000
 20
0.0000
 30
0.0000
 40
0.1500
 41
0.1500
 70
0
  0
VERTEX
  8
16
 10
97.0164
 20
87.0750
 30
0.0000
 42
1.0000
  0
VERTEX
  8
16
 10
97.0164
 20
86.9250
 30
0.0000
  0
SEQEND
  8
0
  0
POLYLINE
  8
16
 66
1
 10
0.0000
 20
0.0000
 30
0.0000
 40
0.3000
 41
0.3000
 70
0
  0
VERTEX
  8
16
 10
103.2688
 20
87.0000
 30
0.0000
  0
VERTEX
  8
16
 10
104.9333
 20
87.0000
 30
0.0000
  0
SEQEND
  8
0
  0
POLYLINE
  8
16
 66
1
 10
0.0000
 20
0.0000
 30
0.0000
 40
0.1500
 41
0.1500
 70
0
  0
VERTEX
  8
16
 10
104.9333
 20
86.9250
 30
0.0000
 42
1.0000
  0
VERTEX
  8
16
 10
104.9333
 20
87.0750
 30
0.0000
  0
SEQEND
  8
0
  0
POLYLINE
  8
16
 66
1
 10
0.0000
 20
0.0000
 30
0.0000
 40
0.1500
 41
0.1500
 70
0
  0
VERTEX
  8
16
 10
103.2688
 20
87.0750
 30
0.0000
 42
1.0000
  0
VERTEX
  8
16
 10
103.2688
 20
86.9250
 30
0.0000
  0
SEQEND
  8
0
  0
POLYLINE
  8
16
 66
1
 10
0.0000
 20
0.0000
 30
0.0000
 40
0.3000
 41
0.3000
 70
0
  0
VERTEX
  8
16
 10
110.0667
 20
87.0000
 30
0.0000
  0
VERTEX
  8
16
 10
117.9968
 20
87.0000
 30
0.0000
  0
SEQEND
  8
0
  0
POLYLINE
  8
16
 66
1
 10
0.0000
 20
0.0000
 30
0.0000
 40
0.1500
 41
0.1500
 70
0
  0
VERTEX
  8
16
 10
117.9968
 20
86.9250
 30
0.0000
 42
1.0000
  0
VERTEX
  8
16
 10
117.9968
 20
87.0750
 30
0.0000
  0
SEQEND
  8
0
  0
POLYLINE
  8
16
 66
1
 10
0.0000
 20
0.0000
 30
0.0000
 40
0.1500
 41
0.1500
 70
0
  0
VERTEX
  8
16
 10
110.0667
 20
87.0750
 30
0.0000
 42
1.0000
  0
VERTEX
  8
16
 10
110.0667
 20
86.9250
 30
0.0000
  0
SEQEND
  8
0
  0
POLYLINE
  8
16
 66
1
 10
0.0000
 20
0.0000
 30
0.0000
 40
0.3000
 41
0.3000
 70
0
  0
VERTEX
  8
16
 10
97.0164
 20
87.3000
 30
0.0000
  0
VERTEX
  8
16
 10
101.8512
 20
87.3000
 30
0.0000
  0
SEQEND
  8
0
  0
POLYLINE
  8
16
 66
1
 10
0.0000
 20
0.0000
 30
0.0000
 40
0.1500
 41
0.1500
 70
0
  0
VERTEX
  8
16
 10
101.8512
 20
87.2250
 30
0.0000
 42
1.0000
  0
VERTEX
  8
16
 10
101.8512
 20
87.3750
 30
0.0000
  0
SEQEND
  8
0
  0
POLYLINE
  8
16
 66
1
 10
0.0000
 20
0.0000
 30
0.0000
 40
0.1500
 41
0.1500
 70
0
  0
VERTEX
  8
16
 10
97.0164
 20
87.3750
 30
0.0000
 42
1.0000
  0
VERTEX
  8
16
 10
97.0164
 20
87.2250
 30
0.0000
  0
SEQEND
  8
0
  0
POLYLINE
  8
16
 66
1
 10
0.0000
 20
0.0000
 30
0.0000
 40
0.3000
 41
0.3000
 70
0
  0
VERTEX
  8
16
 10
103.2688
 20
87.3000
 30
0.0000
  0
VERTEX
  8
16
 10
105.2333
 20
87.3000
 30
0.0000
  0
SEQEND
  8
0
  0
POLYLINE
  8
16
 66
1
 10
0.0000
 20
0.0000
 30
0.0000
 40
0.1500
 41
0.1500
 70
0
  0
VERTEX
  8
16
 10
105.2333
 20
87.2250
 30
0.0000
 42
1.0000
  0
VERTEX
  8
16
 10
105.2333
 20
87.3750
 30
0.0000
  0
SEQEND
  8
0
  0
POLYLINE
  8
16
 66
1
 10
0.0000
 20
0.0000
 30
0.0000
 40
0.1500
 41
0.1500
 70
0
  0
VERTEX
  8
16
 10
103.2688
 20
87.3750
 30
0.0000
 42
1.0000
  0
VERTEX
  8
16
 10
103.2688
 20
87.2250
 30
0.0000
  0
SEQEND
  8
0
  0
POLYLINE
  8
16
 66
1
 10
0.0000
 20
0.0000
 30
0.0000
 40
0.3000
 41
0.3000
 70
0
  0
VERTEX
  8
16
 10
109.7667
 20
87.3000
 30
0.0000
  0
VERTEX
  8
16
 10
117.9968
 20
87.3000
 30
0.0000
  0
SEQEND
  8
0
  0
POLYLINE
  8
16
 66
1
 10
0.0000
 20
0.0000
 30
0.0000
 40
0.1500
 41
0.1500
 70
0
  0
VERTEX
  8
16
 10
117.9968
 20
87.2250
 30
0.0000
 42
1.0000
  0
VERTEX
  8
16
 10
117.9968
 20
87.3750
 30
0.0000
  0
SEQEND
  8
0
  0
POLYLINE
  8
16
 66
1
 10
0.0000
 20
0.0000
 30
0.0000
 40
0.1500
 41
0.1500
 70
0
  0
VERTEX
  8
16
 10
109.7667
 20
87.3750
 30
0.0000
 42
1.0000
  0
VERTEX
  8
16
 10
109.7667
 20
87.2250
 30
0.0000
  0
SEQEND
  8
0
  0
POLYLINE
  8
16
 66
1
 10
0.0000
 20
0.0000
 30
0.0000
 40
0.3000
 41
0.3000
 70
0
  0
VERTEX
  8
16
 10
97.0164
 20
87.6000
 30
0.0000
  0
VERTEX
  8
16
 10
101.8512
 20
87.6000
 30
0.0000
  0
SEQEND
  8
0
  0
POLYLINE
  8
16
 66
1
 10
0.0000
 20
0.0000
 30
0.0000
 40
0.1500
 41
0.1500
 70
0
  0
VERTEX
  8
16
 10
101.8512
 20
87.5250
 30
0.0000
 42
1.0000
  0
VERTEX
  8
16
 10
101.8512
 20
87.6750
 30
0.0000
  0
SEQEND
  8
0
  0
POLYLINE
  8
16
 66
1
 10
0.0000
 20
0.0000
 30
0.0000
 40
0.1500
 41
0.1500
 70
0
  0
VERTEX
  8
16
 10
97.0164
 20
87.6750
 30
0.0000
 42
1.0000
  0
VERTEX
  8
16
 10
97.0164
 20
87.5250
 30
0.0000
  0
SEQEND
  8
0
  0
POLYLINE
  8
16
 66
1
 10
0.0000
 20
0.0000
 30
0.0000
 40
0.3000
 41
0.3000
 70
0
  0
VERTEX
  8
16
 10
103.2688
 20
87.6000
 30
0.0000
  0
VERTEX
  8
16
 10
105.8214
 20
87.6000
 30
0.0000
  0
SEQEND
  8
0
  0
POLYLINE
  8
16
 66
1
 10
0.0000
 20
0.0000
 30
0.0000
 40
0.1500
 41
0.1500
 70
0
  0
VERTEX
  8
16
 10
105.8214
 20
87.5250
 30
0.0000
 42
1.0000
  0
VERTEX
  8
16
 10
105.8214
 20
87.6750
 30
0.0000
  0
SEQEND
  8
0
  0
POLYLINE
  8
16
 66
1
 10
0.0000
 20
0.0000
 30
0.0000
 40
0.1500
 41
0.1500
 70
0
  0
VERTEX
  8
16
 10
103.2688
 20
87.6750
 30
0.0000
 42
1.0000
  0
VERTEX
  8
16
 10
103.2688
 20
87.5250
 30
0.0000
  0
SEQEND
  8
0
  0
POLYLINE
  8
16
 66
1
 10
0.0000
 20
0.0000
 30
0.0000
 40
0.3000
 41
0.3000
 70
0
  0
VERTEX
  8
16
 10
109.1786
 20
87.6000
 30
0.0000
  0
VERTEX
  8
16
 10
117.9968
 20
87.6000
 30
0.0000
  0
SEQEND
  8
0
  0
POLYLINE
  8
16
 66
1
 10
0.0000
 20
0.0000
 30
0.0000
 40
0.1500
 41
0.1500
 70
0
  0
VERTEX
  8
16
 10
117.9968
 20
87.5250
 30
0.0000
 42
1.0000
  0
VERTEX
  8
16
 10
117.9968
 20
87.6750
 30
0.0000
  0
SEQEND
  8
0
  0
POLYLINE
  8
16
 66
1
 10
0.0000
 20
0.0000
 30
0.0000
 40
0.1500
 41
0.1500
 70
0
  0
VERTEX
  8
16
 10
109.1786
 20
87.6750
 30
0.0000
 42
1.0000
  0
VERTEX
  8
16
 10
109.1786
 20
87.5250
 30
0.0000
  0
SEQEND
  8
0
  0
POLYLINE
  8
16
 66
1
 10
0.0000
 20
0.0000
 30
0.0000
 40
0.3000
 41
0.3000
 70
0
  0
VERTEX
  8
16
 10
97.0164
 20
87.9000
 30
0.0000
  0
VERTEX
  8
16
 10
101.8512
 20
87.9000
 30
0.0000
  0
SEQEND
  8
0
  0
POLYLINE
  8
16
 66
1
 10
0.0000
 20
0.0000
 30
0.0000
 40
0.1500
 41
0.1500
 70
0
  0
VERTEX
  8
16
 10
101.8512
 20
87.8250
 30
0.0000
 42
1.0000
  0
VERTEX
  8
16
 10
101.8512
 20
87.9750
 30
0.0000
  0
SEQEND
  8
0
  0
POLYLINE
  8
16
 66
1
 10
0.0000
 20
0.0000
 30
0.0000
 40
0.1500
 41
0.1500
 70
0
  0
VERTEX
  8
16
 10
97.0164
 20
87.9750
 30
0.0000
 42
1.0000
  0
VERTEX
  8
16
 10
97.0164
 20
87.8250
 30
0.0000
  0
SEQEND
  8
0
  0
POLYLINE
  8
16
 66
1
 10
0.0000
 20
0.0000
 30
0.0000
 40
0.3000
 41
0.3000
 70
0
  0
VERTEX
  8
16
 10
103.2688
 20
87.9000
 30
0.0000
  0
VERTEX
  8
16
 10
106.6354
 20
87.9000
 30
0.0000
  0
SEQEND
  8
0
  0
POLYLINE
  8
16
 66
1
 10
0.0000
 20
0.0000
 30
0.0000
 40
0.1500
 41
0.1500
 70
0
  0
VERTEX
  8
16
 10
106.6354
 20
87.8250
 30
0.0000
 42
1.0000
  0
VERTEX
  8
16
 10
106.6354
 20
87.9750
 30
0.0000
  0
SEQEND
  8
0
  0
POLYLINE
  8
16
 66
1
 10
0.0000
 20
0.0000
 30
0.0000
 40
0.1500
 41
0.1500
 70
0
  0
VERTEX
  8
16
 10
103.2688
 20
87.9750
 30
0.0000
 42
1.0000
  0
VERTEX
  8
16
 10
103.2688
 20
87.8250
 30
0.0000
  0
SEQEND
  8
0
  0
POLYLINE
  8
16
 66
1
 10
0.0000
 20
0.0000
 30
0.0000
 40
0.3000
 41
0.3000
 70
0
  0
VERTEX
  8
16
 10
108.3646
 20
87.9000
 30
0.0000
  0
VERTEX
  8
16
 10
117.9968
 20
87.9000
 30
0.0000
  0
SEQEND
  8
0
  0
POLYLINE
  8
16
 66
1
 10
0.0000
 20
0.0000
 30
0.0000
 40
0.1500
 41
0.1500
 70
0
  0
VERTEX
  8
16
 10
117.9968
 20
87.8250
 30
0.0000
 42
1.0000
  0
VERTEX
  8
16
 10
117.9968
 20
87.9750
 30
0.0000
  0
SEQEND
  8
0
  0
POLYLINE
  8
16
 66
1
 10
0.0000
 20
0.0000
 30
0.0000
 40
0.1500
 41
0.1500
 70
0
  0
VERTEX
  8
16
 10
108.3646
 20
87.9750
 30
0.0000
 42
1.0000
  0
VERTEX
  8
16
 10
108.3646
 20
87.8250
 30
0.0000
  0
SEQEND
  8
0
  0
POLYLINE
  8
16
 66
1
 10
0.0000
 20
0.0000
 30
0.0000
 40
0.3000
 41
0.3000
 70
0
  0
VERTEX
  8
16
 10
97.0164
 20
88.2000
 30
0.0000
  0
VERTEX
  8
16
 10
101.8512
 20
88.2000
 30
0.0000
  0
SEQEND
  8
0
  0
POLYLINE
  8
16
 66
1
 10
0.0000
 20
0.0000
 30
0.0000
 40
0.1500
 41
0.1500
 70
0
  0
VERTEX
  8
16
 10
101.8512
 20
88.1250
 30
0.0000
 42
1.0000
  0
VERTEX
  8
16
 10
101.8512
 20
88.2750
 30
0.0000
  0
SEQEND
  8
0
  0
POLYLINE
  8
16
 66
1
 10
0.0000
 20
0.0000
 30
0.0000
 40
0.1500
 41
0.1500
 70
0
  0
VERTEX
  8
16
 10
97.0164
 20
88.2750
 30
0.0000
 42
1.0000
  0
VERTEX
  8
16
 10
97.0164
 20
88.1250
 30
0.0000
  0
SEQEND
  8
0
  0
POLYLINE
  8
16
 66
1
 10
0.0000
 20
0.0000
 30
0.0000
 40
0.3000
 41
0.3000
 70
0
  0
VERTEX
  8
16
 10
103.2688
 20
88.2000
 30
0.0000
  0
VERTEX
  8
16
 10
117.9968
 20
88.2000
 30
0.0000
  0
SEQEND
  8
0
  0
POLYLINE
  8
16
 66
1
 10
0.0000
 20
0.0000
 30
0.0000
 40
0.1500
 41
0.1500
 70
0
  0
VERTEX
  8
16
 10
117.9968
 20
88.1250
 30
0.0000
 42
1.0000
  0
VERTEX
  8
16
 10
117.9968
 20
88.2750
 30
0.0000
  0
SEQEND
  8
0
  0
POLYLINE
  8
16
 66
1
 10
0.0000
 20
0.0000
 30
0.0000
 40
0.1500
 41
0.1500
 70
0
  0
VERTEX
  8
16
 10
103.2688
 20
88.2750
 30
0.0000
 42
1.0000
  0
VERTEX
  8
16
 10
103.2688
 20
88.1250
 30
0.0000
  0
SEQEND
  8
0
  0
POLYLINE
  8
16
 66
1
 10
0.0000
 20
0.0000
 30
0.0000
 40
0.3000
 41
0.3000
 70
0
  0
VERTEX
  8
16
 10
97.0164
 20
88.5000
 30
0.0000
  0
VERTEX
  8
16
 10
101.8512
 20
88.5000
 30
0.0000
  0
SEQEND
  8
0
  0
POLYLINE
  8
16
 66
1
 10
0.0000
 20
0.0000
 30
0.0000
 40
0.1500
 41
0.1500
 70
0
  0
VERTEX
  8
16
 10
101.8512
 20
88.4250
 30
0.0000
 42
1.0000
  0
VERTEX
  8
16
 10
101.8512
 20
88.5750
 30
0.0000
  0
SEQEND
  8
0
  0
POLYLINE
  8
16
 66
1
 10
0.0000
 20
0.0000
 30
0.0000
 40
0.1500
 41
0.1500
 70
0
  0
VERTEX
  8
16
 10
97.0164
 20
88.5750
 30
0.0000
 42
1.0000
  0
VERTEX
  8
16
 10
97.0164
 20
88.4250
 30
0.0000
  0
SEQEND
  8
0
  0
POLYLINE
  8
16
 66
1
 10
0.0000
 20
0.0000
 30
0.0000
 40
0.3000
 41
0.3000
 70
0
  0
VERTEX
  8
16
 10
104.6380
 20
88.5000
 30
0.0000
  0
VERTEX
  8
16
 10
117.9968
 20
88.5000
 30
0.0000
  0
SEQEND
  8
0
  0
POLYLINE
  8
16
 66
1
 10
0.0000
 20
0.0000
 30
0.0000
 40
0.1500
 41
0.1500
 70
0
  0
VERTEX
  8
16
 10
117.9968
 20
88.4250
 30
0.0000
 42
1.0000
  0
VERTEX
  8
16
 10
117.9968
 20
88.5750
 30
0.0000
  0
SEQEND
  8
0
  0
POLYLINE
  8
16
 66
1
 10
0.0000
 20
0.0000
 30
0.0000
 40
0.1500
 41
0.1500
 70
0
  0
VERTEX
  8
16
 10
104.6380
 20
88.5750
 30
0.0000
 42
1.0000
  0
VERTEX
  8
16
 10
104.6380
 20
88.4250
 30
0.0000
  0
SEQEND
  8
0
  0
POLYLINE
  8
16
 66
1
 10
0.0000
 20
0.0000
 30
0.0000
 40
0.3000
 41
0.3000
 70
0
  0
VERTEX
  8
16
 10
97.0164
 20
88.8000
 30
0.0000
  0
VERTEX
  8
16
 10
101.8512
 20
88.8000
 30
0.0000
  0
SEQEND
  8
0
  0
POLYLINE
  8
16
 66
1
 10
0.0000
 20
0.0000
 30
0.0000
 40
0.1500
 41
0.1500
 70
0
  0
VERTEX
  8
16
 10
101.8512
 20
88.7250
 30
0.0000
 42
1.0000
  0
VERTEX
  8
16
 10
101.8512
 20
88.8750
 30
0.0000
  0
SEQEND
  8
0
  0
POLYLINE
  8
16
 66
1
 10
0.0000
 20
0.0000
 30
0.0000
 40
0.1500
 41
0.1500
 70
0
  0
VERTEX
  8
16
 10
97.0164
 20
88.8750
 30
0.0000
 42
1.0000
  0
VERTEX
  8
16
 10
97.0164
 20
88.7250
 30
0.0000
  0
SEQEND
  8
0
  0
POLYLINE
  8
16
 66
1
 10
0.0000
 20
0.0000
 30
0.0000
 40
0.3000
 41
0.3000
 70
0
  0
VERTEX
  8
16
 10
104.8198
 20
88.8000
 30
0.0000
  0
VERTEX
  8
16
 10
117.9968
 20
88.8000
 30
0.0000
  0
SEQEND
  8
0
  0
POLYLINE
  8
16
 66
1
 10
0.0000
 20
0.0000
 30
0.0000
 40
0.1500
 41
0.1500
 70
0
  0
VERTEX
  8
16
 10
117.9968
 20
88.7250
 30
0.0000
 42
1.0000
  0
VERTEX
  8
16
 10
117.9968
 20
88.8750
 30
0.0000
  0
SEQEND
  8
0
  0
POLYLINE
  8
16
 66
1
 10
0.0000
 20
0.0000
 30
0.0000
 40
0.1500
 41
0.1500
 70
0
  0
VERTEX
  8
16
 10
104.8198
 20
88.8750
 30
0.0000
 42
1.0000
  0
VERTEX
  8
16
 10
104.8198
 20
88.7250
 30
0.0000
  0
SEQEND
  8
0
  0
POLYLINE
  8
16
 66
1
 10
0.0000
 20
0.0000
 30
0.0000
 40
0.3000
 41
0.3000
 70
0
  0
VERTEX
  8
16
 10
97.0164
 20
89.1000
 30
0.0000
  0
VERTEX
  8
16
 10
101.8922
 20
89.1000
 30
0.0000
  0
SEQEND
  8
0
  0
POLYLINE
  8
16
 66
1
 10
0.0000
 20
0.0000
 30
0.0000
 40
0.1500
 41
0.1500
 70
0
  0
VERTEX
  8
16
 10
101.8922
 20
89.0250
 30
0.0000
 42
1.0000
  0
VERTEX
  8
16
 10
101.8922
 20
89.1750
 30
0.0000
  0
SEQEND
  8
0
  0
POLYLINE
  8
16
 66
1
 10
0.0000
 20
0.0000
 30
0.0000
 40
0.1500
 41
0.1500
 70
0
  0
VERTEX
  8
16
 10
97.0164
 20
89.1750
 30
0.0000
 42
1.0000
  0
VERTEX
  8
16
 10
97.0164
 20
89.0250
 30
0.0000
  0
SEQEND
  8
0
  0
POLYLINE
  8
16
 66
1
 10
0.0000
 20
0.0000
 30
0.0000
 40
0.3000
 41
0.3000
 70
0
  0
VERTEX
  8
16
 10
104.8630
 20
89.1000
 30
0.0000
  0
VERTEX
  8
16
 10
117.9968
 20
89.1000
 30
0.0000
  0
SEQEND
  8
0
  0
POLYLINE
  8
16
 66
1
 10
0.0000
 20
0.0000
 30
0.0000
 40
0.1500
 41
0.1500
 70
0
  0
VERTEX
  8
16
 10
117.9968
 20
89.0250
 30
0.0000
 42
1.0000
  0
VERTEX
  8
16
 10
117.9968
 20
89.1750
 30
0.0000
  0
SEQEND
  8
0
  0
POLYLINE
  8
16
 66
1
 10
0.0000
 20
0.0000
 30
0.0000
 40
0.1500
 41
0.1500
 70
0
  0
VERTEX
  8
16
 10
104.8630
 20
89.1750
 30
0.0000
 42
1.0000
  0
VERTEX
  8
16
 10
104.8630
 20
89.0250
 30
0.0000
  0
SEQEND
  8
0
  0
POLYLINE
  8
16
 66
1
 10
0.0000
 20
0.0000
 30
0.0000
 40
0.3000
 41
0.3000
 70
0
  0
VERTEX
  8
16
 10
97.0164
 20
89.4000
 30
0.0000
  0
VERTEX
  8
16
 10
102.0976
 20
89.4000
 30
0.0000
  0
SEQEND
  8
0
  0
POLYLINE
  8
16
 66
1
 10
0.0000
 20
0.0000
 30
0.0000
 40
0.1500
 41
0.1500
 70
0
  0
VERTEX
  8
16
 10
102.0976
 20
89.3250
 30
0.0000
 42
1.0000
  0
VERTEX
  8
16
 10
102.0976
 20
89.4750
 30
0.0000
  0
SEQEND
  8
0
  0
POLYLINE
  8
16
 66
1
 10
0.0000
 20
0.0000
 30
0.0000
 40
0.1500
 41
0.1500
 70
0
  0
VERTEX
  8
16
 10
97.0164
 20
89.4750
 30
0.0000
 42
1.0000
  0
VERTEX
  8
16
 10
97.0164
 20
89.3250
 30
0.0000
  0
SEQEND
  8
0
  0
POLYLINE
  8
16
 66
1
 10
0.0000
 20
0.0000
 30
0.0000
 40
0.3000
 41
0.3000
 70
0
  0
VERTEX
  8
16
 10
104.7949
 20
89.4000
 30
0.0000
  0
VERTEX
  8
16
 10
117.9968
 20
89.4000
 30
0.0000
  0
SEQEND
  8
0
  0
POLYLINE
  8
16
 66
1
 10
0.0000
 20
0.0000
 30
0.0000
 40
0.1500
 41
0.1500
 70
0
  0
VERTEX
  8
16
 10
117.9968
 20
89.3250
 30
0.0000
 42
1.0000
  0
VERTEX
  8
16
 10
117.9968
 20
89.4750
 30
0.0000
  0
SEQEND
  8
0
  0
POLYLINE
  8
16
 66
1
 10
0.0000
 20
0.0000
 30
0.0000
 40
0.1500
 41
0.1500
 70
0
  0
VERTEX
  8
16
 10
104.7949
 20
89.4750
 30
0.0000
 42
1.0000
  0
VERTEX
  8
16
 10
104.7949
 20
89.3250
 30
0.0000
  0
SEQEND
  8
0
  0
POLYLINE
  8
16
 66
1
 10
0.0000
 20
0.0000
 30
0.0000
 40
0.3000
 41
0.3000
 70
0
  0
VERTEX
  8
16
 10
97.0164
 20
89.7000
 30
0.0000
  0
VERTEX
  8
16
 10
102.4388
 20
89.7000
 30
0.0000
  0
SEQEND
  8
0
  0
POLYLINE
  8
16
 66
1
 10
0.0000
 20
0.0000
 30
0.0000
 40
0.1500
 41
0.1500
 70
0
  0
VERTEX
  8
16
 10
102.4388
 20
89.6250
 30
0.0000
 42
1.0000
  0
VERTEX
  8
16
 10
102.4388
 20
89.7750
 30
0.0000
  0
SEQEND
  8
0
  0
POLYLINE
  8
16
 66
1
 10
0.0000
 20
0.0000
 30
0.0000
 40
0.1500
 41
0.1500
 70
0
  0
VERTEX
  8
16
 10
97.0164
 20
89.7750
 30
0.0000
 42
1.0000
  0
VERTEX
  8
16
 10
97.0164
 20
89.6250
 30
0.0000
  0
SEQEND
  8
0
  0
POLYLINE
  8
16
 66
1
 10
0.0000
 20
0.0000
 30
0.0000
 40
0.3000
 41
0.3000
 70
0
  0
VERTEX
  8
16
 10
104.5780
 20
89.7000
 30
0.0000
  0
VERTEX
  8
16
 10
117.9968
 20
89.7000
 30
0.0000
  0
SEQEND
  8
0
  0
POLYLINE
  8
16
 66
1
 10
0.0000
 20
0.0000
 30
0.0000
 40
0.1500
 41
0.1500
 70
0
  0
VERTEX
  8
16
 10
117.9968
 20
89.6250
 30
0.0000
 42
1.0000
  0
VERTEX
  8
16
 10
117.9968
 20
89.7750
 30
0.0000
  0
SEQEND
  8
0
  0
POLYLINE
  8
16
 66
1
 10
0.0000
 20
0.0000
 30
0.0000
 40
0.1500
 41
0.1500
 70
0
  0
VERTEX
  8
16
 10
104.5780
 20
89.7750
 30
0.0000
 42
1.0000
  0
VERTEX
  8
16
 10
104.5780
 20
89.6250
 30
0.0000
  0
SEQEND
  8
0
  0
POLYLINE
  8
16
 66
1
 10
0.0000
 20
0.0000
 30
0.0000
 40
0.3000
 41
0.3000
 70
0
  0
VERTEX
  8
16
 10
97.0164
 20
90.0000
 30
0.0000
  0
VERTEX
  8
16
 10
117.9968
 20
90.0000
 30
0.0000
  0
SEQEND
  8
0
  0
POLYLINE
  8
16
 66
1
 10
0.0000
 20
0.0000
 30
0.0000
 40
0.1500
 41
0.1500
 70
0
  0
VERTEX
  8
16
 10
117.9968
 20
89.9250
 30
0.0000
 42
1.0000
  0
VERTEX
  8
16
 10
117.9968
 20
90.0750
 30
0.0000
  0
SEQEND
  8
0
  0
POLYLINE
  8
16
 66
1
 10
0.0000
 20
0.0000
 30
0.0000
 40
0.1500
 41
0.1500
 70
0
  0
VERTEX
  8
16
 10
97.0164
 20
90.0750
 30
0.0000
 42
1.0000
  0
VERTEX
  8
16
 10
97.0164
 20
89.9250
 30
0.0000
  0
SEQEND
  8
0
  0
POLYLINE
  8
16
 66
1
 10
0.0000
 20
0.0000
 30
0.0000
 40
0.3000
 41
0.3000
 70
0
  0
VERTEX
  8
16
 10
97.0164
 20
90.3000
 30
0.0000
  0
VERTEX
  8
16
 10
117.9968
 20
90.3000
 30
0.0000
  0
SEQEND
  8
0
  0
POLYLINE
  8
16
 66
1
 10
0.0000
 20
0.0000
 30
0.0000
 40
0.1500
 41
0.1500
 70
0
  0
VERTEX
  8
16
 10
117.9968
 20
90.2250
 30
0.0000
 42
1.0000
  0
VERTEX
  8
16
 10
117.9968
 20
90.3750
 30
0.0000
  0
SEQEND
  8
0
  0
POLYLINE
  8
16
 66
1
 10
0.0000
 20
0.0000
 30
0.0000
 40
0.1500
 41
0.1500
 70
0
  0
VERTEX
  8
16
 10
97.0164
 20
90.3750
 30
0.0000
 42
1.0000
  0
VERTEX
  8
16
 10
97.0164
 20
90.2250
 30
0.0000
  0
SEQEND
  8
0
  0
POLYLINE
  8
16
 66
1
 10
0.0000
 20
0.0000
 30
0.0000
 40
0.3000
 41
0.3000
 70
0
  0
VERTEX
  8
16
 10
97.0164
 20
90.6000
 30
0.0000
  0
VERTEX
  8
16
 10
117.9968
 20
90.6000
 30
0.0000
  0
SEQEND
  8
0
  0
POLYLINE
  8
16
 66
1
 10
0.0000
 20
0.0000
 30
0.0000
 40
0.1500
 41
0.1500
 70
0
  0
VERTEX
  8
16
 10
117.9968
 20
90.5250
 30
0.0000
 42
1.0000
  0
VERTEX
  8
16
 10
117.9968
 20
90.6750
 30
0.0000
  0
SEQEND
  8
0
  0
POLYLINE
  8
16
 66
1
 10
0.0000
 20
0.0000
 30
0.0000
 40
0.1500
 41
0.1500
 70
0
  0
VERTEX
  8
16
 10
97.0164
 20
90.6750
 30
0.0000
 42
1.0000
  0
VERTEX
  8
16
 10
97.0164
 20
90.5250
 30
0.0000
  0
SEQEND
  8
0
  0
POLYLINE
  8
16
 66
1
 10
0.0000
 20
0.0000
 30
0.0000
 40
0.3000
 41
0.3000
 70
0
  0
VERTEX
  8
16
 10
97.0164
 20
90.9000
 30
0.0000
  0
VERTEX
  8
16
 10
117.9968
 20
90.9000
 30
0.0000
  0
SEQEND
  8
0
  0
POLYLINE
  8
16
 66
1
 10
0.0000
 20
0.0000
 30
0.0000
 40
0.1500
 41
0.1500
 70
0
  0
VERTEX
  8
16
 10
117.9968
 20
90.8250
 30
0.0000
 42
1.0000
  0
VERTEX
  8
16
 10
117.9968
 20
90.9750
 30
0.0000
  0
SEQEND
  8
0
  0
POLYLINE
  8
16
 66
1
 10
0.0000
 20
0.0000
 30
0.0000
 40
0.1500
 41
0.1500
 70
0
  0
VERTEX
  8
16
 10
97.0164
 20
90.9750
 30
0.0000
 42
1.0000
  0
VERTEX
  8
16
 10
97.0164
 20
90.8250
 30
0.0000
  0
SEQEND
  8
0
  0
POLYLINE
  8
16
 66
1
 10
0.0000
 20
0.0000
 30
0.0000
 40
0.3000
 41
0.3000
 70
0
  0
VERTEX
  8
16
 10
97.0164
 20
91.2000
 30
0.0000
  0
VERTEX
  8
16
 10
117.9968
 20
91.2000
 30
0.0000
  0
SEQEND
  8
0
  0
POLYLINE
  8
16
 66
1
 10
0.0000
 20
0.0000
 30
0.0000
 40
0.1500
 41
0.1500
 70
0
  0
VERTEX
  8
16
 10
117.9968
 20
91.1250
 30
0.0000
 42
1.0000
  0
VERTEX
  8
16
 10
117.9968
 20
91.2750
 30
0.0000
  0
SEQEND
  8
0
  0
POLYLINE
  8
16
 66
1
 10
0.0000
 20
0.0000
 30
0.0000
 40
0.1500
 41
0.1500
 70
0
  0
VERTEX
  8
16
 10
97.0164
 20
91.2750
 30
0.0000
 42
1.0000
  0
VERTEX
  8
16
 10
97.0164
 20
91.1250
 30
0.0000
  0
SEQEND
  8
0
  0
POLYLINE
  8
16
 66
1
 10
0.0000
 20
0.0000
 30
0.0000
 40
0.3000
 41
0.3000
 70
0
  0
VERTEX
  8
16
 10
97.0164
 20
91.5000
 30
0.0000
  0
VERTEX
  8
16
 10
117.9968
 20
91.5000
 30
0.0000
  0
SEQEND
  8
0
  0
POLYLINE
  8
16
 66
1
 10
0.0000
 20
0.0000
 30
0.0000
 40
0.1500
 41
0.1500
 70
0
  0
VERTEX
  8
16
 10
117.9968
 20
91.4250
 30
0.0000
 42
1.0000
  0
VERTEX
  8
16
 10
117.9968
 20
91.5750
 30
0.0000
  0
SEQEND
  8
0
  0
POLYLINE
  8
16
 66
1
 10
0.0000
 20
0.0000
 30
0.0000
 40
0.1500
 41
0.1500
 70
0
  0
VERTEX
  8
16
 10
97.0164
 20
91.5750
 30
0.0000
 42
1.0000
  0
VERTEX
  8
16
 10
97.0164
 20
91.4250
 30
0.0000
  0
SEQEND
  8
0
  0
POLYLINE
  8
16
 66
1
 10
0.0000
 20
0.0000
 30
0.0000
 40
0.3000
 41
0.3000
 70
0
  0
VERTEX
  8
16
 10
97.0164
 20
91.8000
 30
0.0000
  0
VERTEX
  8
16
 10
117.9968
 20
91.8000
 30
0.0000
  0
SEQEND
  8
0
  0
POLYLINE
  8
16
 66
1
 10
0.0000
 20
0.0000
 30
0.0000
 40
0.1500
 41
0.1500
 70
0
  0
VERTEX
  8
16
 10
117.9968
 20
91.7250
 30
0.0000
 42
1.0000
  0
VERTEX
  8
16
 10
117.9968
 20
91.8750
 30
0.0000
  0
SEQEND
  8
0
  0
POLYLINE
  8
16
 66
1
 10
0.0000
 20
0.0000
 30
0.0000
 40
0.1500
 41
0.1500
 70
0
  0
VERTEX
  8
16
 10
97.0164
 20
91.8750
 30
0.0000
 42
1.0000
  0
VERTEX
  8
16
 10
97.0164
 20
91.7250
 30
0.0000
  0
SEQEND
  8
0
  0
POLYLINE
  8
16
 66
1
 10
0.0000
 20
0.0000
 30
0.0000
 40
0.3000
 41
0.3000
 70
0
  0
VERTEX
  8
16
 10
97.0309
 20
92.1000
 30
0.0000
  0
VERTEX
  8
16
 10
117.9783
 20
92.1000
 30
0.0000
  0
SEQEND
  8
0
  0
POLYLINE
  8
16
 66
1
 10
0.0000
 20
0.0000
 30
0.0000
 40
0.1500
 41
0.1500
 70
0
  0
VERTEX
  8
16
 10
117.9783
 20
92.0250
 30
0.0000
 42
1.0000
  0
VERTEX
  8
16
 10
117.9783
 20
92.1750
 30
0.0000
  0
SEQEND
  8
0
  0
POLYLINE
  8
16
 66
1
 10
0.0000
 20
0.0000
 30
0.0000
 40
0.1500
 41
0.1500
 70
0
  0
VERTEX
  8
16
 10
97.0309
 20
92.1750
 30
0.0000
 42
1.0000
  0
VERTEX
  8
16
 10
97.0309
 20
92.0250
 30
0.0000
  0
SEQEND
  8
0
  0
POLYLINE
  8
16
 66
1
 10
0.0000
 20
0.0000
 30
0.0000
 40
0.3000
 41
0.3000
 70
0
  0
VERTEX
  8
16
 10
97.3165
 20
92.4000
 30
0.0000
  0
VERTEX
  8
16
 10
117.6948
 20
92.4000
 30
0.0000
  0
SEQEND
  8
0
  0
POLYLINE
  8
16
 66
1
 10
0.0000
 20
0.0000
 30
0.0000
 40
0.1500
 41
0.1500
 70
0
  0
VERTEX
  8
16
 10
117.6948
 20
92.3250
 30
0.0000
 42
1.0000
  0
VERTEX
  8
16
 10
117.6948
 20
92.4750
 30
0.0000
  0
SEQEND
  8
0
  0
POLYLINE
  8
16
 66
1
 10
0.0000
 20
0.0000
 30
0.0000
 40
0.1500
 41
0.1500
 70
0
  0
VERTEX
  8
16
 10
97.3165
 20
92.4750
 30
0.0000
 42
1.0000
  0
VERTEX
  8
16
 10
97.3165
 20
92.3250
 30
0.0000
  0
SEQEND
  8
0
  0
POLYLINE
  8
1
 66
1
 10
0.0000
 20
0.0000
 30
0.0000
 40
1.0160
 41
1.0160
 70
0
  0
VERTEX
  8
1
 10
101.4600
 20
84.2550
 30
0.0000
  0
VERTEX
  8
1
 10
98.8150
 20
84.2550
 30
0.0000
  0
SEQEND
  8
0
  0
POLYLINE
  8
1
 66
1
 10
0.0000
 20
0.0000
 30
0.0000
 40
0.5080
 41
0.5080
 70
0
  0
VERTEX
  8
1
 10
98.8150
 20
84.5090
 30
0.0000
 42
1.0000
  0
VERTEX
  8
1
 10
98.8150
 20
84.0010
 30
0.0000
  0
SEQEND
  8
0
  0
POLYLINE
  8
1
 66
1
 10
0.0000
 20
0.0000
 30
0.0000
 40
0.5080
 41
0.5080
 70
0
  0
VERTEX
  8
1
 10
101.4600
 20
84.0010
 30
0.0000
 42
1.0000
  0
VERTEX
  8
1
 10
101.4600
 20
84.5090
 30
0.0000
  0
SEQEND
  8
0
  0
POLYLINE
  8
1
 66
1
 10
0.0000
 20
0.0000
 30
0.0000
 40
1.0160
 41
1.0160
 70
0
  0
VERTEX
  8
1
 10
98.3500
 20
83.7900
 30
0.0000
  0
VERTEX
  8
1
 10
98.3296
 20
83.7696
 30
0.0000
  0
SEQEND
  8
0
  0
POLYLINE
  8
1
 66
1
 10
0.0000
 20
0.0000
 30
0.0000
 40
0.5080
 41
0.5080
 70
0
  0
VERTEX
  8
1
 10
98.1500
 20
83.9492
 30
0.0000
 42
1.0000
  0
VERTEX
  8
1
 10
98.5092
 20
83.5900
 30
0.0000
  0
SEQEND
  8
0
  0
POLYLINE
  8
1
 66
1
 10
0.0000
 20
0.0000
 30
0.0000
 40
0.5080
 41
0.5080
 70
0
  0
VERTEX
  8
1
 10
98.5296
 20
83.6104
 30
0.0000
 42
1.0000
  0
VERTEX
  8
1
 10
98.1704
 20
83.9696
 30
0.0000
  0
SEQEND
  8
0
  0
POLYLINE
  8
1
 66
1
 10
0.0000
 20
0.0000
 30
0.0000
 40
1.0160
 41
1.0160
 70
0
  0
VERTEX
  8
1
 10
98.8150
 20
84.2550
 30
0.0000
  0
VERTEX
  8
1
 10
98.3500
 20
83.7900
 30
0.0000
  0
SEQEND
  8
0
  0
POLYLINE
  8
1
 66
1
 10
0.0000
 20
0.0000
 30
0.0000
 40
0.5080
 41
0.5080
 70
0
  0
VERTEX
  8
1
 10
98.1704
 20
83.9696
 30
0.0000
 42
1.0000
  0
VERTEX
  8
1
 10
98.5296
 20
83.6104
 30
0.0000
  0
SEQEND
  8
0
  0
POLYLINE
  8
1
 66
1
 10
0.0000
 20
0.0000
 30
0.0000
 40
0.5080
 41
0.5080
 70
0
  0
VERTEX
  8
1
 10
98.9946
 20
84.0754
 30
0.0000
 42
1.0000
  0
VERTEX
  8
1
 10
98.6354
 20
84.4346
 30
0.0000
  0
SEQEND
  8
0
  0
POLYLINE
  8
1
 66
1
 10
0.0000
 20
0.0000
 30
0.0000
 40
1.0160
 41
1.0160
 70
0
  0
VERTEX
  8
1
 10
98.3500
 20
80.9000
 30
0.0000
  0
VERTEX
  8
1
 10
98.3500
 20
83.7900
 30
0.0000
  0
SEQEND
  8
0
  0
POLYLINE
  8
1
 66
1
 10
0.0000
 20
0.0000
 30
0.0000
 40
0.5080
 41
0.5080
 70
0
  0
VERTEX
  8
1
 10
98.6040
 20
83.7900
 30
0.0000
 42
1.0000
  0
VERTEX
  8
1
 10
98.0960
 20
83.7900
 30
0.0000
  0
SEQEND
  8
0
  0
POLYLINE
  8
1
 66
1
 10
0.0000
 20
0.0000
 30
0.0000
 40
0.5080
 41
0.5080
 70
0
  0
VERTEX
  8
1
 10
98.0960
 20
80.9000
 30
0.0000
 42
1.0000
  0
VERTEX
  8
1
 10
98.6040
 20
80.9000
 30
0.0000
  0
SEQEND
  8
0
  0
POLYLINE
  8
1
 66
1
 10
0.0000
 20
0.0000
 30
0.0000
 40
1.0160
 41
1.0160
 70
0
  0
VERTEX
  8
1
 10
98.3500
 20
80.9000
 30
0.0000
  0
VERTEX
  8
1
 10
99.8100
 20
79.4400
 30
0.0000
  0
SEQEND
  8
0
  0
POLYLINE
  8
1
 66
1
 10
0.0000
 20
0.0000
 30
0.0000
 40
0.5080
 41
0.5080
 70
0
  0
VERTEX
  8
1
 10
99.6304
 20
79.2604
 30
0.0000
 42
1.0000
  0
VERTEX
  8
1
 10
99.9896
 20
79.6196
 30
0.0000
  0
SEQEND
  8
0
  0
POLYLINE
  8
1
 66
1
 10
0.0000
 20
0.0000
 30
0.0000
 40
0.5080
 41
0.5080
 70
0
  0
VERTEX
  8
1
 10
98.5296
 20
81.0796
 30
0.0000
 42
1.0000
  0
VERTEX
  8
1
 10
98.1704
 20
80.7204
 30
0.0000
  0
SEQEND
  8
0
  0
POLYLINE
  8
1
 66
1
 10
0.0000
 20
0.0000
 30
0.0000
 40
1.0160
 41
1.0160
 70
0
  0
VERTEX
  8
1
 10
99.8100
 20
79.4400
 30
0.0000
  0
VERTEX
  8
1
 10
102.1600
 20
79.4400
 30
0.0000
  0
SEQEND
  8
0
  0
POLYLINE
  8
1
 66
1
 10
0.0000
 20
0.0000
 30
0.0000
 40
0.5080
 41
0.5080
 70
0
  0
VERTEX
  8
1
 10
102.1600
 20
79.1860
 30
0.0000
 42
1.0000
  0
VERTEX
  8
1
 10
102.1600
 20
79.6940
 30
0.0000
  0
SEQEND
  8
0
  0
POLYLINE
  8
1
 66
1
 10
0.0000
 20
0.0000
 30
0.0000
 40
0.5080
 41
0.5080
 70
0
  0
VERTEX
  8
1
 10
99.8100
 20
79.6940
 30
0.0000
 42
1.0000
  0
VERTEX
  8
1
 10
99.8100
 20
79.1860
 30
0.0000
  0
SEQEND
  8
0
  0
POLYLINE
  8
1
 66
1
 10
0.0000
 20
0.0000
 30
0.0000
 40
1.0160
 41
1.0160
 70
0
  0
VERTEX
  8
1
 10
102.1600
 20
79.4400
 30
0.0000
  0
VERTEX
  8
1
 10
102.5850
 20
79.0150
 30
0.0000
  0
SEQEND
  8
0
  0
POLYLINE
  8
1
 66
1
 10
0.0000
 20
0.0000
 30
0.0000
 40
0.5080
 41
0.5080
 70
0
  0
VERTEX
  8
1
 10
102.4054
 20
78.8354
 30
0.0000
 42
1.0000
  0
VERTEX
  8
1
 10
102.7646
 20
79.1946
 30
0.0000
  0
SEQEND
  8
0
  0
POLYLINE
  8
1
 66
1
 10
0.0000
 20
0.0000
 30
0.0000
 40
0.5080
 41
0.5080
 70
0
  0
VERTEX
  8
1
 10
102.3396
 20
79.6196
 30
0.0000
 42
1.0000
  0
VERTEX
  8
1
 10
101.9804
 20
79.2604
 30
0.0000
  0
SEQEND
  8
0
  0
POLYLINE
  8
1
 66
1
 10
0.0000
 20
0.0000
 30
0.0000
 40
0.5080
 41
0.5080
 70
0
  0
VERTEX
  8
1
 10
113.7100
 20
90.0000
 30
0.0000
  0
VERTEX
  8
1
 10
110.2000
 20
90.0000
 30
0.0000
  0
SEQEND
  8
0
  0
POLYLINE
  8
1
 66
1
 10
0.0000
 20
0.0000
 30
0.0000
 40
0.2540
 41
0.2540
 70
0
  0
VERTEX
  8
1
 10
110.2000
 20
90.1270
 30
0.0000
 42
1.0000
  0
VERTEX
  8
1
 10
110.2000
 20
89.8730
 30
0.0000
  0
SEQEND
  8
0
  0
POLYLINE
  8
1
 66
1
 10
0.0000
 20
0.0000
 30
0.0000
 40
0.2540
 41
0.2540
 70
0
  0
VERTEX
  8
1
 10
113.7100
 20
89.8730
 30
0.0000
 42
1.0000
  0
VERTEX
  8
1
 10
113.7100
 20
90.1270
 30
0.0000
  0
SEQEND
  8
0
  0
POLYLINE
  8
1
 66
1
 10
0.0000
 20
0.0000
 30
0.0000
 40
0.5080
 41
0.5080
 70
0
  0
VERTEX
  8
1
 10
109.4300
 20
90.7700
 30
0.0000
  0
VERTEX
  8
1
 10
108.5800
 20
90.7700
 30
0.0000
  0
SEQEND
  8
0
  0
POLYLINE
  8
1
 66
1
 10
0.0000
 20
0.0000
 30
0.0000
 40
0.2540
 41
0.2540
 70
0
  0
VERTEX
  8
1
 10
108.5800
 20
90.8970
 30
0.0000
 42
1.0000
  0
VERTEX
  8
1
 10
108.5800
 20
90.6430
 30
0.0000
  0
SEQEND
  8
0
  0
POLYLINE
  8
1
 66
1
 10
0.0000
 20
0.0000
 30
0.0000
 40
0.2540
 41
0.2540
 70
0
  0
VERTEX
  8
1
 10
109.4300
 20
90.6430
 30
0.0000
 42
1.0000
  0
VERTEX
  8
1
 10
109.4300
 20
90.8970
 30
0.0000
  0
SEQEND
  8
0
  0
POLYLINE
  8
1
 66
1
 10
0.0000
 20
0.0000
 30
0.0000
 40
0.5080
 41
0.5080
 70
0
  0
VERTEX
  8
1
 10
110.2000
 20
90.0000
 30
0.0000
  0
VERTEX
  8
1
 10
109.4300
 20
90.7700
 30
0.0000
  0
SEQEND
  8
0
  0
POLYLINE
  8
1
 66
1
 10
0.0000
 20
0.0000
 30
0.0000
 40
0.2540
 41
0.2540
 70
0
  0
VERTEX
  8
1
 10
109.5198
 20
90.8598
 30
0.0000
 42
1.0000
  0
VERTEX
  8
1
 10
109.3402
 20
90.6802
 30
0.0000
  0
SEQEND
  8
0
  0
POLYLINE
  8
1
 66
1
 10
0.0000
 20
0.0000
 30
0.0000
 40
0.2540
 41
0.2540
 70
0
  0
VERTEX
  8
1
 10
110.1102
 20
89.9102
 30
0.0000
 42
1.0000
  0
VERTEX
  8
1
 10
110.2898
 20
90.0898
 30
0.0000
  0
SEQEND
  8
0
  0
POLYLINE
  8
1
 66
1
 10
0.0000
 20
0.0000
 30
0.0000
 40
0.5080
 41
0.5080
 70
0
  0
VERTEX
  8
1
 10
108.5800
 20
90.7700
 30
0.0000
  0
VERTEX
  8
1
 10
105.8100
 20
90.7700
 30
0.0000
  0
SEQEND
  8
0
  0
POLYLINE
  8
1
 66
1
 10
0.0000
 20
0.0000
 30
0.0000
 40
0.2540
 41
0.2540
 70
0
  0
VERTEX
  8
1
 10
105.8100
 20
90.8970
 30
0.0000
 42
1.0000
  0
VERTEX
  8
1
 10
105.8100
 20
90.6430
 30
0.0000
  0
SEQEND
  8
0
  0
POLYLINE
  8
1
 66
1
 10
0.0000
 20
0.0000
 30
0.0000
 40
0.2540
 41
0.2540
 70
0
  0
VERTEX
  8
1
 10
108.5800
 20
90.6430
 30
0.0000
 42
1.0000
  0
VERTEX
  8
1
 10
108.5800
 20
90.8970
 30
0.0000
  0
SEQEND
  8
0
  0
POLYLINE
  8
1
 66
1
 10
0.0000
 20
0.0000
 30
0.0000
 40
0.5080
 41
0.5080
 70
0
  0
VERTEX
  8
1
 10
105.8100
 20
90.7700
 30
0.0000
  0
VERTEX
  8
1
 10
105.7200
 20
90.8600
 30
0.0000
  0
SEQEND
  8
0
  0
POLYLINE
  8
1
 66
1
 10
0.0000
 20
0.0000
 30
0.0000
 40
0.2540
 41
0.2540
 70
0
  0
VERTEX
  8
1
 10
105.8098
 20
90.9498
 30
0.0000
 42
1.0000
  0
VERTEX
  8
1
 10
105.6302
 20
90.7702
 30
0.0000
  0
SEQEND
  8
0
  0
POLYLINE
  8
1
 66
1
 10
0.0000
 20
0.0000
 30
0.0000
 40
0.2540
 41
0.2540
 70
0
  0
VERTEX
  8
1
 10
105.7202
 20
90.6802
 30
0.0000
 42
1.0000
  0
VERTEX
  8
1
 10
105.8998
 20
90.8598
 30
0.0000
  0
SEQEND
  8
0
  0
POLYLINE
  8
1
 66
1
 10
0.0000
 20
0.0000
 30
0.0000
 40
0.5080
 41
0.5080
 70
0
  0
VERTEX
  8
1
 10
113.7100
 20
90.0000
 30
0.0000
  0
VERTEX
  8
1
 10
114.7000
 20
90.0000
 30
0.0000
  0
SEQEND
  8
0
  0
POLYLINE
  8
1
 66
1
 10
0.0000
 20
0.0000
 30
0.0000
 40
0.2540
 41
0.2540
 70
0
  0
VERTEX
  8
1
 10
114.7000
 20
89.8730
 30
0.0000
 42
1.0000
  0
VERTEX
  8
1
 10
114.7000
 20
90.1270
 30
0.0000
  0
SEQEND
  8
0
  0
POLYLINE
  8
1
 66
1
 10
0.0000
 20
0.0000
 30
0.0000
 40
0.2540
 41
0.2540
 70
0
  0
VERTEX
  8
1
 10
113.7100
 20
90.1270
 30
0.0000
 42
1.0000
  0
VERTEX
  8
1
 10
113.7100
 20
89.8730
 30
0.0000
  0
SEQEND
  8
0
  0
POLYLINE
  8
1
 66
1
 10
0.0000
 20
0.0000
 30
0.0000
 40
0.5080
 41
0.5080
 70
0
  0
VERTEX
  8
1
 10
114.9300
 20
90.2300
 30
0.0000
  0
VERTEX
  8
1
 10
116.1400
 20
90.2300
 30
0.0000
  0
SEQEND
  8
0
  0
POLYLINE
  8
1
 66
1
 10
0.0000
 20
0.0000
 30
0.0000
 40
0.2540
 41
0.2540
 70
0
  0
VERTEX
  8
1
 10
116.1400
 20
90.1030
 30
0.0000
 42
1.0000
  0
VERTEX
  8
1
 10
116.1400
 20
90.3570
 30
0.0000
  0
SEQEND
  8
0
  0
POLYLINE
  8
1
 66
1
 10
0.0000
 20
0.0000
 30
0.0000
 40
0.2540
 41
0.2540
 70
0
  0
VERTEX
  8
1
 10
114.9300
 20
90.3570
 30
0.0000
 42
1.0000
  0
VERTEX
  8
1
 10
114.9300
 20
90.1030
 30
0.0000
  0
SEQEND
  8
0
  0
POLYLINE
  8
1
 66
1
 10
0.0000
 20
0.0000
 30
0.0000
 40
0.5080
 41
0.5080
 70
0
  0
VERTEX
  8
1
 10
114.7000
 20
90.0000
 30
0.0000
  0
VERTEX
  8
1
 10
114.9300
 20
90.2300
 30
0.0000
  0
SEQEND
  8
0
  0
POLYLINE
  8
1
 66
1
 10
0.0000
 20
0.0000
 30
0.0000
 40
0.2540
 41
0.2540
 70
0
  0
VERTEX
  8
1
 10
115.0198
 20
90.1402
 30
0.0000
 42
1.0000
  0
VERTEX
  8
1
 10
114.8402
 20
90.3198
 30
0.0000
  0
SEQEND
  8
0
  0
POLYLINE
  8
1
 66
1
 10
0.0000
 20
0.0000
 30
0.0000
 40
0.2540
 41
0.2540
 70
0
  0
VERTEX
  8
1
 10
114.6102
 20
90.0898
 30
0.0000
 42
1.0000
  0
VERTEX
  8
1
 10
114.7898
 20
89.9102
 30
0.0000
  0
SEQEND
  8
0
  0
POLYLINE
  8
1
 66
1
 10
0.0000
 20
0.0000
 30
0.0000
 40
1.0160
 41
1.0160
 70
0
  0
VERTEX
  8
1
 10
98.3296
 20
83.7696
 30
0.0000
  0
VERTEX
  8
1
 10
98.3296
 20
86.5078
 30
0.0000
  0
SEQEND
  8
0
  0
POLYLINE
  8
1
 66
1
 10
0.0000
 20
0.0000
 30
0.0000
 40
0.5080
 41
0.5080
 70
0
  0
VERTEX
  8
1
 10
98.5836
 20
86.5078
 30
0.0000
 42
1.0000
  0
VERTEX
  8
1
 10
98.0756
 20
86.5078
 30
0.0000
  0
SEQEND
  8
0
  0
POLYLINE
  8
1
 66
1
 10
0.0000
 20
0.0000
 30
0.0000
 40
0.5080
 41
0.5080
 70
0
  0
VERTEX
  8
1
 10
98.0756
 20
83.7696
 30
0.0000
 42
1.0000
  0
VERTEX
  8
1
 10
98.5836
 20
83.7696
 30
0.0000
  0
SEQEND
  8
0
  0
POLYLINE
  8
1
 66
1
 10
0.0000
 20
0.0000
 30
0.0000
 40
1.0160
 41
1.0160
 70
0
  0
VERTEX
  8
1
 10
98.3296
 20
86.5078
 30
0.0000
  0
VERTEX
  8
1
 10
102.6818
 20
90.8600
 30
0.0000
  0
SEQEND
  8
0
  0
POLYLINE
  8
1
 66
1
 10
0.0000
 20
0.0000
 30
0.0000
 40
0.5080
 41
0.5080
 70
0
  0
VERTEX
  8
1
 10
102.8614
 20
90.6804
 30
0.0000
 42
1.0000
  0
VERTEX
  8
1
 10
102.5022
 20
91.0396
 30
0.0000
  0
SEQEND
  8
0
  0
POLYLINE
  8
1
 66
1
 10
0.0000
 20
0.0000
 30
0.0000
 40
0.5080
 41
0.5080
 70
0
  0
VERTEX
  8
1
 10
98.1500
 20
86.6874
 30
0.0000
 42
1.0000
  0
VERTEX
  8
1
 10
98.5092
 20
86.3282
 30
0.0000
  0
SEQEND
  8
0
  0
POLYLINE
  8
1
 66
1
 10
0.0000
 20
0.0000
 30
0.0000
 40
1.0160
 41
1.0160
 70
0
  0
VERTEX
  8
1
 10
102.6818
 20
90.8600
 30
0.0000
  0
VERTEX
  8
1
 10
105.7200
 20
90.8600
 30
0.0000
  0
SEQEND
  8
0
  0
POLYLINE
  8
1
 66
1
 10
0.0000
 20
0.0000
 30
0.0000
 40
0.5080
 41
0.5080
 70
0
  0
VERTEX
  8
1
 10
105.7200
 20
90.6060
 30
0.0000
 42
1.0000
  0
VERTEX
  8
1
 10
105.7200
 20
91.1140
 30
0.0000
  0
SEQEND
  8
0
  0
POLYLINE
  8
1
 66
1
 10
0.0000
 20
0.0000
 30
0.0000
 40
0.5080
 41
0.5080
 70
0
  0
VERTEX
  8
1
 10
102.6818
 20
91.1140
 30
0.0000
 42
1.0000
  0
VERTEX
  8
1
 10
102.6818
 20
90.6060
 30
0.0000
  0
SEQEND
  8
0
  0
POLYLINE
  8
1
 66
1
 10
0.0000
 20
0.0000
 30
0.0000
 40
0.5080
 41
0.5080
 70
0
  0
VERTEX
  8
1
 10
99.7000
 20
76.1700
 30
0.0000
  0
VERTEX
  8
1
 10
100.5300
 20
76.1700
 30
0.0000
  0
SEQEND
  8
0
  0
POLYLINE
  8
1
 66
1
 10
0.0000
 20
0.0000
 30
0.0000
 40
0.2540
 41
0.2540
 70
0
  0
VERTEX
  8
1
 10
100.5300
 20
76.0430
 30
0.0000
 42
1.0000
  0
VERTEX
  8
1
 10
100.5300
 20
76.2970
 30
0.0000
  0
SEQEND
  8
0
  0
POLYLINE
  8
1
 66
1
 10
0.0000
 20
0.0000
 30
0.0000
 40
0.2540
 41
0.2540
 70
0
  0
VERTEX
  8
1
 10
99.7000
 20
76.2970
 30
0.0000
 42
1.0000
  0
VERTEX
  8
1
 10
99.7000
 20
76.0430
 30
0.0000
  0
SEQEND
  8
0
  0
POLYLINE
  8
1
 66
1
 10
0.0000
 20
0.0000
 30
0.0000
 40
0.5080
 41
0.5080
 70
0
  0
VERTEX
  8
1
 10
102.3600
 20
78.3800
 30
0.0000
  0
VERTEX
  8
1
 10
102.3600
 20
78.0000
 30
0.0000
  0
SEQEND
  8
0
  0
POLYLINE
  8
1
 66
1
 10
0.0000
 20
0.0000
 30
0.0000
 40
0.2540
 41
0.2540
 70
0
  0
VERTEX
  8
1
 10
102.2330
 20
78.0000
 30
0.0000
 42
1.0000
  0
VERTEX
  8
1
 10
102.4870
 20
78.0000
 30
0.0000
  0
SEQEND
  8
0
  0
POLYLINE
  8
1
 66
1
 10
0.0000
 20
0.0000
 30
0.0000
 40
0.2540
 41
0.2540
 70
0
  0
VERTEX
  8
1
 10
102.4870
 20
78.3800
 30
0.0000
 42
1.0000
  0
VERTEX
  8
1
 10
102.2330
 20
78.3800
 30
0.0000
  0
SEQEND
  8
0
  0
POLYLINE
  8
1
 66
1
 10
0.0000
 20
0.0000
 30
0.0000
 40
0.5080
 41
0.5080
 70
0
  0
VERTEX
  8
1
 10
102.3600
 20
78.0000
 30
0.0000
  0
VERTEX
  8
1
 10
100.5300
 20
76.1700
 30
0.0000
  0
SEQEND
  8
0
  0
POLYLINE
  8
1
 66
1
 10
0.0000
 20
0.0000
 30
0.0000
 40
0.2540
 41
0.2540
 70
0
  0
VERTEX
  8
1
 10
100.4402
 20
76.2598
 30
0.0000
 42
1.0000
  0
VERTEX
  8
1
 10
100.6198
 20
76.0802
 30
0.0000
  0
SEQEND
  8
0
  0
POLYLINE
  8
1
 66
1
 10
0.0000
 20
0.0000
 30
0.0000
 40
0.2540
 41
0.2540
 70
0
  0
VERTEX
  8
1
 10
102.4498
 20
77.9102
 30
0.0000
 42
1.0000
  0
VERTEX
  8
1
 10
102.2702
 20
78.0898
 30
0.0000
  0
SEQEND
  8
0
  0
POLYLINE
  8
1
 66
1
 10
0.0000
 20
0.0000
 30
0.0000
 40
0.3048
 41
0.3048
 70
0
  0
VERTEX
  8
1
 10
113.7100
 20
90.9500
 30
0.0000
  0
VERTEX
  8
1
 10
115.6700
 20
90.9500
 30
0.0000
  0
SEQEND
  8
0
  0
POLYLINE
  8
1
 66
1
 10
0.0000
 20
0.0000
 30
0.0000
 40
0.1524
 41
0.1524
 70
0
  0
VERTEX
  8
1
 10
115.6700
 20
90.8738
 30
0.0000
 42
1.0000
  0
VERTEX
  8
1
 10
115.6700
 20
91.0262
 30
0.0000
  0
SEQEND
  8
0
  0
POLYLINE
  8
1
 66
1
 10
0.0000
 20
0.0000
 30
0.0000
 40
0.1524
 41
0.1524
 70
0
  0
VERTEX
  8
1
 10
113.7100
 20
91.0262
 30
0.0000
 42
1.0000
  0
VERTEX
  8
1
 10
113.7100
 20
90.8738
 30
0.0000
  0
SEQEND
  8
0
  0
POLYLINE
  8
1
 66
1
 10
0.0000
 20
0.0000
 30
0.0000
 40
0.3048
 41
0.3048
 70
0
  0
VERTEX
  8
1
 10
116.1400
 20
90.2300
 30
0.0000
  0
VERTEX
  8
1
 10
116.1400
 20
90.4800
 30
0.0000
  0
SEQEND
  8
0
  0
POLYLINE
  8
1
 66
1
 10
0.0000
 20
0.0000
 30
0.0000
 40
0.1524
 41
0.1524
 70
0
  0
VERTEX
  8
1
 10
116.2162
 20
90.4800
 30
0.0000
 42
1.0000
  0
VERTEX
  8
1
 10
116.0638
 20
90.4800
 30
0.0000
  0
SEQEND
  8
0
  0
POLYLINE
  8
1
 66
1
 10
0.0000
 20
0.0000
 30
0.0000
 40
0.1524
 41
0.1524
 70
0
  0
VERTEX
  8
1
 10
116.0638
 20
90.2300
 30
0.0000
 42
1.0000
  0
VERTEX
  8
1
 10
116.2162
 20
90.2300
 30
0.0000
  0
SEQEND
  8
0
  0
POLYLINE
  8
1
 66
1
 10
0.0000
 20
0.0000
 30
0.0000
 40
0.3048
 41
0.3048
 70
0
  0
VERTEX
  8
1
 10
115.6700
 20
90.9500
 30
0.0000
  0
VERTEX
  8
1
 10
116.1400
 20
90.4800
 30
0.0000
  0
SEQEND
  8
0
  0
POLYLINE
  8
1
 66
1
 10
0.0000
 20
0.0000
 30
0.0000
 40
0.1524
 41
0.1524
 70
0
  0
VERTEX
  8
1
 10
116.0861
 20
90.4261
 30
0.0000
 42
1.0000
  0
VERTEX
  8
1
 10
116.1939
 20
90.5339
 30
0.0000
  0
SEQEND
  8
0
  0
POLYLINE
  8
1
 66
1
 10
0.0000
 20
0.0000
 30
0.0000
 40
0.1524
 41
0.1524
 70
0
  0
VERTEX
  8
1
 10
115.7239
 20
91.0039
 30
0.0000
 42
1.0000
  0
VERTEX
  8
1
 10
115.6161
 20
90.8961
 30
0.0000
  0
SEQEND
  8
0
  0
POLYLINE
  8
1
 66
1
 10
0.0000
 20
0.0000
 30
0.0000
 40
0.5080
 41
0.5080
 70
0
  0
VERTEX
  8
1
 10
109.7100
 20
71.6950
 30
0.0000
  0
VERTEX
  8
1
 10
109.7100
 20
71.0600
 30
0.0000
  0
SEQEND
  8
0
  0
POLYLINE
  8
1
 66
1
 10
0.0000
 20
0.0000
 30
0.0000
 40
0.2540
 41
0.2540
 70
0
  0
VERTEX
  8
1
 10
109.5830
 20
71.0600
 30
0.0000
 42
1.0000
  0
VERTEX
  8
1
 10
109.8370
 20
71.0600
 30
0.0000
  0
SEQEND
  8
0
  0
POLYLINE
  8
1
 66
1
 10
0.0000
 20
0.0000
 30
0.0000
 40
0.2540
 41
0.2540
 70
0
  0
VERTEX
  8
1
 10
109.8370
 20
71.6950
 30
0.0000
 42
1.0000
  0
VERTEX
  8
1
 10
109.5830
 20
71.6950
 30
0.0000
  0
SEQEND
  8
0
  0
POLYLINE
  8
1
 66
1
 10
0.0000
 20
0.0000
 30
0.0000
 40
0.5080
 41
0.5080
 70
0
  0
VERTEX
  8
1
 10
98.6500
 20
75.1200
 30
0.0000
  0
VERTEX
  8
1
 10
99.7000
 20
76.1700
 30
0.0000
  0
SEQEND
  8
0
  0
POLYLINE
  8
1
 66
1
 10
0.0000
 20
0.0000
 30
0.0000
 40
0.2540
 41
0.2540
 70
0
  0
VERTEX
  8
1
 10
99.7898
 20
76.0802
 30
0.0000
 42
1.0000
  0
VERTEX
  8
1
 10
99.6102
 20
76.2598
 30
0.0000
  0
SEQEND
  8
0
  0
POLYLINE
  8
1
 66
1
 10
0.0000
 20
0.0000
 30
0.0000
 40
0.2540
 41
0.2540
 70
0
  0
VERTEX
  8
1
 10
98.5602
 20
75.2098
 30
0.0000
 42
1.0000
  0
VERTEX
  8
1
 10
98.7398
 20
75.0302
 30
0.0000
  0
SEQEND
  8
0
  0
POLYLINE
  8
16
 66
1
 10
0.0000
 20
0.0000
 30
0.0000
 40
0.5080
 41
0.5080
 70
0
  0
VERTEX
  8
16
 10
102.6650
 20
76.4900
 30
0.0000
  0
VERTEX
  8
16
 10
100.0200
 20
76.4900
 30
0.0000
  0
SEQEND
  8
0
  0
POLYLINE
  8
16
 66
1
 10
0.0000
 20
0.0000
 30
0.0000
 40
0.2540
 41
0.2540
 70
0
  0
VERTEX
  8
16
 10
100.0200
 20
76.6170
 30
0.0000
 42
1.0000
  0
VERTEX
  8
16
 10
100.0200
 20
76.3630
 30
0.0000
  0
SEQEND
  8
0
  0
POLYLINE
  8
16
 66
1
 10
0.0000
 20
0.0000
 30
0.0000
 40
0.2540
 41
0.2540
 70
0
  0
VERTEX
  8
16
 10
102.6650
 20
76.3630
 30
0.0000
 42
1.0000
  0
VERTEX
  8
16
 10
102.6650
 20
76.6170
 30
0.0000
  0
SEQEND
  8
0
  0
POLYLINE
  8
16
 66
1
 10
0.0000
 20
0.0000
 30
0.0000
 40
0.5080
 41
0.5080
 70
0
  0
VERTEX
  8
16
 10
99.7000
 20
76.1700
 30
0.0000
  0
VERTEX
  8
16
 10
100.0200
 20
76.4900
 30
0.0000
  0
SEQEND
  8
0
  0
POLYLINE
  8
16
 66
1
 10
0.0000
 20
0.0000
 30
0.0000
 40
0.2540
 41
0.2540
 70
0
  0
VERTEX
  8
16
 10
100.1098
 20
76.4002
 30
0.0000
 42
1.0000
  0
VERTEX
  8
16
 10
99.9302
 20
76.5798
 30
0.0000
  0
SEQEND
  8
0
  0
POLYLINE
  8
16
 66
1
 10
0.0000
 20
0.0000
 30
0.0000
 40
0.2540
 41
0.2540
 70
0
  0
VERTEX
  8
16
 10
99.6102
 20
76.2598
 30
0.0000
 42
1.0000
  0
VERTEX
  8
16
 10
99.7898
 20
76.0802
 30
0.0000
  0
SEQEND
  8
0
  0
POLYLINE
  8
16
 66
1
 10
0.0000
 20
0.0000
 30
0.0000
 40
0.5080
 41
0.5080
 70
0
  0
VERTEX
  8
16
 10
101.6100
 20
85.8300
 30
0.0000
  0
VERTEX
  8
16
 10
101.6100
 20
86.9500
 30
0.0000
  0
SEQEND
  8
0
  0
POLYLINE
  8
16
 66
1
 10
0.0000
 20
0.0000
 30
0.0000
 40
0.2540
 41
0.2540
 70
0
  0
VERTEX
  8
16
 10
101.7370
 20
86.9500
 30
0.0000
 42
1.0000
  0
VERTEX
  8
16
 10
101.4830
 20
86.9500
 30
0.0000
  0
SEQEND
  8
0
  0
POLYLINE
  8
16
 66
1
 10
0.0000
 20
0.0000
 30
0.0000
 40
0.2540
 41
0.2540
 70
0
  0
VERTEX
  8
16
 10
101.4830
 20
85.8300
 30
0.0000
 42
1.0000
  0
VERTEX
  8
16
 10
101.7370
 20
85.8300
 30
0.0000
  0
SEQEND
  8
0
  0
POLYLINE
  8
16
 66
1
 10
0.0000
 20
0.0000
 30
0.0000
 40
0.5080
 41
0.5080
 70
0
  0
VERTEX
  8
16
 10
101.6100
 20
86.9500
 30
0.0000
  0
VERTEX
  8
16
 10
101.1700
 20
87.3900
 30
0.0000
  0
SEQEND
  8
0
  0
POLYLINE
  8
16
 66
1
 10
0.0000
 20
0.0000
 30
0.0000
 40
0.2540
 41
0.2540
 70
0
  0
VERTEX
  8
16
 10
101.2598
 20
87.4798
 30
0.0000
 42
1.0000
  0
VERTEX
  8
16
 10
101.0802
 20
87.3002
 30
0.0000
  0
SEQEND
  8
0
  0
POLYLINE
  8
16
 66
1
 10
0.0000
 20
0.0000
 30
0.0000
 40
0.2540
 41
0.2540
 70
0
  0
VERTEX
  8
16
 10
101.5202
 20
86.8602
 30
0.0000
 42
1.0000
  0
VERTEX
  8
16
 10
101.6998
 20
87.0398
 30
0.0000
  0
SEQEND
  8
0
  0
POLYLINE
  8
16
 66
1
 10
0.0000
 20
0.0000
 30
0.0000
 40
0.5080
 41
0.5080
 70
0
  0
VERTEX
  8
16
 10
101.1700
 20
87.3900
 30
0.0000
  0
VERTEX
  8
16
 10
99.6200
 20
87.3900
 30
0.0000
  0
SEQEND
  8
0
  0
POLYLINE
  8
16
 66
1
 10
0.0000
 20
0.0000
 30
0.0000
 40
0.2540
 41
0.2540
 70
0
  0
VERTEX
  8
16
 10
99.6200
 20
87.5170
 30
0.0000
 42
1.0000
  0
VERTEX
  8
16
 10
99.6200
 20
87.2630
 30
0.0000
  0
SEQEND
  8
0
  0
POLYLINE
  8
16
 66
1
 10
0.0000
 20
0.0000
 30
0.0000
 40
0.2540
 41
0.2540
 70
0
  0
VERTEX
  8
16
 10
101.1700
 20
87.2630
 30
0.0000
 42
1.0000
  0
VERTEX
  8
16
 10
101.1700
 20
87.5170
 30
0.0000
  0
SEQEND
  8
0
  0
POLYLINE
  8
16
 66
1
 10
0.0000
 20
0.0000
 30
0.0000
 40
0.5080
 41
0.5080
 70
0
  0
VERTEX
  8
16
 10
99.6200
 20
87.3900
 30
0.0000
  0
VERTEX
  8
16
 10
98.7200
 20
86.4900
 30
0.0000
  0
SEQEND
  8
0
  0
POLYLINE
  8
16
 66
1
 10
0.0000
 20
0.0000
 30
0.0000
 40
0.2540
 41
0.2540
 70
0
  0
VERTEX
  8
16
 10
98.6302
 20
86.5798
 30
0.0000
 42
1.0000
  0
VERTEX
  8
16
 10
98.8098
 20
86.4002
 30
0.0000
  0
SEQEND
  8
0
  0
POLYLINE
  8
16
 66
1
 10
0.0000
 20
0.0000
 30
0.0000
 40
0.2540
 41
0.2540
 70
0
  0
VERTEX
  8
16
 10
99.7098
 20
87.3002
 30
0.0000
 42
1.0000
  0
VERTEX
  8
16
 10
99.5302
 20
87.4798
 30
0.0000
  0
SEQEND
  8
0
  0
POLYLINE
  8
16
 66
1
 10
0.0000
 20
0.0000
 30
0.0000
 40
0.5080
 41
0.5080
 70
0
  0
VERTEX
  8
16
 10
98.7200
 20
86.4900
 30
0.0000
  0
VERTEX
  8
16
 10
98.7200
 20
77.1500
 30
0.0000
  0
SEQEND
  8
0
  0
POLYLINE
  8
16
 66
1
 10
0.0000
 20
0.0000
 30
0.0000
 40
0.2540
 41
0.2540
 70
0
  0
VERTEX
  8
16
 10
98.5930
 20
77.1500
 30
0.0000
 42
1.0000
  0
VERTEX
  8
16
 10
98.8470
 20
77.1500
 30
0.0000
  0
SEQEND
  8
0
  0
POLYLINE
  8
16
 66
1
 10
0.0000
 20
0.0000
 30
0.0000
 40
0.2540
 41
0.2540
 70
0
  0
VERTEX
  8
16
 10
98.8470
 20
86.4900
 30
0.0000
 42
1.0000
  0
VERTEX
  8
16
 10
98.5930
 20
86.4900
 30
0.0000
  0
SEQEND
  8
0
  0
POLYLINE
  8
16
 66
1
 10
0.0000
 20
0.0000
 30
0.0000
 40
0.5080
 41
0.5080
 70
0
  0
VERTEX
  8
16
 10
98.7200
 20
77.1500
 30
0.0000
  0
VERTEX
  8
16
 10
99.7000
 20
76.1700
 30
0.0000
  0
SEQEND
  8
0
  0
POLYLINE
  8
16
 66
1
 10
0.0000
 20
0.0000
 30
0.0000
 40
0.2540
 41
0.2540
 70
0
  0
VERTEX
  8
16
 10
99.6102
 20
76.0802
 30
0.0000
 42
1.0000
  0
VERTEX
  8
16
 10
99.7898
 20
76.2598
 30
0.0000
  0
SEQEND
  8
0
  0
POLYLINE
  8
16
 66
1
 10
0.0000
 20
0.0000
 30
0.0000
 40
0.2540
 41
0.2540
 70
0
  0
VERTEX
  8
16
 10
98.8098
 20
77.2398
 30
0.0000
 42
1.0000
  0
VERTEX
  8
16
 10
98.6302
 20
77.0602
 30
0.0000
  0
SEQEND
  8
0
  0
POLYLINE
  8
1
 66
1
 10
0.0000
 20
0.0000
 30
0.0000
 40
0.5080
 41
0.5080
 70
0
  0
VERTEX
  8
1
 10
109.7100
 20
71.6950
 30
0.0000
  0
VERTEX
  8
1
 10
110.7350
 20
71.6950
 30
0.0000
  0
SEQEND
  8
0
  0
POLYLINE
  8
1
 66
1
 10
0.0000
 20
0.0000
 30
0.0000
 40
0.2540
 41
0.2540
 70
0
  0
VERTEX
  8
1
 10
110.7350
 20
71.5680
 30
0.0000
 42
1.0000
  0
VERTEX
  8
1
 10
110.7350
 20
71.8220
 30
0.0000
  0
SEQEND
  8
0
  0
POLYLINE
  8
1
 66
1
 10
0.0000
 20
0.0000
 30
0.0000
 40
0.2540
 41
0.2540
 70
0
  0
VERTEX
  8
1
 10
109.7100
 20
71.8220
 30
0.0000
 42
1.0000
  0
VERTEX
  8
1
 10
109.7100
 20
71.5680
 30
0.0000
  0
SEQEND
  8
0
  0
POLYLINE
  8
1
 66
1
 10
0.0000
 20
0.0000
 30
0.0000
 40
0.5080
 41
0.5080
 70
0
  0
VERTEX
  8
1
 10
110.7350
 20
71.6950
 30
0.0000
  0
VERTEX
  8
1
 10
110.7600
 20
71.6700
 30
0.0000
  0
SEQEND
  8
0
  0
POLYLINE
  8
1
 66
1
 10
0.0000
 20
0.0000
 30
0.0000
 40
0.2540
 41
0.2540
 70
0
  0
VERTEX
  8
1
 10
110.6702
 20
71.5802
 30
0.0000
 42
1.0000
  0
VERTEX
  8
1
 10
110.8498
 20
71.7598
 30
0.0000
  0
SEQEND
  8
0
  0
POLYLINE
  8
1
 66
1
 10
0.0000
 20
0.0000
 30
0.0000
 40
0.2540
 41
0.2540
 70
0
  0
VERTEX
  8
1
 10
110.8248
 20
71.7848
 30
0.0000
 42
1.0000
  0
VERTEX
  8
1
 10
110.6452
 20
71.6052
 30
0.0000
  0
SEQEND
  8
0
  0
POLYLINE
  8
1
 66
1
 10
0.0000
 20
0.0000
 30
0.0000
 40
0.5080
 41
0.5080
 70
0
  0
VERTEX
  8
1
 10
102.8956
 20
71.3000
 30
0.0000
  0
VERTEX
  8
1
 10
104.2900
 20
71.3000
 30
0.0000
  0
SEQEND
  8
0
  0
POLYLINE
  8
1
 66
1
 10
0.0000
 20
0.0000
 30
0.0000
 40
0.2540
 41
0.2540
 70
0
  0
VERTEX
  8
1
 10
104.2900
 20
71.1730
 30
0.0000
 42
1.0000
  0
VERTEX
  8
1
 10
104.2900
 20
71.4270
 30
0.0000
  0
SEQEND
  8
0
  0
POLYLINE
  8
1
 66
1
 10
0.0000
 20
0.0000
 30
0.0000
 40
0.2540
 41
0.2540
 70
0
  0
VERTEX
  8
1
 10
102.8956
 20
71.4270
 30
0.0000
 42
1.0000
  0
VERTEX
  8
1
 10
102.8956
 20
71.1730
 30
0.0000
  0
SEQEND
  8
0
  0
POLYLINE
  8
1
 66
1
 10
0.0000
 20
0.0000
 30
0.0000
 40
0.5080
 41
0.5080
 70
0
  0
VERTEX
  8
1
 10
104.2900
 20
71.3000
 30
0.0000
  0
VERTEX
  8
1
 10
104.3400
 20
71.3500
 30
0.0000
  0
SEQEND
  8
0
  0
POLYLINE
  8
1
 66
1
 10
0.0000
 20
0.0000
 30
0.0000
 40
0.2540
 41
0.2540
 70
0
  0
VERTEX
  8
1
 10
104.4298
 20
71.2602
 30
0.0000
 42
1.0000
  0
VERTEX
  8
1
 10
104.2502
 20
71.4398
 30
0.0000
  0
SEQEND
  8
0
  0
POLYLINE
  8
1
 66
1
 10
0.0000
 20
0.0000
 30
0.0000
 40
0.2540
 41
0.2540
 70
0
  0
VERTEX
  8
1
 10
104.2002
 20
71.3898
 30
0.0000
 42
1.0000
  0
VERTEX
  8
1
 10
104.3798
 20
71.2102
 30
0.0000
  0
SEQEND
  8
0
  0
INSERT
  8
18
  2
ROUNDV
 10
99.7000
 20
76.1700
 30
0.0000
 41
0.7564
 42
0.7564
 43
1.0000
 50
0.0000
  0
INSERT
  8
18
  2
ROUNDV
 10
99.7000
 20
76.1700
 30
0.0000
 41
0.7564
 42
0.7564
 43
1.0000
 50
0.0000
  0
INSERT
  8
18
  2
ROUNDV
 10
102.3600
 20
78.3800
 30
0.0000
 41
0.7564
 42
0.7564
 43
1.0000
 50
0.0000
  0
INSERT
  8
18
  2
ROUNDV
 10
102.3600
 20
78.3800
 30
0.0000
 41
0.7564
 42
0.7564
 43
1.0000
 50
0.0000
  0
INSERT
  8
18
  2
ROUNDV
 10
110.7600
 20
71.6700
 30
0.0000
 41
0.7564
 42
0.7564
 43
1.0000
 50
0.0000
  0
INSERT
  8
18
  2
ROUNDV
 10
110.7600
 20
71.6700
 30
0.0000
 41
0.7564
 42
0.7564
 43
1.0000
 50
0.0000
  0
INSERT
  8
18
  2
ROUNDV
 10
104.3400
 20
71.3500
 30
0.0000
 41
0.7564
 42
0.7564
 43
1.0000
 50
0.0000
  0
INSERT
  8
18
  2
ROUNDV
 10
104.3400
 20
71.3500
 30
0.0000
 41
0.7564
 42
0.7564
 43
1.0000
 50
0.0000
  0
POLYLINE
  8
16
 66
1
 10
0.0000
 20
0.0000
 30
0.0000
 40
0.5080
 41
0.5080
 70
0
  0
VERTEX
  8
16
 10
107.1600
 20
74.3500
 30
0.0000
  0
VERTEX
  8
16
 10
105.6700
 20
75.8400
 30
0.0000
  0
SEQEND
  8
0
  0
POLYLINE
  8
16
 66
1
 10
0.0000
 20
0.0000
 30
0.0000
 40
0.2540
 41
0.2540
 70
0
  0
VERTEX
  8
16
 10
105.7598
 20
75.9298
 30
0.0000
 42
1.0000
  0
VERTEX
  8
16
 10
105.5802
 20
75.7502
 30
0.0000
  0
SEQEND
  8
0
  0
POLYLINE
  8
16
 66
1
 10
0.0000
 20
0.0000
 30
0.0000
 40
0.2540
 41
0.2540
 70
0
  0
VERTEX
  8
16
 10
107.0702
 20
74.2602
 30
0.0000
 42
1.0000
  0
VERTEX
  8
16
 10
107.2498
 20
74.4398
 30
0.0000
  0
SEQEND
  8
0
  0
POLYLINE
  8
16
 66
1
 10
0.0000
 20
0.0000
 30
0.0000
 40
0.5080
 41
0.5080
 70
0
  0
VERTEX
  8
16
 10
105.6700
 20
75.8400
 30
0.0000
  0
VERTEX
  8
16
 10
104.5150
 20
75.8400
 30
0.0000
  0
SEQEND
  8
0
  0
POLYLINE
  8
16
 66
1
 10
0.0000
 20
0.0000
 30
0.0000
 40
0.2540
 41
0.2540
 70
0
  0
VERTEX
  8
16
 10
104.5150
 20
75.9670
 30
0.0000
 42
1.0000
  0
VERTEX
  8
16
 10
104.5150
 20
75.7130
 30
0.0000
  0
SEQEND
  8
0
  0
POLYLINE
  8
16
 66
1
 10
0.0000
 20
0.0000
 30
0.0000
 40
0.2540
 41
0.2540
 70
0
  0
VERTEX
  8
16
 10
105.6700
 20
75.7130
 30
0.0000
 42
1.0000
  0
VERTEX
  8
16
 10
105.6700
 20
75.9670
 30
0.0000
  0
SEQEND
  8
0
  0
POLYLINE
  8
16
 66
1
 10
0.0000
 20
0.0000
 30
0.0000
 40
0.5080
 41
0.5080
 70
0
  0
VERTEX
  8
16
 10
117.2950
 20
77.4600
 30
0.0000
  0
VERTEX
  8
16
 10
117.2950
 20
75.7200
 30
0.0000
  0
SEQEND
  8
0
  0
POLYLINE
  8
16
 66
1
 10
0.0000
 20
0.0000
 30
0.0000
 40
0.2540
 41
0.2540
 70
0
  0
VERTEX
  8
16
 10
117.1680
 20
75.7200
 30
0.0000
 42
1.0000
  0
VERTEX
  8
16
 10
117.4220
 20
75.7200
 30
0.0000
  0
SEQEND
  8
0
  0
POLYLINE
  8
16
 66
1
 10
0.0000
 20
0.0000
 30
0.0000
 40
0.2540
 41
0.2540
 70
0
  0
VERTEX
  8
16
 10
117.4220
 20
77.4600
 30
0.0000
 42
1.0000
  0
VERTEX
  8
16
 10
117.1680
 20
77.4600
 30
0.0000
  0
SEQEND
  8
0
  0
POLYLINE
  8
16
 66
1
 10
0.0000
 20
0.0000
 30
0.0000
 40
0.5080
 41
0.5080
 70
0
  0
VERTEX
  8
16
 10
117.2950
 20
75.7200
 30
0.0000
  0
VERTEX
  8
16
 10
116.4150
 20
74.8400
 30
0.0000
  0
SEQEND
  8
0
  0
POLYLINE
  8
16
 66
1
 10
0.0000
 20
0.0000
 30
0.0000
 40
0.2540
 41
0.2540
 70
0
  0
VERTEX
  8
16
 10
116.3252
 20
74.9298
 30
0.0000
 42
1.0000
  0
VERTEX
  8
16
 10
116.5048
 20
74.7502
 30
0.0000
  0
SEQEND
  8
0
  0
POLYLINE
  8
16
 66
1
 10
0.0000
 20
0.0000
 30
0.0000
 40
0.2540
 41
0.2540
 70
0
  0
VERTEX
  8
16
 10
117.3848
 20
75.6302
 30
0.0000
 42
1.0000
  0
VERTEX
  8
16
 10
117.2052
 20
75.8098
 30
0.0000
  0
SEQEND
  8
0
  0
POLYLINE
  8
16
 66
1
 10
0.0000
 20
0.0000
 30
0.0000
 40
0.5080
 41
0.5080
 70
0
  0
VERTEX
  8
16
 10
116.4150
 20
74.8400
 30
0.0000
  0
VERTEX
  8
16
 10
111.8900
 20
74.8400
 30
0.0000
  0
SEQEND
  8
0
  0
POLYLINE
  8
16
 66
1
 10
0.0000
 20
0.0000
 30
0.0000
 40
0.2540
 41
0.2540
 70
0
  0
VERTEX
  8
16
 10
111.8900
 20
74.9670
 30
0.0000
 42
1.0000
  0
VERTEX
  8
16
 10
111.8900
 20
74.7130
 30
0.0000
  0
SEQEND
  8
0
  0
POLYLINE
  8
16
 66
1
 10
0.0000
 20
0.0000
 30
0.0000
 40
0.2540
 41
0.2540
 70
0
  0
VERTEX
  8
16
 10
116.4150
 20
74.7130
 30
0.0000
 42
1.0000
  0
VERTEX
  8
16
 10
116.4150
 20
74.9670
 30
0.0000
  0
SEQEND
  8
0
  0
POLYLINE
  8
16
 66
1
 10
0.0000
 20
0.0000
 30
0.0000
 40
0.5080
 41
0.5080
 70
0
  0
VERTEX
  8
16
 10
111.8900
 20
74.8400
 30
0.0000
  0
VERTEX
  8
16
 10
111.4000
 20
74.3500
 30
0.0000
  0
SEQEND
  8
0
  0
POLYLINE
  8
16
 66
1
 10
0.0000
 20
0.0000
 30
0.0000
 40
0.2540
 41
0.2540
 70
0
  0
VERTEX
  8
16
 10
111.3102
 20
74.4398
 30
0.0000
 42
1.0000
  0
VERTEX
  8
16
 10
111.4898
 20
74.2602
 30
0.0000
  0
SEQEND
  8
0
  0
POLYLINE
  8
16
 66
1
 10
0.0000
 20
0.0000
 30
0.0000
 40
0.2540
 41
0.2540
 70
0
  0
VERTEX
  8
16
 10
111.9798
 20
74.7502
 30
0.0000
 42
1.0000
  0
VERTEX
  8
16
 10
111.8002
 20
74.9298
 30
0.0000
  0
SEQEND
  8
0
  0
POLYLINE
  8
16
 66
1
 10
0.0000
 20
0.0000
 30
0.0000
 40
0.5080
 41
0.5080
 70
0
  0
VERTEX
  8
16
 10
111.4000
 20
74.3500
 30
0.0000
  0
VERTEX
  8
16
 10
107.1600
 20
74.3500
 30
0.0000
  0
SEQEND
  8
0
  0
POLYLINE
  8
16
 66
1
 10
0.0000
 20
0.0000
 30
0.0000
 40
0.2540
 41
0.2540
 70
0
  0
VERTEX
  8
16
 10
107.1600
 20
74.4770
 30
0.0000
 42
1.0000
  0
VERTEX
  8
16
 10
107.1600
 20
74.2230
 30
0.0000
  0
SEQEND
  8
0
  0
POLYLINE
  8
16
 66
1
 10
0.0000
 20
0.0000
 30
0.0000
 40
0.2540
 41
0.2540
 70
0
  0
VERTEX
  8
16
 10
111.4000
 20
74.2230
 30
0.0000
 42
1.0000
  0
VERTEX
  8
16
 10
111.4000
 20
74.4770
 30
0.0000
  0
SEQEND
  8
0
  0
POLYLINE
  8
1
 66
1
 10
0.0000
 20
0.0000
 30
0.0000
 40
0.8128
 41
0.8128
 70
0
  0
VERTEX
  8
1
 10
116.4300
 20
79.7100
 30
0.0000
  0
VERTEX
  8
1
 10
116.4300
 20
78.3250
 30
0.0000
  0
SEQEND
  8
0
  0
POLYLINE
  8
1
 66
1
 10
0.0000
 20
0.0000
 30
0.0000
 40
0.4064
 41
0.4064
 70
0
  0
VERTEX
  8
1
 10
116.2268
 20
78.3250
 30
0.0000
 42
1.0000
  0
VERTEX
  8
1
 10
116.6332
 20
78.3250
 30
0.0000
  0
SEQEND
  8
0
  0
POLYLINE
  8
1
 66
1
 10
0.0000
 20
0.0000
 30
0.0000
 40
0.4064
 41
0.4064
 70
0
  0
VERTEX
  8
1
 10
116.6332
 20
79.7100
 30
0.0000
 42
1.0000
  0
VERTEX
  8
1
 10
116.2268
 20
79.7100
 30
0.0000
  0
SEQEND
  8
0
  0
POLYLINE
  8
1
 66
1
 10
0.0000
 20
0.0000
 30
0.0000
 40
0.8128
 41
0.8128
 70
0
  0
VERTEX
  8
1
 10
116.4300
 20
78.3250
 30
0.0000
  0
VERTEX
  8
1
 10
117.2950
 20
77.4600
 30
0.0000
  0
SEQEND
  8
0
  0
POLYLINE
  8
1
 66
1
 10
0.0000
 20
0.0000
 30
0.0000
 40
0.4064
 41
0.4064
 70
0
  0
VERTEX
  8
1
 10
117.1513
 20
77.3163
 30
0.0000
 42
1.0000
  0
VERTEX
  8
1
 10
117.4387
 20
77.6037
 30
0.0000
  0
SEQEND
  8
0
  0
POLYLINE
  8
1
 66
1
 10
0.0000
 20
0.0000
 30
0.0000
 40
0.4064
 41
0.4064
 70
0
  0
VERTEX
  8
1
 10
116.5737
 20
78.4687
 30
0.0000
 42
1.0000
  0
VERTEX
  8
1
 10
116.2863
 20
78.1813
 30
0.0000
  0
SEQEND
  8
0
  0
INSERT
  8
18
  2
ROUNDV
 10
117.2950
 20
77.4600
 30
0.0000
 41
0.7564
 42
0.7564
 43
1.0000
 50
0.0000
  0
INSERT
  8
18
  2
ROUNDV
 10
117.2950
 20
77.4600
 30
0.0000
 41
0.7564
 42
0.7564
 43
1.0000
 50
0.0000
  0
POLYLINE
  8
1
 66
1
 10
0.0000
 20
0.0000
 30
0.0000
 40
0.5080
 41
0.5080
 70
0
  0
VERTEX
  8
1
 10
116.1400
 20
88.5300
 30
0.0000
  0
VERTEX
  8
1
 10
115.4500
 20
88.5300
 30
0.0000
  0
SEQEND
  8
0
  0
POLYLINE
  8
1
 66
1
 10
0.0000
 20
0.0000
 30
0.0000
 40
0.2540
 41
0.2540
 70
0
  0
VERTEX
  8
1
 10
115.4500
 20
88.6570
 30
0.0000
 42
1.0000
  0
VERTEX
  8
1
 10
115.4500
 20
88.4030
 30
0.0000
  0
SEQEND
  8
0
  0
POLYLINE
  8
1
 66
1
 10
0.0000
 20
0.0000
 30
0.0000
 40
0.2540
 41
0.2540
 70
0
  0
VERTEX
  8
1
 10
116.1400
 20
88.4030
 30
0.0000
 42
1.0000
  0
VERTEX
  8
1
 10
116.1400
 20
88.6570
 30
0.0000
  0
SEQEND
  8
0
  0
POLYLINE
  8
1
 66
1
 10
0.0000
 20
0.0000
 30
0.0000
 40
0.5080
 41
0.5080
 70
0
  0
VERTEX
  8
1
 10
114.9300
 20
89.0500
 30
0.0000
  0
VERTEX
  8
1
 10
113.7100
 20
89.0500
 30
0.0000
  0
SEQEND
  8
0
  0
POLYLINE
  8
1
 66
1
 10
0.0000
 20
0.0000
 30
0.0000
 40
0.2540
 41
0.2540
 70
0
  0
VERTEX
  8
1
 10
113.7100
 20
89.1770
 30
0.0000
 42
1.0000
  0
VERTEX
  8
1
 10
113.7100
 20
88.9230
 30
0.0000
  0
SEQEND
  8
0
  0
POLYLINE
  8
1
 66
1
 10
0.0000
 20
0.0000
 30
0.0000
 40
0.2540
 41
0.2540
 70
0
  0
VERTEX
  8
1
 10
114.9300
 20
88.9230
 30
0.0000
 42
1.0000
  0
VERTEX
  8
1
 10
114.9300
 20
89.1770
 30
0.0000
  0
SEQEND
  8
0
  0
POLYLINE
  8
1
 66
1
 10
0.0000
 20
0.0000
 30
0.0000
 40
0.5080
 41
0.5080
 70
0
  0
VERTEX
  8
1
 10
115.4500
 20
88.5300
 30
0.0000
  0
VERTEX
  8
1
 10
114.9300
 20
89.0500
 30
0.0000
  0
SEQEND
  8
0
  0
POLYLINE
  8
1
 66
1
 10
0.0000
 20
0.0000
 30
0.0000
 40
0.2540
 41
0.2540
 70
0
  0
VERTEX
  8
1
 10
115.0198
 20
89.1398
 30
0.0000
 42
1.0000
  0
VERTEX
  8
1
 10
114.8402
 20
88.9602
 30
0.0000
  0
SEQEND
  8
0
  0
POLYLINE
  8
1
 66
1
 10
0.0000
 20
0.0000
 30
0.0000
 40
0.2540
 41
0.2540
 70
0
  0
VERTEX
  8
1
 10
115.3602
 20
88.4402
 30
0.0000
 42
1.0000
  0
VERTEX
  8
1
 10
115.5398
 20
88.6198
 30
0.0000
  0
SEQEND
  8
0
  0
POLYLINE
  8
1
 66
1
 10
0.0000
 20
0.0000
 30
0.0000
 40
0.5080
 41
0.5080
 70
0
  0
VERTEX
  8
1
 10
113.7400
 20
84.2550
 30
0.0000
  0
VERTEX
  8
1
 10
113.7500
 20
84.2650
 30
0.0000
  0
SEQEND
  8
0
  0
POLYLINE
  8
1
 66
1
 10
0.0000
 20
0.0000
 30
0.0000
 40
0.2540
 41
0.2540
 70
0
  0
VERTEX
  8
1
 10
113.8398
 20
84.1752
 30
0.0000
 42
1.0000
  0
VERTEX
  8
1
 10
113.6602
 20
84.3548
 30
0.0000
  0
SEQEND
  8
0
  0
POLYLINE
  8
1
 66
1
 10
0.0000
 20
0.0000
 30
0.0000
 40
0.2540
 41
0.2540
 70
0
  0
VERTEX
  8
1
 10
113.6502
 20
84.3448
 30
0.0000
 42
1.0000
  0
VERTEX
  8
1
 10
113.8298
 20
84.1652
 30
0.0000
  0
SEQEND
  8
0
  0
POLYLINE
  8
1
 66
1
 10
0.0000
 20
0.0000
 30
0.0000
 40
0.5080
 41
0.5080
 70
0
  0
VERTEX
  8
1
 10
113.7500
 20
89.0100
 30
0.0000
  0
VERTEX
  8
1
 10
113.7100
 20
89.0500
 30
0.0000
  0
SEQEND
  8
0
  0
POLYLINE
  8
1
 66
1
 10
0.0000
 20
0.0000
 30
0.0000
 40
0.2540
 41
0.2540
 70
0
  0
VERTEX
  8
1
 10
113.7998
 20
89.1398
 30
0.0000
 42
1.0000
  0
VERTEX
  8
1
 10
113.6202
 20
88.9602
 30
0.0000
  0
SEQEND
  8
0
  0
POLYLINE
  8
1
 66
1
 10
0.0000
 20
0.0000
 30
0.0000
 40
0.2540
 41
0.2540
 70
0
  0
VERTEX
  8
1
 10
113.6602
 20
88.9202
 30
0.0000
 42
1.0000
  0
VERTEX
  8
1
 10
113.8398
 20
89.0998
 30
0.0000
  0
SEQEND
  8
0
  0
POLYLINE
  8
1
 66
1
 10
0.0000
 20
0.0000
 30
0.0000
 40
0.5080
 41
0.5080
 70
0
  0
VERTEX
  8
1
 10
115.4588
 20
84.2550
 30
0.0000
  0
VERTEX
  8
1
 10
115.5350
 20
84.2550
 30
0.0000
  0
SEQEND
  8
0
  0
POLYLINE
  8
1
 66
1
 10
0.0000
 20
0.0000
 30
0.0000
 40
0.2540
 41
0.2540
 70
0
  0
VERTEX
  8
1
 10
115.5350
 20
84.1280
 30
0.0000
 42
1.0000
  0
VERTEX
  8
1
 10
115.5350
 20
84.3820
 30
0.0000
  0
SEQEND
  8
0
  0
POLYLINE
  8
1
 66
1
 10
0.0000
 20
0.0000
 30
0.0000
 40
0.2540
 41
0.2540
 70
0
  0
VERTEX
  8
1
 10
115.4588
 20
84.3820
 30
0.0000
 42
1.0000
  0
VERTEX
  8
1
 10
115.4588
 20
84.1280
 30
0.0000
  0
SEQEND
  8
0
  0
POLYLINE
  8
1
 66
1
 10
0.0000
 20
0.0000
 30
0.0000
 40
0.8128
 41
0.8128
 70
0
  0
VERTEX
  8
1
 10
113.7400
 20
84.2550
 30
0.0000
  0
VERTEX
  8
1
 10
115.4588
 20
84.2550
 30
0.0000
  0
SEQEND
  8
0
  0
POLYLINE
  8
1
 66
1
 10
0.0000
 20
0.0000
 30
0.0000
 40
0.4064
 41
0.4064
 70
0
  0
VERTEX
  8
1
 10
115.4588
 20
84.0518
 30
0.0000
 42
1.0000
  0
VERTEX
  8
1
 10
115.4588
 20
84.4582
 30
0.0000
  0
SEQEND
  8
0
  0
POLYLINE
  8
1
 66
1
 10
0.0000
 20
0.0000
 30
0.0000
 40
0.4064
 41
0.4064
 70
0
  0
VERTEX
  8
1
 10
113.7400
 20
84.4582
 30
0.0000
 42
1.0000
  0
VERTEX
  8
1
 10
113.7400
 20
84.0518
 30
0.0000
  0
SEQEND
  8
0
  0
POLYLINE
  8
1
 66
1
 10
0.0000
 20
0.0000
 30
0.0000
 40
0.8128
 41
0.8128
 70
0
  0
VERTEX
  8
1
 10
113.7400
 20
84.2550
 30
0.0000
  0
VERTEX
  8
1
 10
113.7300
 20
84.2650
 30
0.0000
  0
SEQEND
  8
0
  0
POLYLINE
  8
1
 66
1
 10
0.0000
 20
0.0000
 30
0.0000
 40
0.4064
 41
0.4064
 70
0
  0
VERTEX
  8
1
 10
113.8737
 20
84.4087
 30
0.0000
 42
1.0000
  0
VERTEX
  8
1
 10
113.5863
 20
84.1213
 30
0.0000
  0
SEQEND
  8
0
  0
POLYLINE
  8
1
 66
1
 10
0.0000
 20
0.0000
 30
0.0000
 40
0.4064
 41
0.4064
 70
0
  0
VERTEX
  8
1
 10
113.5963
 20
84.1113
 30
0.0000
 42
1.0000
  0
VERTEX
  8
1
 10
113.8837
 20
84.3987
 30
0.0000
  0
SEQEND
  8
0
  0
POLYLINE
  8
1
 66
1
 10
0.0000
 20
0.0000
 30
0.0000
 40
0.8128
 41
0.8128
 70
0
  0
VERTEX
  8
1
 10
113.7300
 20
89.0300
 30
0.0000
  0
VERTEX
  8
1
 10
113.7300
 20
84.2650
 30
0.0000
  0
SEQEND
  8
0
  0
POLYLINE
  8
1
 66
1
 10
0.0000
 20
0.0000
 30
0.0000
 40
0.4064
 41
0.4064
 70
0
  0
VERTEX
  8
1
 10
113.5268
 20
84.2650
 30
0.0000
 42
1.0000
  0
VERTEX
  8
1
 10
113.9332
 20
84.2650
 30
0.0000
  0
SEQEND
  8
0
  0
POLYLINE
  8
1
 66
1
 10
0.0000
 20
0.0000
 30
0.0000
 40
0.4064
 41
0.4064
 70
0
  0
VERTEX
  8
1
 10
113.9332
 20
89.0300
 30
0.0000
 42
1.0000
  0
VERTEX
  8
1
 10
113.5268
 20
89.0300
 30
0.0000
  0
SEQEND
  8
0
  0
POLYLINE
  8
1
 66
1
 10
0.0000
 20
0.0000
 30
0.0000
 40
0.8128
 41
0.8128
 70
0
  0
VERTEX
  8
1
 10
113.7300
 20
89.0300
 30
0.0000
  0
VERTEX
  8
1
 10
113.7100
 20
89.0500
 30
0.0000
  0
SEQEND
  8
0
  0
POLYLINE
  8
1
 66
1
 10
0.0000
 20
0.0000
 30
0.0000
 40
0.4064
 41
0.4064
 70
0
  0
VERTEX
  8
1
 10
113.8537
 20
89.1937
 30
0.0000
 42
1.0000
  0
VERTEX
  8
1
 10
113.5663
 20
88.9063
 30
0.0000
  0
SEQEND
  8
0
  0
POLYLINE
  8
1
 66
1
 10
0.0000
 20
0.0000
 30
0.0000
 40
0.4064
 41
0.4064
 70
0
  0
VERTEX
  8
1
 10
113.5863
 20
88.8863
 30
0.0000
 42
1.0000
  0
VERTEX
  8
1
 10
113.8737
 20
89.1737
 30
0.0000
  0
SEQEND
  8
0
  0
POLYLINE
  8
16
 66
1
 10
0.0000
 20
0.0000
 30
0.0000
 40
0.5080
 41
0.5080
 70
0
  0
VERTEX
  8
16
 10
107.1600
 20
76.2500
 30
0.0000
  0
VERTEX
  8
16
 10
108.8000
 20
76.2500
 30
0.0000
  0
SEQEND
  8
0
  0
POLYLINE
  8
16
 66
1
 10
0.0000
 20
0.0000
 30
0.0000
 40
0.2540
 41
0.2540
 70
0
  0
VERTEX
  8
16
 10
108.8000
 20
76.1230
 30
0.0000
 42
1.0000
  0
VERTEX
  8
16
 10
108.8000
 20
76.3770
 30
0.0000
  0
SEQEND
  8
0
  0
POLYLINE
  8
16
 66
1
 10
0.0000
 20
0.0000
 30
0.0000
 40
0.2540
 41
0.2540
 70
0
  0
VERTEX
  8
16
 10
107.1600
 20
76.3770
 30
0.0000
 42
1.0000
  0
VERTEX
  8
16
 10
107.1600
 20
76.1230
 30
0.0000
  0
SEQEND
  8
0
  0
POLYLINE
  8
16
 66
1
 10
0.0000
 20
0.0000
 30
0.0000
 40
0.5080
 41
0.5080
 70
0
  0
VERTEX
  8
16
 10
108.8000
 20
76.2500
 30
0.0000
  0
VERTEX
  8
16
 10
109.2500
 20
76.7000
 30
0.0000
  0
SEQEND
  8
0
  0
POLYLINE
  8
16
 66
1
 10
0.0000
 20
0.0000
 30
0.0000
 40
0.2540
 41
0.2540
 70
0
  0
VERTEX
  8
16
 10
109.3398
 20
76.6102
 30
0.0000
 42
1.0000
  0
VERTEX
  8
16
 10
109.1602
 20
76.7898
 30
0.0000
  0
SEQEND
  8
0
  0
POLYLINE
  8
16
 66
1
 10
0.0000
 20
0.0000
 30
0.0000
 40
0.2540
 41
0.2540
 70
0
  0
VERTEX
  8
16
 10
108.7102
 20
76.3398
 30
0.0000
 42
1.0000
  0
VERTEX
  8
16
 10
108.8898
 20
76.1602
 30
0.0000
  0
SEQEND
  8
0
  0
POLYLINE
  8
16
 66
1
 10
0.0000
 20
0.0000
 30
0.0000
 40
0.5080
 41
0.5080
 70
0
  0
VERTEX
  8
16
 10
109.2500
 20
76.7000
 30
0.0000
  0
VERTEX
  8
16
 10
109.2500
 20
77.5300
 30
0.0000
  0
SEQEND
  8
0
  0
POLYLINE
  8
16
 66
1
 10
0.0000
 20
0.0000
 30
0.0000
 40
0.2540
 41
0.2540
 70
0
  0
VERTEX
  8
16
 10
109.3770
 20
77.5300
 30
0.0000
 42
1.0000
  0
VERTEX
  8
16
 10
109.1230
 20
77.5300
 30
0.0000
  0
SEQEND
  8
0
  0
POLYLINE
  8
16
 66
1
 10
0.0000
 20
0.0000
 30
0.0000
 40
0.2540
 41
0.2540
 70
0
  0
VERTEX
  8
16
 10
109.1230
 20
76.7000
 30
0.0000
 42
1.0000
  0
VERTEX
  8
16
 10
109.3770
 20
76.7000
 30
0.0000
  0
SEQEND
  8
0
  0
POLYLINE
  8
16
 66
1
 10
0.0000
 20
0.0000
 30
0.0000
 40
0.5080
 41
0.5080
 70
0
  0
VERTEX
  8
16
 10
112.3300
 20
80.6100
 30
0.0000
  0
VERTEX
  8
16
 10
115.5100
 20
80.6100
 30
0.0000
  0
SEQEND
  8
0
  0
POLYLINE
  8
16
 66
1
 10
0.0000
 20
0.0000
 30
0.0000
 40
0.2540
 41
0.2540
 70
0
  0
VERTEX
  8
16
 10
115.5100
 20
80.4830
 30
0.0000
 42
1.0000
  0
VERTEX
  8
16
 10
115.5100
 20
80.7370
 30
0.0000
  0
SEQEND
  8
0
  0
POLYLINE
  8
16
 66
1
 10
0.0000
 20
0.0000
 30
0.0000
 40
0.2540
 41
0.2540
 70
0
  0
VERTEX
  8
16
 10
112.3300
 20
80.7370
 30
0.0000
 42
1.0000
  0
VERTEX
  8
16
 10
112.3300
 20
80.4830
 30
0.0000
  0
SEQEND
  8
0
  0
POLYLINE
  8
16
 66
1
 10
0.0000
 20
0.0000
 30
0.0000
 40
0.5080
 41
0.5080
 70
0
  0
VERTEX
  8
16
 10
115.5100
 20
80.6100
 30
0.0000
  0
VERTEX
  8
16
 10
116.4128
 20
81.5128
 30
0.0000
  0
SEQEND
  8
0
  0
POLYLINE
  8
16
 66
1
 10
0.0000
 20
0.0000
 30
0.0000
 40
0.2540
 41
0.2540
 70
0
  0
VERTEX
  8
16
 10
116.5026
 20
81.4230
 30
0.0000
 42
1.0000
  0
VERTEX
  8
16
 10
116.3230
 20
81.6026
 30
0.0000
  0
SEQEND
  8
0
  0
POLYLINE
  8
16
 66
1
 10
0.0000
 20
0.0000
 30
0.0000
 40
0.2540
 41
0.2540
 70
0
  0
VERTEX
  8
16
 10
115.4202
 20
80.6998
 30
0.0000
 42
1.0000
  0
VERTEX
  8
16
 10
115.5998
 20
80.5202
 30
0.0000
  0
SEQEND
  8
0
  0
POLYLINE
  8
16
 66
1
 10
0.0000
 20
0.0000
 30
0.0000
 40
0.5080
 41
0.5080
 70
0
  0
VERTEX
  8
16
 10
116.4128
 20
81.5128
 30
0.0000
  0
VERTEX
  8
16
 10
116.4128
 20
83.3772
 30
0.0000
  0
SEQEND
  8
0
  0
POLYLINE
  8
16
 66
1
 10
0.0000
 20
0.0000
 30
0.0000
 40
0.2540
 41
0.2540
 70
0
  0
VERTEX
  8
16
 10
116.5398
 20
83.3772
 30
0.0000
 42
1.0000
  0
VERTEX
  8
16
 10
116.2858
 20
83.3772
 30
0.0000
  0
SEQEND
  8
0
  0
POLYLINE
  8
16
 66
1
 10
0.0000
 20
0.0000
 30
0.0000
 40
0.2540
 41
0.2540
 70
0
  0
VERTEX
  8
16
 10
116.2858
 20
81.5128
 30
0.0000
 42
1.0000
  0
VERTEX
  8
16
 10
116.5398
 20
81.5128
 30
0.0000
  0
SEQEND
  8
0
  0
POLYLINE
  8
16
 66
1
 10
0.0000
 20
0.0000
 30
0.0000
 40
0.5080
 41
0.5080
 70
0
  0
VERTEX
  8
16
 10
109.2500
 20
77.5300
 30
0.0000
  0
VERTEX
  8
16
 10
112.3300
 20
80.6100
 30
0.0000
  0
SEQEND
  8
0
  0
POLYLINE
  8
16
 66
1
 10
0.0000
 20
0.0000
 30
0.0000
 40
0.2540
 41
0.2540
 70
0
  0
VERTEX
  8
16
 10
112.4198
 20
80.5202
 30
0.0000
 42
1.0000
  0
VERTEX
  8
16
 10
112.2402
 20
80.6998
 30
0.0000
  0
SEQEND
  8
0
  0
POLYLINE
  8
16
 66
1
 10
0.0000
 20
0.0000
 30
0.0000
 40
0.2540
 41
0.2540
 70
0
  0
VERTEX
  8
16
 10
109.1602
 20
77.6198
 30
0.0000
 42
1.0000
  0
VERTEX
  8
16
 10
109.3398
 20
77.4402
 30
0.0000
  0
SEQEND
  8
0
  0
POLYLINE
  8
1
 66
1
 10
0.0000
 20
0.0000
 30
0.0000
 40
0.8128
 41
0.8128
 70
0
  0
VERTEX
  8
1
 10
115.5350
 20
84.2550
 30
0.0000
  0
VERTEX
  8
1
 10
116.4128
 20
83.3772
 30
0.0000
  0
SEQEND
  8
0
  0
POLYLINE
  8
1
 66
1
 10
0.0000
 20
0.0000
 30
0.0000
 40
0.4064
 41
0.4064
 70
0
  0
VERTEX
  8
1
 10
116.2691
 20
83.2335
 30
0.0000
 42
1.0000
  0
VERTEX
  8
1
 10
116.5565
 20
83.5209
 30
0.0000
  0
SEQEND
  8
0
  0
POLYLINE
  8
1
 66
1
 10
0.0000
 20
0.0000
 30
0.0000
 40
0.4064
 41
0.4064
 70
0
  0
VERTEX
  8
1
 10
115.6787
 20
84.3987
 30
0.0000
 42
1.0000
  0
VERTEX
  8
1
 10
115.3913
 20
84.1113
 30
0.0000
  0
SEQEND
  8
0
  0
POLYLINE
  8
1
 66
1
 10
0.0000
 20
0.0000
 30
0.0000
 40
0.8128
 41
0.8128
 70
0
  0
VERTEX
  8
1
 10
116.4128
 20
83.3772
 30
0.0000
  0
VERTEX
  8
1
 10
116.4300
 20
83.3600
 30
0.0000
  0
SEQEND
  8
0
  0
POLYLINE
  8
1
 66
1
 10
0.0000
 20
0.0000
 30
0.0000
 40
0.4064
 41
0.4064
 70
0
  0
VERTEX
  8
1
 10
116.2863
 20
83.2163
 30
0.0000
 42
1.0000
  0
VERTEX
  8
1
 10
116.5737
 20
83.5037
 30
0.0000
  0
SEQEND
  8
0
  0
POLYLINE
  8
1
 66
1
 10
0.0000
 20
0.0000
 30
0.0000
 40
0.4064
 41
0.4064
 70
0
  0
VERTEX
  8
1
 10
116.5565
 20
83.5209
 30
0.0000
 42
1.0000
  0
VERTEX
  8
1
 10
116.2691
 20
83.2335
 30
0.0000
  0
SEQEND
  8
0
  0
POLYLINE
  8
1
 66
1
 10
0.0000
 20
0.0000
 30
0.0000
 40
0.8128
 41
0.8128
 70
0
  0
VERTEX
  8
1
 10
116.4300
 20
83.3600
 30
0.0000
  0
VERTEX
  8
1
 10
116.4300
 20
81.4100
 30
0.0000
  0
SEQEND
  8
0
  0
POLYLINE
  8
1
 66
1
 10
0.0000
 20
0.0000
 30
0.0000
 40
0.4064
 41
0.4064
 70
0
  0
VERTEX
  8
1
 10
116.2268
 20
81.4100
 30
0.0000
 42
1.0000
  0
VERTEX
  8
1
 10
116.6332
 20
81.4100
 30
0.0000
  0
SEQEND
  8
0
  0
POLYLINE
  8
1
 66
1
 10
0.0000
 20
0.0000
 30
0.0000
 40
0.4064
 41
0.4064
 70
0
  0
VERTEX
  8
1
 10
116.6332
 20
83.3600
 30
0.0000
 42
1.0000
  0
VERTEX
  8
1
 10
116.2268
 20
83.3600
 30
0.0000
  0
SEQEND
  8
0
  0
POLYLINE
  8
1
 66
1
 10
0.0000
 20
0.0000
 30
0.0000
 40
0.8128
 41
0.8128
 70
0
  0
VERTEX
  8
1
 10
113.7400
 20
84.2550
 30
0.0000
  0
VERTEX
  8
1
 10
113.7400
 20
80.9400
 30
0.0000
  0
SEQEND
  8
0
  0
POLYLINE
  8
1
 66
1
 10
0.0000
 20
0.0000
 30
0.0000
 40
0.4064
 41
0.4064
 70
0
  0
VERTEX
  8
1
 10
113.5368
 20
80.9400
 30
0.0000
 42
1.0000
  0
VERTEX
  8
1
 10
113.9432
 20
80.9400
 30
0.0000
  0
SEQEND
  8
0
  0
POLYLINE
  8
1
 66
1
 10
0.0000
 20
0.0000
 30
0.0000
 40
0.4064
 41
0.4064
 70
0
  0
VERTEX
  8
1
 10
113.9432
 20
84.2550
 30
0.0000
 42
1.0000
  0
VERTEX
  8
1
 10
113.5368
 20
84.2550
 30
0.0000
  0
SEQEND
  8
0
  0
POLYLINE
  8
1
 66
1
 10
0.0000
 20
0.0000
 30
0.0000
 40
0.8128
 41
0.8128
 70
0
  0
VERTEX
  8
1
 10
113.7400
 20
80.9400
 30
0.0000
  0
VERTEX
  8
1
 10
113.7600
 20
80.9200
 30
0.0000
  0
SEQEND
  8
0
  0
POLYLINE
  8
1
 66
1
 10
0.0000
 20
0.0000
 30
0.0000
 40
0.4064
 41
0.4064
 70
0
  0
VERTEX
  8
1
 10
113.6163
 20
80.7763
 30
0.0000
 42
1.0000
  0
VERTEX
  8
1
 10
113.9037
 20
81.0637
 30
0.0000
  0
SEQEND
  8
0
  0
POLYLINE
  8
1
 66
1
 10
0.0000
 20
0.0000
 30
0.0000
 40
0.4064
 41
0.4064
 70
0
  0
VERTEX
  8
1
 10
113.8837
 20
81.0837
 30
0.0000
 42
1.0000
  0
VERTEX
  8
1
 10
113.5963
 20
80.7963
 30
0.0000
  0
SEQEND
  8
0
  0
INSERT
  8
18
  2
ROUNDV
 10
116.4128
 20
83.3772
 30
0.0000
 41
0.7564
 42
0.7564
 43
1.0000
 50
0.0000
  0
INSERT
  8
18
  2
ROUNDV
 10
116.4128
 20
83.3772
 30
0.0000
 41
0.7564
 42
0.7564
 43
1.0000
 50
0.0000
  0
POLYLINE
  8
1
 66
1
 10
0.0000
 20
0.0000
 30
0.0000
 40
0.5080
 41
0.5080
 70
0
  0
VERTEX
  8
1
 10
108.4400
 20
78.9450
 30
0.0000
  0
VERTEX
  8
1
 10
108.4400
 20
76.7100
 30
0.0000
  0
SEQEND
  8
0
  0
POLYLINE
  8
1
 66
1
 10
0.0000
 20
0.0000
 30
0.0000
 40
0.2540
 41
0.2540
 70
0
  0
VERTEX
  8
1
 10
108.3130
 20
76.7100
 30
0.0000
 42
1.0000
  0
VERTEX
  8
1
 10
108.5670
 20
76.7100
 30
0.0000
  0
SEQEND
  8
0
  0
POLYLINE
  8
1
 66
1
 10
0.0000
 20
0.0000
 30
0.0000
 40
0.2540
 41
0.2540
 70
0
  0
VERTEX
  8
1
 10
108.5670
 20
78.9450
 30
0.0000
 42
1.0000
  0
VERTEX
  8
1
 10
108.3130
 20
78.9450
 30
0.0000
  0
SEQEND
  8
0
  0
POLYLINE
  8
1
 66
1
 10
0.0000
 20
0.0000
 30
0.0000
 40
0.5080
 41
0.5080
 70
0
  0
VERTEX
  8
1
 10
108.4400
 20
76.7100
 30
0.0000
  0
VERTEX
  8
1
 10
109.9500
 20
76.7100
 30
0.0000
  0
SEQEND
  8
0
  0
POLYLINE
  8
1
 66
1
 10
0.0000
 20
0.0000
 30
0.0000
 40
0.2540
 41
0.2540
 70
0
  0
VERTEX
  8
1
 10
109.9500
 20
76.5830
 30
0.0000
 42
1.0000
  0
VERTEX
  8
1
 10
109.9500
 20
76.8370
 30
0.0000
  0
SEQEND
  8
0
  0
POLYLINE
  8
1
 66
1
 10
0.0000
 20
0.0000
 30
0.0000
 40
0.2540
 41
0.2540
 70
0
  0
VERTEX
  8
1
 10
108.4400
 20
76.8370
 30
0.0000
 42
1.0000
  0
VERTEX
  8
1
 10
108.4400
 20
76.5830
 30
0.0000
  0
SEQEND
  8
0
  0
POLYLINE
  8
1
 66
1
 10
0.0000
 20
0.0000
 30
0.0000
 40
0.5080
 41
0.5080
 70
0
  0
VERTEX
  8
1
 10
111.0500
 20
80.9200
 30
0.0000
  0
VERTEX
  8
1
 10
112.0600
 20
80.9200
 30
0.0000
  0
SEQEND
  8
0
  0
POLYLINE
  8
1
 66
1
 10
0.0000
 20
0.0000
 30
0.0000
 40
0.2540
 41
0.2540
 70
0
  0
VERTEX
  8
1
 10
112.0600
 20
80.7930
 30
0.0000
 42
1.0000
  0
VERTEX
  8
1
 10
112.0600
 20
81.0470
 30
0.0000
  0
SEQEND
  8
0
  0
POLYLINE
  8
1
 66
1
 10
0.0000
 20
0.0000
 30
0.0000
 40
0.2540
 41
0.2540
 70
0
  0
VERTEX
  8
1
 10
111.0500
 20
81.0470
 30
0.0000
 42
1.0000
  0
VERTEX
  8
1
 10
111.0500
 20
80.7930
 30
0.0000
  0
SEQEND
  8
0
  0
POLYLINE
  8
1
 66
1
 10
0.0000
 20
0.0000
 30
0.0000
 40
0.5080
 41
0.5080
 70
0
  0
VERTEX
  8
1
 10
109.9500
 20
76.7100
 30
0.0000
  0
VERTEX
  8
1
 10
110.5500
 20
77.3100
 30
0.0000
  0
SEQEND
  8
0
  0
POLYLINE
  8
1
 66
1
 10
0.0000
 20
0.0000
 30
0.0000
 40
0.2540
 41
0.2540
 70
0
  0
VERTEX
  8
1
 10
110.6398
 20
77.2202
 30
0.0000
 42
1.0000
  0
VERTEX
  8
1
 10
110.4602
 20
77.3998
 30
0.0000
  0
SEQEND
  8
0
  0
POLYLINE
  8
1
 66
1
 10
0.0000
 20
0.0000
 30
0.0000
 40
0.2540
 41
0.2540
 70
0
  0
VERTEX
  8
1
 10
109.8602
 20
76.7998
 30
0.0000
 42
1.0000
  0
VERTEX
  8
1
 10
110.0398
 20
76.6202
 30
0.0000
  0
SEQEND
  8
0
  0
POLYLINE
  8
1
 66
1
 10
0.0000
 20
0.0000
 30
0.0000
 40
0.5080
 41
0.5080
 70
0
  0
VERTEX
  8
1
 10
110.5500
 20
77.3100
 30
0.0000
  0
VERTEX
  8
1
 10
110.5500
 20
80.4000
 30
0.0000
  0
SEQEND
  8
0
  0
POLYLINE
  8
1
 66
1
 10
0.0000
 20
0.0000
 30
0.0000
 40
0.2540
 41
0.2540
 70
0
  0
VERTEX
  8
1
 10
110.6770
 20
80.4000
 30
0.0000
 42
1.0000
  0
VERTEX
  8
1
 10
110.4230
 20
80.4000
 30
0.0000
  0
SEQEND
  8
0
  0
POLYLINE
  8
1
 66
1
 10
0.0000
 20
0.0000
 30
0.0000
 40
0.2540
 41
0.2540
 70
0
  0
VERTEX
  8
1
 10
110.4230
 20
77.3100
 30
0.0000
 42
1.0000
  0
VERTEX
  8
1
 10
110.6770
 20
77.3100
 30
0.0000
  0
SEQEND
  8
0
  0
POLYLINE
  8
1
 66
1
 10
0.0000
 20
0.0000
 30
0.0000
 40
0.5080
 41
0.5080
 70
0
  0
VERTEX
  8
1
 10
110.5500
 20
80.4000
 30
0.0000
  0
VERTEX
  8
1
 10
110.5500
 20
80.4200
 30
0.0000
  0
SEQEND
  8
0
  0
POLYLINE
  8
1
 66
1
 10
0.0000
 20
0.0000
 30
0.0000
 40
0.2540
 41
0.2540
 70
0
  0
VERTEX
  8
1
 10
110.6770
 20
80.4200
 30
0.0000
 42
1.0000
  0
VERTEX
  8
1
 10
110.4230
 20
80.4200
 30
0.0000
  0
SEQEND
  8
0
  0
POLYLINE
  8
1
 66
1
 10
0.0000
 20
0.0000
 30
0.0000
 40
0.2540
 41
0.2540
 70
0
  0
VERTEX
  8
1
 10
110.4230
 20
80.4000
 30
0.0000
 42
1.0000
  0
VERTEX
  8
1
 10
110.6770
 20
80.4000
 30
0.0000
  0
SEQEND
  8
0
  0
POLYLINE
  8
1
 66
1
 10
0.0000
 20
0.0000
 30
0.0000
 40
0.5080
 41
0.5080
 70
0
  0
VERTEX
  8
1
 10
110.5500
 20
80.4200
 30
0.0000
  0
VERTEX
  8
1
 10
111.0500
 20
80.9200
 30
0.0000
  0
SEQEND
  8
0
  0
POLYLINE
  8
1
 66
1
 10
0.0000
 20
0.0000
 30
0.0000
 40
0.2540
 41
0.2540
 70
0
  0
VERTEX
  8
1
 10
111.1398
 20
80.8302
 30
0.0000
 42
1.0000
  0
VERTEX
  8
1
 10
110.9602
 20
81.0098
 30
0.0000
  0
SEQEND
  8
0
  0
POLYLINE
  8
1
 66
1
 10
0.0000
 20
0.0000
 30
0.0000
 40
0.2540
 41
0.2540
 70
0
  0
VERTEX
  8
1
 10
110.4602
 20
80.5098
 30
0.0000
 42
1.0000
  0
VERTEX
  8
1
 10
110.6398
 20
80.3302
 30
0.0000
  0
SEQEND
  8
0
  0
POLYLINE
  8
16
 66
1
 10
0.0000
 20
0.0000
 30
0.0000
 40
0.5080
 41
0.5080
 70
0
  0
VERTEX
  8
16
 10
102.6650
 20
75.1900
 30
0.0000
  0
VERTEX
  8
16
 10
103.6800
 20
75.1900
 30
0.0000
  0
SEQEND
  8
0
  0
POLYLINE
  8
16
 66
1
 10
0.0000
 20
0.0000
 30
0.0000
 40
0.2540
 41
0.2540
 70
0
  0
VERTEX
  8
16
 10
103.6800
 20
75.0630
 30
0.0000
 42
1.0000
  0
VERTEX
  8
16
 10
103.6800
 20
75.3170
 30
0.0000
  0
SEQEND
  8
0
  0
POLYLINE
  8
16
 66
1
 10
0.0000
 20
0.0000
 30
0.0000
 40
0.2540
 41
0.2540
 70
0
  0
VERTEX
  8
16
 10
102.6650
 20
75.3170
 30
0.0000
 42
1.0000
  0
VERTEX
  8
16
 10
102.6650
 20
75.0630
 30
0.0000
  0
SEQEND
  8
0
  0
POLYLINE
  8
16
 66
1
 10
0.0000
 20
0.0000
 30
0.0000
 40
0.5080
 41
0.5080
 70
0
  0
VERTEX
  8
16
 10
103.6800
 20
75.1900
 30
0.0000
  0
VERTEX
  8
16
 10
103.6800
 20
77.0400
 30
0.0000
  0
SEQEND
  8
0
  0
POLYLINE
  8
16
 66
1
 10
0.0000
 20
0.0000
 30
0.0000
 40
0.2540
 41
0.2540
 70
0
  0
VERTEX
  8
16
 10
103.8070
 20
77.0400
 30
0.0000
 42
1.0000
  0
VERTEX
  8
16
 10
103.5530
 20
77.0400
 30
0.0000
  0
SEQEND
  8
0
  0
POLYLINE
  8
16
 66
1
 10
0.0000
 20
0.0000
 30
0.0000
 40
0.2540
 41
0.2540
 70
0
  0
VERTEX
  8
16
 10
103.5530
 20
75.1900
 30
0.0000
 42
1.0000
  0
VERTEX
  8
16
 10
103.8070
 20
75.1900
 30
0.0000
  0
SEQEND
  8
0
  0
POLYLINE
  8
16
 66
1
 10
0.0000
 20
0.0000
 30
0.0000
 40
0.5080
 41
0.5080
 70
0
  0
VERTEX
  8
16
 10
103.6800
 20
77.0400
 30
0.0000
  0
VERTEX
  8
16
 10
105.9200
 20
79.2800
 30
0.0000
  0
SEQEND
  8
0
  0
POLYLINE
  8
16
 66
1
 10
0.0000
 20
0.0000
 30
0.0000
 40
0.2540
 41
0.2540
 70
0
  0
VERTEX
  8
16
 10
106.0098
 20
79.1902
 30
0.0000
 42
1.0000
  0
VERTEX
  8
16
 10
105.8302
 20
79.3698
 30
0.0000
  0
SEQEND
  8
0
  0
POLYLINE
  8
16
 66
1
 10
0.0000
 20
0.0000
 30
0.0000
 40
0.2540
 41
0.2540
 70
0
  0
VERTEX
  8
16
 10
103.5902
 20
77.1298
 30
0.0000
 42
1.0000
  0
VERTEX
  8
16
 10
103.7698
 20
76.9502
 30
0.0000
  0
SEQEND
  8
0
  0
POLYLINE
  8
16
 66
1
 10
0.0000
 20
0.0000
 30
0.0000
 40
0.5080
 41
0.5080
 70
0
  0
VERTEX
  8
16
 10
109.4300
 20
79.2800
 30
0.0000
  0
VERTEX
  8
16
 10
105.9200
 20
79.2800
 30
0.0000
  0
SEQEND
  8
0
  0
POLYLINE
  8
16
 66
1
 10
0.0000
 20
0.0000
 30
0.0000
 40
0.2540
 41
0.2540
 70
0
  0
VERTEX
  8
16
 10
105.9200
 20
79.4070
 30
0.0000
 42
1.0000
  0
VERTEX
  8
16
 10
105.9200
 20
79.1530
 30
0.0000
  0
SEQEND
  8
0
  0
POLYLINE
  8
16
 66
1
 10
0.0000
 20
0.0000
 30
0.0000
 40
0.2540
 41
0.2540
 70
0
  0
VERTEX
  8
16
 10
109.4300
 20
79.1530
 30
0.0000
 42
1.0000
  0
VERTEX
  8
16
 10
109.4300
 20
79.4070
 30
0.0000
  0
SEQEND
  8
0
  0
POLYLINE
  8
16
 66
1
 10
0.0000
 20
0.0000
 30
0.0000
 40
0.5080
 41
0.5080
 70
0
  0
VERTEX
  8
16
 10
109.4300
 20
79.2800
 30
0.0000
  0
VERTEX
  8
16
 10
110.5500
 20
80.4000
 30
0.0000
  0
SEQEND
  8
0
  0
POLYLINE
  8
16
 66
1
 10
0.0000
 20
0.0000
 30
0.0000
 40
0.2540
 41
0.2540
 70
0
  0
VERTEX
  8
16
 10
110.6398
 20
80.3102
 30
0.0000
 42
1.0000
  0
VERTEX
  8
16
 10
110.4602
 20
80.4898
 30
0.0000
  0
SEQEND
  8
0
  0
POLYLINE
  8
16
 66
1
 10
0.0000
 20
0.0000
 30
0.0000
 40
0.2540
 41
0.2540
 70
0
  0
VERTEX
  8
16
 10
109.3402
 20
79.3698
 30
0.0000
 42
1.0000
  0
VERTEX
  8
16
 10
109.5198
 20
79.1902
 30
0.0000
  0
SEQEND
  8
0
  0
INSERT
  8
18
  2
ROUNDV
 10
110.5500
 20
80.4000
 30
0.0000
 41
0.7564
 42
0.7564
 43
1.0000
 50
0.0000
  0
INSERT
  8
18
  2
ROUNDV
 10
110.5500
 20
80.4000
 30
0.0000
 41
0.7564
 42
0.7564
 43
1.0000
 50
0.0000
  0
POLYLINE
  8
1
 66
1
 10
0.0000
 20
0.0000
 30
0.0000
 40
0.5080
 41
0.5080
 70
0
  0
VERTEX
  8
1
 10
112.3100
 20
71.3000
 30
0.0000
  0
VERTEX
  8
1
 10
112.3100
 20
71.6000
 30
0.0000
  0
SEQEND
  8
0
  0
POLYLINE
  8
1
 66
1
 10
0.0000
 20
0.0000
 30
0.0000
 40
0.2540
 41
0.2540
 70
0
  0
VERTEX
  8
1
 10
112.4370
 20
71.6000
 30
0.0000
 42
1.0000
  0
VERTEX
  8
1
 10
112.1830
 20
71.6000
 30
0.0000
  0
SEQEND
  8
0
  0
POLYLINE
  8
1
 66
1
 10
0.0000
 20
0.0000
 30
0.0000
 40
0.2540
 41
0.2540
 70
0
  0
VERTEX
  8
1
 10
112.1830
 20
71.3000
 30
0.0000
 42
1.0000
  0
VERTEX
  8
1
 10
112.4370
 20
71.3000
 30
0.0000
  0
SEQEND
  8
0
  0
POLYLINE
  8
1
 66
1
 10
0.0000
 20
0.0000
 30
0.0000
 40
0.5080
 41
0.5080
 70
0
  0
VERTEX
  8
1
 10
110.4900
 20
73.4200
 30
0.0000
  0
VERTEX
  8
1
 10
107.6100
 20
73.4200
 30
0.0000
  0
SEQEND
  8
0
  0
POLYLINE
  8
1
 66
1
 10
0.0000
 20
0.0000
 30
0.0000
 40
0.2540
 41
0.2540
 70
0
  0
VERTEX
  8
1
 10
107.6100
 20
73.5470
 30
0.0000
 42
1.0000
  0
VERTEX
  8
1
 10
107.6100
 20
73.2930
 30
0.0000
  0
SEQEND
  8
0
  0
POLYLINE
  8
1
 66
1
 10
0.0000
 20
0.0000
 30
0.0000
 40
0.2540
 41
0.2540
 70
0
  0
VERTEX
  8
1
 10
110.4900
 20
73.2930
 30
0.0000
 42
1.0000
  0
VERTEX
  8
1
 10
110.4900
 20
73.5470
 30
0.0000
  0
SEQEND
  8
0
  0
POLYLINE
  8
1
 66
1
 10
0.0000
 20
0.0000
 30
0.0000
 40
0.5080
 41
0.5080
 70
0
  0
VERTEX
  8
1
 10
107.6100
 20
73.4200
 30
0.0000
  0
VERTEX
  8
1
 10
107.1700
 20
72.9800
 30
0.0000
  0
SEQEND
  8
0
  0
POLYLINE
  8
1
 66
1
 10
0.0000
 20
0.0000
 30
0.0000
 40
0.2540
 41
0.2540
 70
0
  0
VERTEX
  8
1
 10
107.0802
 20
73.0698
 30
0.0000
 42
1.0000
  0
VERTEX
  8
1
 10
107.2598
 20
72.8902
 30
0.0000
  0
SEQEND
  8
0
  0
POLYLINE
  8
1
 66
1
 10
0.0000
 20
0.0000
 30
0.0000
 40
0.2540
 41
0.2540
 70
0
  0
VERTEX
  8
1
 10
107.6998
 20
73.3302
 30
0.0000
 42
1.0000
  0
VERTEX
  8
1
 10
107.5202
 20
73.5098
 30
0.0000
  0
SEQEND
  8
0
  0
POLYLINE
  8
1
 66
1
 10
0.0000
 20
0.0000
 30
0.0000
 40
0.5080
 41
0.5080
 70
0
  0
VERTEX
  8
1
 10
107.1700
 20
72.9800
 30
0.0000
  0
VERTEX
  8
1
 10
107.1700
 20
71.6950
 30
0.0000
  0
SEQEND
  8
0
  0
POLYLINE
  8
1
 66
1
 10
0.0000
 20
0.0000
 30
0.0000
 40
0.2540
 41
0.2540
 70
0
  0
VERTEX
  8
1
 10
107.0430
 20
71.6950
 30
0.0000
 42
1.0000
  0
VERTEX
  8
1
 10
107.2970
 20
71.6950
 30
0.0000
  0
SEQEND
  8
0
  0
POLYLINE
  8
1
 66
1
 10
0.0000
 20
0.0000
 30
0.0000
 40
0.2540
 41
0.2540
 70
0
  0
VERTEX
  8
1
 10
107.2970
 20
72.9800
 30
0.0000
 42
1.0000
  0
VERTEX
  8
1
 10
107.0430
 20
72.9800
 30
0.0000
  0
SEQEND
  8
0
  0
POLYLINE
  8
1
 66
1
 10
0.0000
 20
0.0000
 30
0.0000
 40
0.5080
 41
0.5080
 70
0
  0
VERTEX
  8
1
 10
112.3100
 20
71.6000
 30
0.0000
  0
VERTEX
  8
1
 10
110.4900
 20
73.4200
 30
0.0000
  0
SEQEND
  8
0
  0
POLYLINE
  8
1
 66
1
 10
0.0000
 20
0.0000
 30
0.0000
 40
0.2540
 41
0.2540
 70
0
  0
VERTEX
  8
1
 10
110.5798
 20
73.5098
 30
0.0000
 42
1.0000
  0
VERTEX
  8
1
 10
110.4002
 20
73.3302
 30
0.0000
  0
SEQEND
  8
0
  0
POLYLINE
  8
1
 66
1
 10
0.0000
 20
0.0000
 30
0.0000
 40
0.2540
 41
0.2540
 70
0
  0
VERTEX
  8
1
 10
112.2202
 20
71.5102
 30
0.0000
 42
1.0000
  0
VERTEX
  8
1
 10
112.3998
 20
71.6898
 30
0.0000
  0
SEQEND
  8
0
  0
POLYLINE
  8
1
 66
1
 10
0.0000
 20
0.0000
 30
0.0000
 40
0.5080
 41
0.5080
 70
0
  0
VERTEX
  8
1
 10
108.4400
 20
71.6950
 30
0.0000
  0
VERTEX
  8
1
 10
108.4400
 20
70.6600
 30
0.0000
  0
SEQEND
  8
0
  0
POLYLINE
  8
1
 66
1
 10
0.0000
 20
0.0000
 30
0.0000
 40
0.2540
 41
0.2540
 70
0
  0
VERTEX
  8
1
 10
108.3130
 20
70.6600
 30
0.0000
 42
1.0000
  0
VERTEX
  8
1
 10
108.5670
 20
70.6600
 30
0.0000
  0
SEQEND
  8
0
  0
POLYLINE
  8
1
 66
1
 10
0.0000
 20
0.0000
 30
0.0000
 40
0.2540
 41
0.2540
 70
0
  0
VERTEX
  8
1
 10
108.5670
 20
71.6950
 30
0.0000
 42
1.0000
  0
VERTEX
  8
1
 10
108.3130
 20
71.6950
 30
0.0000
  0
SEQEND
  8
0
  0
POLYLINE
  8
1
 66
1
 10
0.0000
 20
0.0000
 30
0.0000
 40
0.5080
 41
0.5080
 70
0
  0
VERTEX
  8
1
 10
108.8414
 20
70.2586
 30
0.0000
  0
VERTEX
  8
1
 10
114.2686
 20
70.2586
 30
0.0000
  0
SEQEND
  8
0
  0
POLYLINE
  8
1
 66
1
 10
0.0000
 20
0.0000
 30
0.0000
 40
0.2540
 41
0.2540
 70
0
  0
VERTEX
  8
1
 10
114.2686
 20
70.1316
 30
0.0000
 42
1.0000
  0
VERTEX
  8
1
 10
114.2686
 20
70.3856
 30
0.0000
  0
SEQEND
  8
0
  0
POLYLINE
  8
1
 66
1
 10
0.0000
 20
0.0000
 30
0.0000
 40
0.2540
 41
0.2540
 70
0
  0
VERTEX
  8
1
 10
108.8414
 20
70.3856
 30
0.0000
 42
1.0000
  0
VERTEX
  8
1
 10
108.8414
 20
70.1316
 30
0.0000
  0
SEQEND
  8
0
  0
POLYLINE
  8
1
 66
1
 10
0.0000
 20
0.0000
 30
0.0000
 40
0.5080
 41
0.5080
 70
0
  0
VERTEX
  8
1
 10
114.2686
 20
70.2586
 30
0.0000
  0
VERTEX
  8
1
 10
115.3100
 20
71.3000
 30
0.0000
  0
SEQEND
  8
0
  0
POLYLINE
  8
1
 66
1
 10
0.0000
 20
0.0000
 30
0.0000
 40
0.2540
 41
0.2540
 70
0
  0
VERTEX
  8
1
 10
115.3998
 20
71.2102
 30
0.0000
 42
1.0000
  0
VERTEX
  8
1
 10
115.2202
 20
71.3898
 30
0.0000
  0
SEQEND
  8
0
  0
POLYLINE
  8
1
 66
1
 10
0.0000
 20
0.0000
 30
0.0000
 40
0.2540
 41
0.2540
 70
0
  0
VERTEX
  8
1
 10
114.1788
 20
70.3484
 30
0.0000
 42
1.0000
  0
VERTEX
  8
1
 10
114.3584
 20
70.1688
 30
0.0000
  0
SEQEND
  8
0
  0
POLYLINE
  8
1
 66
1
 10
0.0000
 20
0.0000
 30
0.0000
 40
0.5080
 41
0.5080
 70
0
  0
VERTEX
  8
1
 10
108.4400
 20
70.6600
 30
0.0000
  0
VERTEX
  8
1
 10
108.8414
 20
70.2586
 30
0.0000
  0
SEQEND
  8
0
  0
POLYLINE
  8
1
 66
1
 10
0.0000
 20
0.0000
 30
0.0000
 40
0.2540
 41
0.2540
 70
0
  0
VERTEX
  8
1
 10
108.7516
 20
70.1688
 30
0.0000
 42
1.0000
  0
VERTEX
  8
1
 10
108.9312
 20
70.3484
 30
0.0000
  0
SEQEND
  8
0
  0
POLYLINE
  8
1
 66
1
 10
0.0000
 20
0.0000
 30
0.0000
 40
0.2540
 41
0.2540
 70
0
  0
VERTEX
  8
1
 10
108.5298
 20
70.7498
 30
0.0000
 42
1.0000
  0
VERTEX
  8
1
 10
108.3502
 20
70.5702
 30
0.0000
  0
SEQEND
  8
0
  0
POLYLINE
  8
1
 66
1
 10
0.0000
 20
0.0000
 30
0.0000
 40
0.3048
 41
0.3048
 70
0
  0
VERTEX
  8
1
 10
112.6100
 20
79.8400
 30
0.0000
  0
VERTEX
  8
1
 10
113.4300
 20
79.8400
 30
0.0000
  0
SEQEND
  8
0
  0
POLYLINE
  8
1
 66
1
 10
0.0000
 20
0.0000
 30
0.0000
 40
0.1524
 41
0.1524
 70
0
  0
VERTEX
  8
1
 10
113.4300
 20
79.7638
 30
0.0000
 42
1.0000
  0
VERTEX
  8
1
 10
113.4300
 20
79.9162
 30
0.0000
  0
SEQEND
  8
0
  0
POLYLINE
  8
1
 66
1
 10
0.0000
 20
0.0000
 30
0.0000
 40
0.1524
 41
0.1524
 70
0
  0
VERTEX
  8
1
 10
112.6100
 20
79.9162
 30
0.0000
 42
1.0000
  0
VERTEX
  8
1
 10
112.6100
 20
79.7638
 30
0.0000
  0
SEQEND
  8
0
  0
POLYLINE
  8
1
 66
1
 10
0.0000
 20
0.0000
 30
0.0000
 40
0.3048
 41
0.3048
 70
0
  0
VERTEX
  8
1
 10
113.4300
 20
79.8400
 30
0.0000
  0
VERTEX
  8
1
 10
117.0100
 20
76.2600
 30
0.0000
  0
SEQEND
  8
0
  0
POLYLINE
  8
1
 66
1
 10
0.0000
 20
0.0000
 30
0.0000
 40
0.1524
 41
0.1524
 70
0
  0
VERTEX
  8
1
 10
116.9561
 20
76.2061
 30
0.0000
 42
1.0000
  0
VERTEX
  8
1
 10
117.0639
 20
76.3139
 30
0.0000
  0
SEQEND
  8
0
  0
POLYLINE
  8
1
 66
1
 10
0.0000
 20
0.0000
 30
0.0000
 40
0.1524
 41
0.1524
 70
0
  0
VERTEX
  8
1
 10
113.4839
 20
79.8939
 30
0.0000
 42
1.0000
  0
VERTEX
  8
1
 10
113.3761
 20
79.7861
 30
0.0000
  0
SEQEND
  8
0
  0
POLYLINE
  8
1
 66
1
 10
0.0000
 20
0.0000
 30
0.0000
 40
0.3048
 41
0.3048
 70
0
  0
VERTEX
  8
1
 10
117.0100
 20
76.2600
 30
0.0000
  0
VERTEX
  8
1
 10
115.8000
 20
75.0500
 30
0.0000
  0
SEQEND
  8
0
  0
POLYLINE
  8
1
 66
1
 10
0.0000
 20
0.0000
 30
0.0000
 40
0.1524
 41
0.1524
 70
0
  0
VERTEX
  8
1
 10
115.7461
 20
75.1039
 30
0.0000
 42
1.0000
  0
VERTEX
  8
1
 10
115.8539
 20
74.9961
 30
0.0000
  0
SEQEND
  8
0
  0
POLYLINE
  8
1
 66
1
 10
0.0000
 20
0.0000
 30
0.0000
 40
0.1524
 41
0.1524
 70
0
  0
VERTEX
  8
1
 10
117.0639
 20
76.2061
 30
0.0000
 42
1.0000
  0
VERTEX
  8
1
 10
116.9561
 20
76.3139
 30
0.0000
  0
SEQEND
  8
0
  0
POLYLINE
  8
1
 66
1
 10
0.0000
 20
0.0000
 30
0.0000
 40
0.3048
 41
0.3048
 70
0
  0
VERTEX
  8
1
 10
115.8000
 20
75.0500
 30
0.0000
  0
VERTEX
  8
1
 10
113.6200
 20
75.0500
 30
0.0000
  0
SEQEND
  8
0
  0
POLYLINE
  8
1
 66
1
 10
0.0000
 20
0.0000
 30
0.0000
 40
0.1524
 41
0.1524
 70
0
  0
VERTEX
  8
1
 10
113.6200
 20
75.1262
 30
0.0000
 42
1.0000
  0
VERTEX
  8
1
 10
113.6200
 20
74.9738
 30
0.0000
  0
SEQEND
  8
0
  0
POLYLINE
  8
1
 66
1
 10
0.0000
 20
0.0000
 30
0.0000
 40
0.1524
 41
0.1524
 70
0
  0
VERTEX
  8
1
 10
115.8000
 20
74.9738
 30
0.0000
 42
1.0000
  0
VERTEX
  8
1
 10
115.8000
 20
75.1262
 30
0.0000
  0
SEQEND
  8
0
  0
POLYLINE
  8
1
 66
1
 10
0.0000
 20
0.0000
 30
0.0000
 40
0.3048
 41
0.3048
 70
0
  0
VERTEX
  8
1
 10
113.6200
 20
75.0500
 30
0.0000
  0
VERTEX
  8
1
 10
111.6100
 20
77.0600
 30
0.0000
  0
SEQEND
  8
0
  0
POLYLINE
  8
1
 66
1
 10
0.0000
 20
0.0000
 30
0.0000
 40
0.1524
 41
0.1524
 70
0
  0
VERTEX
  8
1
 10
111.6639
 20
77.1139
 30
0.0000
 42
1.0000
  0
VERTEX
  8
1
 10
111.5561
 20
77.0061
 30
0.0000
  0
SEQEND
  8
0
  0
POLYLINE
  8
1
 66
1
 10
0.0000
 20
0.0000
 30
0.0000
 40
0.1524
 41
0.1524
 70
0
  0
VERTEX
  8
1
 10
113.5661
 20
74.9961
 30
0.0000
 42
1.0000
  0
VERTEX
  8
1
 10
113.6739
 20
75.1039
 30
0.0000
  0
SEQEND
  8
0
  0
POLYLINE
  8
1
 66
1
 10
0.0000
 20
0.0000
 30
0.0000
 40
0.3048
 41
0.3048
 70
0
  0
VERTEX
  8
1
 10
111.6100
 20
77.0600
 30
0.0000
  0
VERTEX
  8
1
 10
111.6100
 20
78.8400
 30
0.0000
  0
SEQEND
  8
0
  0
POLYLINE
  8
1
 66
1
 10
0.0000
 20
0.0000
 30
0.0000
 40
0.1524
 41
0.1524
 70
0
  0
VERTEX
  8
1
 10
111.6862
 20
78.8400
 30
0.0000
 42
1.0000
  0
VERTEX
  8
1
 10
111.5338
 20
78.8400
 30
0.0000
  0
SEQEND
  8
0
  0
POLYLINE
  8
1
 66
1
 10
0.0000
 20
0.0000
 30
0.0000
 40
0.1524
 41
0.1524
 70
0
  0
VERTEX
  8
1
 10
111.5338
 20
77.0600
 30
0.0000
 42
1.0000
  0
VERTEX
  8
1
 10
111.6862
 20
77.0600
 30
0.0000
  0
SEQEND
  8
0
  0
POLYLINE
  8
1
 66
1
 10
0.0000
 20
0.0000
 30
0.0000
 40
0.3048
 41
0.3048
 70
0
  0
VERTEX
  8
1
 10
111.6100
 20
78.8400
 30
0.0000
  0
VERTEX
  8
1
 10
112.6100
 20
79.8400
 30
0.0000
  0
SEQEND
  8
0
  0
POLYLINE
  8
1
 66
1
 10
0.0000
 20
0.0000
 30
0.0000
 40
0.1524
 41
0.1524
 70
0
  0
VERTEX
  8
1
 10
112.6639
 20
79.7861
 30
0.0000
 42
1.0000
  0
VERTEX
  8
1
 10
112.5561
 20
79.8939
 30
0.0000
  0
SEQEND
  8
0
  0
POLYLINE
  8
1
 66
1
 10
0.0000
 20
0.0000
 30
0.0000
 40
0.1524
 41
0.1524
 70
0
  0
VERTEX
  8
1
 10
111.5561
 20
78.8939
 30
0.0000
 42
1.0000
  0
VERTEX
  8
1
 10
111.6639
 20
78.7861
 30
0.0000
  0
SEQEND
  8
0
  0
POLYLINE
  8
1
 66
1
 10
0.0000
 20
0.0000
 30
0.0000
 40
0.3048
 41
0.3048
 70
0
  0
VERTEX
  8
1
 10
113.5565
 20
78.4402
 30
0.0000
  0
VERTEX
  8
1
 10
113.4534
 20
78.5184
 30
0.0000
  0
SEQEND
  8
0
  0
POLYLINE
  8
1
 66
1
 10
0.0000
 20
0.0000
 30
0.0000
 40
0.1524
 41
0.1524
 70
0
  0
VERTEX
  8
1
 10
113.4995
 20
78.5791
 30
0.0000
 42
1.0000
  0
VERTEX
  8
1
 10
113.4074
 20
78.4577
 30
0.0000
  0
SEQEND
  8
0
  0
POLYLINE
  8
1
 66
1
 10
0.0000
 20
0.0000
 30
0.0000
 40
0.1524
 41
0.1524
 70
0
  0
VERTEX
  8
1
 10
113.5105
 20
78.3795
 30
0.0000
 42
1.0000
  0
VERTEX
  8
1
 10
113.6025
 20
78.5010
 30
0.0000
  0
SEQEND
  8
0
  0
POLYLINE
  8
1
 66
1
 10
0.0000
 20
0.0000
 30
0.0000
 40
0.3048
 41
0.3048
 70
0
  0
VERTEX
  8
1
 10
113.4534
 20
78.5184
 30
0.0000
  0
VERTEX
  8
1
 10
113.4358
 20
78.5317
 30
0.0000
  0
SEQEND
  8
0
  0
POLYLINE
  8
1
 66
1
 10
0.0000
 20
0.0000
 30
0.0000
 40
0.1524
 41
0.1524
 70
0
  0
VERTEX
  8
1
 10
113.4819
 20
78.5925
 30
0.0000
 42
1.0000
  0
VERTEX
  8
1
 10
113.3898
 20
78.4710
 30
0.0000
  0
SEQEND
  8
0
  0
POLYLINE
  8
1
 66
1
 10
0.0000
 20
0.0000
 30
0.0000
 40
0.1524
 41
0.1524
 70
0
  0
VERTEX
  8
1
 10
113.4074
 20
78.4577
 30
0.0000
 42
1.0000
  0
VERTEX
  8
1
 10
113.4995
 20
78.5791
 30
0.0000
  0
SEQEND
  8
0
  0
POLYLINE
  8
1
 66
1
 10
0.0000
 20
0.0000
 30
0.0000
 40
0.3048
 41
0.3048
 70
0
  0
VERTEX
  8
1
 10
113.4358
 20
78.5317
 30
0.0000
  0
VERTEX
  8
1
 10
113.2858
 20
78.5111
 30
0.0000
  0
SEQEND
  8
0
  0
POLYLINE
  8
1
 66
1
 10
0.0000
 20
0.0000
 30
0.0000
 40
0.1524
 41
0.1524
 70
0
  0
VERTEX
  8
1
 10
113.2754
 20
78.5866
 30
0.0000
 42
1.0000
  0
VERTEX
  8
1
 10
113.2962
 20
78.4356
 30
0.0000
  0
SEQEND
  8
0
  0
POLYLINE
  8
1
 66
1
 10
0.0000
 20
0.0000
 30
0.0000
 40
0.1524
 41
0.1524
 70
0
  0
VERTEX
  8
1
 10
113.4462
 20
78.4563
 30
0.0000
 42
1.0000
  0
VERTEX
  8
1
 10
113.4255
 20
78.6072
 30
0.0000
  0
SEQEND
  8
0
  0
POLYLINE
  8
1
 66
1
 10
0.0000
 20
0.0000
 30
0.0000
 40
0.3048
 41
0.3048
 70
0
  0
VERTEX
  8
1
 10
113.2858
 20
78.5111
 30
0.0000
  0
VERTEX
  8
1
 10
113.2730
 20
78.4942
 30
0.0000
  0
SEQEND
  8
0
  0
POLYLINE
  8
1
 66
1
 10
0.0000
 20
0.0000
 30
0.0000
 40
0.1524
 41
0.1524
 70
0
  0
VERTEX
  8
1
 10
113.2122
 20
78.5402
 30
0.0000
 42
1.0000
  0
VERTEX
  8
1
 10
113.3337
 20
78.4481
 30
0.0000
  0
SEQEND
  8
0
  0
POLYLINE
  8
1
 66
1
 10
0.0000
 20
0.0000
 30
0.0000
 40
0.1524
 41
0.1524
 70
0
  0
VERTEX
  8
1
 10
113.3465
 20
78.4651
 30
0.0000
 42
1.0000
  0
VERTEX
  8
1
 10
113.2251
 20
78.5572
 30
0.0000
  0
SEQEND
  8
0
  0
POLYLINE
  8
1
 66
1
 10
0.0000
 20
0.0000
 30
0.0000
 40
0.3048
 41
0.3048
 70
0
  0
VERTEX
  8
1
 10
113.2730
 20
78.4942
 30
0.0000
  0
VERTEX
  8
1
 10
112.7162
 20
77.7599
 30
0.0000
  0
SEQEND
  8
0
  0
POLYLINE
  8
1
 66
1
 10
0.0000
 20
0.0000
 30
0.0000
 40
0.1524
 41
0.1524
 70
0
  0
VERTEX
  8
1
 10
112.6554
 20
77.8060
 30
0.0000
 42
1.0000
  0
VERTEX
  8
1
 10
112.7769
 20
77.7139
 30
0.0000
  0
SEQEND
  8
0
  0
POLYLINE
  8
1
 66
1
 10
0.0000
 20
0.0000
 30
0.0000
 40
0.1524
 41
0.1524
 70
0
  0
VERTEX
  8
1
 10
113.3337
 20
78.4481
 30
0.0000
 42
1.0000
  0
VERTEX
  8
1
 10
113.2122
 20
78.5402
 30
0.0000
  0
SEQEND
  8
0
  0
POLYLINE
  8
1
 66
1
 10
0.0000
 20
0.0000
 30
0.0000
 40
0.3048
 41
0.3048
 70
0
  0
VERTEX
  8
1
 10
112.7162
 20
77.7599
 30
0.0000
  0
VERTEX
  8
1
 10
112.7109
 20
77.7530
 30
0.0000
  0
SEQEND
  8
0
  0
POLYLINE
  8
1
 66
1
 10
0.0000
 20
0.0000
 30
0.0000
 40
0.1524
 41
0.1524
 70
0
  0
VERTEX
  8
1
 10
112.6502
 20
77.7991
 30
0.0000
 42
1.0000
  0
VERTEX
  8
1
 10
112.7716
 20
77.7070
 30
0.0000
  0
SEQEND
  8
0
  0
POLYLINE
  8
1
 66
1
 10
0.0000
 20
0.0000
 30
0.0000
 40
0.1524
 41
0.1524
 70
0
  0
VERTEX
  8
1
 10
112.7769
 20
77.7139
 30
0.0000
 42
1.0000
  0
VERTEX
  8
1
 10
112.6554
 20
77.8060
 30
0.0000
  0
SEQEND
  8
0
  0
POLYLINE
  8
1
 66
1
 10
0.0000
 20
0.0000
 30
0.0000
 40
0.3048
 41
0.3048
 70
0
  0
VERTEX
  8
1
 10
112.7109
 20
77.7530
 30
0.0000
  0
VERTEX
  8
1
 10
112.7140
 20
77.7304
 30
0.0000
  0
SEQEND
  8
0
  0
POLYLINE
  8
1
 66
1
 10
0.0000
 20
0.0000
 30
0.0000
 40
0.1524
 41
0.1524
 70
0
  0
VERTEX
  8
1
 10
112.6385
 20
77.7200
 30
0.0000
 42
1.0000
  0
VERTEX
  8
1
 10
112.7895
 20
77.7408
 30
0.0000
  0
SEQEND
  8
0
  0
POLYLINE
  8
1
 66
1
 10
0.0000
 20
0.0000
 30
0.0000
 40
0.1524
 41
0.1524
 70
0
  0
VERTEX
  8
1
 10
112.7864
 20
77.7634
 30
0.0000
 42
1.0000
  0
VERTEX
  8
1
 10
112.6354
 20
77.7426
 30
0.0000
  0
SEQEND
  8
0
  0
POLYLINE
  8
1
 66
1
 10
0.0000
 20
0.0000
 30
0.0000
 40
0.3048
 41
0.3048
 70
0
  0
VERTEX
  8
1
 10
112.7140
 20
77.7304
 30
0.0000
  0
VERTEX
  8
1
 10
112.7315
 20
77.6030
 30
0.0000
  0
SEQEND
  8
0
  0
POLYLINE
  8
1
 66
1
 10
0.0000
 20
0.0000
 30
0.0000
 40
0.1524
 41
0.1524
 70
0
  0
VERTEX
  8
1
 10
112.6560
 20
77.5926
 30
0.0000
 42
1.0000
  0
VERTEX
  8
1
 10
112.8070
 20
77.6134
 30
0.0000
  0
SEQEND
  8
0
  0
POLYLINE
  8
1
 66
1
 10
0.0000
 20
0.0000
 30
0.0000
 40
0.1524
 41
0.1524
 70
0
  0
VERTEX
  8
1
 10
112.7895
 20
77.7408
 30
0.0000
 42
1.0000
  0
VERTEX
  8
1
 10
112.6385
 20
77.7200
 30
0.0000
  0
SEQEND
  8
0
  0
POLYLINE
  8
1
 66
1
 10
0.0000
 20
0.0000
 30
0.0000
 40
0.3048
 41
0.3048
 70
0
  0
VERTEX
  8
1
 10
112.7315
 20
77.6030
 30
0.0000
  0
VERTEX
  8
1
 10
112.8522
 20
77.5115
 30
0.0000
  0
SEQEND
  8
0
  0
POLYLINE
  8
1
 66
1
 10
0.0000
 20
0.0000
 30
0.0000
 40
0.1524
 41
0.1524
 70
0
  0
VERTEX
  8
1
 10
112.8062
 20
77.4508
 30
0.0000
 42
1.0000
  0
VERTEX
  8
1
 10
112.8982
 20
77.5722
 30
0.0000
  0
SEQEND
  8
0
  0
POLYLINE
  8
1
 66
1
 10
0.0000
 20
0.0000
 30
0.0000
 40
0.1524
 41
0.1524
 70
0
  0
VERTEX
  8
1
 10
112.7776
 20
77.6637
 30
0.0000
 42
1.0000
  0
VERTEX
  8
1
 10
112.6855
 20
77.5423
 30
0.0000
  0
SEQEND
  8
0
  0
POLYLINE
  8
1
 66
1
 10
0.0000
 20
0.0000
 30
0.0000
 40
0.3048
 41
0.3048
 70
0
  0
VERTEX
  8
1
 10
112.8522
 20
77.5115
 30
0.0000
  0
VERTEX
  8
1
 10
112.8522
 20
77.5115
 30
0.0000
  0
SEQEND
  8
0
  0
POLYLINE
  8
1
 66
1
 10
0.0000
 20
0.0000
 30
0.0000
 40
0.1524
 41
0.1524
 70
0
  0
VERTEX
  8
1
 10
112.8522
 20
77.4353
 30
0.0000
 42
1.0000
  0
VERTEX
  8
1
 10
112.8522
 20
77.5877
 30
0.0000
  0
SEQEND
  8
0
  0
POLYLINE
  8
1
 66
1
 10
0.0000
 20
0.0000
 30
0.0000
 40
0.1524
 41
0.1524
 70
0
  0
VERTEX
  8
1
 10
112.8522
 20
77.5877
 30
0.0000
 42
1.0000
  0
VERTEX
  8
1
 10
112.8522
 20
77.4353
 30
0.0000
  0
SEQEND
  8
0
  0
POLYLINE
  8
1
 66
1
 10
0.0000
 20
0.0000
 30
0.0000
 40
0.3048
 41
0.3048
 70
0
  0
VERTEX
  8
1
 10
112.8522
 20
77.5115
 30
0.0000
  0
VERTEX
  8
1
 10
114.3251
 20
76.3945
 30
0.0000
  0
SEQEND
  8
0
  0
POLYLINE
  8
1
 66
1
 10
0.0000
 20
0.0000
 30
0.0000
 40
0.1524
 41
0.1524
 70
0
  0
VERTEX
  8
1
 10
114.2791
 20
76.3338
 30
0.0000
 42
1.0000
  0
VERTEX
  8
1
 10
114.3712
 20
76.4552
 30
0.0000
  0
SEQEND
  8
0
  0
POLYLINE
  8
1
 66
1
 10
0.0000
 20
0.0000
 30
0.0000
 40
0.1524
 41
0.1524
 70
0
  0
VERTEX
  8
1
 10
112.8982
 20
77.5722
 30
0.0000
 42
1.0000
  0
VERTEX
  8
1
 10
112.8062
 20
77.4508
 30
0.0000
  0
SEQEND
  8
0
  0
POLYLINE
  8
1
 66
1
 10
0.0000
 20
0.0000
 30
0.0000
 40
0.3048
 41
0.3048
 70
0
  0
VERTEX
  8
1
 10
114.3251
 20
76.3945
 30
0.0000
  0
VERTEX
  8
1
 10
114.3251
 20
76.3945
 30
0.0000
  0
SEQEND
  8
0
  0
POLYLINE
  8
1
 66
1
 10
0.0000
 20
0.0000
 30
0.0000
 40
0.1524
 41
0.1524
 70
0
  0
VERTEX
  8
1
 10
114.2489
 20
76.3945
 30
0.0000
 42
1.0000
  0
VERTEX
  8
1
 10
114.4013
 20
76.3945
 30
0.0000
  0
SEQEND
  8
0
  0
POLYLINE
  8
1
 66
1
 10
0.0000
 20
0.0000
 30
0.0000
 40
0.1524
 41
0.1524
 70
0
  0
VERTEX
  8
1
 10
114.4013
 20
76.3945
 30
0.0000
 42
1.0000
  0
VERTEX
  8
1
 10
114.2489
 20
76.3945
 30
0.0000
  0
SEQEND
  8
0
  0
POLYLINE
  8
1
 66
1
 10
0.0000
 20
0.0000
 30
0.0000
 40
0.3048
 41
0.3048
 70
0
  0
VERTEX
  8
1
 10
114.3251
 20
76.3945
 30
0.0000
  0
VERTEX
  8
1
 10
114.3895
 20
76.3457
 30
0.0000
  0
SEQEND
  8
0
  0
POLYLINE
  8
1
 66
1
 10
0.0000
 20
0.0000
 30
0.0000
 40
0.1524
 41
0.1524
 70
0
  0
VERTEX
  8
1
 10
114.3434
 20
76.2850
 30
0.0000
 42
1.0000
  0
VERTEX
  8
1
 10
114.4355
 20
76.4064
 30
0.0000
  0
SEQEND
  8
0
  0
POLYLINE
  8
1
 66
1
 10
0.0000
 20
0.0000
 30
0.0000
 40
0.1524
 41
0.1524
 70
0
  0
VERTEX
  8
1
 10
114.3712
 20
76.4552
 30
0.0000
 42
1.0000
  0
VERTEX
  8
1
 10
114.2791
 20
76.3338
 30
0.0000
  0
SEQEND
  8
0
  0
POLYLINE
  8
1
 66
1
 10
0.0000
 20
0.0000
 30
0.0000
 40
0.3048
 41
0.3048
 70
0
  0
VERTEX
  8
1
 10
114.3895
 20
76.3457
 30
0.0000
  0
VERTEX
  8
1
 10
114.4458
 20
76.3030
 30
0.0000
  0
SEQEND
  8
0
  0
POLYLINE
  8
1
 66
1
 10
0.0000
 20
0.0000
 30
0.0000
 40
0.1524
 41
0.1524
 70
0
  0
VERTEX
  8
1
 10
114.3998
 20
76.2423
 30
0.0000
 42
1.0000
  0
VERTEX
  8
1
 10
114.4918
 20
76.3637
 30
0.0000
  0
SEQEND
  8
0
  0
POLYLINE
  8
1
 66
1
 10
0.0000
 20
0.0000
 30
0.0000
 40
0.1524
 41
0.1524
 70
0
  0
VERTEX
  8
1
 10
114.4355
 20
76.4064
 30
0.0000
 42
1.0000
  0
VERTEX
  8
1
 10
114.3434
 20
76.2850
 30
0.0000
  0
SEQEND
  8
0
  0
POLYLINE
  8
1
 66
1
 10
0.0000
 20
0.0000
 30
0.0000
 40
0.3048
 41
0.3048
 70
0
  0
VERTEX
  8
1
 10
114.4458
 20
76.3030
 30
0.0000
  0
VERTEX
  8
1
 10
114.4458
 20
76.3030
 30
0.0000
  0
SEQEND
  8
0
  0
POLYLINE
  8
1
 66
1
 10
0.0000
 20
0.0000
 30
0.0000
 40
0.1524
 41
0.1524
 70
0
  0
VERTEX
  8
1
 10
114.4458
 20
76.2268
 30
0.0000
 42
1.0000
  0
VERTEX
  8
1
 10
114.4458
 20
76.3792
 30
0.0000
  0
SEQEND
  8
0
  0
POLYLINE
  8
1
 66
1
 10
0.0000
 20
0.0000
 30
0.0000
 40
0.1524
 41
0.1524
 70
0
  0
VERTEX
  8
1
 10
114.4458
 20
76.3792
 30
0.0000
 42
1.0000
  0
VERTEX
  8
1
 10
114.4458
 20
76.2268
 30
0.0000
  0
SEQEND
  8
0
  0
POLYLINE
  8
1
 66
1
 10
0.0000
 20
0.0000
 30
0.0000
 40
0.3048
 41
0.3048
 70
0
  0
VERTEX
  8
1
 10
114.4458
 20
76.3030
 30
0.0000
  0
VERTEX
  8
1
 10
114.5958
 20
76.3236
 30
0.0000
  0
SEQEND
  8
0
  0
POLYLINE
  8
1
 66
1
 10
0.0000
 20
0.0000
 30
0.0000
 40
0.1524
 41
0.1524
 70
0
  0
VERTEX
  8
1
 10
114.6062
 20
76.2481
 30
0.0000
 42
1.0000
  0
VERTEX
  8
1
 10
114.5854
 20
76.3991
 30
0.0000
  0
SEQEND
  8
0
  0
POLYLINE
  8
1
 66
1
 10
0.0000
 20
0.0000
 30
0.0000
 40
0.1524
 41
0.1524
 70
0
  0
VERTEX
  8
1
 10
114.4354
 20
76.3785
 30
0.0000
 42
1.0000
  0
VERTEX
  8
1
 10
114.4562
 20
76.2275
 30
0.0000
  0
SEQEND
  8
0
  0
POLYLINE
  8
1
 66
1
 10
0.0000
 20
0.0000
 30
0.0000
 40
0.3048
 41
0.3048
 70
0
  0
VERTEX
  8
1
 10
114.5958
 20
76.3236
 30
0.0000
  0
VERTEX
  8
1
 10
115.0792
 20
76.9611
 30
0.0000
  0
SEQEND
  8
0
  0
POLYLINE
  8
1
 66
1
 10
0.0000
 20
0.0000
 30
0.0000
 40
0.1524
 41
0.1524
 70
0
  0
VERTEX
  8
1
 10
115.1399
 20
76.9150
 30
0.0000
 42
1.0000
  0
VERTEX
  8
1
 10
115.0185
 20
77.0071
 30
0.0000
  0
SEQEND
  8
0
  0
POLYLINE
  8
1
 66
1
 10
0.0000
 20
0.0000
 30
0.0000
 40
0.1524
 41
0.1524
 70
0
  0
VERTEX
  8
1
 10
114.5351
 20
76.3697
 30
0.0000
 42
1.0000
  0
VERTEX
  8
1
 10
114.6565
 20
76.2776
 30
0.0000
  0
SEQEND
  8
0
  0
POLYLINE
  8
1
 66
1
 10
0.0000
 20
0.0000
 30
0.0000
 40
0.3048
 41
0.3048
 70
0
  0
VERTEX
  8
1
 10
115.0792
 20
76.9611
 30
0.0000
  0
VERTEX
  8
1
 10
115.0792
 20
76.9611
 30
0.0000
  0
SEQEND
  8
0
  0
POLYLINE
  8
1
 66
1
 10
0.0000
 20
0.0000
 30
0.0000
 40
0.1524
 41
0.1524
 70
0
  0
VERTEX
  8
1
 10
115.0792
 20
76.8849
 30
0.0000
 42
1.0000
  0
VERTEX
  8
1
 10
115.0792
 20
77.0373
 30
0.0000
  0
SEQEND
  8
0
  0
POLYLINE
  8
1
 66
1
 10
0.0000
 20
0.0000
 30
0.0000
 40
0.1524
 41
0.1524
 70
0
  0
VERTEX
  8
1
 10
115.0792
 20
77.0373
 30
0.0000
 42
1.0000
  0
VERTEX
  8
1
 10
115.0792
 20
76.8849
 30
0.0000
  0
SEQEND
  8
0
  0
POLYLINE
  8
1
 66
1
 10
0.0000
 20
0.0000
 30
0.0000
 40
0.3048
 41
0.3048
 70
0
  0
VERTEX
  8
1
 10
115.0792
 20
76.9611
 30
0.0000
  0
VERTEX
  8
1
 10
115.1707
 20
77.0817
 30
0.0000
  0
SEQEND
  8
0
  0
POLYLINE
  8
1
 66
1
 10
0.0000
 20
0.0000
 30
0.0000
 40
0.1524
 41
0.1524
 70
0
  0
VERTEX
  8
1
 10
115.2314
 20
77.0357
 30
0.0000
 42
1.0000
  0
VERTEX
  8
1
 10
115.1100
 20
77.1278
 30
0.0000
  0
SEQEND
  8
0
  0
POLYLINE
  8
1
 66
1
 10
0.0000
 20
0.0000
 30
0.0000
 40
0.1524
 41
0.1524
 70
0
  0
VERTEX
  8
1
 10
115.0185
 20
77.0071
 30
0.0000
 42
1.0000
  0
VERTEX
  8
1
 10
115.1399
 20
76.9150
 30
0.0000
  0
SEQEND
  8
0
  0
POLYLINE
  8
1
 66
1
 10
0.0000
 20
0.0000
 30
0.0000
 40
0.3048
 41
0.3048
 70
0
  0
VERTEX
  8
1
 10
115.1707
 20
77.0817
 30
0.0000
  0
VERTEX
  8
1
 10
115.1707
 20
77.0817
 30
0.0000
  0
SEQEND
  8
0
  0
POLYLINE
  8
1
 66
1
 10
0.0000
 20
0.0000
 30
0.0000
 40
0.1524
 41
0.1524
 70
0
  0
VERTEX
  8
1
 10
115.2469
 20
77.0817
 30
0.0000
 42
1.0000
  0
VERTEX
  8
1
 10
115.0945
 20
77.0817
 30
0.0000
  0
SEQEND
  8
0
  0
POLYLINE
  8
1
 66
1
 10
0.0000
 20
0.0000
 30
0.0000
 40
0.1524
 41
0.1524
 70
0
  0
VERTEX
  8
1
 10
115.0945
 20
77.0817
 30
0.0000
 42
1.0000
  0
VERTEX
  8
1
 10
115.2469
 20
77.0817
 30
0.0000
  0
SEQEND
  8
0
  0
POLYLINE
  8
1
 66
1
 10
0.0000
 20
0.0000
 30
0.0000
 40
0.3048
 41
0.3048
 70
0
  0
VERTEX
  8
1
 10
115.1707
 20
77.0817
 30
0.0000
  0
VERTEX
  8
1
 10
115.1532
 20
77.2092
 30
0.0000
  0
SEQEND
  8
0
  0
POLYLINE
  8
1
 66
1
 10
0.0000
 20
0.0000
 30
0.0000
 40
0.1524
 41
0.1524
 70
0
  0
VERTEX
  8
1
 10
115.2287
 20
77.2195
 30
0.0000
 42
1.0000
  0
VERTEX
  8
1
 10
115.0777
 20
77.1988
 30
0.0000
  0
SEQEND
  8
0
  0
POLYLINE
  8
1
 66
1
 10
0.0000
 20
0.0000
 30
0.0000
 40
0.1524
 41
0.1524
 70
0
  0
VERTEX
  8
1
 10
115.0952
 20
77.0714
 30
0.0000
 42
1.0000
  0
VERTEX
  8
1
 10
115.2462
 20
77.0921
 30
0.0000
  0
SEQEND
  8
0
  0
POLYLINE
  8
1
 66
1
 10
0.0000
 20
0.0000
 30
0.0000
 40
0.3048
 41
0.3048
 70
0
  0
VERTEX
  8
1
 10
115.1532
 20
77.2092
 30
0.0000
  0
VERTEX
  8
1
 10
115.1501
 20
77.2318
 30
0.0000
  0
SEQEND
  8
0
  0
POLYLINE
  8
1
 66
1
 10
0.0000
 20
0.0000
 30
0.0000
 40
0.1524
 41
0.1524
 70
0
  0
VERTEX
  8
1
 10
115.2256
 20
77.2421
 30
0.0000
 42
1.0000
  0
VERTEX
  8
1
 10
115.0746
 20
77.2214
 30
0.0000
  0
SEQEND
  8
0
  0
POLYLINE
  8
1
 66
1
 10
0.0000
 20
0.0000
 30
0.0000
 40
0.1524
 41
0.1524
 70
0
  0
VERTEX
  8
1
 10
115.0777
 20
77.1988
 30
0.0000
 42
1.0000
  0
VERTEX
  8
1
 10
115.2287
 20
77.2195
 30
0.0000
  0
SEQEND
  8
0
  0
POLYLINE
  8
1
 66
1
 10
0.0000
 20
0.0000
 30
0.0000
 40
0.3048
 41
0.3048
 70
0
  0
VERTEX
  8
1
 10
115.1501
 20
77.2318
 30
0.0000
  0
VERTEX
  8
1
 10
113.5565
 20
78.4402
 30
0.0000
  0
SEQEND
  8
0
  0
POLYLINE
  8
1
 66
1
 10
0.0000
 20
0.0000
 30
0.0000
 40
0.1524
 41
0.1524
 70
0
  0
VERTEX
  8
1
 10
113.6025
 20
78.5010
 30
0.0000
 42
1.0000
  0
VERTEX
  8
1
 10
113.5105
 20
78.3795
 30
0.0000
  0
SEQEND
  8
0
  0
POLYLINE
  8
1
 66
1
 10
0.0000
 20
0.0000
 30
0.0000
 40
0.1524
 41
0.1524
 70
0
  0
VERTEX
  8
1
 10
115.1041
 20
77.1711
 30
0.0000
 42
1.0000
  0
VERTEX
  8
1
 10
115.1961
 20
77.2925
 30
0.0000
  0
SEQEND
  8
0
  0
POLYLINE
  8
1
 66
1
 10
0.0000
 20
0.0000
 30
0.0000
 40
0.3048
 41
0.3048
 70
0
  0
VERTEX
  8
1
 10
113.5565
 20
78.4402
 30
0.0000
  0
VERTEX
  8
1
 10
113.5565
 20
78.4402
 30
0.0000
  0
SEQEND
  8
0
  0
POLYLINE
  8
1
 66
1
 10
0.0000
 20
0.0000
 30
0.0000
 40
0.1524
 41
0.1524
 70
0
  0
VERTEX
  8
1
 10
113.6327
 20
78.4402
 30
0.0000
 42
1.0000
  0
VERTEX
  8
1
 10
113.4803
 20
78.4402
 30
0.0000
  0
SEQEND
  8
0
  0
POLYLINE
  8
1
 66
1
 10
0.0000
 20
0.0000
 30
0.0000
 40
0.1524
 41
0.1524
 70
0
  0
VERTEX
  8
1
 10
113.4803
 20
78.4402
 30
0.0000
 42
1.0000
  0
VERTEX
  8
1
 10
113.6327
 20
78.4402
 30
0.0000
  0
SEQEND
  8
0
  0
POLYLINE
  8
1
 66
1
 10
0.0000
 20
0.0000
 30
0.0000
 40
0.3048
 41
0.3048
 70
0
  0
VERTEX
  8
1
 10
113.3844
 20
75.2856
 30
0.0000
  0
VERTEX
  8
1
 10
116.0356
 20
75.2856
 30
0.0000
  0
SEQEND
  8
0
  0
POLYLINE
  8
1
 66
1
 10
0.0000
 20
0.0000
 30
0.0000
 40
0.1524
 41
0.1524
 70
0
  0
VERTEX
  8
1
 10
116.0356
 20
75.2094
 30
0.0000
 42
1.0000
  0
VERTEX
  8
1
 10
116.0356
 20
75.3618
 30
0.0000
  0
SEQEND
  8
0
  0
POLYLINE
  8
1
 66
1
 10
0.0000
 20
0.0000
 30
0.0000
 40
0.1524
 41
0.1524
 70
0
  0
VERTEX
  8
1
 10
113.3844
 20
75.3618
 30
0.0000
 42
1.0000
  0
VERTEX
  8
1
 10
113.3844
 20
75.2094
 30
0.0000
  0
SEQEND
  8
0
  0
POLYLINE
  8
1
 66
1
 10
0.0000
 20
0.0000
 30
0.0000
 40
0.3048
 41
0.3048
 70
0
  0
VERTEX
  8
1
 10
113.0796
 20
75.5904
 30
0.0000
  0
VERTEX
  8
1
 10
116.3404
 20
75.5904
 30
0.0000
  0
SEQEND
  8
0
  0
POLYLINE
  8
1
 66
1
 10
0.0000
 20
0.0000
 30
0.0000
 40
0.1524
 41
0.1524
 70
0
  0
VERTEX
  8
1
 10
116.3404
 20
75.5142
 30
0.0000
 42
1.0000
  0
VERTEX
  8
1
 10
116.3404
 20
75.6666
 30
0.0000
  0
SEQEND
  8
0
  0
POLYLINE
  8
1
 66
1
 10
0.0000
 20
0.0000
 30
0.0000
 40
0.1524
 41
0.1524
 70
0
  0
VERTEX
  8
1
 10
113.0796
 20
75.6666
 30
0.0000
 42
1.0000
  0
VERTEX
  8
1
 10
113.0796
 20
75.5142
 30
0.0000
  0
SEQEND
  8
0
  0
POLYLINE
  8
1
 66
1
 10
0.0000
 20
0.0000
 30
0.0000
 40
0.3048
 41
0.3048
 70
0
  0
VERTEX
  8
1
 10
112.7748
 20
75.8952
 30
0.0000
  0
VERTEX
  8
1
 10
116.6452
 20
75.8952
 30
0.0000
  0
SEQEND
  8
0
  0
POLYLINE
  8
1
 66
1
 10
0.0000
 20
0.0000
 30
0.0000
 40
0.1524
 41
0.1524
 70
0
  0
VERTEX
  8
1
 10
116.6452
 20
75.8190
 30
0.0000
 42
1.0000
  0
VERTEX
  8
1
 10
116.6452
 20
75.9714
 30
0.0000
  0
SEQEND
  8
0
  0
POLYLINE
  8
1
 66
1
 10
0.0000
 20
0.0000
 30
0.0000
 40
0.1524
 41
0.1524
 70
0
  0
VERTEX
  8
1
 10
112.7748
 20
75.9714
 30
0.0000
 42
1.0000
  0
VERTEX
  8
1
 10
112.7748
 20
75.8190
 30
0.0000
  0
SEQEND
  8
0
  0
POLYLINE
  8
1
 66
1
 10
0.0000
 20
0.0000
 30
0.0000
 40
0.3048
 41
0.3048
 70
0
  0
VERTEX
  8
1
 10
112.4700
 20
76.2000
 30
0.0000
  0
VERTEX
  8
1
 10
116.9500
 20
76.2000
 30
0.0000
  0
SEQEND
  8
0
  0
POLYLINE
  8
1
 66
1
 10
0.0000
 20
0.0000
 30
0.0000
 40
0.1524
 41
0.1524
 70
0
  0
VERTEX
  8
1
 10
116.9500
 20
76.1238
 30
0.0000
 42
1.0000
  0
VERTEX
  8
1
 10
116.9500
 20
76.2762
 30
0.0000
  0
SEQEND
  8
0
  0
POLYLINE
  8
1
 66
1
 10
0.0000
 20
0.0000
 30
0.0000
 40
0.1524
 41
0.1524
 70
0
  0
VERTEX
  8
1
 10
112.4700
 20
76.2762
 30
0.0000
 42
1.0000
  0
VERTEX
  8
1
 10
112.4700
 20
76.1238
 30
0.0000
  0
SEQEND
  8
0
  0
POLYLINE
  8
1
 66
1
 10
0.0000
 20
0.0000
 30
0.0000
 40
0.3048
 41
0.3048
 70
0
  0
VERTEX
  8
1
 10
112.1652
 20
76.5048
 30
0.0000
  0
VERTEX
  8
1
 10
114.1797
 20
76.5048
 30
0.0000
  0
SEQEND
  8
0
  0
POLYLINE
  8
1
 66
1
 10
0.0000
 20
0.0000
 30
0.0000
 40
0.1524
 41
0.1524
 70
0
  0
VERTEX
  8
1
 10
114.1797
 20
76.4286
 30
0.0000
 42
1.0000
  0
VERTEX
  8
1
 10
114.1797
 20
76.5810
 30
0.0000
  0
SEQEND
  8
0
  0
POLYLINE
  8
1
 66
1
 10
0.0000
 20
0.0000
 30
0.0000
 40
0.1524
 41
0.1524
 70
0
  0
VERTEX
  8
1
 10
112.1652
 20
76.5810
 30
0.0000
 42
1.0000
  0
VERTEX
  8
1
 10
112.1652
 20
76.4286
 30
0.0000
  0
SEQEND
  8
0
  0
POLYLINE
  8
1
 66
1
 10
0.0000
 20
0.0000
 30
0.0000
 40
0.3048
 41
0.3048
 70
0
  0
VERTEX
  8
1
 10
114.7332
 20
76.5048
 30
0.0000
  0
VERTEX
  8
1
 10
116.7652
 20
76.5048
 30
0.0000
  0
SEQEND
  8
0
  0
POLYLINE
  8
1
 66
1
 10
0.0000
 20
0.0000
 30
0.0000
 40
0.1524
 41
0.1524
 70
0
  0
VERTEX
  8
1
 10
116.7652
 20
76.4286
 30
0.0000
 42
1.0000
  0
VERTEX
  8
1
 10
116.7652
 20
76.5810
 30
0.0000
  0
SEQEND
  8
0
  0
POLYLINE
  8
1
 66
1
 10
0.0000
 20
0.0000
 30
0.0000
 40
0.1524
 41
0.1524
 70
0
  0
VERTEX
  8
1
 10
114.7332
 20
76.5810
 30
0.0000
 42
1.0000
  0
VERTEX
  8
1
 10
114.7332
 20
76.4286
 30
0.0000
  0
SEQEND
  8
0
  0
POLYLINE
  8
1
 66
1
 10
0.0000
 20
0.0000
 30
0.0000
 40
0.3048
 41
0.3048
 70
0
  0
VERTEX
  8
1
 10
111.8604
 20
76.8096
 30
0.0000
  0
VERTEX
  8
1
 10
113.7778
 20
76.8096
 30
0.0000
  0
SEQEND
  8
0
  0
POLYLINE
  8
1
 66
1
 10
0.0000
 20
0.0000
 30
0.0000
 40
0.1524
 41
0.1524
 70
0
  0
VERTEX
  8
1
 10
113.7778
 20
76.7334
 30
0.0000
 42
1.0000
  0
VERTEX
  8
1
 10
113.7778
 20
76.8858
 30
0.0000
  0
SEQEND
  8
0
  0
POLYLINE
  8
1
 66
1
 10
0.0000
 20
0.0000
 30
0.0000
 40
0.1524
 41
0.1524
 70
0
  0
VERTEX
  8
1
 10
111.8604
 20
76.8858
 30
0.0000
 42
1.0000
  0
VERTEX
  8
1
 10
111.8604
 20
76.7334
 30
0.0000
  0
SEQEND
  8
0
  0
POLYLINE
  8
1
 66
1
 10
0.0000
 20
0.0000
 30
0.0000
 40
0.3048
 41
0.3048
 70
0
  0
VERTEX
  8
1
 10
114.9643
 20
76.8096
 30
0.0000
  0
VERTEX
  8
1
 10
116.4604
 20
76.8096
 30
0.0000
  0
SEQEND
  8
0
  0
POLYLINE
  8
1
 66
1
 10
0.0000
 20
0.0000
 30
0.0000
 40
0.1524
 41
0.1524
 70
0
  0
VERTEX
  8
1
 10
116.4604
 20
76.7334
 30
0.0000
 42
1.0000
  0
VERTEX
  8
1
 10
116.4604
 20
76.8858
 30
0.0000
  0
SEQEND
  8
0
  0
POLYLINE
  8
1
 66
1
 10
0.0000
 20
0.0000
 30
0.0000
 40
0.1524
 41
0.1524
 70
0
  0
VERTEX
  8
1
 10
114.9643
 20
76.8858
 30
0.0000
 42
1.0000
  0
VERTEX
  8
1
 10
114.9643
 20
76.7334
 30
0.0000
  0
SEQEND
  8
0
  0
POLYLINE
  8
1
 66
1
 10
0.0000
 20
0.0000
 30
0.0000
 40
0.3048
 41
0.3048
 70
0
  0
VERTEX
  8
1
 10
111.6100
 20
77.1144
 30
0.0000
  0
VERTEX
  8
1
 10
113.3758
 20
77.1144
 30
0.0000
  0
SEQEND
  8
0
  0
POLYLINE
  8
1
 66
1
 10
0.0000
 20
0.0000
 30
0.0000
 40
0.1524
 41
0.1524
 70
0
  0
VERTEX
  8
1
 10
113.3758
 20
77.0382
 30
0.0000
 42
1.0000
  0
VERTEX
  8
1
 10
113.3758
 20
77.1906
 30
0.0000
  0
SEQEND
  8
0
  0
POLYLINE
  8
1
 66
1
 10
0.0000
 20
0.0000
 30
0.0000
 40
0.1524
 41
0.1524
 70
0
  0
VERTEX
  8
1
 10
111.6100
 20
77.1906
 30
0.0000
 42
1.0000
  0
VERTEX
  8
1
 10
111.6100
 20
77.0382
 30
0.0000
  0
SEQEND
  8
0
  0
POLYLINE
  8
1
 66
1
 10
0.0000
 20
0.0000
 30
0.0000
 40
0.3048
 41
0.3048
 70
0
  0
VERTEX
  8
1
 10
115.1662
 20
77.1144
 30
0.0000
  0
VERTEX
  8
1
 10
116.1556
 20
77.1144
 30
0.0000
  0
SEQEND
  8
0
  0
POLYLINE
  8
1
 66
1
 10
0.0000
 20
0.0000
 30
0.0000
 40
0.1524
 41
0.1524
 70
0
  0
VERTEX
  8
1
 10
116.1556
 20
77.0382
 30
0.0000
 42
1.0000
  0
VERTEX
  8
1
 10
116.1556
 20
77.1906
 30
0.0000
  0
SEQEND
  8
0
  0
POLYLINE
  8
1
 66
1
 10
0.0000
 20
0.0000
 30
0.0000
 40
0.1524
 41
0.1524
 70
0
  0
VERTEX
  8
1
 10
115.1662
 20
77.1906
 30
0.0000
 42
1.0000
  0
VERTEX
  8
1
 10
115.1662
 20
77.0382
 30
0.0000
  0
SEQEND
  8
0
  0
POLYLINE
  8
1
 66
1
 10
0.0000
 20
0.0000
 30
0.0000
 40
0.3048
 41
0.3048
 70
0
  0
VERTEX
  8
1
 10
111.6100
 20
77.4192
 30
0.0000
  0
VERTEX
  8
1
 10
112.9739
 20
77.4192
 30
0.0000
  0
SEQEND
  8
0
  0
POLYLINE
  8
1
 66
1
 10
0.0000
 20
0.0000
 30
0.0000
 40
0.1524
 41
0.1524
 70
0
  0
VERTEX
  8
1
 10
112.9739
 20
77.3430
 30
0.0000
 42
1.0000
  0
VERTEX
  8
1
 10
112.9739
 20
77.4954
 30
0.0000
  0
SEQEND
  8
0
  0
POLYLINE
  8
1
 66
1
 10
0.0000
 20
0.0000
 30
0.0000
 40
0.1524
 41
0.1524
 70
0
  0
VERTEX
  8
1
 10
111.6100
 20
77.4954
 30
0.0000
 42
1.0000
  0
VERTEX
  8
1
 10
111.6100
 20
77.3430
 30
0.0000
  0
SEQEND
  8
0
  0
POLYLINE
  8
1
 66
1
 10
0.0000
 20
0.0000
 30
0.0000
 40
0.3048
 41
0.3048
 70
0
  0
VERTEX
  8
1
 10
114.9029
 20
77.4192
 30
0.0000
  0
VERTEX
  8
1
 10
115.8508
 20
77.4192
 30
0.0000
  0
SEQEND
  8
0
  0
POLYLINE
  8
1
 66
1
 10
0.0000
 20
0.0000
 30
0.0000
 40
0.1524
 41
0.1524
 70
0
  0
VERTEX
  8
1
 10
115.8508
 20
77.3430
 30
0.0000
 42
1.0000
  0
VERTEX
  8
1
 10
115.8508
 20
77.4954
 30
0.0000
  0
SEQEND
  8
0
  0
POLYLINE
  8
1
 66
1
 10
0.0000
 20
0.0000
 30
0.0000
 40
0.1524
 41
0.1524
 70
0
  0
VERTEX
  8
1
 10
114.9029
 20
77.4954
 30
0.0000
 42
1.0000
  0
VERTEX
  8
1
 10
114.9029
 20
77.3430
 30
0.0000
  0
SEQEND
  8
0
  0
POLYLINE
  8
1
 66
1
 10
0.0000
 20
0.0000
 30
0.0000
 40
0.3048
 41
0.3048
 70
0
  0
VERTEX
  8
1
 10
111.6100
 20
77.7240
 30
0.0000
  0
VERTEX
  8
1
 10
112.7149
 20
77.7240
 30
0.0000
  0
SEQEND
  8
0
  0
POLYLINE
  8
1
 66
1
 10
0.0000
 20
0.0000
 30
0.0000
 40
0.1524
 41
0.1524
 70
0
  0
VERTEX
  8
1
 10
112.7149
 20
77.6478
 30
0.0000
 42
1.0000
  0
VERTEX
  8
1
 10
112.7149
 20
77.8002
 30
0.0000
  0
SEQEND
  8
0
  0
POLYLINE
  8
1
 66
1
 10
0.0000
 20
0.0000
 30
0.0000
 40
0.1524
 41
0.1524
 70
0
  0
VERTEX
  8
1
 10
111.6100
 20
77.8002
 30
0.0000
 42
1.0000
  0
VERTEX
  8
1
 10
111.6100
 20
77.6478
 30
0.0000
  0
SEQEND
  8
0
  0
POLYLINE
  8
1
 66
1
 10
0.0000
 20
0.0000
 30
0.0000
 40
0.3048
 41
0.3048
 70
0
  0
VERTEX
  8
1
 10
114.5010
 20
77.7240
 30
0.0000
  0
VERTEX
  8
1
 10
115.5460
 20
77.7240
 30
0.0000
  0
SEQEND
  8
0
  0
POLYLINE
  8
1
 66
1
 10
0.0000
 20
0.0000
 30
0.0000
 40
0.1524
 41
0.1524
 70
0
  0
VERTEX
  8
1
 10
115.5460
 20
77.6478
 30
0.0000
 42
1.0000
  0
VERTEX
  8
1
 10
115.5460
 20
77.8002
 30
0.0000
  0
SEQEND
  8
0
  0
POLYLINE
  8
1
 66
1
 10
0.0000
 20
0.0000
 30
0.0000
 40
0.1524
 41
0.1524
 70
0
  0
VERTEX
  8
1
 10
114.5010
 20
77.8002
 30
0.0000
 42
1.0000
  0
VERTEX
  8
1
 10
114.5010
 20
77.6478
 30
0.0000
  0
SEQEND
  8
0
  0
POLYLINE
  8
1
 66
1
 10
0.0000
 20
0.0000
 30
0.0000
 40
0.3048
 41
0.3048
 70
0
  0
VERTEX
  8
1
 10
111.6100
 20
78.0288
 30
0.0000
  0
VERTEX
  8
1
 10
112.9200
 20
78.0288
 30
0.0000
  0
SEQEND
  8
0
  0
POLYLINE
  8
1
 66
1
 10
0.0000
 20
0.0000
 30
0.0000
 40
0.1524
 41
0.1524
 70
0
  0
VERTEX
  8
1
 10
112.9200
 20
77.9526
 30
0.0000
 42
1.0000
  0
VERTEX
  8
1
 10
112.9200
 20
78.1050
 30
0.0000
  0
SEQEND
  8
0
  0
POLYLINE
  8
1
 66
1
 10
0.0000
 20
0.0000
 30
0.0000
 40
0.1524
 41
0.1524
 70
0
  0
VERTEX
  8
1
 10
111.6100
 20
78.1050
 30
0.0000
 42
1.0000
  0
VERTEX
  8
1
 10
111.6100
 20
77.9526
 30
0.0000
  0
SEQEND
  8
0
  0
POLYLINE
  8
1
 66
1
 10
0.0000
 20
0.0000
 30
0.0000
 40
0.3048
 41
0.3048
 70
0
  0
VERTEX
  8
1
 10
114.0991
 20
78.0288
 30
0.0000
  0
VERTEX
  8
1
 10
115.2412
 20
78.0288
 30
0.0000
  0
SEQEND
  8
0
  0
POLYLINE
  8
1
 66
1
 10
0.0000
 20
0.0000
 30
0.0000
 40
0.1524
 41
0.1524
 70
0
  0
VERTEX
  8
1
 10
115.2412
 20
77.9526
 30
0.0000
 42
1.0000
  0
VERTEX
  8
1
 10
115.2412
 20
78.1050
 30
0.0000
  0
SEQEND
  8
0
  0
POLYLINE
  8
1
 66
1
 10
0.0000
 20
0.0000
 30
0.0000
 40
0.1524
 41
0.1524
 70
0
  0
VERTEX
  8
1
 10
114.0991
 20
78.1050
 30
0.0000
 42
1.0000
  0
VERTEX
  8
1
 10
114.0991
 20
77.9526
 30
0.0000
  0
SEQEND
  8
0
  0
POLYLINE
  8
1
 66
1
 10
0.0000
 20
0.0000
 30
0.0000
 40
0.3048
 41
0.3048
 70
0
  0
VERTEX
  8
1
 10
111.6100
 20
78.3336
 30
0.0000
  0
VERTEX
  8
1
 10
113.1512
 20
78.3336
 30
0.0000
  0
SEQEND
  8
0
  0
POLYLINE
  8
1
 66
1
 10
0.0000
 20
0.0000
 30
0.0000
 40
0.1524
 41
0.1524
 70
0
  0
VERTEX
  8
1
 10
113.1512
 20
78.2574
 30
0.0000
 42
1.0000
  0
VERTEX
  8
1
 10
113.1512
 20
78.4098
 30
0.0000
  0
SEQEND
  8
0
  0
POLYLINE
  8
1
 66
1
 10
0.0000
 20
0.0000
 30
0.0000
 40
0.1524
 41
0.1524
 70
0
  0
VERTEX
  8
1
 10
111.6100
 20
78.4098
 30
0.0000
 42
1.0000
  0
VERTEX
  8
1
 10
111.6100
 20
78.2574
 30
0.0000
  0
SEQEND
  8
0
  0
POLYLINE
  8
1
 66
1
 10
0.0000
 20
0.0000
 30
0.0000
 40
0.3048
 41
0.3048
 70
0
  0
VERTEX
  8
1
 10
113.6971
 20
78.3336
 30
0.0000
  0
VERTEX
  8
1
 10
114.9364
 20
78.3336
 30
0.0000
  0
SEQEND
  8
0
  0
POLYLINE
  8
1
 66
1
 10
0.0000
 20
0.0000
 30
0.0000
 40
0.1524
 41
0.1524
 70
0
  0
VERTEX
  8
1
 10
114.9364
 20
78.2574
 30
0.0000
 42
1.0000
  0
VERTEX
  8
1
 10
114.9364
 20
78.4098
 30
0.0000
  0
SEQEND
  8
0
  0
POLYLINE
  8
1
 66
1
 10
0.0000
 20
0.0000
 30
0.0000
 40
0.1524
 41
0.1524
 70
0
  0
VERTEX
  8
1
 10
113.6971
 20
78.4098
 30
0.0000
 42
1.0000
  0
VERTEX
  8
1
 10
113.6971
 20
78.2574
 30
0.0000
  0
SEQEND
  8
0
  0
POLYLINE
  8
1
 66
1
 10
0.0000
 20
0.0000
 30
0.0000
 40
0.3048
 41
0.3048
 70
0
  0
VERTEX
  8
1
 10
111.6100
 20
78.6384
 30
0.0000
  0
VERTEX
  8
1
 10
114.6316
 20
78.6384
 30
0.0000
  0
SEQEND
  8
0
  0
POLYLINE
  8
1
 66
1
 10
0.0000
 20
0.0000
 30
0.0000
 40
0.1524
 41
0.1524
 70
0
  0
VERTEX
  8
1
 10
114.6316
 20
78.5622
 30
0.0000
 42
1.0000
  0
VERTEX
  8
1
 10
114.6316
 20
78.7146
 30
0.0000
  0
SEQEND
  8
0
  0
POLYLINE
  8
1
 66
1
 10
0.0000
 20
0.0000
 30
0.0000
 40
0.1524
 41
0.1524
 70
0
  0
VERTEX
  8
1
 10
111.6100
 20
78.7146
 30
0.0000
 42
1.0000
  0
VERTEX
  8
1
 10
111.6100
 20
78.5622
 30
0.0000
  0
SEQEND
  8
0
  0
POLYLINE
  8
1
 66
1
 10
0.0000
 20
0.0000
 30
0.0000
 40
0.3048
 41
0.3048
 70
0
  0
VERTEX
  8
1
 10
111.7132
 20
78.9432
 30
0.0000
  0
VERTEX
  8
1
 10
114.3268
 20
78.9432
 30
0.0000
  0
SEQEND
  8
0
  0
POLYLINE
  8
1
 66
1
 10
0.0000
 20
0.0000
 30
0.0000
 40
0.1524
 41
0.1524
 70
0
  0
VERTEX
  8
1
 10
114.3268
 20
78.8670
 30
0.0000
 42
1.0000
  0
VERTEX
  8
1
 10
114.3268
 20
79.0194
 30
0.0000
  0
SEQEND
  8
0
  0
POLYLINE
  8
1
 66
1
 10
0.0000
 20
0.0000
 30
0.0000
 40
0.1524
 41
0.1524
 70
0
  0
VERTEX
  8
1
 10
111.7132
 20
79.0194
 30
0.0000
 42
1.0000
  0
VERTEX
  8
1
 10
111.7132
 20
78.8670
 30
0.0000
  0
SEQEND
  8
0
  0
POLYLINE
  8
1
 66
1
 10
0.0000
 20
0.0000
 30
0.0000
 40
0.3048
 41
0.3048
 70
0
  0
VERTEX
  8
1
 10
112.0180
 20
79.2480
 30
0.0000
  0
VERTEX
  8
1
 10
114.0220
 20
79.2480
 30
0.0000
  0
SEQEND
  8
0
  0
POLYLINE
  8
1
 66
1
 10
0.0000
 20
0.0000
 30
0.0000
 40
0.1524
 41
0.1524
 70
0
  0
VERTEX
  8
1
 10
114.0220
 20
79.1718
 30
0.0000
 42
1.0000
  0
VERTEX
  8
1
 10
114.0220
 20
79.3242
 30
0.0000
  0
SEQEND
  8
0
  0
POLYLINE
  8
1
 66
1
 10
0.0000
 20
0.0000
 30
0.0000
 40
0.1524
 41
0.1524
 70
0
  0
VERTEX
  8
1
 10
112.0180
 20
79.3242
 30
0.0000
 42
1.0000
  0
VERTEX
  8
1
 10
112.0180
 20
79.1718
 30
0.0000
  0
SEQEND
  8
0
  0
POLYLINE
  8
1
 66
1
 10
0.0000
 20
0.0000
 30
0.0000
 40
0.3048
 41
0.3048
 70
0
  0
VERTEX
  8
1
 10
112.3228
 20
79.5528
 30
0.0000
  0
VERTEX
  8
1
 10
113.7172
 20
79.5528
 30
0.0000
  0
SEQEND
  8
0
  0
POLYLINE
  8
1
 66
1
 10
0.0000
 20
0.0000
 30
0.0000
 40
0.1524
 41
0.1524
 70
0
  0
VERTEX
  8
1
 10
113.7172
 20
79.4766
 30
0.0000
 42
1.0000
  0
VERTEX
  8
1
 10
113.7172
 20
79.6290
 30
0.0000
  0
SEQEND
  8
0
  0
POLYLINE
  8
1
 66
1
 10
0.0000
 20
0.0000
 30
0.0000
 40
0.1524
 41
0.1524
 70
0
  0
VERTEX
  8
1
 10
112.3228
 20
79.6290
 30
0.0000
 42
1.0000
  0
VERTEX
  8
1
 10
112.3228
 20
79.4766
 30
0.0000
  0
SEQEND
  8
0
  0
POLYLINE
  8
16
 66
1
 10
0.0000
 20
0.0000
 30
0.0000
 40
0.3048
 41
0.3048
 70
0
  0
VERTEX
  8
16
 10
112.3000
 20
79.5700
 30
0.0000
  0
VERTEX
  8
16
 10
113.5200
 20
79.5700
 30
0.0000
  0
SEQEND
  8
0
  0
POLYLINE
  8
16
 66
1
 10
0.0000
 20
0.0000
 30
0.0000
 40
0.1524
 41
0.1524
 70
0
  0
VERTEX
  8
16
 10
113.5200
 20
79.4938
 30
0.0000
 42
1.0000
  0
VERTEX
  8
16
 10
113.5200
 20
79.6462
 30
0.0000
  0
SEQEND
  8
0
  0
POLYLINE
  8
16
 66
1
 10
0.0000
 20
0.0000
 30
0.0000
 40
0.1524
 41
0.1524
 70
0
  0
VERTEX
  8
16
 10
112.3000
 20
79.6462
 30
0.0000
 42
1.0000
  0
VERTEX
  8
16
 10
112.3000
 20
79.4938
 30
0.0000
  0
SEQEND
  8
0
  0
POLYLINE
  8
16
 66
1
 10
0.0000
 20
0.0000
 30
0.0000
 40
0.3048
 41
0.3048
 70
0
  0
VERTEX
  8
16
 10
113.5200
 20
79.5700
 30
0.0000
  0
VERTEX
  8
16
 10
116.5200
 20
76.5700
 30
0.0000
  0
SEQEND
  8
0
  0
POLYLINE
  8
16
 66
1
 10
0.0000
 20
0.0000
 30
0.0000
 40
0.1524
 41
0.1524
 70
0
  0
VERTEX
  8
16
 10
116.4661
 20
76.5161
 30
0.0000
 42
1.0000
  0
VERTEX
  8
16
 10
116.5739
 20
76.6239
 30
0.0000
  0
SEQEND
  8
0
  0
POLYLINE
  8
16
 66
1
 10
0.0000
 20
0.0000
 30
0.0000
 40
0.1524
 41
0.1524
 70
0
  0
VERTEX
  8
16
 10
113.5739
 20
79.6239
 30
0.0000
 42
1.0000
  0
VERTEX
  8
16
 10
113.4661
 20
79.5161
 30
0.0000
  0
SEQEND
  8
0
  0
POLYLINE
  8
16
 66
1
 10
0.0000
 20
0.0000
 30
0.0000
 40
0.3048
 41
0.3048
 70
0
  0
VERTEX
  8
16
 10
116.5200
 20
76.5700
 30
0.0000
  0
VERTEX
  8
16
 10
116.5200
 20
75.7353
 30
0.0000
  0
SEQEND
  8
0
  0
POLYLINE
  8
16
 66
1
 10
0.0000
 20
0.0000
 30
0.0000
 40
0.1524
 41
0.1524
 70
0
  0
VERTEX
  8
16
 10
116.4438
 20
75.7353
 30
0.0000
 42
1.0000
  0
VERTEX
  8
16
 10
116.5962
 20
75.7353
 30
0.0000
  0
SEQEND
  8
0
  0
POLYLINE
  8
16
 66
1
 10
0.0000
 20
0.0000
 30
0.0000
 40
0.1524
 41
0.1524
 70
0
  0
VERTEX
  8
16
 10
116.5962
 20
76.5700
 30
0.0000
 42
1.0000
  0
VERTEX
  8
16
 10
116.4438
 20
76.5700
 30
0.0000
  0
SEQEND
  8
0
  0
POLYLINE
  8
16
 66
1
 10
0.0000
 20
0.0000
 30
0.0000
 40
0.3048
 41
0.3048
 70
0
  0
VERTEX
  8
16
 10
116.5200
 20
75.7353
 30
0.0000
  0
VERTEX
  8
16
 10
116.1835
 20
75.3988
 30
0.0000
  0
SEQEND
  8
0
  0
POLYLINE
  8
16
 66
1
 10
0.0000
 20
0.0000
 30
0.0000
 40
0.1524
 41
0.1524
 70
0
  0
VERTEX
  8
16
 10
116.1297
 20
75.4527
 30
0.0000
 42
1.0000
  0
VERTEX
  8
16
 10
116.2374
 20
75.3449
 30
0.0000
  0
SEQEND
  8
0
  0
POLYLINE
  8
16
 66
1
 10
0.0000
 20
0.0000
 30
0.0000
 40
0.1524
 41
0.1524
 70
0
  0
VERTEX
  8
16
 10
116.5739
 20
75.6814
 30
0.0000
 42
1.0000
  0
VERTEX
  8
16
 10
116.4661
 20
75.7891
 30
0.0000
  0
SEQEND
  8
0
  0
POLYLINE
  8
16
 66
1
 10
0.0000
 20
0.0000
 30
0.0000
 40
0.3048
 41
0.3048
 70
0
  0
VERTEX
  8
16
 10
116.1835
 20
75.3988
 30
0.0000
  0
VERTEX
  8
16
 10
113.1312
 20
75.3988
 30
0.0000
  0
SEQEND
  8
0
  0
POLYLINE
  8
16
 66
1
 10
0.0000
 20
0.0000
 30
0.0000
 40
0.1524
 41
0.1524
 70
0
  0
VERTEX
  8
16
 10
113.1312
 20
75.4750
 30
0.0000
 42
1.0000
  0
VERTEX
  8
16
 10
113.1312
 20
75.3226
 30
0.0000
  0
SEQEND
  8
0
  0
POLYLINE
  8
16
 66
1
 10
0.0000
 20
0.0000
 30
0.0000
 40
0.1524
 41
0.1524
 70
0
  0
VERTEX
  8
16
 10
116.1835
 20
75.3226
 30
0.0000
 42
1.0000
  0
VERTEX
  8
16
 10
116.1835
 20
75.4750
 30
0.0000
  0
SEQEND
  8
0
  0
POLYLINE
  8
16
 66
1
 10
0.0000
 20
0.0000
 30
0.0000
 40
0.3048
 41
0.3048
 70
0
  0
VERTEX
  8
16
 10
113.1312
 20
75.3988
 30
0.0000
  0
VERTEX
  8
16
 10
111.4800
 20
77.0500
 30
0.0000
  0
SEQEND
  8
0
  0
POLYLINE
  8
16
 66
1
 10
0.0000
 20
0.0000
 30
0.0000
 40
0.1524
 41
0.1524
 70
0
  0
VERTEX
  8
16
 10
111.5339
 20
77.1039
 30
0.0000
 42
1.0000
  0
VERTEX
  8
16
 10
111.4261
 20
76.9961
 30
0.0000
  0
SEQEND
  8
0
  0
POLYLINE
  8
16
 66
1
 10
0.0000
 20
0.0000
 30
0.0000
 40
0.1524
 41
0.1524
 70
0
  0
VERTEX
  8
16
 10
113.0773
 20
75.3449
 30
0.0000
 42
1.0000
  0
VERTEX
  8
16
 10
113.1851
 20
75.4527
 30
0.0000
  0
SEQEND
  8
0
  0
POLYLINE
  8
16
 66
1
 10
0.0000
 20
0.0000
 30
0.0000
 40
0.3048
 41
0.3048
 70
0
  0
VERTEX
  8
16
 10
111.4800
 20
77.0500
 30
0.0000
  0
VERTEX
  8
16
 10
111.4800
 20
78.7500
 30
0.0000
  0
SEQEND
  8
0
  0
POLYLINE
  8
16
 66
1
 10
0.0000
 20
0.0000
 30
0.0000
 40
0.1524
 41
0.1524
 70
0
  0
VERTEX
  8
16
 10
111.5562
 20
78.7500
 30
0.0000
 42
1.0000
  0
VERTEX
  8
16
 10
111.4038
 20
78.7500
 30
0.0000
  0
SEQEND
  8
0
  0
POLYLINE
  8
16
 66
1
 10
0.0000
 20
0.0000
 30
0.0000
 40
0.1524
 41
0.1524
 70
0
  0
VERTEX
  8
16
 10
111.4038
 20
77.0500
 30
0.0000
 42
1.0000
  0
VERTEX
  8
16
 10
111.5562
 20
77.0500
 30
0.0000
  0
SEQEND
  8
0
  0
POLYLINE
  8
16
 66
1
 10
0.0000
 20
0.0000
 30
0.0000
 40
0.3048
 41
0.3048
 70
0
  0
VERTEX
  8
16
 10
111.4800
 20
78.7500
 30
0.0000
  0
VERTEX
  8
16
 10
112.3000
 20
79.5700
 30
0.0000
  0
SEQEND
  8
0
  0
POLYLINE
  8
16
 66
1
 10
0.0000
 20
0.0000
 30
0.0000
 40
0.1524
 41
0.1524
 70
0
  0
VERTEX
  8
16
 10
112.3539
 20
79.5161
 30
0.0000
 42
1.0000
  0
VERTEX
  8
16
 10
112.2461
 20
79.6239
 30
0.0000
  0
SEQEND
  8
0
  0
POLYLINE
  8
16
 66
1
 10
0.0000
 20
0.0000
 30
0.0000
 40
0.1524
 41
0.1524
 70
0
  0
VERTEX
  8
16
 10
111.4261
 20
78.8039
 30
0.0000
 42
1.0000
  0
VERTEX
  8
16
 10
111.5339
 20
78.6961
 30
0.0000
  0
SEQEND
  8
0
  0
POLYLINE
  8
16
 66
1
 10
0.0000
 20
0.0000
 30
0.0000
 40
0.3048
 41
0.3048
 70
0
  0
VERTEX
  8
16
 10
113.5565
 20
78.4402
 30
0.0000
  0
VERTEX
  8
16
 10
113.4534
 20
78.5184
 30
0.0000
  0
SEQEND
  8
0
  0
POLYLINE
  8
16
 66
1
 10
0.0000
 20
0.0000
 30
0.0000
 40
0.1524
 41
0.1524
 70
0
  0
VERTEX
  8
16
 10
113.4995
 20
78.5791
 30
0.0000
 42
1.0000
  0
VERTEX
  8
16
 10
113.4074
 20
78.4577
 30
0.0000
  0
SEQEND
  8
0
  0
POLYLINE
  8
16
 66
1
 10
0.0000
 20
0.0000
 30
0.0000
 40
0.1524
 41
0.1524
 70
0
  0
VERTEX
  8
16
 10
113.5105
 20
78.3795
 30
0.0000
 42
1.0000
  0
VERTEX
  8
16
 10
113.6025
 20
78.5010
 30
0.0000
  0
SEQEND
  8
0
  0
POLYLINE
  8
16
 66
1
 10
0.0000
 20
0.0000
 30
0.0000
 40
0.3048
 41
0.3048
 70
0
  0
VERTEX
  8
16
 10
113.4534
 20
78.5184
 30
0.0000
  0
VERTEX
  8
16
 10
113.4358
 20
78.5317
 30
0.0000
  0
SEQEND
  8
0
  0
POLYLINE
  8
16
 66
1
 10
0.0000
 20
0.0000
 30
0.0000
 40
0.1524
 41
0.1524
 70
0
  0
VERTEX
  8
16
 10
113.4819
 20
78.5925
 30
0.0000
 42
1.0000
  0
VERTEX
  8
16
 10
113.3898
 20
78.4710
 30
0.0000
  0
SEQEND
  8
0
  0
POLYLINE
  8
16
 66
1
 10
0.0000
 20
0.0000
 30
0.0000
 40
0.1524
 41
0.1524
 70
0
  0
VERTEX
  8
16
 10
113.4074
 20
78.4577
 30
0.0000
 42
1.0000
  0
VERTEX
  8
16
 10
113.4995
 20
78.5791
 30
0.0000
  0
SEQEND
  8
0
  0
POLYLINE
  8
16
 66
1
 10
0.0000
 20
0.0000
 30
0.0000
 40
0.3048
 41
0.3048
 70
0
  0
VERTEX
  8
16
 10
113.4358
 20
78.5317
 30
0.0000
  0
VERTEX
  8
16
 10
113.2858
 20
78.5111
 30
0.0000
  0
SEQEND
  8
0
  0
POLYLINE
  8
16
 66
1
 10
0.0000
 20
0.0000
 30
0.0000
 40
0.1524
 41
0.1524
 70
0
  0
VERTEX
  8
16
 10
113.2754
 20
78.5866
 30
0.0000
 42
1.0000
  0
VERTEX
  8
16
 10
113.2962
 20
78.4356
 30
0.0000
  0
SEQEND
  8
0
  0
POLYLINE
  8
16
 66
1
 10
0.0000
 20
0.0000
 30
0.0000
 40
0.1524
 41
0.1524
 70
0
  0
VERTEX
  8
16
 10
113.4462
 20
78.4563
 30
0.0000
 42
1.0000
  0
VERTEX
  8
16
 10
113.4255
 20
78.6072
 30
0.0000
  0
SEQEND
  8
0
  0
POLYLINE
  8
16
 66
1
 10
0.0000
 20
0.0000
 30
0.0000
 40
0.3048
 41
0.3048
 70
0
  0
VERTEX
  8
16
 10
113.2858
 20
78.5111
 30
0.0000
  0
VERTEX
  8
16
 10
113.2730
 20
78.4942
 30
0.0000
  0
SEQEND
  8
0
  0
POLYLINE
  8
16
 66
1
 10
0.0000
 20
0.0000
 30
0.0000
 40
0.1524
 41
0.1524
 70
0
  0
VERTEX
  8
16
 10
113.2122
 20
78.5402
 30
0.0000
 42
1.0000
  0
VERTEX
  8
16
 10
113.3337
 20
78.4481
 30
0.0000
  0
SEQEND
  8
0
  0
POLYLINE
  8
16
 66
1
 10
0.0000
 20
0.0000
 30
0.0000
 40
0.1524
 41
0.1524
 70
0
  0
VERTEX
  8
16
 10
113.3465
 20
78.4651
 30
0.0000
 42
1.0000
  0
VERTEX
  8
16
 10
113.2251
 20
78.5572
 30
0.0000
  0
SEQEND
  8
0
  0
POLYLINE
  8
16
 66
1
 10
0.0000
 20
0.0000
 30
0.0000
 40
0.3048
 41
0.3048
 70
0
  0
VERTEX
  8
16
 10
113.2730
 20
78.4942
 30
0.0000
  0
VERTEX
  8
16
 10
112.7162
 20
77.7599
 30
0.0000
  0
SEQEND
  8
0
  0
POLYLINE
  8
16
 66
1
 10
0.0000
 20
0.0000
 30
0.0000
 40
0.1524
 41
0.1524
 70
0
  0
VERTEX
  8
16
 10
112.6554
 20
77.8060
 30
0.0000
 42
1.0000
  0
VERTEX
  8
16
 10
112.7769
 20
77.7139
 30
0.0000
  0
SEQEND
  8
0
  0
POLYLINE
  8
16
 66
1
 10
0.0000
 20
0.0000
 30
0.0000
 40
0.1524
 41
0.1524
 70
0
  0
VERTEX
  8
16
 10
113.3337
 20
78.4481
 30
0.0000
 42
1.0000
  0
VERTEX
  8
16
 10
113.2122
 20
78.5402
 30
0.0000
  0
SEQEND
  8
0
  0
POLYLINE
  8
16
 66
1
 10
0.0000
 20
0.0000
 30
0.0000
 40
0.3048
 41
0.3048
 70
0
  0
VERTEX
  8
16
 10
112.7162
 20
77.7599
 30
0.0000
  0
VERTEX
  8
16
 10
112.7109
 20
77.7530
 30
0.0000
  0
SEQEND
  8
0
  0
POLYLINE
  8
16
 66
1
 10
0.0000
 20
0.0000
 30
0.0000
 40
0.1524
 41
0.1524
 70
0
  0
VERTEX
  8
16
 10
112.6502
 20
77.7991
 30
0.0000
 42
1.0000
  0
VERTEX
  8
16
 10
112.7716
 20
77.7070
 30
0.0000
  0
SEQEND
  8
0
  0
POLYLINE
  8
16
 66
1
 10
0.0000
 20
0.0000
 30
0.0000
 40
0.1524
 41
0.1524
 70
0
  0
VERTEX
  8
16
 10
112.7769
 20
77.7139
 30
0.0000
 42
1.0000
  0
VERTEX
  8
16
 10
112.6554
 20
77.8060
 30
0.0000
  0
SEQEND
  8
0
  0
POLYLINE
  8
16
 66
1
 10
0.0000
 20
0.0000
 30
0.0000
 40
0.3048
 41
0.3048
 70
0
  0
VERTEX
  8
16
 10
112.7109
 20
77.7530
 30
0.0000
  0
VERTEX
  8
16
 10
112.7140
 20
77.7304
 30
0.0000
  0
SEQEND
  8
0
  0
POLYLINE
  8
16
 66
1
 10
0.0000
 20
0.0000
 30
0.0000
 40
0.1524
 41
0.1524
 70
0
  0
VERTEX
  8
16
 10
112.6385
 20
77.7200
 30
0.0000
 42
1.0000
  0
VERTEX
  8
16
 10
112.7895
 20
77.7408
 30
0.0000
  0
SEQEND
  8
0
  0
POLYLINE
  8
16
 66
1
 10
0.0000
 20
0.0000
 30
0.0000
 40
0.1524
 41
0.1524
 70
0
  0
VERTEX
  8
16
 10
112.7864
 20
77.7634
 30
0.0000
 42
1.0000
  0
VERTEX
  8
16
 10
112.6354
 20
77.7426
 30
0.0000
  0
SEQEND
  8
0
  0
POLYLINE
  8
16
 66
1
 10
0.0000
 20
0.0000
 30
0.0000
 40
0.3048
 41
0.3048
 70
0
  0
VERTEX
  8
16
 10
112.7140
 20
77.7304
 30
0.0000
  0
VERTEX
  8
16
 10
112.7315
 20
77.6030
 30
0.0000
  0
SEQEND
  8
0
  0
POLYLINE
  8
16
 66
1
 10
0.0000
 20
0.0000
 30
0.0000
 40
0.1524
 41
0.1524
 70
0
  0
VERTEX
  8
16
 10
112.6560
 20
77.5926
 30
0.0000
 42
1.0000
  0
VERTEX
  8
16
 10
112.8070
 20
77.6134
 30
0.0000
  0
SEQEND
  8
0
  0
POLYLINE
  8
16
 66
1
 10
0.0000
 20
0.0000
 30
0.0000
 40
0.1524
 41
0.1524
 70
0
  0
VERTEX
  8
16
 10
112.7895
 20
77.7408
 30
0.0000
 42
1.0000
  0
VERTEX
  8
16
 10
112.6385
 20
77.7200
 30
0.0000
  0
SEQEND
  8
0
  0
POLYLINE
  8
16
 66
1
 10
0.0000
 20
0.0000
 30
0.0000
 40
0.3048
 41
0.3048
 70
0
  0
VERTEX
  8
16
 10
112.7315
 20
77.6030
 30
0.0000
  0
VERTEX
  8
16
 10
112.8522
 20
77.5115
 30
0.0000
  0
SEQEND
  8
0
  0
POLYLINE
  8
16
 66
1
 10
0.0000
 20
0.0000
 30
0.0000
 40
0.1524
 41
0.1524
 70
0
  0
VERTEX
  8
16
 10
112.8062
 20
77.4508
 30
0.0000
 42
1.0000
  0
VERTEX
  8
16
 10
112.8982
 20
77.5722
 30
0.0000
  0
SEQEND
  8
0
  0
POLYLINE
  8
16
 66
1
 10
0.0000
 20
0.0000
 30
0.0000
 40
0.1524
 41
0.1524
 70
0
  0
VERTEX
  8
16
 10
112.7776
 20
77.6637
 30
0.0000
 42
1.0000
  0
VERTEX
  8
16
 10
112.6855
 20
77.5423
 30
0.0000
  0
SEQEND
  8
0
  0
POLYLINE
  8
16
 66
1
 10
0.0000
 20
0.0000
 30
0.0000
 40
0.3048
 41
0.3048
 70
0
  0
VERTEX
  8
16
 10
112.8522
 20
77.5115
 30
0.0000
  0
VERTEX
  8
16
 10
112.8522
 20
77.5115
 30
0.0000
  0
SEQEND
  8
0
  0
POLYLINE
  8
16
 66
1
 10
0.0000
 20
0.0000
 30
0.0000
 40
0.1524
 41
0.1524
 70
0
  0
VERTEX
  8
16
 10
112.8522
 20
77.4353
 30
0.0000
 42
1.0000
  0
VERTEX
  8
16
 10
112.8522
 20
77.5877
 30
0.0000
  0
SEQEND
  8
0
  0
POLYLINE
  8
16
 66
1
 10
0.0000
 20
0.0000
 30
0.0000
 40
0.1524
 41
0.1524
 70
0
  0
VERTEX
  8
16
 10
112.8522
 20
77.5877
 30
0.0000
 42
1.0000
  0
VERTEX
  8
16
 10
112.8522
 20
77.4353
 30
0.0000
  0
SEQEND
  8
0
  0
POLYLINE
  8
16
 66
1
 10
0.0000
 20
0.0000
 30
0.0000
 40
0.3048
 41
0.3048
 70
0
  0
VERTEX
  8
16
 10
112.8522
 20
77.5115
 30
0.0000
  0
VERTEX
  8
16
 10
114.3251
 20
76.3945
 30
0.0000
  0
SEQEND
  8
0
  0
POLYLINE
  8
16
 66
1
 10
0.0000
 20
0.0000
 30
0.0000
 40
0.1524
 41
0.1524
 70
0
  0
VERTEX
  8
16
 10
114.2791
 20
76.3338
 30
0.0000
 42
1.0000
  0
VERTEX
  8
16
 10
114.3712
 20
76.4552
 30
0.0000
  0
SEQEND
  8
0
  0
POLYLINE
  8
16
 66
1
 10
0.0000
 20
0.0000
 30
0.0000
 40
0.1524
 41
0.1524
 70
0
  0
VERTEX
  8
16
 10
112.8982
 20
77.5722
 30
0.0000
 42
1.0000
  0
VERTEX
  8
16
 10
112.8062
 20
77.4508
 30
0.0000
  0
SEQEND
  8
0
  0
POLYLINE
  8
16
 66
1
 10
0.0000
 20
0.0000
 30
0.0000
 40
0.3048
 41
0.3048
 70
0
  0
VERTEX
  8
16
 10
114.3251
 20
76.3945
 30
0.0000
  0
VERTEX
  8
16
 10
114.3251
 20
76.3945
 30
0.0000
  0
SEQEND
  8
0
  0
POLYLINE
  8
16
 66
1
 10
0.0000
 20
0.0000
 30
0.0000
 40
0.1524
 41
0.1524
 70
0
  0
VERTEX
  8
16
 10
114.2489
 20
76.3945
 30
0.0000
 42
1.0000
  0
VERTEX
  8
16
 10
114.4013
 20
76.3945
 30
0.0000
  0
SEQEND
  8
0
  0
POLYLINE
  8
16
 66
1
 10
0.0000
 20
0.0000
 30
0.0000
 40
0.1524
 41
0.1524
 70
0
  0
VERTEX
  8
16
 10
114.4013
 20
76.3945
 30
0.0000
 42
1.0000
  0
VERTEX
  8
16
 10
114.2489
 20
76.3945
 30
0.0000
  0
SEQEND
  8
0
  0
POLYLINE
  8
16
 66
1
 10
0.0000
 20
0.0000
 30
0.0000
 40
0.3048
 41
0.3048
 70
0
  0
VERTEX
  8
16
 10
114.3251
 20
76.3945
 30
0.0000
  0
VERTEX
  8
16
 10
114.3895
 20
76.3457
 30
0.0000
  0
SEQEND
  8
0
  0
POLYLINE
  8
16
 66
1
 10
0.0000
 20
0.0000
 30
0.0000
 40
0.1524
 41
0.1524
 70
0
  0
VERTEX
  8
16
 10
114.3434
 20
76.2850
 30
0.0000
 42
1.0000
  0
VERTEX
  8
16
 10
114.4355
 20
76.4064
 30
0.0000
  0
SEQEND
  8
0
  0
POLYLINE
  8
16
 66
1
 10
0.0000
 20
0.0000
 30
0.0000
 40
0.1524
 41
0.1524
 70
0
  0
VERTEX
  8
16
 10
114.3712
 20
76.4552
 30
0.0000
 42
1.0000
  0
VERTEX
  8
16
 10
114.2791
 20
76.3338
 30
0.0000
  0
SEQEND
  8
0
  0
POLYLINE
  8
16
 66
1
 10
0.0000
 20
0.0000
 30
0.0000
 40
0.3048
 41
0.3048
 70
0
  0
VERTEX
  8
16
 10
114.3895
 20
76.3457
 30
0.0000
  0
VERTEX
  8
16
 10
114.4458
 20
76.3030
 30
0.0000
  0
SEQEND
  8
0
  0
POLYLINE
  8
16
 66
1
 10
0.0000
 20
0.0000
 30
0.0000
 40
0.1524
 41
0.1524
 70
0
  0
VERTEX
  8
16
 10
114.3998
 20
76.2423
 30
0.0000
 42
1.0000
  0
VERTEX
  8
16
 10
114.4918
 20
76.3637
 30
0.0000
  0
SEQEND
  8
0
  0
POLYLINE
  8
16
 66
1
 10
0.0000
 20
0.0000
 30
0.0000
 40
0.1524
 41
0.1524
 70
0
  0
VERTEX
  8
16
 10
114.4355
 20
76.4064
 30
0.0000
 42
1.0000
  0
VERTEX
  8
16
 10
114.3434
 20
76.2850
 30
0.0000
  0
SEQEND
  8
0
  0
POLYLINE
  8
16
 66
1
 10
0.0000
 20
0.0000
 30
0.0000
 40
0.3048
 41
0.3048
 70
0
  0
VERTEX
  8
16
 10
114.4458
 20
76.3030
 30
0.0000
  0
VERTEX
  8
16
 10
114.4458
 20
76.3030
 30
0.0000
  0
SEQEND
  8
0
  0
POLYLINE
  8
16
 66
1
 10
0.0000
 20
0.0000
 30
0.0000
 40
0.1524
 41
0.1524
 70
0
  0
VERTEX
  8
16
 10
114.4458
 20
76.2268
 30
0.0000
 42
1.0000
  0
VERTEX
  8
16
 10
114.4458
 20
76.3792
 30
0.0000
  0
SEQEND
  8
0
  0
POLYLINE
  8
16
 66
1
 10
0.0000
 20
0.0000
 30
0.0000
 40
0.1524
 41
0.1524
 70
0
  0
VERTEX
  8
16
 10
114.4458
 20
76.3792
 30
0.0000
 42
1.0000
  0
VERTEX
  8
16
 10
114.4458
 20
76.2268
 30
0.0000
  0
SEQEND
  8
0
  0
POLYLINE
  8
16
 66
1
 10
0.0000
 20
0.0000
 30
0.0000
 40
0.3048
 41
0.3048
 70
0
  0
VERTEX
  8
16
 10
114.4458
 20
76.3030
 30
0.0000
  0
VERTEX
  8
16
 10
114.5958
 20
76.3236
 30
0.0000
  0
SEQEND
  8
0
  0
POLYLINE
  8
16
 66
1
 10
0.0000
 20
0.0000
 30
0.0000
 40
0.1524
 41
0.1524
 70
0
  0
VERTEX
  8
16
 10
114.6062
 20
76.2481
 30
0.0000
 42
1.0000
  0
VERTEX
  8
16
 10
114.5854
 20
76.3991
 30
0.0000
  0
SEQEND
  8
0
  0
POLYLINE
  8
16
 66
1
 10
0.0000
 20
0.0000
 30
0.0000
 40
0.1524
 41
0.1524
 70
0
  0
VERTEX
  8
16
 10
114.4354
 20
76.3785
 30
0.0000
 42
1.0000
  0
VERTEX
  8
16
 10
114.4562
 20
76.2275
 30
0.0000
  0
SEQEND
  8
0
  0
POLYLINE
  8
16
 66
1
 10
0.0000
 20
0.0000
 30
0.0000
 40
0.3048
 41
0.3048
 70
0
  0
VERTEX
  8
16
 10
114.5958
 20
76.3236
 30
0.0000
  0
VERTEX
  8
16
 10
115.0792
 20
76.9611
 30
0.0000
  0
SEQEND
  8
0
  0
POLYLINE
  8
16
 66
1
 10
0.0000
 20
0.0000
 30
0.0000
 40
0.1524
 41
0.1524
 70
0
  0
VERTEX
  8
16
 10
115.1399
 20
76.9150
 30
0.0000
 42
1.0000
  0
VERTEX
  8
16
 10
115.0185
 20
77.0071
 30
0.0000
  0
SEQEND
  8
0
  0
POLYLINE
  8
16
 66
1
 10
0.0000
 20
0.0000
 30
0.0000
 40
0.1524
 41
0.1524
 70
0
  0
VERTEX
  8
16
 10
114.5351
 20
76.3697
 30
0.0000
 42
1.0000
  0
VERTEX
  8
16
 10
114.6565
 20
76.2776
 30
0.0000
  0
SEQEND
  8
0
  0
POLYLINE
  8
16
 66
1
 10
0.0000
 20
0.0000
 30
0.0000
 40
0.3048
 41
0.3048
 70
0
  0
VERTEX
  8
16
 10
115.0792
 20
76.9611
 30
0.0000
  0
VERTEX
  8
16
 10
115.0792
 20
76.9611
 30
0.0000
  0
SEQEND
  8
0
  0
POLYLINE
  8
16
 66
1
 10
0.0000
 20
0.0000
 30
0.0000
 40
0.1524
 41
0.1524
 70
0
  0
VERTEX
  8
16
 10
115.0792
 20
76.8849
 30
0.0000
 42
1.0000
  0
VERTEX
  8
16
 10
115.0792
 20
77.0373
 30
0.0000
  0
SEQEND
  8
0
  0
POLYLINE
  8
16
 66
1
 10
0.0000
 20
0.0000
 30
0.0000
 40
0.1524
 41
0.1524
 70
0
  0
VERTEX
  8
16
 10
115.0792
 20
77.0373
 30
0.0000
 42
1.0000
  0
VERTEX
  8
16
 10
115.0792
 20
76.8849
 30
0.0000
  0
SEQEND
  8
0
  0
POLYLINE
  8
16
 66
1
 10
0.0000
 20
0.0000
 30
0.0000
 40
0.3048
 41
0.3048
 70
0
  0
VERTEX
  8
16
 10
115.0792
 20
76.9611
 30
0.0000
  0
VERTEX
  8
16
 10
115.1707
 20
77.0817
 30
0.0000
  0
SEQEND
  8
0
  0
POLYLINE
  8
16
 66
1
 10
0.0000
 20
0.0000
 30
0.0000
 40
0.1524
 41
0.1524
 70
0
  0
VERTEX
  8
16
 10
115.2314
 20
77.0357
 30
0.0000
 42
1.0000
  0
VERTEX
  8
16
 10
115.1100
 20
77.1278
 30
0.0000
  0
SEQEND
  8
0
  0
POLYLINE
  8
16
 66
1
 10
0.0000
 20
0.0000
 30
0.0000
 40
0.1524
 41
0.1524
 70
0
  0
VERTEX
  8
16
 10
115.0185
 20
77.0071
 30
0.0000
 42
1.0000
  0
VERTEX
  8
16
 10
115.1399
 20
76.9150
 30
0.0000
  0
SEQEND
  8
0
  0
POLYLINE
  8
16
 66
1
 10
0.0000
 20
0.0000
 30
0.0000
 40
0.3048
 41
0.3048
 70
0
  0
VERTEX
  8
16
 10
115.1707
 20
77.0817
 30
0.0000
  0
VERTEX
  8
16
 10
115.1707
 20
77.0817
 30
0.0000
  0
SEQEND
  8
0
  0
POLYLINE
  8
16
 66
1
 10
0.0000
 20
0.0000
 30
0.0000
 40
0.1524
 41
0.1524
 70
0
  0
VERTEX
  8
16
 10
115.2469
 20
77.0817
 30
0.0000
 42
1.0000
  0
VERTEX
  8
16
 10
115.0945
 20
77.0817
 30
0.0000
  0
SEQEND
  8
0
  0
POLYLINE
  8
16
 66
1
 10
0.0000
 20
0.0000
 30
0.0000
 40
0.1524
 41
0.1524
 70
0
  0
VERTEX
  8
16
 10
115.0945
 20
77.0817
 30
0.0000
 42
1.0000
  0
VERTEX
  8
16
 10
115.2469
 20
77.0817
 30
0.0000
  0
SEQEND
  8
0
  0
POLYLINE
  8
16
 66
1
 10
0.0000
 20
0.0000
 30
0.0000
 40
0.3048
 41
0.3048
 70
0
  0
VERTEX
  8
16
 10
115.1707
 20
77.0817
 30
0.0000
  0
VERTEX
  8
16
 10
115.1532
 20
77.2092
 30
0.0000
  0
SEQEND
  8
0
  0
POLYLINE
  8
16
 66
1
 10
0.0000
 20
0.0000
 30
0.0000
 40
0.1524
 41
0.1524
 70
0
  0
VERTEX
  8
16
 10
115.2287
 20
77.2195
 30
0.0000
 42
1.0000
  0
VERTEX
  8
16
 10
115.0777
 20
77.1988
 30
0.0000
  0
SEQEND
  8
0
  0
POLYLINE
  8
16
 66
1
 10
0.0000
 20
0.0000
 30
0.0000
 40
0.1524
 41
0.1524
 70
0
  0
VERTEX
  8
16
 10
115.0952
 20
77.0714
 30
0.0000
 42
1.0000
  0
VERTEX
  8
16
 10
115.2462
 20
77.0921
 30
0.0000
  0
SEQEND
  8
0
  0
POLYLINE
  8
16
 66
1
 10
0.0000
 20
0.0000
 30
0.0000
 40
0.3048
 41
0.3048
 70
0
  0
VERTEX
  8
16
 10
115.1532
 20
77.2092
 30
0.0000
  0
VERTEX
  8
16
 10
115.1501
 20
77.2318
 30
0.0000
  0
SEQEND
  8
0
  0
POLYLINE
  8
16
 66
1
 10
0.0000
 20
0.0000
 30
0.0000
 40
0.1524
 41
0.1524
 70
0
  0
VERTEX
  8
16
 10
115.2256
 20
77.2421
 30
0.0000
 42
1.0000
  0
VERTEX
  8
16
 10
115.0746
 20
77.2214
 30
0.0000
  0
SEQEND
  8
0
  0
POLYLINE
  8
16
 66
1
 10
0.0000
 20
0.0000
 30
0.0000
 40
0.1524
 41
0.1524
 70
0
  0
VERTEX
  8
16
 10
115.0777
 20
77.1988
 30
0.0000
 42
1.0000
  0
VERTEX
  8
16
 10
115.2287
 20
77.2195
 30
0.0000
  0
SEQEND
  8
0
  0
POLYLINE
  8
16
 66
1
 10
0.0000
 20
0.0000
 30
0.0000
 40
0.3048
 41
0.3048
 70
0
  0
VERTEX
  8
16
 10
115.1501
 20
77.2318
 30
0.0000
  0
VERTEX
  8
16
 10
113.5565
 20
78.4402
 30
0.0000
  0
SEQEND
  8
0
  0
POLYLINE
  8
16
 66
1
 10
0.0000
 20
0.0000
 30
0.0000
 40
0.1524
 41
0.1524
 70
0
  0
VERTEX
  8
16
 10
113.6025
 20
78.5010
 30
0.0000
 42
1.0000
  0
VERTEX
  8
16
 10
113.5105
 20
78.3795
 30
0.0000
  0
SEQEND
  8
0
  0
POLYLINE
  8
16
 66
1
 10
0.0000
 20
0.0000
 30
0.0000
 40
0.1524
 41
0.1524
 70
0
  0
VERTEX
  8
16
 10
115.1041
 20
77.1711
 30
0.0000
 42
1.0000
  0
VERTEX
  8
16
 10
115.1961
 20
77.2925
 30
0.0000
  0
SEQEND
  8
0
  0
POLYLINE
  8
16
 66
1
 10
0.0000
 20
0.0000
 30
0.0000
 40
0.3048
 41
0.3048
 70
0
  0
VERTEX
  8
16
 10
113.5565
 20
78.4402
 30
0.0000
  0
VERTEX
  8
16
 10
113.5565
 20
78.4402
 30
0.0000
  0
SEQEND
  8
0
  0
POLYLINE
  8
16
 66
1
 10
0.0000
 20
0.0000
 30
0.0000
 40
0.1524
 41
0.1524
 70
0
  0
VERTEX
  8
16
 10
113.6327
 20
78.4402
 30
0.0000
 42
1.0000
  0
VERTEX
  8
16
 10
113.4803
 20
78.4402
 30
0.0000
  0
SEQEND
  8
0
  0
POLYLINE
  8
16
 66
1
 10
0.0000
 20
0.0000
 30
0.0000
 40
0.1524
 41
0.1524
 70
0
  0
VERTEX
  8
16
 10
113.4803
 20
78.4402
 30
0.0000
 42
1.0000
  0
VERTEX
  8
16
 10
113.6327
 20
78.4402
 30
0.0000
  0
SEQEND
  8
0
  0
POLYLINE
  8
16
 66
1
 10
0.0000
 20
0.0000
 30
0.0000
 40
0.3048
 41
0.3048
 70
0
  0
VERTEX
  8
16
 10
112.9396
 20
75.5904
 30
0.0000
  0
VERTEX
  8
16
 10
116.3751
 20
75.5904
 30
0.0000
  0
SEQEND
  8
0
  0
POLYLINE
  8
16
 66
1
 10
0.0000
 20
0.0000
 30
0.0000
 40
0.1524
 41
0.1524
 70
0
  0
VERTEX
  8
16
 10
116.3751
 20
75.5142
 30
0.0000
 42
1.0000
  0
VERTEX
  8
16
 10
116.3751
 20
75.6666
 30
0.0000
  0
SEQEND
  8
0
  0
POLYLINE
  8
16
 66
1
 10
0.0000
 20
0.0000
 30
0.0000
 40
0.1524
 41
0.1524
 70
0
  0
VERTEX
  8
16
 10
112.9396
 20
75.6666
 30
0.0000
 42
1.0000
  0
VERTEX
  8
16
 10
112.9396
 20
75.5142
 30
0.0000
  0
SEQEND
  8
0
  0
POLYLINE
  8
16
 66
1
 10
0.0000
 20
0.0000
 30
0.0000
 40
0.3048
 41
0.3048
 70
0
  0
VERTEX
  8
16
 10
112.6348
 20
75.8952
 30
0.0000
  0
VERTEX
  8
16
 10
116.5200
 20
75.8952
 30
0.0000
  0
SEQEND
  8
0
  0
POLYLINE
  8
16
 66
1
 10
0.0000
 20
0.0000
 30
0.0000
 40
0.1524
 41
0.1524
 70
0
  0
VERTEX
  8
16
 10
116.5200
 20
75.8190
 30
0.0000
 42
1.0000
  0
VERTEX
  8
16
 10
116.5200
 20
75.9714
 30
0.0000
  0
SEQEND
  8
0
  0
POLYLINE
  8
16
 66
1
 10
0.0000
 20
0.0000
 30
0.0000
 40
0.1524
 41
0.1524
 70
0
  0
VERTEX
  8
16
 10
112.6348
 20
75.9714
 30
0.0000
 42
1.0000
  0
VERTEX
  8
16
 10
112.6348
 20
75.8190
 30
0.0000
  0
SEQEND
  8
0
  0
POLYLINE
  8
16
 66
1
 10
0.0000
 20
0.0000
 30
0.0000
 40
0.3048
 41
0.3048
 70
0
  0
VERTEX
  8
16
 10
112.3300
 20
76.2000
 30
0.0000
  0
VERTEX
  8
16
 10
116.5200
 20
76.2000
 30
0.0000
  0
SEQEND
  8
0
  0
POLYLINE
  8
16
 66
1
 10
0.0000
 20
0.0000
 30
0.0000
 40
0.1524
 41
0.1524
 70
0
  0
VERTEX
  8
16
 10
116.5200
 20
76.1238
 30
0.0000
 42
1.0000
  0
VERTEX
  8
16
 10
116.5200
 20
76.2762
 30
0.0000
  0
SEQEND
  8
0
  0
POLYLINE
  8
16
 66
1
 10
0.0000
 20
0.0000
 30
0.0000
 40
0.1524
 41
0.1524
 70
0
  0
VERTEX
  8
16
 10
112.3300
 20
76.2762
 30
0.0000
 42
1.0000
  0
VERTEX
  8
16
 10
112.3300
 20
76.1238
 30
0.0000
  0
SEQEND
  8
0
  0
POLYLINE
  8
16
 66
1
 10
0.0000
 20
0.0000
 30
0.0000
 40
0.3048
 41
0.3048
 70
0
  0
VERTEX
  8
16
 10
112.0252
 20
76.5048
 30
0.0000
  0
VERTEX
  8
16
 10
114.1797
 20
76.5048
 30
0.0000
  0
SEQEND
  8
0
  0
POLYLINE
  8
16
 66
1
 10
0.0000
 20
0.0000
 30
0.0000
 40
0.1524
 41
0.1524
 70
0
  0
VERTEX
  8
16
 10
114.1797
 20
76.4286
 30
0.0000
 42
1.0000
  0
VERTEX
  8
16
 10
114.1797
 20
76.5810
 30
0.0000
  0
SEQEND
  8
0
  0
POLYLINE
  8
16
 66
1
 10
0.0000
 20
0.0000
 30
0.0000
 40
0.1524
 41
0.1524
 70
0
  0
VERTEX
  8
16
 10
112.0252
 20
76.5810
 30
0.0000
 42
1.0000
  0
VERTEX
  8
16
 10
112.0252
 20
76.4286
 30
0.0000
  0
SEQEND
  8
0
  0
POLYLINE
  8
16
 66
1
 10
0.0000
 20
0.0000
 30
0.0000
 40
0.3048
 41
0.3048
 70
0
  0
VERTEX
  8
16
 10
114.7332
 20
76.5048
 30
0.0000
  0
VERTEX
  8
16
 10
116.5200
 20
76.5048
 30
0.0000
  0
SEQEND
  8
0
  0
POLYLINE
  8
16
 66
1
 10
0.0000
 20
0.0000
 30
0.0000
 40
0.1524
 41
0.1524
 70
0
  0
VERTEX
  8
16
 10
116.5200
 20
76.4286
 30
0.0000
 42
1.0000
  0
VERTEX
  8
16
 10
116.5200
 20
76.5810
 30
0.0000
  0
SEQEND
  8
0
  0
POLYLINE
  8
16
 66
1
 10
0.0000
 20
0.0000
 30
0.0000
 40
0.1524
 41
0.1524
 70
0
  0
VERTEX
  8
16
 10
114.7332
 20
76.5810
 30
0.0000
 42
1.0000
  0
VERTEX
  8
16
 10
114.7332
 20
76.4286
 30
0.0000
  0
SEQEND
  8
0
  0
POLYLINE
  8
16
 66
1
 10
0.0000
 20
0.0000
 30
0.0000
 40
0.3048
 41
0.3048
 70
0
  0
VERTEX
  8
16
 10
111.7204
 20
76.8096
 30
0.0000
  0
VERTEX
  8
16
 10
113.7778
 20
76.8096
 30
0.0000
  0
SEQEND
  8
0
  0
POLYLINE
  8
16
 66
1
 10
0.0000
 20
0.0000
 30
0.0000
 40
0.1524
 41
0.1524
 70
0
  0
VERTEX
  8
16
 10
113.7778
 20
76.7334
 30
0.0000
 42
1.0000
  0
VERTEX
  8
16
 10
113.7778
 20
76.8858
 30
0.0000
  0
SEQEND
  8
0
  0
POLYLINE
  8
16
 66
1
 10
0.0000
 20
0.0000
 30
0.0000
 40
0.1524
 41
0.1524
 70
0
  0
VERTEX
  8
16
 10
111.7204
 20
76.8858
 30
0.0000
 42
1.0000
  0
VERTEX
  8
16
 10
111.7204
 20
76.7334
 30
0.0000
  0
SEQEND
  8
0
  0
POLYLINE
  8
16
 66
1
 10
0.0000
 20
0.0000
 30
0.0000
 40
0.3048
 41
0.3048
 70
0
  0
VERTEX
  8
16
 10
114.9643
 20
76.8096
 30
0.0000
  0
VERTEX
  8
16
 10
116.2804
 20
76.8096
 30
0.0000
  0
SEQEND
  8
0
  0
POLYLINE
  8
16
 66
1
 10
0.0000
 20
0.0000
 30
0.0000
 40
0.1524
 41
0.1524
 70
0
  0
VERTEX
  8
16
 10
116.2804
 20
76.7334
 30
0.0000
 42
1.0000
  0
VERTEX
  8
16
 10
116.2804
 20
76.8858
 30
0.0000
  0
SEQEND
  8
0
  0
POLYLINE
  8
16
 66
1
 10
0.0000
 20
0.0000
 30
0.0000
 40
0.1524
 41
0.1524
 70
0
  0
VERTEX
  8
16
 10
114.9643
 20
76.8858
 30
0.0000
 42
1.0000
  0
VERTEX
  8
16
 10
114.9643
 20
76.7334
 30
0.0000
  0
SEQEND
  8
0
  0
POLYLINE
  8
16
 66
1
 10
0.0000
 20
0.0000
 30
0.0000
 40
0.3048
 41
0.3048
 70
0
  0
VERTEX
  8
16
 10
111.4800
 20
77.1144
 30
0.0000
  0
VERTEX
  8
16
 10
113.3758
 20
77.1144
 30
0.0000
  0
SEQEND
  8
0
  0
POLYLINE
  8
16
 66
1
 10
0.0000
 20
0.0000
 30
0.0000
 40
0.1524
 41
0.1524
 70
0
  0
VERTEX
  8
16
 10
113.3758
 20
77.0382
 30
0.0000
 42
1.0000
  0
VERTEX
  8
16
 10
113.3758
 20
77.1906
 30
0.0000
  0
SEQEND
  8
0
  0
POLYLINE
  8
16
 66
1
 10
0.0000
 20
0.0000
 30
0.0000
 40
0.1524
 41
0.1524
 70
0
  0
VERTEX
  8
16
 10
111.4800
 20
77.1906
 30
0.0000
 42
1.0000
  0
VERTEX
  8
16
 10
111.4800
 20
77.0382
 30
0.0000
  0
SEQEND
  8
0
  0
POLYLINE
  8
16
 66
1
 10
0.0000
 20
0.0000
 30
0.0000
 40
0.3048
 41
0.3048
 70
0
  0
VERTEX
  8
16
 10
115.1662
 20
77.1144
 30
0.0000
  0
VERTEX
  8
16
 10
115.9756
 20
77.1144
 30
0.0000
  0
SEQEND
  8
0
  0
POLYLINE
  8
16
 66
1
 10
0.0000
 20
0.0000
 30
0.0000
 40
0.1524
 41
0.1524
 70
0
  0
VERTEX
  8
16
 10
115.9756
 20
77.0382
 30
0.0000
 42
1.0000
  0
VERTEX
  8
16
 10
115.9756
 20
77.1906
 30
0.0000
  0
SEQEND
  8
0
  0
POLYLINE
  8
16
 66
1
 10
0.0000
 20
0.0000
 30
0.0000
 40
0.1524
 41
0.1524
 70
0
  0
VERTEX
  8
16
 10
115.1662
 20
77.1906
 30
0.0000
 42
1.0000
  0
VERTEX
  8
16
 10
115.1662
 20
77.0382
 30
0.0000
  0
SEQEND
  8
0
  0
POLYLINE
  8
16
 66
1
 10
0.0000
 20
0.0000
 30
0.0000
 40
0.3048
 41
0.3048
 70
0
  0
VERTEX
  8
16
 10
111.4800
 20
77.4192
 30
0.0000
  0
VERTEX
  8
16
 10
112.9739
 20
77.4192
 30
0.0000
  0
SEQEND
  8
0
  0
POLYLINE
  8
16
 66
1
 10
0.0000
 20
0.0000
 30
0.0000
 40
0.1524
 41
0.1524
 70
0
  0
VERTEX
  8
16
 10
112.9739
 20
77.3430
 30
0.0000
 42
1.0000
  0
VERTEX
  8
16
 10
112.9739
 20
77.4954
 30
0.0000
  0
SEQEND
  8
0
  0
POLYLINE
  8
16
 66
1
 10
0.0000
 20
0.0000
 30
0.0000
 40
0.1524
 41
0.1524
 70
0
  0
VERTEX
  8
16
 10
111.4800
 20
77.4954
 30
0.0000
 42
1.0000
  0
VERTEX
  8
16
 10
111.4800
 20
77.3430
 30
0.0000
  0
SEQEND
  8
0
  0
POLYLINE
  8
16
 66
1
 10
0.0000
 20
0.0000
 30
0.0000
 40
0.3048
 41
0.3048
 70
0
  0
VERTEX
  8
16
 10
114.9029
 20
77.4192
 30
0.0000
  0
VERTEX
  8
16
 10
115.6708
 20
77.4192
 30
0.0000
  0
SEQEND
  8
0
  0
POLYLINE
  8
16
 66
1
 10
0.0000
 20
0.0000
 30
0.0000
 40
0.1524
 41
0.1524
 70
0
  0
VERTEX
  8
16
 10
115.6708
 20
77.3430
 30
0.0000
 42
1.0000
  0
VERTEX
  8
16
 10
115.6708
 20
77.4954
 30
0.0000
  0
SEQEND
  8
0
  0
POLYLINE
  8
16
 66
1
 10
0.0000
 20
0.0000
 30
0.0000
 40
0.1524
 41
0.1524
 70
0
  0
VERTEX
  8
16
 10
114.9029
 20
77.4954
 30
0.0000
 42
1.0000
  0
VERTEX
  8
16
 10
114.9029
 20
77.3430
 30
0.0000
  0
SEQEND
  8
0
  0
POLYLINE
  8
16
 66
1
 10
0.0000
 20
0.0000
 30
0.0000
 40
0.3048
 41
0.3048
 70
0
  0
VERTEX
  8
16
 10
111.4800
 20
77.7240
 30
0.0000
  0
VERTEX
  8
16
 10
112.7149
 20
77.7240
 30
0.0000
  0
SEQEND
  8
0
  0
POLYLINE
  8
16
 66
1
 10
0.0000
 20
0.0000
 30
0.0000
 40
0.1524
 41
0.1524
 70
0
  0
VERTEX
  8
16
 10
112.7149
 20
77.6478
 30
0.0000
 42
1.0000
  0
VERTEX
  8
16
 10
112.7149
 20
77.8002
 30
0.0000
  0
SEQEND
  8
0
  0
POLYLINE
  8
16
 66
1
 10
0.0000
 20
0.0000
 30
0.0000
 40
0.1524
 41
0.1524
 70
0
  0
VERTEX
  8
16
 10
111.4800
 20
77.8002
 30
0.0000
 42
1.0000
  0
VERTEX
  8
16
 10
111.4800
 20
77.6478
 30
0.0000
  0
SEQEND
  8
0
  0
POLYLINE
  8
16
 66
1
 10
0.0000
 20
0.0000
 30
0.0000
 40
0.3048
 41
0.3048
 70
0
  0
VERTEX
  8
16
 10
114.5010
 20
77.7240
 30
0.0000
  0
VERTEX
  8
16
 10
115.3660
 20
77.7240
 30
0.0000
  0
SEQEND
  8
0
  0
POLYLINE
  8
16
 66
1
 10
0.0000
 20
0.0000
 30
0.0000
 40
0.1524
 41
0.1524
 70
0
  0
VERTEX
  8
16
 10
115.3660
 20
77.6478
 30
0.0000
 42
1.0000
  0
VERTEX
  8
16
 10
115.3660
 20
77.8002
 30
0.0000
  0
SEQEND
  8
0
  0
POLYLINE
  8
16
 66
1
 10
0.0000
 20
0.0000
 30
0.0000
 40
0.1524
 41
0.1524
 70
0
  0
VERTEX
  8
16
 10
114.5010
 20
77.8002
 30
0.0000
 42
1.0000
  0
VERTEX
  8
16
 10
114.5010
 20
77.6478
 30
0.0000
  0
SEQEND
  8
0
  0
POLYLINE
  8
16
 66
1
 10
0.0000
 20
0.0000
 30
0.0000
 40
0.3048
 41
0.3048
 70
0
  0
VERTEX
  8
16
 10
111.4800
 20
78.0288
 30
0.0000
  0
VERTEX
  8
16
 10
112.9200
 20
78.0288
 30
0.0000
  0
SEQEND
  8
0
  0
POLYLINE
  8
16
 66
1
 10
0.0000
 20
0.0000
 30
0.0000
 40
0.1524
 41
0.1524
 70
0
  0
VERTEX
  8
16
 10
112.9200
 20
77.9526
 30
0.0000
 42
1.0000
  0
VERTEX
  8
16
 10
112.9200
 20
78.1050
 30
0.0000
  0
SEQEND
  8
0
  0
POLYLINE
  8
16
 66
1
 10
0.0000
 20
0.0000
 30
0.0000
 40
0.1524
 41
0.1524
 70
0
  0
VERTEX
  8
16
 10
111.4800
 20
78.1050
 30
0.0000
 42
1.0000
  0
VERTEX
  8
16
 10
111.4800
 20
77.9526
 30
0.0000
  0
SEQEND
  8
0
  0
POLYLINE
  8
16
 66
1
 10
0.0000
 20
0.0000
 30
0.0000
 40
0.3048
 41
0.3048
 70
0
  0
VERTEX
  8
16
 10
114.0991
 20
78.0288
 30
0.0000
  0
VERTEX
  8
16
 10
115.0612
 20
78.0288
 30
0.0000
  0
SEQEND
  8
0
  0
POLYLINE
  8
16
 66
1
 10
0.0000
 20
0.0000
 30
0.0000
 40
0.1524
 41
0.1524
 70
0
  0
VERTEX
  8
16
 10
115.0612
 20
77.9526
 30
0.0000
 42
1.0000
  0
VERTEX
  8
16
 10
115.0612
 20
78.1050
 30
0.0000
  0
SEQEND
  8
0
  0
POLYLINE
  8
16
 66
1
 10
0.0000
 20
0.0000
 30
0.0000
 40
0.1524
 41
0.1524
 70
0
  0
VERTEX
  8
16
 10
114.0991
 20
78.1050
 30
0.0000
 42
1.0000
  0
VERTEX
  8
16
 10
114.0991
 20
77.9526
 30
0.0000
  0
SEQEND
  8
0
  0
POLYLINE
  8
16
 66
1
 10
0.0000
 20
0.0000
 30
0.0000
 40
0.3048
 41
0.3048
 70
0
  0
VERTEX
  8
16
 10
111.4800
 20
78.3336
 30
0.0000
  0
VERTEX
  8
16
 10
113.1512
 20
78.3336
 30
0.0000
  0
SEQEND
  8
0
  0
POLYLINE
  8
16
 66
1
 10
0.0000
 20
0.0000
 30
0.0000
 40
0.1524
 41
0.1524
 70
0
  0
VERTEX
  8
16
 10
113.1512
 20
78.2574
 30
0.0000
 42
1.0000
  0
VERTEX
  8
16
 10
113.1512
 20
78.4098
 30
0.0000
  0
SEQEND
  8
0
  0
POLYLINE
  8
16
 66
1
 10
0.0000
 20
0.0000
 30
0.0000
 40
0.1524
 41
0.1524
 70
0
  0
VERTEX
  8
16
 10
111.4800
 20
78.4098
 30
0.0000
 42
1.0000
  0
VERTEX
  8
16
 10
111.4800
 20
78.2574
 30
0.0000
  0
SEQEND
  8
0
  0
POLYLINE
  8
16
 66
1
 10
0.0000
 20
0.0000
 30
0.0000
 40
0.3048
 41
0.3048
 70
0
  0
VERTEX
  8
16
 10
113.6971
 20
78.3336
 30
0.0000
  0
VERTEX
  8
16
 10
114.7564
 20
78.3336
 30
0.0000
  0
SEQEND
  8
0
  0
POLYLINE
  8
16
 66
1
 10
0.0000
 20
0.0000
 30
0.0000
 40
0.1524
 41
0.1524
 70
0
  0
VERTEX
  8
16
 10
114.7564
 20
78.2574
 30
0.0000
 42
1.0000
  0
VERTEX
  8
16
 10
114.7564
 20
78.4098
 30
0.0000
  0
SEQEND
  8
0
  0
POLYLINE
  8
16
 66
1
 10
0.0000
 20
0.0000
 30
0.0000
 40
0.1524
 41
0.1524
 70
0
  0
VERTEX
  8
16
 10
113.6971
 20
78.4098
 30
0.0000
 42
1.0000
  0
VERTEX
  8
16
 10
113.6971
 20
78.2574
 30
0.0000
  0
SEQEND
  8
0
  0
POLYLINE
  8
16
 66
1
 10
0.0000
 20
0.0000
 30
0.0000
 40
0.3048
 41
0.3048
 70
0
  0
VERTEX
  8
16
 10
111.4800
 20
78.6384
 30
0.0000
  0
VERTEX
  8
16
 10
114.4516
 20
78.6384
 30
0.0000
  0
SEQEND
  8
0
  0
POLYLINE
  8
16
 66
1
 10
0.0000
 20
0.0000
 30
0.0000
 40
0.1524
 41
0.1524
 70
0
  0
VERTEX
  8
16
 10
114.4516
 20
78.5622
 30
0.0000
 42
1.0000
  0
VERTEX
  8
16
 10
114.4516
 20
78.7146
 30
0.0000
  0
SEQEND
  8
0
  0
POLYLINE
  8
16
 66
1
 10
0.0000
 20
0.0000
 30
0.0000
 40
0.1524
 41
0.1524
 70
0
  0
VERTEX
  8
16
 10
111.4800
 20
78.7146
 30
0.0000
 42
1.0000
  0
VERTEX
  8
16
 10
111.4800
 20
78.5622
 30
0.0000
  0
SEQEND
  8
0
  0
POLYLINE
  8
16
 66
1
 10
0.0000
 20
0.0000
 30
0.0000
 40
0.3048
 41
0.3048
 70
0
  0
VERTEX
  8
16
 10
111.6732
 20
78.9432
 30
0.0000
  0
VERTEX
  8
16
 10
114.1468
 20
78.9432
 30
0.0000
  0
SEQEND
  8
0
  0
POLYLINE
  8
16
 66
1
 10
0.0000
 20
0.0000
 30
0.0000
 40
0.1524
 41
0.1524
 70
0
  0
VERTEX
  8
16
 10
114.1468
 20
78.8670
 30
0.0000
 42
1.0000
  0
VERTEX
  8
16
 10
114.1468
 20
79.0194
 30
0.0000
  0
SEQEND
  8
0
  0
POLYLINE
  8
16
 66
1
 10
0.0000
 20
0.0000
 30
0.0000
 40
0.1524
 41
0.1524
 70
0
  0
VERTEX
  8
16
 10
111.6732
 20
79.0194
 30
0.0000
 42
1.0000
  0
VERTEX
  8
16
 10
111.6732
 20
78.8670
 30
0.0000
  0
SEQEND
  8
0
  0
POLYLINE
  8
16
 66
1
 10
0.0000
 20
0.0000
 30
0.0000
 40
0.3048
 41
0.3048
 70
0
  0
VERTEX
  8
16
 10
111.9780
 20
79.2480
 30
0.0000
  0
VERTEX
  8
16
 10
113.8420
 20
79.2480
 30
0.0000
  0
SEQEND
  8
0
  0
POLYLINE
  8
16
 66
1
 10
0.0000
 20
0.0000
 30
0.0000
 40
0.1524
 41
0.1524
 70
0
  0
VERTEX
  8
16
 10
113.8420
 20
79.1718
 30
0.0000
 42
1.0000
  0
VERTEX
  8
16
 10
113.8420
 20
79.3242
 30
0.0000
  0
SEQEND
  8
0
  0
POLYLINE
  8
16
 66
1
 10
0.0000
 20
0.0000
 30
0.0000
 40
0.1524
 41
0.1524
 70
0
  0
VERTEX
  8
16
 10
111.9780
 20
79.3242
 30
0.0000
 42
1.0000
  0
VERTEX
  8
16
 10
111.9780
 20
79.1718
 30
0.0000
  0
SEQEND
  8
0
  0
POLYLINE
  8
16
 66
1
 10
0.0000
 20
0.0000
 30
0.0000
 40
0.3048
 41
0.3048
 70
0
  0
VERTEX
  8
16
 10
112.2828
 20
79.5528
 30
0.0000
  0
VERTEX
  8
16
 10
113.5372
 20
79.5528
 30
0.0000
  0
SEQEND
  8
0
  0
POLYLINE
  8
16
 66
1
 10
0.0000
 20
0.0000
 30
0.0000
 40
0.1524
 41
0.1524
 70
0
  0
VERTEX
  8
16
 10
113.5372
 20
79.4766
 30
0.0000
 42
1.0000
  0
VERTEX
  8
16
 10
113.5372
 20
79.6290
 30
0.0000
  0
SEQEND
  8
0
  0
POLYLINE
  8
16
 66
1
 10
0.0000
 20
0.0000
 30
0.0000
 40
0.1524
 41
0.1524
 70
0
  0
VERTEX
  8
16
 10
112.2828
 20
79.6290
 30
0.0000
 42
1.0000
  0
VERTEX
  8
16
 10
112.2828
 20
79.4766
 30
0.0000
  0
SEQEND
  8
0
  0
POLYLINE
  8
1
 66
1
 10
0.0000
 20
0.0000
 30
0.0000
 40
0.6096
 41
0.6096
 70
0
  0
VERTEX
  8
1
 10
112.3100
 20
78.7300
 30
0.0000
  0
VERTEX
  8
1
 10
112.3100
 20
77.1100
 30
0.0000
  0
SEQEND
  8
0
  0
POLYLINE
  8
1
 66
1
 10
0.0000
 20
0.0000
 30
0.0000
 40
0.3048
 41
0.3048
 70
0
  0
VERTEX
  8
1
 10
112.1576
 20
77.1100
 30
0.0000
 42
1.0000
  0
VERTEX
  8
1
 10
112.4624
 20
77.1100
 30
0.0000
  0
SEQEND
  8
0
  0
POLYLINE
  8
1
 66
1
 10
0.0000
 20
0.0000
 30
0.0000
 40
0.3048
 41
0.3048
 70
0
  0
VERTEX
  8
1
 10
112.4624
 20
78.7300
 30
0.0000
 42
1.0000
  0
VERTEX
  8
1
 10
112.1576
 20
78.7300
 30
0.0000
  0
SEQEND
  8
0
  0
POLYLINE
  8
1
 66
1
 10
0.0000
 20
0.0000
 30
0.0000
 40
0.6096
 41
0.6096
 70
0
  0
VERTEX
  8
1
 10
112.3100
 20
77.1100
 30
0.0000
  0
VERTEX
  8
1
 10
113.1100
 20
76.3100
 30
0.0000
  0
SEQEND
  8
0
  0
POLYLINE
  8
1
 66
1
 10
0.0000
 20
0.0000
 30
0.0000
 40
0.3048
 41
0.3048
 70
0
  0
VERTEX
  8
1
 10
113.0022
 20
76.2022
 30
0.0000
 42
1.0000
  0
VERTEX
  8
1
 10
113.2178
 20
76.4178
 30
0.0000
  0
SEQEND
  8
0
  0
POLYLINE
  8
1
 66
1
 10
0.0000
 20
0.0000
 30
0.0000
 40
0.3048
 41
0.3048
 70
0
  0
VERTEX
  8
1
 10
112.4178
 20
77.2178
 30
0.0000
 42
1.0000
  0
VERTEX
  8
1
 10
112.2022
 20
77.0022
 30
0.0000
  0
SEQEND
  8
0
  0
POLYLINE
  8
16
 66
1
 10
0.0000
 20
0.0000
 30
0.0000
 40
0.5080
 41
0.5080
 70
0
  0
VERTEX
  8
16
 10
112.3600
 20
77.0600
 30
0.0000
  0
VERTEX
  8
16
 10
110.6000
 20
75.3000
 30
0.0000
  0
SEQEND
  8
0
  0
POLYLINE
  8
16
 66
1
 10
0.0000
 20
0.0000
 30
0.0000
 40
0.2540
 41
0.2540
 70
0
  0
VERTEX
  8
16
 10
110.5102
 20
75.3898
 30
0.0000
 42
1.0000
  0
VERTEX
  8
16
 10
110.6898
 20
75.2102
 30
0.0000
  0
SEQEND
  8
0
  0
POLYLINE
  8
16
 66
1
 10
0.0000
 20
0.0000
 30
0.0000
 40
0.2540
 41
0.2540
 70
0
  0
VERTEX
  8
16
 10
112.4498
 20
76.9702
 30
0.0000
 42
1.0000
  0
VERTEX
  8
16
 10
112.2702
 20
77.1498
 30
0.0000
  0
SEQEND
  8
0
  0
POLYLINE
  8
16
 66
1
 10
0.0000
 20
0.0000
 30
0.0000
 40
0.5080
 41
0.5080
 70
0
  0
VERTEX
  8
16
 10
109.2600
 20
75.3000
 30
0.0000
  0
VERTEX
  8
16
 10
110.6000
 20
75.3000
 30
0.0000
  0
SEQEND
  8
0
  0
POLYLINE
  8
16
 66
1
 10
0.0000
 20
0.0000
 30
0.0000
 40
0.2540
 41
0.2540
 70
0
  0
VERTEX
  8
16
 10
110.6000
 20
75.1730
 30
0.0000
 42
1.0000
  0
VERTEX
  8
16
 10
110.6000
 20
75.4270
 30
0.0000
  0
SEQEND
  8
0
  0
POLYLINE
  8
16
 66
1
 10
0.0000
 20
0.0000
 30
0.0000
 40
0.2540
 41
0.2540
 70
0
  0
VERTEX
  8
16
 10
109.2600
 20
75.4270
 30
0.0000
 42
1.0000
  0
VERTEX
  8
16
 10
109.2600
 20
75.1730
 30
0.0000
  0
SEQEND
  8
0
  0
POLYLINE
  8
16
 66
1
 10
0.0000
 20
0.0000
 30
0.0000
 40
0.5080
 41
0.5080
 70
0
  0
VERTEX
  8
16
 10
112.3600
 20
77.0600
 30
0.0000
  0
VERTEX
  8
16
 10
113.1100
 20
76.3100
 30
0.0000
  0
SEQEND
  8
0
  0
POLYLINE
  8
16
 66
1
 10
0.0000
 20
0.0000
 30
0.0000
 40
0.2540
 41
0.2540
 70
0
  0
VERTEX
  8
16
 10
113.0202
 20
76.2202
 30
0.0000
 42
1.0000
  0
VERTEX
  8
16
 10
113.1998
 20
76.3998
 30
0.0000
  0
SEQEND
  8
0
  0
POLYLINE
  8
16
 66
1
 10
0.0000
 20
0.0000
 30
0.0000
 40
0.2540
 41
0.2540
 70
0
  0
VERTEX
  8
16
 10
112.4498
 20
77.1498
 30
0.0000
 42
1.0000
  0
VERTEX
  8
16
 10
112.2702
 20
76.9702
 30
0.0000
  0
SEQEND
  8
0
  0
INSERT
  8
18
  2
ROUNDV
 10
112.5600
 20
78.7400
 30
0.0000
 41
0.7564
 42
0.7564
 43
1.0000
 50
0.0000
  0
INSERT
  8
18
  2
ROUNDV
 10
112.5600
 20
78.7400
 30
0.0000
 41
0.7564
 42
0.7564
 43
1.0000
 50
0.0000
  0
INSERT
  8
18
  2
ROUNDV
 10
113.1100
 20
76.3100
 30
0.0000
 41
0.7564
 42
0.7564
 43
1.0000
 50
0.0000
  0
INSERT
  8
18
  2
ROUNDV
 10
113.1100
 20
76.3100
 30
0.0000
 41
0.7564
 42
0.7564
 43
1.0000
 50
0.0000
  0
POLYLINE
  8
1
 66
1
 10
0.0000
 20
0.0000
 30
0.0000
 40
0.5080
 41
0.5080
 70
0
  0
VERTEX
  8
1
 10
109.7100
 20
78.9450
 30
0.0000
  0
VERTEX
  8
1
 10
109.7100
 20
79.4000
 30
0.0000
  0
SEQEND
  8
0
  0
POLYLINE
  8
1
 66
1
 10
0.0000
 20
0.0000
 30
0.0000
 40
0.2540
 41
0.2540
 70
0
  0
VERTEX
  8
1
 10
109.8370
 20
79.4000
 30
0.0000
 42
1.0000
  0
VERTEX
  8
1
 10
109.5830
 20
79.4000
 30
0.0000
  0
SEQEND
  8
0
  0
POLYLINE
  8
1
 66
1
 10
0.0000
 20
0.0000
 30
0.0000
 40
0.2540
 41
0.2540
 70
0
  0
VERTEX
  8
1
 10
109.5830
 20
78.9450
 30
0.0000
 42
1.0000
  0
VERTEX
  8
1
 10
109.8370
 20
78.9450
 30
0.0000
  0
SEQEND
  8
0
  0
POLYLINE
  8
1
 66
1
 10
0.0000
 20
0.0000
 30
0.0000
 40
0.5080
 41
0.5080
 70
0
  0
VERTEX
  8
1
 10
105.0100
 20
80.3200
 30
0.0000
  0
VERTEX
  8
1
 10
104.3500
 20
80.9800
 30
0.0000
  0
SEQEND
  8
0
  0
POLYLINE
  8
1
 66
1
 10
0.0000
 20
0.0000
 30
0.0000
 40
0.2540
 41
0.2540
 70
0
  0
VERTEX
  8
1
 10
104.4398
 20
81.0698
 30
0.0000
 42
1.0000
  0
VERTEX
  8
1
 10
104.2602
 20
80.8902
 30
0.0000
  0
SEQEND
  8
0
  0
POLYLINE
  8
1
 66
1
 10
0.0000
 20
0.0000
 30
0.0000
 40
0.2540
 41
0.2540
 70
0
  0
VERTEX
  8
1
 10
104.9202
 20
80.2302
 30
0.0000
 42
1.0000
  0
VERTEX
  8
1
 10
105.0998
 20
80.4098
 30
0.0000
  0
SEQEND
  8
0
  0
POLYLINE
  8
1
 66
1
 10
0.0000
 20
0.0000
 30
0.0000
 40
0.5080
 41
0.5080
 70
0
  0
VERTEX
  8
1
 10
109.7100
 20
79.4000
 30
0.0000
  0
VERTEX
  8
1
 10
108.7900
 20
80.3200
 30
0.0000
  0
SEQEND
  8
0
  0
POLYLINE
  8
1
 66
1
 10
0.0000
 20
0.0000
 30
0.0000
 40
0.2540
 41
0.2540
 70
0
  0
VERTEX
  8
1
 10
108.8798
 20
80.4098
 30
0.0000
 42
1.0000
  0
VERTEX
  8
1
 10
108.7002
 20
80.2302
 30
0.0000
  0
SEQEND
  8
0
  0
POLYLINE
  8
1
 66
1
 10
0.0000
 20
0.0000
 30
0.0000
 40
0.2540
 41
0.2540
 70
0
  0
VERTEX
  8
1
 10
109.6202
 20
79.3102
 30
0.0000
 42
1.0000
  0
VERTEX
  8
1
 10
109.7998
 20
79.4898
 30
0.0000
  0
SEQEND
  8
0
  0
POLYLINE
  8
1
 66
1
 10
0.0000
 20
0.0000
 30
0.0000
 40
0.5080
 41
0.5080
 70
0
  0
VERTEX
  8
1
 10
108.7900
 20
80.3200
 30
0.0000
  0
VERTEX
  8
1
 10
105.0100
 20
80.3200
 30
0.0000
  0
SEQEND
  8
0
  0
POLYLINE
  8
1
 66
1
 10
0.0000
 20
0.0000
 30
0.0000
 40
0.2540
 41
0.2540
 70
0
  0
VERTEX
  8
1
 10
105.0100
 20
80.4470
 30
0.0000
 42
1.0000
  0
VERTEX
  8
1
 10
105.0100
 20
80.1930
 30
0.0000
  0
SEQEND
  8
0
  0
POLYLINE
  8
1
 66
1
 10
0.0000
 20
0.0000
 30
0.0000
 40
0.2540
 41
0.2540
 70
0
  0
VERTEX
  8
1
 10
108.7900
 20
80.1930
 30
0.0000
 42
1.0000
  0
VERTEX
  8
1
 10
108.7900
 20
80.4470
 30
0.0000
  0
SEQEND
  8
0
  0
POLYLINE
  8
16
 66
1
 10
0.0000
 20
0.0000
 30
0.0000
 40
0.5080
 41
0.5080
 70
0
  0
VERTEX
  8
16
 10
100.6600
 20
83.7300
 30
0.0000
  0
VERTEX
  8
16
 10
100.6600
 20
82.7300
 30
0.0000
  0
SEQEND
  8
0
  0
POLYLINE
  8
16
 66
1
 10
0.0000
 20
0.0000
 30
0.0000
 40
0.2540
 41
0.2540
 70
0
  0
VERTEX
  8
16
 10
100.5330
 20
82.7300
 30
0.0000
 42
1.0000
  0
VERTEX
  8
16
 10
100.7870
 20
82.7300
 30
0.0000
  0
SEQEND
  8
0
  0
POLYLINE
  8
16
 66
1
 10
0.0000
 20
0.0000
 30
0.0000
 40
0.2540
 41
0.2540
 70
0
  0
VERTEX
  8
16
 10
100.7870
 20
83.7300
 30
0.0000
 42
1.0000
  0
VERTEX
  8
16
 10
100.5330
 20
83.7300
 30
0.0000
  0
SEQEND
  8
0
  0
POLYLINE
  8
16
 66
1
 10
0.0000
 20
0.0000
 30
0.0000
 40
0.5080
 41
0.5080
 70
0
  0
VERTEX
  8
16
 10
100.6600
 20
82.7300
 30
0.0000
  0
VERTEX
  8
16
 10
101.6700
 20
81.7200
 30
0.0000
  0
SEQEND
  8
0
  0
POLYLINE
  8
16
 66
1
 10
0.0000
 20
0.0000
 30
0.0000
 40
0.2540
 41
0.2540
 70
0
  0
VERTEX
  8
16
 10
101.5802
 20
81.6302
 30
0.0000
 42
1.0000
  0
VERTEX
  8
16
 10
101.7598
 20
81.8098
 30
0.0000
  0
SEQEND
  8
0
  0
POLYLINE
  8
16
 66
1
 10
0.0000
 20
0.0000
 30
0.0000
 40
0.2540
 41
0.2540
 70
0
  0
VERTEX
  8
16
 10
100.7498
 20
82.8198
 30
0.0000
 42
1.0000
  0
VERTEX
  8
16
 10
100.5702
 20
82.6402
 30
0.0000
  0
SEQEND
  8
0
  0
POLYLINE
  8
16
 66
1
 10
0.0000
 20
0.0000
 30
0.0000
 40
0.5080
 41
0.5080
 70
0
  0
VERTEX
  8
16
 10
101.6700
 20
81.7200
 30
0.0000
  0
VERTEX
  8
16
 10
103.6100
 20
81.7200
 30
0.0000
  0
SEQEND
  8
0
  0
POLYLINE
  8
16
 66
1
 10
0.0000
 20
0.0000
 30
0.0000
 40
0.2540
 41
0.2540
 70
0
  0
VERTEX
  8
16
 10
103.6100
 20
81.5930
 30
0.0000
 42
1.0000
  0
VERTEX
  8
16
 10
103.6100
 20
81.8470
 30
0.0000
  0
SEQEND
  8
0
  0
POLYLINE
  8
16
 66
1
 10
0.0000
 20
0.0000
 30
0.0000
 40
0.2540
 41
0.2540
 70
0
  0
VERTEX
  8
16
 10
101.6700
 20
81.8470
 30
0.0000
 42
1.0000
  0
VERTEX
  8
16
 10
101.6700
 20
81.5930
 30
0.0000
  0
SEQEND
  8
0
  0
POLYLINE
  8
16
 66
1
 10
0.0000
 20
0.0000
 30
0.0000
 40
0.5080
 41
0.5080
 70
0
  0
VERTEX
  8
16
 10
103.6100
 20
81.7200
 30
0.0000
  0
VERTEX
  8
16
 10
104.3500
 20
80.9800
 30
0.0000
  0
SEQEND
  8
0
  0
POLYLINE
  8
16
 66
1
 10
0.0000
 20
0.0000
 30
0.0000
 40
0.2540
 41
0.2540
 70
0
  0
VERTEX
  8
16
 10
104.2602
 20
80.8902
 30
0.0000
 42
1.0000
  0
VERTEX
  8
16
 10
104.4398
 20
81.0698
 30
0.0000
  0
SEQEND
  8
0
  0
POLYLINE
  8
16
 66
1
 10
0.0000
 20
0.0000
 30
0.0000
 40
0.2540
 41
0.2540
 70
0
  0
VERTEX
  8
16
 10
103.6998
 20
81.8098
 30
0.0000
 42
1.0000
  0
VERTEX
  8
16
 10
103.5202
 20
81.6302
 30
0.0000
  0
SEQEND
  8
0
  0
INSERT
  8
18
  2
ROUNDV
 10
104.3500
 20
80.9800
 30
0.0000
 41
0.7564
 42
0.7564
 43
1.0000
 50
0.0000
  0
INSERT
  8
18
  2
ROUNDV
 10
104.3500
 20
80.9800
 30
0.0000
 41
0.7564
 42
0.7564
 43
1.0000
 50
0.0000
  0
ENDSEC
  0
EOF
